{"nose": {"x": 0.6688411235809326, "y": 0.48518404364585876, "z": -0.43353113532066345, "visibility": 0.9999561905860901, "presence": 0.999998927116394}, "left eye (inner)": {"x": 0.6755338907241821, "y": 0.4789416193962097, "z": -0.426302969455719, "visibility": 0.9999011158943176, "presence": 0.9999969005584717}, "left eye": {"x": 0.6799659729003906, "y": 0.4787496030330658, "z": -0.42666396498680115, "visibility": 0.9998475313186646, "presence": 0.9999974966049194}, "left eye (outer)": {"x": 0.684959352016449, "y": 0.4786559045314789, "z": -0.42657458782196045, "visibility": 0.9998785853385925, "presence": 0.9999963045120239}, "right eye (inner)": {"x": 0.66865074634552, "y": 0.4792540669441223, "z": -0.4153023064136505, "visibility": 0.9999153017997742, "presence": 0.9999946355819702}, "right eye": {"x": 0.6675993204116821, "y": 0.4791580140590668, "z": -0.4155978858470917, "visibility": 0.999914288520813, "presence": 0.9999948740005493}, "right eye (outer)": {"x": 0.6664341688156128, "y": 0.4789765477180481, "z": -0.4157535135746002, "visibility": 0.9999256730079651, "presence": 0.9999929666519165}, "left ear": {"x": 0.6989770531654358, "y": 0.4798077642917633, "z": -0.33186838030815125, "visibility": 0.9998734593391418, "presence": 0.9999971389770508}, "right ear": {"x": 0.6717544794082642, "y": 0.47990554571151733, "z": -0.2770126461982727, "visibility": 0.9997021555900574, "presence": 0.9999898672103882}, "mouth (left)": {"x": 0.676909863948822, "y": 0.4898250699043274, "z": -0.39200711250305176, "visibility": 0.9998732805252075, "presence": 0.9999982118606567}, "mouth (right)": {"x": 0.669279932975769, "y": 0.48949384689331055, "z": -0.377805233001709, "visibility": 0.9998892545700073, "presence": 0.9999938011169434}, "left shoulder": {"x": 0.738818883895874, "y": 0.502387285232544, "z": -0.25280454754829407, "visibility": 0.9999791383743286, "presence": 0.9999969005584717}, "right shoulder": {"x": 0.655735194683075, "y": 0.5107303857803345, "z": -0.16157864034175873, "visibility": 0.9999057650566101, "presence": 0.9999650716781616}, "left elbow": {"x": 0.7683243751525879, "y": 0.5384379625320435, "z": -0.37151455879211426, "visibility": 0.9083358645439148, "presence": 0.9997169375419617}, "right elbow": {"x": 0.612829864025116, "y": 0.5443810820579529, "z": -0.2805643677711487, "visibility": 0.8621812462806702, "presence": 0.9994982481002808}, "left wrist": {"x": 0.7414401769638062, "y": 0.5392338037490845, "z": -0.6154006123542786, "visibility": 0.9325821399688721, "presence": 0.9999924898147583}, "right wrist": {"x": 0.5983192920684814, "y": 0.5317895412445068, "z": -0.577911376953125, "visibility": 0.9028413891792297, "presence": 0.9999595880508423}, "left pinky": {"x": 0.7301045060157776, "y": 0.540807843208313, "z": -0.6835290193557739, "visibility": 0.9299571514129639, "presence": 0.9999914169311523}, "right pinky": {"x": 0.5919291973114014, "y": 0.5261648893356323, "z": -0.651509702205658, "visibility": 0.8938571214675903, "presence": 0.999961256980896}, "left index": {"x": 0.7280009984970093, "y": 0.5344648957252502, "z": -0.6958024501800537, "visibility": 0.9315670132637024, "presence": 0.9999946355819702}, "right index": {"x": 0.5959259271621704, "y": 0.5211495161056519, "z": -0.661701500415802, "visibility": 0.8960837721824646, "presence": 0.9999772310256958}, "left thumb": {"x": 0.7295462489128113, "y": 0.5347877144813538, "z": -0.6252762079238892, "visibility": 0.8821656703948975, "presence": 0.9999958276748657}, "right thumb": {"x": 0.5998857021331787, "y": 0.5232459306716919, "z": -0.5922919511795044, "visibility": 0.8743208646774292, "presence": 0.999984860420227}, "left hip": {"x": 0.7456833720207214, "y": 0.5802149772644043, "z": -0.030634120106697083, "visibility": 0.9991693496704102, "presence": 0.999931812286377}, "right hip": {"x": 0.6922991871833801, "y": 0.5812605619430542, "z": 0.030396349728107452, "visibility": 0.9984601736068726, "presence": 0.9998676776885986}, "left knee": {"x": 0.7897746562957764, "y": 0.6343252062797546, "z": -0.11964218318462372, "visibility": 0.5831476449966431, "presence": 0.999026894569397}, "right knee": {"x": 0.6461697220802307, "y": 0.611376166343689, "z": 0.19285006821155548, "visibility": 0.2087922990322113, "presence": 0.9909222722053528}, "left ankle": {"x": 0.8445723652839661, "y": 0.6854984760284424, "z": -0.05721338465809822, "visibility": 0.6620886921882629, "presence": 0.9959228038787842}, "right ankle": {"x": 0.6450517177581787, "y": 0.6453063488006592, "z": 0.5648013353347778, "visibility": 0.15496984124183655, "presence": 0.9959390163421631}, "left heel": {"x": 0.8449722528457642, "y": 0.6925032138824463, "z": -0.05970193073153496, "visibility": 0.425784707069397, "presence": 0.9886288642883301}, "right heel": {"x": 0.6520731449127197, "y": 0.6505988836288452, "z": 0.5973638892173767, "visibility": 0.10835626721382141, "presence": 0.9983243346214294}, "left foot index": {"x": 0.8619158267974854, "y": 0.7007207274436951, "z": -0.20898057520389557, "visibility": 0.7057897448539734, "presence": 0.9932078719139099}, "right foot index": {"x": 0.6306896805763245, "y": 0.6586862802505493, "z": 0.5394812822341919, "visibility": 0.1708158701658249, "presence": 0.9985193610191345}, "timestamp": "20240418-205335"}