{"nose": {"x": 0.8036739826202393, "y": 0.5317662954330444, "z": -0.3891553282737732, "visibility": 0.9989863634109497, "presence": 0.9999861717224121}, "left eye (inner)": {"x": 0.8100463151931763, "y": 0.5260095000267029, "z": -0.37249383330345154, "visibility": 0.9979723691940308, "presence": 0.9999544620513916}, "left eye": {"x": 0.815044641494751, "y": 0.5258866548538208, "z": -0.37271177768707275, "visibility": 0.9972839951515198, "presence": 0.9999570846557617}, "left eye (outer)": {"x": 0.8187627196311951, "y": 0.5255104303359985, "z": -0.3726944923400879, "visibility": 0.9980735182762146, "presence": 0.9999327659606934}, "right eye (inner)": {"x": 0.8001207113265991, "y": 0.52537602186203, "z": -0.37278062105178833, "visibility": 0.9982848167419434, "presence": 0.9999357461929321}, "right eye": {"x": 0.7969141006469727, "y": 0.5252245664596558, "z": -0.3730924427509308, "visibility": 0.9982368350028992, "presence": 0.9999375343322754}, "right eye (outer)": {"x": 0.7937325239181519, "y": 0.5250722169876099, "z": -0.3732198178768158, "visibility": 0.9985210299491882, "presence": 0.9998960494995117}, "left ear": {"x": 0.8255376815795898, "y": 0.5254634618759155, "z": -0.25674116611480713, "visibility": 0.9981034994125366, "presence": 0.9999457597732544}, "right ear": {"x": 0.7900492548942566, "y": 0.5272897481918335, "z": -0.2584879696369171, "visibility": 0.9944531321525574, "presence": 0.9998857975006104}, "mouth (left)": {"x": 0.810937225818634, "y": 0.5374122858047485, "z": -0.3425869345664978, "visibility": 0.9986056685447693, "presence": 0.9999756813049316}, "mouth (right)": {"x": 0.7981481552124023, "y": 0.5370284914970398, "z": -0.3443828523159027, "visibility": 0.9984785914421082, "presence": 0.9999557733535767}, "left shoulder": {"x": 0.8466854691505432, "y": 0.546953558921814, "z": -0.1881679743528366, "visibility": 0.9999462962150574, "presence": 0.9999496936798096}, "right shoulder": {"x": 0.7655783891677856, "y": 0.5532436370849609, "z": -0.19096335768699646, "visibility": 0.9998650550842285, "presence": 0.9998562335968018}, "left elbow": {"x": 0.8685686588287354, "y": 0.5818061828613281, "z": -0.3564194142818451, "visibility": 0.912490963935852, "presence": 0.9995372295379639}, "right elbow": {"x": 0.7409894466400146, "y": 0.5791690945625305, "z": -0.3773205280303955, "visibility": 0.6874257326126099, "presence": 0.9982603192329407}, "left wrist": {"x": 0.8330676555633545, "y": 0.5708385109901428, "z": -0.5915296077728271, "visibility": 0.8247923851013184, "presence": 0.9999426603317261}, "right wrist": {"x": 0.8008778095245361, "y": 0.5711393356323242, "z": -0.6203567385673523, "visibility": 0.5159069299697876, "presence": 0.999586284160614}, "left pinky": {"x": 0.8265396356582642, "y": 0.566749095916748, "z": -0.6435389518737793, "visibility": 0.7589243054389954, "presence": 0.999903678894043}, "right pinky": {"x": 0.8143199682235718, "y": 0.5691951513290405, "z": -0.6762553453445435, "visibility": 0.4525390863418579, "presence": 0.9994246959686279}, "left index": {"x": 0.8232638239860535, "y": 0.5624971985816956, "z": -0.6360546946525574, "visibility": 0.7363380193710327, "presence": 0.9999328851699829}, "right index": {"x": 0.8136459589004517, "y": 0.5637034177780151, "z": -0.6515535712242126, "visibility": 0.4376201927661896, "presence": 0.9995866417884827}, "left thumb": {"x": 0.8227555155754089, "y": 0.564335286617279, "z": -0.5929356217384338, "visibility": 0.5746381878852844, "presence": 0.9999517202377319}, "right thumb": {"x": 0.8107397556304932, "y": 0.5656150579452515, "z": -0.6174525618553162, "visibility": 0.378703236579895, "presence": 0.9997346997261047}, "left hip": {"x": 0.8397722840309143, "y": 0.612693190574646, "z": 0.002701845485717058, "visibility": 0.9992455244064331, "presence": 0.9999445676803589}, "right hip": {"x": 0.7906787395477295, "y": 0.6167533993721008, "z": -0.0029844956006854773, "visibility": 0.9989220499992371, "presence": 0.9999220371246338}, "left knee": {"x": 0.9023194313049316, "y": 0.6418831944465637, "z": -0.26383310556411743, "visibility": 0.42990347743034363, "presence": 0.9983844757080078}, "right knee": {"x": 0.7455824017524719, "y": 0.6397911310195923, "z": -0.2798519432544708, "visibility": 0.20942360162734985, "presence": 0.9990530610084534}, "left ankle": {"x": 0.9355496168136597, "y": 0.6899769306182861, "z": -0.0840136855840683, "visibility": 0.3545416593551636, "presence": 0.9952705502510071}, "right ankle": {"x": 0.7151952385902405, "y": 0.6955515146255493, "z": -0.11125532537698746, "visibility": 0.14567996561527252, "presence": 0.992576003074646}, "left heel": {"x": 0.9331706762313843, "y": 0.6974432468414307, "z": -0.07448164373636246, "visibility": 0.2006462663412094, "presence": 0.9912509918212891}, "right heel": {"x": 0.7176596522331238, "y": 0.705669105052948, "z": -0.10186940431594849, "visibility": 0.08932899683713913, "presence": 0.9927011728286743}, "left foot index": {"x": 0.9555433392524719, "y": 0.7060477137565613, "z": -0.20721064507961273, "visibility": 0.34198105335235596, "presence": 0.9933966398239136}, "right foot index": {"x": 0.6974894404411316, "y": 0.7088499069213867, "z": -0.2384377121925354, "visibility": 0.1252353936433792, "presence": 0.9885110855102539}, "timestamp": "20240418-205351"}