{"nose": {"x": 0.5762590765953064, "y": 0.48130902647972107, "z": -0.3376367390155792, "visibility": 0.9999286532402039, "presence": 0.9999998807907104}, "left eye (inner)": {"x": 0.5813696384429932, "y": 0.47393718361854553, "z": -0.35400915145874023, "visibility": 0.9998564720153809, "presence": 0.9999997615814209}, "left eye": {"x": 0.5855207443237305, "y": 0.47366365790367126, "z": -0.35449808835983276, "visibility": 0.9998083710670471, "presence": 0.9999998807907104}, "left eye (outer)": {"x": 0.588733971118927, "y": 0.47354450821876526, "z": -0.3543732166290283, "visibility": 0.9998624324798584, "presence": 0.9999997615814209}, "right eye (inner)": {"x": 0.5761892199516296, "y": 0.4740467965602875, "z": -0.307455450296402, "visibility": 0.9998769164085388, "presence": 0.9999996423721313}, "right eye": {"x": 0.5759601593017578, "y": 0.4738844931125641, "z": -0.30783069133758545, "visibility": 0.9998742938041687, "presence": 0.9999996423721313}, "right eye (outer)": {"x": 0.5755509734153748, "y": 0.47362613677978516, "z": -0.3079419434070587, "visibility": 0.9998915791511536, "presence": 0.9999995231628418}, "left ear": {"x": 0.6123007535934448, "y": 0.4732876718044281, "z": -0.30119213461875916, "visibility": 0.9998670816421509, "presence": 0.9999998807907104}, "right ear": {"x": 0.5891762375831604, "y": 0.47428083419799805, "z": -0.14097949862480164, "visibility": 0.9995975494384766, "presence": 0.9999992847442627}, "mouth (left)": {"x": 0.5839844346046448, "y": 0.4863635003566742, "z": -0.3267989754676819, "visibility": 0.9998982548713684, "presence": 0.9999998807907104}, "mouth (right)": {"x": 0.5797405242919922, "y": 0.4867488741874695, "z": -0.2687806487083435, "visibility": 0.999885618686676, "presence": 0.9999994039535522}, "left shoulder": {"x": 0.6676219701766968, "y": 0.5007125735282898, "z": -0.28861093521118164, "visibility": 0.9999908208847046, "presence": 0.9999996423721313}, "right shoulder": {"x": 0.5771147012710571, "y": 0.5086246728897095, "z": 0.016481414437294006, "visibility": 0.9999607801437378, "presence": 0.9999960660934448}, "left elbow": {"x": 0.6875433325767517, "y": 0.5545111298561096, "z": -0.45449063181877136, "visibility": 0.9692460894584656, "presence": 0.9999450445175171}, "right elbow": {"x": 0.5376157760620117, "y": 0.5515967607498169, "z": -0.1008659154176712, "visibility": 0.8694254755973816, "presence": 0.9998908042907715}, "left wrist": {"x": 0.6262117624282837, "y": 0.5424098968505859, "z": -0.6789610385894775, "visibility": 0.975316047668457, "presence": 0.9999995231628418}, "right wrist": {"x": 0.5006101727485657, "y": 0.5409423112869263, "z": -0.4641984701156616, "visibility": 0.9518344402313232, "presence": 0.9999892711639404}, "left pinky": {"x": 0.6063140630722046, "y": 0.5408885478973389, "z": -0.7527139186859131, "visibility": 0.9713268280029297, "presence": 0.9999995231628418}, "right pinky": {"x": 0.4861902594566345, "y": 0.5349743962287903, "z": -0.5339718461036682, "visibility": 0.9479349255561829, "presence": 0.9999911785125732}, "left index": {"x": 0.6066056489944458, "y": 0.5313647985458374, "z": -0.7515758872032166, "visibility": 0.970797598361969, "presence": 0.9999996423721313}, "right index": {"x": 0.4876566231250763, "y": 0.5302770733833313, "z": -0.5499910712242126, "visibility": 0.9477965235710144, "presence": 0.9999922513961792}, "left thumb": {"x": 0.6112604141235352, "y": 0.5323273539543152, "z": -0.6816058158874512, "visibility": 0.9495115876197815, "presence": 0.9999996423721313}, "right thumb": {"x": 0.495803564786911, "y": 0.5334120988845825, "z": -0.48443344235420227, "visibility": 0.9334080815315247, "presence": 0.9999947547912598}, "left hip": {"x": 0.6831020712852478, "y": 0.5952965021133423, "z": -0.09648086875677109, "visibility": 0.9998063445091248, "presence": 0.9999973773956299}, "right hip": {"x": 0.6241850852966309, "y": 0.5961462259292603, "z": 0.09617908298969269, "visibility": 0.9996758699417114, "presence": 0.9999960660934448}, "left knee": {"x": 0.7050077319145203, "y": 0.6684857606887817, "z": -0.27488693594932556, "visibility": 0.8726035356521606, "presence": 0.9999921321868896}, "right knee": {"x": 0.5613608956336975, "y": 0.650559663772583, "z": 0.33751991391181946, "visibility": 0.712397575378418, "presence": 0.9999587535858154}, "left ankle": {"x": 0.7825286984443665, "y": 0.7308708429336548, "z": -0.18784476816654205, "visibility": 0.8572209477424622, "presence": 0.9999783039093018}, "right ankle": {"x": 0.5320187211036682, "y": 0.6935209035873413, "z": 0.7497829794883728, "visibility": 0.6966047883033752, "presence": 0.9999624490737915}, "left heel": {"x": 0.7915675044059753, "y": 0.7361133694648743, "z": -0.18363206088542938, "visibility": 0.770634114742279, "presence": 0.9999234676361084}, "right heel": {"x": 0.5395999550819397, "y": 0.7029832601547241, "z": 0.7860478162765503, "visibility": 0.6347528100013733, "presence": 0.9999784231185913}, "left foot index": {"x": 0.7830823063850403, "y": 0.7572641968727112, "z": -0.3844434916973114, "visibility": 0.8652053475379944, "presence": 0.9998819828033447}, "right foot index": {"x": 0.48494330048561096, "y": 0.7063807249069214, "z": 0.7074517011642456, "visibility": 0.6996473670005798, "presence": 0.9999282360076904}, "timestamp": "20240418-205354"}