{"nose": {"x": 0.539954662322998, "y": 0.5337033271789551, "z": -0.7254573106765747, "visibility": 0.999990701675415, "presence": 1.0}, "left eye (inner)": {"x": 0.5443099737167358, "y": 0.5254589915275574, "z": -0.7265971899032593, "visibility": 0.9999927282333374, "presence": 1.0}, "left eye": {"x": 0.5491440892219543, "y": 0.5251301527023315, "z": -0.7269701361656189, "visibility": 0.9999903440475464, "presence": 1.0}, "left eye (outer)": {"x": 0.5543970465660095, "y": 0.5249190330505371, "z": -0.7269231081008911, "visibility": 0.9999924898147583, "presence": 0.9999998807907104}, "right eye (inner)": {"x": 0.5367809534072876, "y": 0.5261809229850769, "z": -0.7072744369506836, "visibility": 0.999991774559021, "presence": 0.9999998807907104}, "right eye": {"x": 0.5350273847579956, "y": 0.5262643098831177, "z": -0.7076914310455322, "visibility": 0.9999911189079285, "presence": 0.9999998807907104}, "right eye (outer)": {"x": 0.533038854598999, "y": 0.526344895362854, "z": -0.7079029083251953, "visibility": 0.9999917149543762, "presence": 0.9999998807907104}, "left ear": {"x": 0.575602650642395, "y": 0.5246391892433167, "z": -0.6359221935272217, "visibility": 0.9999932646751404, "presence": 0.9999998807907104}, "right ear": {"x": 0.5435949563980103, "y": 0.5267949104309082, "z": -0.5463505983352661, "visibility": 0.9999580979347229, "presence": 0.9999998807907104}, "mouth (left)": {"x": 0.5515075922012329, "y": 0.5383793711662292, "z": -0.6830117702484131, "visibility": 0.999985933303833, "presence": 0.9999998807907104}, "mouth (right)": {"x": 0.5416218042373657, "y": 0.5393632054328918, "z": -0.6589350700378418, "visibility": 0.9999753832817078, "presence": 0.9999997615814209}, "left shoulder": {"x": 0.6302064061164856, "y": 0.5398613214492798, "z": -0.5327333807945251, "visibility": 0.9999935626983643, "presence": 0.9999988079071045}, "right shoulder": {"x": 0.5425205230712891, "y": 0.5515000820159912, "z": -0.403646856546402, "visibility": 0.9999786615371704, "presence": 0.9999988079071045}, "left elbow": {"x": 0.6491161584854126, "y": 0.5924423933029175, "z": -0.6660808324813843, "visibility": 0.9480108022689819, "presence": 0.9996962547302246}, "right elbow": {"x": 0.515440821647644, "y": 0.597785472869873, "z": -0.6277939677238464, "visibility": 0.7792286276817322, "presence": 0.9997509121894836}, "left wrist": {"x": 0.580874502658844, "y": 0.5699061155319214, "z": -0.8196083903312683, "visibility": 0.9049867987632751, "presence": 0.9999847412109375}, "right wrist": {"x": 0.5398727655410767, "y": 0.5733758211135864, "z": -0.9783546328544617, "visibility": 0.8209909796714783, "presence": 0.9998674392700195}, "left pinky": {"x": 0.5607918500900269, "y": 0.5659549236297607, "z": -0.8782370686531067, "visibility": 0.8874840140342712, "presence": 0.9999854564666748}, "right pinky": {"x": 0.547603964805603, "y": 0.5718575119972229, "z": -1.0541133880615234, "visibility": 0.8006046414375305, "presence": 0.9998817443847656}, "left index": {"x": 0.5627332329750061, "y": 0.5582854151725769, "z": -0.8784195184707642, "visibility": 0.8809865117073059, "presence": 0.999988317489624}, "right index": {"x": 0.5496231913566589, "y": 0.5666825771331787, "z": -1.0399724245071411, "visibility": 0.7957625985145569, "presence": 0.999915599822998}, "left thumb": {"x": 0.567412793636322, "y": 0.5603167414665222, "z": -0.8217070698738098, "visibility": 0.8232156038284302, "presence": 0.9999908208847046}, "right thumb": {"x": 0.5504366755485535, "y": 0.5661832094192505, "z": -0.9827566146850586, "visibility": 0.7624625563621521, "presence": 0.9999353885650635}, "left hip": {"x": 0.662588357925415, "y": 0.6024057269096375, "z": -0.04979263246059418, "visibility": 0.9999164342880249, "presence": 0.9999988079071045}, "right hip": {"x": 0.6047318577766418, "y": 0.6038427352905273, "z": 0.04937054216861725, "visibility": 0.9998667240142822, "presence": 0.9999990463256836}, "left knee": {"x": 0.6819474697113037, "y": 0.6588814854621887, "z": -0.45208096504211426, "visibility": 0.9872419238090515, "presence": 0.9999949932098389}, "right knee": {"x": 0.51101154088974, "y": 0.6433130502700806, "z": 0.12203572690486908, "visibility": 0.7239830493927002, "presence": 0.9999845027923584}, "left ankle": {"x": 0.7477520704269409, "y": 0.7262468934059143, "z": -0.23163484036922455, "visibility": 0.9606280326843262, "presence": 0.9999867677688599}, "right ankle": {"x": 0.4829202890396118, "y": 0.6870184540748596, "z": 0.47758904099464417, "visibility": 0.7611496448516846, "presence": 0.999945878982544}, "left heel": {"x": 0.7533430457115173, "y": 0.7322361469268799, "z": -0.2394229620695114, "visibility": 0.86775803565979, "presence": 0.9999463558197021}, "right heel": {"x": 0.4921707212924957, "y": 0.6954028606414795, "z": 0.506967306137085, "visibility": 0.6570544242858887, "presence": 0.9999685287475586}, "left foot index": {"x": 0.7580950260162354, "y": 0.7551009654998779, "z": -0.42628055810928345, "visibility": 0.9699332118034363, "presence": 0.9998815059661865}, "right foot index": {"x": 0.4397284984588623, "y": 0.699934184551239, "z": 0.39057618379592896, "visibility": 0.7856199741363525, "presence": 0.9999010562896729}, "timestamp": "20240418-205416"}