{"nose": {"x": 0.8052864670753479, "y": 0.49901455640792847, "z": -0.25156664848327637, "visibility": 0.9995918869972229, "presence": 0.9999986886978149}, "left eye (inner)": {"x": 0.812785267829895, "y": 0.4929257333278656, "z": -0.23596176505088806, "visibility": 0.9991746544837952, "presence": 0.9999969005584717}, "left eye": {"x": 0.8170312643051147, "y": 0.4929281175136566, "z": -0.2362765669822693, "visibility": 0.9988938570022583, "presence": 0.9999970197677612}, "left eye (outer)": {"x": 0.8212037682533264, "y": 0.49319401383399963, "z": -0.23619063198566437, "visibility": 0.9992097020149231, "presence": 0.9999955892562866}, "right eye (inner)": {"x": 0.8020286560058594, "y": 0.4931105077266693, "z": -0.23488909006118774, "visibility": 0.9993012547492981, "presence": 0.9999958276748657}, "right eye": {"x": 0.7988391518592834, "y": 0.49311596155166626, "z": -0.23514635860919952, "visibility": 0.9992853999137878, "presence": 0.9999961853027344}, "right eye (outer)": {"x": 0.795410692691803, "y": 0.4931275248527527, "z": -0.23528726398944855, "visibility": 0.9993935227394104, "presence": 0.9999947547912598}, "left ear": {"x": 0.8275281190872192, "y": 0.49559640884399414, "z": -0.13690292835235596, "visibility": 0.9992318153381348, "presence": 0.9999949932098389}, "right ear": {"x": 0.7950126528739929, "y": 0.49482208490371704, "z": -0.13406533002853394, "visibility": 0.9977545142173767, "presence": 0.9999898672103882}, "mouth (left)": {"x": 0.8130385279655457, "y": 0.5039913654327393, "z": -0.2128695845603943, "visibility": 0.9994184970855713, "presence": 0.9999961853027344}, "mouth (right)": {"x": 0.7996795773506165, "y": 0.5035119652748108, "z": -0.21345333755016327, "visibility": 0.9993665218353271, "presence": 0.9999897480010986}, "left shoulder": {"x": 0.8521258234977722, "y": 0.5216665267944336, "z": -0.07396718859672546, "visibility": 0.999963104724884, "presence": 0.9999951124191284}, "right shoulder": {"x": 0.7669320106506348, "y": 0.5214709639549255, "z": -0.08402347564697266, "visibility": 0.9998939037322998, "presence": 0.9999442100524902}, "left elbow": {"x": 0.8662006855010986, "y": 0.5594149231910706, "z": -0.10151585191488266, "visibility": 0.8865252733230591, "presence": 0.9998270869255066}, "right elbow": {"x": 0.7157191634178162, "y": 0.5325866937637329, "z": -0.26225367188453674, "visibility": 0.8267244100570679, "presence": 0.9993897676467896}, "left wrist": {"x": 0.8628905415534973, "y": 0.5935400724411011, "z": -0.2187965363264084, "visibility": 0.8826797604560852, "presence": 0.999981164932251}, "right wrist": {"x": 0.6812177896499634, "y": 0.5344302654266357, "z": -0.535473644733429, "visibility": 0.7779306769371033, "presence": 0.9999133348464966}, "left pinky": {"x": 0.870983898639679, "y": 0.602985143661499, "z": -0.25183066725730896, "visibility": 0.858468234539032, "presence": 0.9999539852142334}, "right pinky": {"x": 0.6669720411300659, "y": 0.5293875932693481, "z": -0.5947852730751038, "visibility": 0.7489120960235596, "presence": 0.999805748462677}, "left index": {"x": 0.8659183979034424, "y": 0.6035109758377075, "z": -0.2768363952636719, "visibility": 0.8530128002166748, "presence": 0.9999607801437378}, "right index": {"x": 0.66996169090271, "y": 0.5263428092002869, "z": -0.6098981499671936, "visibility": 0.7436705827713013, "presence": 0.9998823404312134}, "left thumb": {"x": 0.8618525862693787, "y": 0.6000576019287109, "z": -0.23105023801326752, "visibility": 0.7686732411384583, "presence": 0.9999750852584839}, "right thumb": {"x": 0.6749950647354126, "y": 0.5280594825744629, "z": -0.5379666090011597, "visibility": 0.6993622183799744, "presence": 0.9999397993087769}, "left hip": {"x": 0.8450263738632202, "y": 0.6014036536216736, "z": 0.007311936933547258, "visibility": 0.999579131603241, "presence": 0.999977707862854}, "right hip": {"x": 0.7909404039382935, "y": 0.6024801731109619, "z": -0.007541684899479151, "visibility": 0.9993717074394226, "presence": 0.9999516010284424}, "left knee": {"x": 0.8982411026954651, "y": 0.6441693305969238, "z": -0.0429927296936512, "visibility": 0.654609739780426, "presence": 0.9995287656784058}, "right knee": {"x": 0.748132586479187, "y": 0.6312723159790039, "z": -0.011269466951489449, "visibility": 0.4610733389854431, "presence": 0.998672366142273}, "left ankle": {"x": 0.9355373978614807, "y": 0.6911818981170654, "z": 0.06205970048904419, "visibility": 0.586525022983551, "presence": 0.9983879327774048}, "right ankle": {"x": 0.7273861169815063, "y": 0.6749058365821838, "z": 0.213505357503891, "visibility": 0.3605802357196808, "presence": 0.9982888102531433}, "left heel": {"x": 0.9316879510879517, "y": 0.6987078189849854, "z": 0.06484661996364594, "visibility": 0.38040557503700256, "presence": 0.9953683614730835}, "right heel": {"x": 0.7327133417129517, "y": 0.6821798086166382, "z": 0.23127485811710358, "visibility": 0.18909952044487, "presence": 0.998658299446106}, "left foot index": {"x": 0.9568914771080017, "y": 0.7068449258804321, "z": -0.0490088053047657, "visibility": 0.5704088807106018, "presence": 0.9920729994773865}, "right foot index": {"x": 0.7103244066238403, "y": 0.690822958946228, "z": 0.1573614776134491, "visibility": 0.32497015595436096, "presence": 0.9966129660606384}, "timestamp": "20240418-205352"}