{"nose": {"x": 0.5982873439788818, "y": 0.4994739592075348, "z": -0.51882004737854, "visibility": 0.9999977350234985, "presence": 0.9999997615814209}, "left eye (inner)": {"x": 0.6030515432357788, "y": 0.49084943532943726, "z": -0.5253044962882996, "visibility": 0.9999976754188538, "presence": 0.9999996423721313}, "left eye": {"x": 0.6063956022262573, "y": 0.49036163091659546, "z": -0.525729775428772, "visibility": 0.9999972581863403, "presence": 0.9999996423721313}, "left eye (outer)": {"x": 0.6103845238685608, "y": 0.49001017212867737, "z": -0.5256204605102539, "visibility": 0.999997615814209, "presence": 0.9999995231628418}, "right eye (inner)": {"x": 0.597807765007019, "y": 0.4912491738796234, "z": -0.4945569336414337, "visibility": 0.9999973177909851, "presence": 0.9999995231628418}, "right eye": {"x": 0.597261369228363, "y": 0.4909912943840027, "z": -0.4949427843093872, "visibility": 0.9999974370002747, "presence": 0.9999996423721313}, "right eye (outer)": {"x": 0.5964843034744263, "y": 0.4906548857688904, "z": -0.495077520608902, "visibility": 0.9999971985816956, "presence": 0.9999995231628418}, "left ear": {"x": 0.6347959041595459, "y": 0.4896309971809387, "z": -0.47019636631011963, "visibility": 0.9999982118606567, "presence": 0.9999994039535522}, "right ear": {"x": 0.6104140281677246, "y": 0.49063000082969666, "z": -0.3281535804271698, "visibility": 0.9999890327453613, "presence": 0.9999994039535522}, "mouth (left)": {"x": 0.6087480187416077, "y": 0.5043708086013794, "z": -0.49088096618652344, "visibility": 0.9999977350234985, "presence": 0.9999996423721313}, "mouth (right)": {"x": 0.6017078161239624, "y": 0.5053914189338684, "z": -0.4520261585712433, "visibility": 0.9999957084655762, "presence": 0.9999992847442627}, "left shoulder": {"x": 0.6951078772544861, "y": 0.5113557577133179, "z": -0.4363161623477936, "visibility": 0.9999974370002747, "presence": 0.9999978542327881}, "right shoulder": {"x": 0.6033886671066284, "y": 0.5243912935256958, "z": -0.15827535092830658, "visibility": 0.9999845623970032, "presence": 0.9999971389770508}, "left elbow": {"x": 0.7099264860153198, "y": 0.5641283988952637, "z": -0.6309243440628052, "visibility": 0.9863036274909973, "presence": 0.9994502663612366}, "right elbow": {"x": 0.5678384304046631, "y": 0.5643054246902466, "z": -0.2831670939922333, "visibility": 0.8596752285957336, "presence": 0.9998326301574707}, "left wrist": {"x": 0.6389073133468628, "y": 0.5435484647750854, "z": -0.8838609457015991, "visibility": 0.9916125535964966, "presence": 0.999990701675415}, "right wrist": {"x": 0.5341216325759888, "y": 0.5724906921386719, "z": -0.6370062232017517, "visibility": 0.9854220151901245, "presence": 0.9999803304672241}, "left pinky": {"x": 0.6174395084381104, "y": 0.540705680847168, "z": -0.9660851955413818, "visibility": 0.9906320571899414, "presence": 0.999991774559021}, "right pinky": {"x": 0.51408451795578, "y": 0.5682170391082764, "z": -0.7057214379310608, "visibility": 0.9827999472618103, "presence": 0.9999773502349854}, "left index": {"x": 0.6174461841583252, "y": 0.5328453183174133, "z": -0.9668393731117249, "visibility": 0.9905820488929749, "presence": 0.9999934434890747}, "right index": {"x": 0.5117452144622803, "y": 0.563195526599884, "z": -0.7280483841896057, "visibility": 0.9824368357658386, "presence": 0.9999825954437256}, "left thumb": {"x": 0.6227095723152161, "y": 0.5345499515533447, "z": -0.8885365724563599, "visibility": 0.9776049256324768, "presence": 0.9999948740005493}, "right thumb": {"x": 0.5221876502037048, "y": 0.5648886561393738, "z": -0.6581750512123108, "visibility": 0.9709588289260864, "presence": 0.9999887943267822}, "left hip": {"x": 0.7315085530281067, "y": 0.595679521560669, "z": -0.09005840867757797, "visibility": 0.9999415874481201, "presence": 0.9999864101409912}, "right hip": {"x": 0.6636672616004944, "y": 0.5964931845664978, "z": 0.08968596905469894, "visibility": 0.9999101161956787, "presence": 0.9999896287918091}, "left knee": {"x": 0.7500085830688477, "y": 0.6666685342788696, "z": -0.46632876992225647, "visibility": 0.9937044978141785, "presence": 0.9999371767044067}, "right knee": {"x": 0.5748999118804932, "y": 0.647262454032898, "z": 0.18325994908809662, "visibility": 0.8773369193077087, "presence": 0.9998260140419006}, "left ankle": {"x": 0.8104053735733032, "y": 0.7383279204368591, "z": -0.31177055835723877, "visibility": 0.9895449876785278, "presence": 0.9998524188995361}, "right ankle": {"x": 0.5458225011825562, "y": 0.6933764219284058, "z": 0.5569235682487488, "visibility": 0.8917137980461121, "presence": 0.999724805355072}, "left heel": {"x": 0.8184109330177307, "y": 0.7453111410140991, "z": -0.3082144558429718, "visibility": 0.9526115655899048, "presence": 0.9994539618492126}, "right heel": {"x": 0.5586324334144592, "y": 0.7028442025184631, "z": 0.5885753631591797, "visibility": 0.8462820053100586, "presence": 0.9998461008071899}, "left foot index": {"x": 0.8133538365364075, "y": 0.7703989148139954, "z": -0.509330689907074, "visibility": 0.9939614534378052, "presence": 0.9992662072181702}, "right foot index": {"x": 0.5086281895637512, "y": 0.7102589011192322, "z": 0.487956166267395, "visibility": 0.9155510067939758, "presence": 0.9995939135551453}, "timestamp": "20240418-205409"}