{"nose": {"x": 0.5970962643623352, "y": 0.5092964768409729, "z": -0.5427063703536987, "visibility": 0.9999969005584717, "presence": 1.0}, "left eye (inner)": {"x": 0.602358341217041, "y": 0.5007127523422241, "z": -0.5456410050392151, "visibility": 0.9999959468841553, "presence": 1.0}, "left eye": {"x": 0.6056913733482361, "y": 0.5001632571220398, "z": -0.5460610389709473, "visibility": 0.9999951720237732, "presence": 1.0}, "left eye (outer)": {"x": 0.6102997064590454, "y": 0.49934783577919006, "z": -0.5459520816802979, "visibility": 0.9999963045120239, "presence": 0.9999998807907104}, "right eye (inner)": {"x": 0.5967987179756165, "y": 0.5014049410820007, "z": -0.5168775916099548, "visibility": 0.9999951124191284, "presence": 0.9999998807907104}, "right eye": {"x": 0.5960240960121155, "y": 0.501143217086792, "z": -0.5172736644744873, "visibility": 0.9999948143959045, "presence": 0.9999998807907104}, "right eye (outer)": {"x": 0.594998836517334, "y": 0.5007547736167908, "z": -0.5174127221107483, "visibility": 0.9999947547912598, "presence": 0.9999998807907104}, "left ear": {"x": 0.6345449090003967, "y": 0.4978879392147064, "z": -0.4737067222595215, "visibility": 0.9999969601631165, "presence": 0.9999998807907104}, "right ear": {"x": 0.6070123314857483, "y": 0.5005720257759094, "z": -0.34065505862236023, "visibility": 0.999977707862854, "presence": 0.9999998807907104}, "mouth (left)": {"x": 0.6083564758300781, "y": 0.5141997933387756, "z": -0.5084724426269531, "visibility": 0.999995768070221, "presence": 0.9999998807907104}, "mouth (right)": {"x": 0.6010883450508118, "y": 0.5148130655288696, "z": -0.4722956418991089, "visibility": 0.9999917149543762, "presence": 0.9999997615814209}, "left shoulder": {"x": 0.6931024193763733, "y": 0.5167455673217773, "z": -0.42997580766677856, "visibility": 0.9999969601631165, "presence": 0.999998927116394}, "right shoulder": {"x": 0.6008043885231018, "y": 0.533096432685852, "z": -0.15790581703186035, "visibility": 0.9999776482582092, "presence": 0.9999988079071045}, "left elbow": {"x": 0.7119030356407166, "y": 0.5704793930053711, "z": -0.600178599357605, "visibility": 0.9875827431678772, "presence": 0.9997410178184509}, "right elbow": {"x": 0.5739714503288269, "y": 0.567994236946106, "z": -0.2650246024131775, "visibility": 0.86636883020401, "presence": 0.9999312162399292}, "left wrist": {"x": 0.6409133672714233, "y": 0.5500519871711731, "z": -0.8328086733818054, "visibility": 0.990654468536377, "presence": 0.9999964237213135}, "right wrist": {"x": 0.5439531207084656, "y": 0.5818411111831665, "z": -0.6100909113883972, "visibility": 0.9749462008476257, "presence": 0.9999876022338867}, "left pinky": {"x": 0.6171655654907227, "y": 0.5476516485214233, "z": -0.9123407006263733, "visibility": 0.9884306192398071, "presence": 0.9999967813491821}, "right pinky": {"x": 0.5256858468055725, "y": 0.5815050601959229, "z": -0.6769430637359619, "visibility": 0.9705125093460083, "presence": 0.9999840259552002}, "left index": {"x": 0.617845892906189, "y": 0.5388466715812683, "z": -0.9143503904342651, "visibility": 0.9882611036300659, "presence": 0.9999973773956299}, "right index": {"x": 0.5229638814926147, "y": 0.5765607357025146, "z": -0.7043580412864685, "visibility": 0.9705588817596436, "presence": 0.9999865293502808}, "left thumb": {"x": 0.6234385371208191, "y": 0.5408436059951782, "z": -0.8374850153923035, "visibility": 0.9764130115509033, "presence": 0.9999980926513672}, "right thumb": {"x": 0.5319602489471436, "y": 0.5771685838699341, "z": -0.6327319145202637, "visibility": 0.9580940008163452, "presence": 0.9999916553497314}, "left hip": {"x": 0.7399685382843018, "y": 0.5985565781593323, "z": -0.09199865907430649, "visibility": 0.999933660030365, "presence": 0.9999927282333374}, "right hip": {"x": 0.6734216213226318, "y": 0.5993817448616028, "z": 0.09159981459379196, "visibility": 0.9998904466629028, "presence": 0.9999943971633911}, "left knee": {"x": 0.7514544129371643, "y": 0.6699050664901733, "z": -0.38775143027305603, "visibility": 0.9934797286987305, "presence": 0.999977707862854}, "right knee": {"x": 0.5844273567199707, "y": 0.6496407985687256, "z": 0.228123277425766, "visibility": 0.8711488246917725, "presence": 0.9999281167984009}, "left ankle": {"x": 0.817136824131012, "y": 0.7402747869491577, "z": -0.3179480731487274, "visibility": 0.9873536825180054, "presence": 0.9999251365661621}, "right ankle": {"x": 0.5680463314056396, "y": 0.6978048086166382, "z": 0.6092725396156311, "visibility": 0.8920940160751343, "presence": 0.9998520612716675}, "left heel": {"x": 0.8259064555168152, "y": 0.7463706731796265, "z": -0.315591037273407, "visibility": 0.9446848034858704, "presence": 0.9997161030769348}, "right heel": {"x": 0.582334578037262, "y": 0.7065969109535217, "z": 0.6484412550926208, "visibility": 0.83730149269104, "presence": 0.9999197721481323}, "left foot index": {"x": 0.8267062902450562, "y": 0.7751352787017822, "z": -0.5036577582359314, "visibility": 0.9927003979682922, "presence": 0.999523401260376}, "right foot index": {"x": 0.5302459001541138, "y": 0.7155986428260803, "z": 0.5582463145256042, "visibility": 0.9158207774162292, "presence": 0.9997482895851135}, "timestamp": "20240418-205402"}