{"nose": {"x": 0.6041985154151917, "y": 0.5396652221679688, "z": -0.7570381164550781, "visibility": 0.9999959468841553, "presence": 0.9999998807907104}, "left eye (inner)": {"x": 0.6099276542663574, "y": 0.5310668349266052, "z": -0.7559986710548401, "visibility": 0.999995768070221, "presence": 0.9999998807907104}, "left eye": {"x": 0.6161493062973022, "y": 0.5304430723190308, "z": -0.7564030289649963, "visibility": 0.9999945163726807, "presence": 0.9999998807907104}, "left eye (outer)": {"x": 0.6231365203857422, "y": 0.5301961898803711, "z": -0.7563639283180237, "visibility": 0.9999958872795105, "presence": 0.9999997615814209}, "right eye (inner)": {"x": 0.6013420224189758, "y": 0.5319709777832031, "z": -0.7389829158782959, "visibility": 0.9999952912330627, "presence": 0.9999997615814209}, "right eye": {"x": 0.5996776819229126, "y": 0.5319835543632507, "z": -0.7394355535507202, "visibility": 0.9999948740005493, "presence": 0.9999997615814209}, "right eye (outer)": {"x": 0.5979234576225281, "y": 0.5319391489028931, "z": -0.7396712303161621, "visibility": 0.9999950528144836, "presence": 0.9999996423721313}, "left ear": {"x": 0.6428619623184204, "y": 0.5302420258522034, "z": -0.6548791527748108, "visibility": 0.9999962449073792, "presence": 0.9999996423721313}, "right ear": {"x": 0.6084569096565247, "y": 0.5317638516426086, "z": -0.5768271684646606, "visibility": 0.9999781847000122, "presence": 0.9999996423721313}, "mouth (left)": {"x": 0.6183656454086304, "y": 0.5448917746543884, "z": -0.7108778953552246, "visibility": 0.9999938607215881, "presence": 0.9999996423721313}, "mouth (right)": {"x": 0.6062489151954651, "y": 0.5451053977012634, "z": -0.6901161670684814, "visibility": 0.9999897480010986, "presence": 0.9999992847442627}, "left shoulder": {"x": 0.6990499496459961, "y": 0.5479828119277954, "z": -0.555696964263916, "visibility": 0.9999948143959045, "presence": 0.9999948740005493}, "right shoulder": {"x": 0.6044498682022095, "y": 0.5599027276039124, "z": -0.4281361401081085, "visibility": 0.9999793171882629, "presence": 0.999996542930603}, "left elbow": {"x": 0.7212400436401367, "y": 0.5998129844665527, "z": -0.721257209777832, "visibility": 0.9748237729072571, "presence": 0.9989614486694336}, "right elbow": {"x": 0.5760074853897095, "y": 0.6110053658485413, "z": -0.6628081202507019, "visibility": 0.850266695022583, "presence": 0.9993755221366882}, "left wrist": {"x": 0.6464390754699707, "y": 0.5765043497085571, "z": -0.9092358350753784, "visibility": 0.9565973877906799, "presence": 0.9999567270278931}, "right wrist": {"x": 0.600651741027832, "y": 0.5905748605728149, "z": -1.0096561908721924, "visibility": 0.8819121718406677, "presence": 0.9998308420181274}, "left pinky": {"x": 0.6248786449432373, "y": 0.5732063055038452, "z": -0.977522611618042, "visibility": 0.9425978064537048, "presence": 0.9999567270278931}, "right pinky": {"x": 0.6084257960319519, "y": 0.6057241559028625, "z": -1.0838267803192139, "visibility": 0.8512522578239441, "presence": 0.999832034111023}, "left index": {"x": 0.6253355145454407, "y": 0.5644115209579468, "z": -0.9739185571670532, "visibility": 0.9369567036628723, "presence": 0.9999653100967407}, "right index": {"x": 0.6100919246673584, "y": 0.594599723815918, "z": -1.0652101039886475, "visibility": 0.8425655364990234, "presence": 0.9998745918273926}, "left thumb": {"x": 0.6304154396057129, "y": 0.5663135647773743, "z": -0.9110141396522522, "visibility": 0.8981181383132935, "presence": 0.9999732971191406}, "right thumb": {"x": 0.6111344695091248, "y": 0.5989893674850464, "z": -1.0117549896240234, "visibility": 0.8045172691345215, "presence": 0.9999102354049683}, "left hip": {"x": 0.7466257810592651, "y": 0.6116464138031006, "z": -0.05943974852561951, "visibility": 0.9999275803565979, "presence": 0.9999932050704956}, "right hip": {"x": 0.6850972771644592, "y": 0.613092303276062, "z": 0.05900409072637558, "visibility": 0.9998841285705566, "presence": 0.9999955892562866}, "left knee": {"x": 0.7564452886581421, "y": 0.6758192777633667, "z": -0.41227108240127563, "visibility": 0.9913390278816223, "presence": 0.9999809265136719}, "right knee": {"x": 0.5855233669281006, "y": 0.657755434513092, "z": 0.06144636869430542, "visibility": 0.8029623031616211, "presence": 0.999957799911499}, "left ankle": {"x": 0.8287479877471924, "y": 0.7470806837081909, "z": -0.2353372424840927, "visibility": 0.9770796298980713, "presence": 0.9999206066131592}, "right ankle": {"x": 0.580047070980072, "y": 0.7049696445465088, "z": 0.4329191744327545, "visibility": 0.8298176527023315, "presence": 0.9998693466186523}, "left heel": {"x": 0.8388687968254089, "y": 0.7522312998771667, "z": -0.22450046241283417, "visibility": 0.9092559218406677, "presence": 0.9996466636657715}, "right heel": {"x": 0.5922046899795532, "y": 0.7145298719406128, "z": 0.4653812050819397, "visibility": 0.7384790182113647, "presence": 0.9999140501022339}, "left foot index": {"x": 0.83533775806427, "y": 0.7772436738014221, "z": -0.41399693489074707, "visibility": 0.9811185598373413, "presence": 0.9990295171737671}, "right foot index": {"x": 0.5376256108283997, "y": 0.7180081605911255, "z": 0.35575011372566223, "visibility": 0.8476871252059937, "presence": 0.9996479749679565}, "timestamp": "20240418-205403"}