{"nose": {"x": 0.5776365995407104, "y": 0.4876088500022888, "z": -0.2685718238353729, "visibility": 0.9998530149459839, "presence": 0.9999991655349731}, "left eye (inner)": {"x": 0.5845938324928284, "y": 0.4805580675601959, "z": -0.28149718046188354, "visibility": 0.9997020959854126, "presence": 0.999998927116394}, "left eye": {"x": 0.5881463289260864, "y": 0.48062270879745483, "z": -0.281821608543396, "visibility": 0.9996017813682556, "presence": 0.9999991655349731}, "left eye (outer)": {"x": 0.5933237671852112, "y": 0.48070985078811646, "z": -0.28175947070121765, "visibility": 0.9997144937515259, "presence": 0.9999990463256836}, "right eye (inner)": {"x": 0.578780472278595, "y": 0.48050156235694885, "z": -0.24493886530399323, "visibility": 0.9997459053993225, "presence": 0.9999979734420776}, "right eye": {"x": 0.5776357650756836, "y": 0.48044246435165405, "z": -0.24524742364883423, "visibility": 0.9997403025627136, "presence": 0.9999979734420776}, "right eye (outer)": {"x": 0.5763641595840454, "y": 0.48031386733055115, "z": -0.2454477697610855, "visibility": 0.9997770190238953, "presence": 0.9999972581863403}, "left ear": {"x": 0.6161852478981018, "y": 0.4817308485507965, "z": -0.27581486105918884, "visibility": 0.999722957611084, "presence": 0.9999996423721313}, "right ear": {"x": 0.5905630588531494, "y": 0.482668936252594, "z": -0.12198630720376968, "visibility": 0.9991710782051086, "presence": 0.9999978542327881}, "mouth (left)": {"x": 0.5868657231330872, "y": 0.49351826310157776, "z": -0.26481860876083374, "visibility": 0.9997887015342712, "presence": 0.9999997615814209}, "mouth (right)": {"x": 0.5796331763267517, "y": 0.4937717020511627, "z": -0.21893903613090515, "visibility": 0.9997646808624268, "presence": 0.9999984502792358}, "left shoulder": {"x": 0.6696025729179382, "y": 0.5098719596862793, "z": -0.27359408140182495, "visibility": 0.9999823570251465, "presence": 0.9999998807907104}, "right shoulder": {"x": 0.5979065299034119, "y": 0.5174885988235474, "z": 0.014457078650593758, "visibility": 0.9999303817749023, "presence": 0.999998927116394}, "left elbow": {"x": 0.6869523525238037, "y": 0.5513903498649597, "z": -0.36403968930244446, "visibility": 0.9388864040374756, "presence": 0.99992835521698}, "right elbow": {"x": 0.5763521194458008, "y": 0.546923041343689, "z": -0.045581452548503876, "visibility": 0.845663845539093, "presence": 0.9999392032623291}, "left wrist": {"x": 0.6227986216545105, "y": 0.5504884123802185, "z": -0.4535220265388489, "visibility": 0.9496930837631226, "presence": 0.9999990463256836}, "right wrist": {"x": 0.4937012493610382, "y": 0.5417870283126831, "z": -0.28822585940361023, "visibility": 0.9087117314338684, "presence": 0.9999847412109375}, "left pinky": {"x": 0.6033396124839783, "y": 0.5523735880851746, "z": -0.49187690019607544, "visibility": 0.9417037963867188, "presence": 0.999998927116394}, "right pinky": {"x": 0.4801955819129944, "y": 0.5358396768569946, "z": -0.32801344990730286, "visibility": 0.900387167930603, "presence": 0.999980092048645}, "left index": {"x": 0.6034945845603943, "y": 0.544971227645874, "z": -0.49138614535331726, "visibility": 0.940546452999115, "presence": 0.9999990463256836}, "right index": {"x": 0.47992947697639465, "y": 0.5281465649604797, "z": -0.3478219509124756, "visibility": 0.8999393582344055, "presence": 0.9999827146530151}, "left thumb": {"x": 0.6080570220947266, "y": 0.5453668832778931, "z": -0.4511277377605438, "visibility": 0.8995227813720703, "presence": 0.9999994039535522}, "right thumb": {"x": 0.4866078794002533, "y": 0.5336683988571167, "z": -0.30640843510627747, "visibility": 0.8771094083786011, "presence": 0.9999905824661255}, "left hip": {"x": 0.7071995735168457, "y": 0.5895379781723022, "z": -0.09572646766901016, "visibility": 0.999629557132721, "presence": 0.999996542930603}, "right hip": {"x": 0.6908800601959229, "y": 0.5895928144454956, "z": 0.09533131867647171, "visibility": 0.9993838667869568, "presence": 0.9999966621398926}, "left knee": {"x": 0.7015154361724854, "y": 0.6602994203567505, "z": -0.16062217950820923, "visibility": 0.7360340356826782, "presence": 0.9999908208847046}, "right knee": {"x": 0.6079398989677429, "y": 0.6148936152458191, "z": 0.16112138330936432, "visibility": 0.441829651594162, "presence": 0.9999195337295532}, "left ankle": {"x": 0.7808045148849487, "y": 0.7255733609199524, "z": -0.14699020981788635, "visibility": 0.7070409655570984, "presence": 0.9999202489852905}, "right ankle": {"x": 0.6147999167442322, "y": 0.6162723898887634, "z": 0.3507680594921112, "visibility": 0.3958090543746948, "presence": 0.9999878406524658}, "left heel": {"x": 0.7921866774559021, "y": 0.7323321104049683, "z": -0.14998482167720795, "visibility": 0.5417283177375793, "presence": 0.9994390606880188}, "right heel": {"x": 0.627844512462616, "y": 0.6168197989463806, "z": 0.3696794807910919, "visibility": 0.30034029483795166, "presence": 0.9999889135360718}, "left foot index": {"x": 0.7844491004943848, "y": 0.7479574680328369, "z": -0.26757705211639404, "visibility": 0.7204612493515015, "presence": 0.9983678460121155}, "right foot index": {"x": 0.5804009437561035, "y": 0.6197333931922913, "z": 0.3569956421852112, "visibility": 0.39693132042884827, "presence": 0.999929666519165}, "timestamp": "20240418-205353"}