{"nose": {"x": 0.6249426007270813, "y": 0.5238653421401978, "z": -0.4851723611354828, "visibility": 0.9999501705169678, "presence": 1.0}, "left eye (inner)": {"x": 0.6348652243614197, "y": 0.517711341381073, "z": -0.46558067202568054, "visibility": 0.9999532103538513, "presence": 0.9999998807907104}, "left eye": {"x": 0.6409096121788025, "y": 0.5181362628936768, "z": -0.4658963084220886, "visibility": 0.9999352693557739, "presence": 0.9999998807907104}, "left eye (outer)": {"x": 0.6466452479362488, "y": 0.5186270475387573, "z": -0.46581709384918213, "visibility": 0.9999569654464722, "presence": 0.9999997615814209}, "right eye (inner)": {"x": 0.6224372982978821, "y": 0.5160238742828369, "z": -0.46720176935195923, "visibility": 0.9999358654022217, "presence": 0.9999998807907104}, "right eye": {"x": 0.6187567114830017, "y": 0.515339732170105, "z": -0.46753990650177, "visibility": 0.9999198913574219, "presence": 0.9999998807907104}, "right eye (outer)": {"x": 0.6145778894424438, "y": 0.5146650075912476, "z": -0.46762987971305847, "visibility": 0.9999276995658875, "presence": 0.9999997615814209}, "left ear": {"x": 0.6533929109573364, "y": 0.5206283330917358, "z": -0.3129703402519226, "visibility": 0.9999619722366333, "presence": 0.9999997615814209}, "right ear": {"x": 0.6099456548690796, "y": 0.514062762260437, "z": -0.31693902611732483, "visibility": 0.9996231198310852, "presence": 0.9999996423721313}, "mouth (left)": {"x": 0.6321799159049988, "y": 0.5306922793388367, "z": -0.4211970865726471, "visibility": 0.9999437928199768, "presence": 0.9999997615814209}, "mouth (right)": {"x": 0.6155319213867188, "y": 0.5278146862983704, "z": -0.42435547709465027, "visibility": 0.9998770952224731, "presence": 0.9999995231628418}, "left shoulder": {"x": 0.6701276302337646, "y": 0.5441063046455383, "z": -0.23083685338497162, "visibility": 0.9999909400939941, "presence": 0.9999979734420776}, "right shoulder": {"x": 0.5689558982849121, "y": 0.5404619574546814, "z": -0.24002575874328613, "visibility": 0.9999390840530396, "presence": 0.9999959468841553}, "left elbow": {"x": 0.6850022077560425, "y": 0.5720547437667847, "z": -0.38587647676467896, "visibility": 0.9437344670295715, "presence": 0.9999375343322754}, "right elbow": {"x": 0.5087617039680481, "y": 0.5588463544845581, "z": -0.4825086295604706, "visibility": 0.7368054986000061, "presence": 0.9999263286590576}, "left wrist": {"x": 0.6791878938674927, "y": 0.5951381921768188, "z": -0.6893514394760132, "visibility": 0.889961838722229, "presence": 0.9999938011169434}, "right wrist": {"x": 0.5497198104858398, "y": 0.5839301347732544, "z": -0.8597970604896545, "visibility": 0.6004448533058167, "presence": 0.9999649524688721}, "left pinky": {"x": 0.6906368136405945, "y": 0.6059847474098206, "z": -0.770872175693512, "visibility": 0.8683516979217529, "presence": 0.9999920129776001}, "right pinky": {"x": 0.5586938261985779, "y": 0.6174353957176208, "z": -0.9538082480430603, "visibility": 0.5721632242202759, "presence": 0.9999419450759888}, "left index": {"x": 0.6891213059425354, "y": 0.6053525805473328, "z": -0.795339047908783, "visibility": 0.8598793745040894, "presence": 0.9999939203262329}, "right index": {"x": 0.5703067779541016, "y": 0.6039739847183228, "z": -0.9521660804748535, "visibility": 0.5658205151557922, "presence": 0.9999643564224243}, "left thumb": {"x": 0.6838112473487854, "y": 0.602783739566803, "z": -0.7067575454711914, "visibility": 0.7471883296966553, "presence": 0.9999954700469971}, "right thumb": {"x": 0.5723220109939575, "y": 0.6055718064308167, "z": -0.870633602142334, "visibility": 0.5299369692802429, "presence": 0.9999758005142212}, "left hip": {"x": 0.6670195460319519, "y": 0.626738429069519, "z": -0.012902448885142803, "visibility": 0.9999189376831055, "presence": 0.9999974966049194}, "right hip": {"x": 0.5997178554534912, "y": 0.633832573890686, "z": 0.012562395073473454, "visibility": 0.9998177289962769, "presence": 0.9999953508377075}, "left knee": {"x": 0.7298281192779541, "y": 0.6673300862312317, "z": -0.47768059372901917, "visibility": 0.9834367632865906, "presence": 0.9999866485595703}, "right knee": {"x": 0.5197377800941467, "y": 0.6882891058921814, "z": 0.08275573700666428, "visibility": 0.6884626150131226, "presence": 0.9998998641967773}, "left ankle": {"x": 0.7463039755821228, "y": 0.7283978462219238, "z": -0.18406715989112854, "visibility": 0.9214160442352295, "presence": 0.9999738931655884}, "right ankle": {"x": 0.4854957163333893, "y": 0.687881350517273, "z": 0.693060576915741, "visibility": 0.562471330165863, "presence": 0.9998519420623779}, "left heel": {"x": 0.7410980463027954, "y": 0.7364684343338013, "z": -0.1646701544523239, "visibility": 0.7907522320747375, "presence": 0.9999374151229858}, "right heel": {"x": 0.4915401339530945, "y": 0.6863481998443604, "z": 0.7478613257408142, "visibility": 0.4635005295276642, "presence": 0.9999516010284424}, "left foot index": {"x": 0.756823718547821, "y": 0.7542968392372131, "z": -0.31858962774276733, "visibility": 0.9329277873039246, "presence": 0.9999387264251709}, "right foot index": {"x": 0.4438982307910919, "y": 0.6991226077079773, "z": 0.6696553826332092, "visibility": 0.5797114968299866, "presence": 0.9999476671218872}, "timestamp": "20240418-205417"}