{"nose": {"x": 0.6910190582275391, "y": 0.5172510743141174, "z": -0.5980309247970581, "visibility": 0.9999483823776245, "presence": 0.9999997615814209}, "left eye (inner)": {"x": 0.6969017386436462, "y": 0.5108319520950317, "z": -0.5963977575302124, "visibility": 0.9998952150344849, "presence": 0.9999997615814209}, "left eye": {"x": 0.701786458492279, "y": 0.5103830695152283, "z": -0.5967143774032593, "visibility": 0.9998657703399658, "presence": 0.9999997615814209}, "left eye (outer)": {"x": 0.7069726586341858, "y": 0.5101587176322937, "z": -0.5966315269470215, "visibility": 0.9998972415924072, "presence": 0.9999995231628418}, "right eye (inner)": {"x": 0.6876373887062073, "y": 0.5120331048965454, "z": -0.587502658367157, "visibility": 0.9998962879180908, "presence": 0.9999996423721313}, "right eye": {"x": 0.68525630235672, "y": 0.5121333599090576, "z": -0.5877845883369446, "visibility": 0.9998879432678223, "presence": 0.9999995231628418}, "right eye (outer)": {"x": 0.6831423044204712, "y": 0.5121763348579407, "z": -0.587928831577301, "visibility": 0.9998979568481445, "presence": 0.9999992847442627}, "left ear": {"x": 0.7181105017662048, "y": 0.5105370283126831, "z": -0.5068274736404419, "visibility": 0.9998851418495178, "presence": 0.9999995231628418}, "right ear": {"x": 0.686863124370575, "y": 0.5128093957901001, "z": -0.46439623832702637, "visibility": 0.9995412826538086, "presence": 0.9999985694885254}, "mouth (left)": {"x": 0.7031343579292297, "y": 0.5220918655395508, "z": -0.5572829842567444, "visibility": 0.9999064803123474, "presence": 0.9999991655349731}, "mouth (right)": {"x": 0.6895574331283569, "y": 0.5220844149589539, "z": -0.5467112064361572, "visibility": 0.9998603463172913, "presence": 0.9999978542327881}, "left shoulder": {"x": 0.7571397423744202, "y": 0.5275406241416931, "z": -0.41098153591156006, "visibility": 0.999973714351654, "presence": 0.9999972581863403}, "right shoulder": {"x": 0.6766074299812317, "y": 0.5356602668762207, "z": -0.3074033856391907, "visibility": 0.9999030232429504, "presence": 0.9999936819076538}, "left elbow": {"x": 0.7790337204933167, "y": 0.5655293464660645, "z": -0.5370901823043823, "visibility": 0.9070048928260803, "presence": 0.999646782875061}, "right elbow": {"x": 0.6557374596595764, "y": 0.5664790868759155, "z": -0.2990504205226898, "visibility": 0.6349427103996277, "presence": 0.9996540546417236}, "left wrist": {"x": 0.7287238240242004, "y": 0.5501639246940613, "z": -0.7589948177337646, "visibility": 0.9517369270324707, "presence": 0.9999897480010986}, "right wrist": {"x": 0.6605876684188843, "y": 0.5854976177215576, "z": -0.4235154390335083, "visibility": 0.7807023525238037, "presence": 0.999326229095459}, "left pinky": {"x": 0.7165403366088867, "y": 0.5472713708877563, "z": -0.8179728388786316, "visibility": 0.947618305683136, "presence": 0.999984622001648}, "right pinky": {"x": 0.6614518761634827, "y": 0.5882670879364014, "z": -0.4529568552970886, "visibility": 0.7710539698600769, "presence": 0.9983910918235779}, "left index": {"x": 0.7179410457611084, "y": 0.5402988791465759, "z": -0.8279270529747009, "visibility": 0.9479978680610657, "presence": 0.9999885559082031}, "right index": {"x": 0.6671645045280457, "y": 0.5881868600845337, "z": -0.470969021320343, "visibility": 0.776678740978241, "presence": 0.9986662864685059}, "left thumb": {"x": 0.7196375727653503, "y": 0.5420931577682495, "z": -0.7672455906867981, "visibility": 0.8806166052818298, "presence": 0.9999926090240479}, "right thumb": {"x": 0.6688186526298523, "y": 0.5853583216667175, "z": -0.43305477499961853, "visibility": 0.7120988368988037, "presence": 0.9993001222610474}, "left hip": {"x": 0.7717350721359253, "y": 0.5826894044876099, "z": -0.03349538892507553, "visibility": 0.9990284442901611, "presence": 0.999968409538269}, "right hip": {"x": 0.7204484939575195, "y": 0.5841132402420044, "z": 0.033253349363803864, "visibility": 0.9986361861228943, "presence": 0.999967098236084}, "left knee": {"x": 0.816149890422821, "y": 0.630763590335846, "z": -0.16627827286720276, "visibility": 0.4477881193161011, "presence": 0.9997711777687073}, "right knee": {"x": 0.6661604642868042, "y": 0.6097119450569153, "z": 0.05709448829293251, "visibility": 0.13562993705272675, "presence": 0.9991362690925598}, "left ankle": {"x": 0.8818421363830566, "y": 0.681747555732727, "z": -0.1431206315755844, "visibility": 0.417011559009552, "presence": 0.9990435242652893}, "right ankle": {"x": 0.6763087511062622, "y": 0.6550689935684204, "z": 0.2674570381641388, "visibility": 0.0749155804514885, "presence": 0.9989151954650879}, "left heel": {"x": 0.8836726546287537, "y": 0.688015878200531, "z": -0.14865216612815857, "visibility": 0.20058895647525787, "presence": 0.9964531660079956}, "right heel": {"x": 0.6847598552703857, "y": 0.6615773439407349, "z": 0.28311169147491455, "visibility": 0.06131698563694954, "presence": 0.9991788268089294}, "left foot index": {"x": 0.9014790058135986, "y": 0.7022323608398438, "z": -0.29800722002983093, "visibility": 0.4271168112754822, "presence": 0.991949200630188}, "right foot index": {"x": 0.6651523113250732, "y": 0.6698126196861267, "z": 0.19707302749156952, "visibility": 0.08294191211462021, "presence": 0.9982308745384216}, "timestamp": "20240418-205343"}