{"nose": {"x": 0.5779107213020325, "y": 0.5330187082290649, "z": -0.6584043502807617, "visibility": 0.9999756813049316, "presence": 0.9999998807907104}, "left eye (inner)": {"x": 0.5833078026771545, "y": 0.5251108407974243, "z": -0.6613216996192932, "visibility": 0.9999533295631409, "presence": 0.9999997615814209}, "left eye": {"x": 0.5880082249641418, "y": 0.524286150932312, "z": -0.6617165803909302, "visibility": 0.9999377131462097, "presence": 0.9999997615814209}, "left eye (outer)": {"x": 0.5941922664642334, "y": 0.523575484752655, "z": -0.6616870164871216, "visibility": 0.9999550580978394, "presence": 0.9999996423721313}, "right eye (inner)": {"x": 0.5779173374176025, "y": 0.5257508754730225, "z": -0.6396509408950806, "visibility": 0.9999595880508423, "presence": 0.9999996423721313}, "right eye": {"x": 0.5770710706710815, "y": 0.5255629420280457, "z": -0.640034556388855, "visibility": 0.9999586939811707, "presence": 0.9999995231628418}, "right eye (outer)": {"x": 0.5758666396141052, "y": 0.525363564491272, "z": -0.6402167081832886, "visibility": 0.9999639987945557, "presence": 0.9999992847442627}, "left ear": {"x": 0.6154597401618958, "y": 0.522773265838623, "z": -0.5794435143470764, "visibility": 0.9999566674232483, "presence": 0.9999996423721313}, "right ear": {"x": 0.5873628854751587, "y": 0.5249837636947632, "z": -0.48022401332855225, "visibility": 0.9998648762702942, "presence": 0.9999990463256836}, "mouth (left)": {"x": 0.590714156627655, "y": 0.5379951000213623, "z": -0.6198858022689819, "visibility": 0.999965250492096, "presence": 0.9999996423721313}, "mouth (right)": {"x": 0.5815290212631226, "y": 0.5380760431289673, "z": -0.593082845211029, "visibility": 0.9999592900276184, "presence": 0.9999991655349731}, "left shoulder": {"x": 0.6704806685447693, "y": 0.5440247654914856, "z": -0.5150681734085083, "visibility": 0.9999942183494568, "presence": 0.999997615814209}, "right shoulder": {"x": 0.58464515209198, "y": 0.5516549348831177, "z": -0.31846925616264343, "visibility": 0.9999781847000122, "presence": 0.9999958276748657}, "left elbow": {"x": 0.6886559724807739, "y": 0.592086136341095, "z": -0.6999431848526001, "visibility": 0.976140558719635, "presence": 0.9995013475418091}, "right elbow": {"x": 0.5526916980743408, "y": 0.6002010107040405, "z": -0.4856610596179962, "visibility": 0.7984304428100586, "presence": 0.9993703961372375}, "left wrist": {"x": 0.6217301487922668, "y": 0.5698286294937134, "z": -0.926950991153717, "visibility": 0.9753961563110352, "presence": 0.9999717473983765}, "right wrist": {"x": 0.5552427768707275, "y": 0.6039310693740845, "z": -0.8264772295951843, "visibility": 0.8757571578025818, "presence": 0.9988222718238831}, "left pinky": {"x": 0.6008294820785522, "y": 0.5652557611465454, "z": -1.007165789604187, "visibility": 0.9720034003257751, "presence": 0.9999699592590332}, "right pinky": {"x": 0.552943229675293, "y": 0.6084926724433899, "z": -0.8961371779441833, "visibility": 0.8730822205543518, "presence": 0.9987466335296631}, "left index": {"x": 0.6014397740364075, "y": 0.5577393770217896, "z": -1.0095890760421753, "visibility": 0.9707695245742798, "presence": 0.9999784231185913}, "right index": {"x": 0.549079179763794, "y": 0.6057620048522949, "z": -0.9048792719841003, "visibility": 0.872256875038147, "presence": 0.999147891998291}, "left thumb": {"x": 0.6064566373825073, "y": 0.5600633025169373, "z": -0.9332180619239807, "visibility": 0.9364454746246338, "presence": 0.9999834299087524}, "right thumb": {"x": 0.5557524561882019, "y": 0.6010710597038269, "z": -0.8407695293426514, "visibility": 0.8488398194313049, "presence": 0.9993811845779419}, "left hip": {"x": 0.7196676731109619, "y": 0.609274685382843, "z": -0.07392970472574234, "visibility": 0.9998849630355835, "presence": 0.999994158744812}, "right hip": {"x": 0.6598302125930786, "y": 0.608260452747345, "z": 0.07353152334690094, "visibility": 0.9998118281364441, "presence": 0.9999946355819702}, "left knee": {"x": 0.7261828184127808, "y": 0.6736162900924683, "z": -0.3713098168373108, "visibility": 0.955167293548584, "presence": 0.9999814033508301}, "right knee": {"x": 0.5679811239242554, "y": 0.6524646878242493, "z": 0.1321658194065094, "visibility": 0.7695096135139465, "presence": 0.9999188184738159}, "left ankle": {"x": 0.8015961647033691, "y": 0.7400764226913452, "z": -0.25591376423835754, "visibility": 0.9401991367340088, "presence": 0.9999419450759888}, "right ankle": {"x": 0.5460042953491211, "y": 0.7041447758674622, "z": 0.46051815152168274, "visibility": 0.8041646480560303, "presence": 0.9998296499252319}, "left heel": {"x": 0.8140633702278137, "y": 0.7454158663749695, "z": -0.2506333887577057, "visibility": 0.8729373812675476, "presence": 0.9997420907020569}, "right heel": {"x": 0.5575004816055298, "y": 0.7137583494186401, "z": 0.48777949810028076, "visibility": 0.7192689180374146, "presence": 0.999896764755249}, "left foot index": {"x": 0.8067207336425781, "y": 0.7716091275215149, "z": -0.4321770668029785, "visibility": 0.9472582340240479, "presence": 0.9994422793388367}, "right foot index": {"x": 0.5033430457115173, "y": 0.7160477638244629, "z": 0.38735055923461914, "visibility": 0.8167376518249512, "presence": 0.9996658563613892}, "timestamp": "20240418-205356"}