{"nose": {"x": 0.5301077365875244, "y": 0.47071003913879395, "z": -0.2765357196331024, "visibility": 0.9999856948852539, "presence": 0.9999995231628418}, "left eye (inner)": {"x": 0.5372498631477356, "y": 0.4626849293708801, "z": -0.27607470750808716, "visibility": 0.9999825954437256, "presence": 0.9999995231628418}, "left eye": {"x": 0.5405140519142151, "y": 0.46261247992515564, "z": -0.27647843956947327, "visibility": 0.9999766945838928, "presence": 0.9999996423721313}, "left eye (outer)": {"x": 0.5452756285667419, "y": 0.4623839259147644, "z": -0.2763838768005371, "visibility": 0.9999838471412659, "presence": 0.9999995231628418}, "right eye (inner)": {"x": 0.5318431854248047, "y": 0.46286463737487793, "z": -0.24553821980953217, "visibility": 0.9999775886535645, "presence": 0.999998927116394}, "right eye": {"x": 0.5315895676612854, "y": 0.4626765847206116, "z": -0.2458680421113968, "visibility": 0.9999749064445496, "presence": 0.999998927116394}, "right eye (outer)": {"x": 0.5311369299888611, "y": 0.46235066652297974, "z": -0.2459753453731537, "visibility": 0.999977707862854, "presence": 0.9999986886978149}, "left ear": {"x": 0.5686960220336914, "y": 0.46336179971694946, "z": -0.22038325667381287, "visibility": 0.9999868869781494, "presence": 0.9999996423721313}, "right ear": {"x": 0.544854462146759, "y": 0.46324706077575684, "z": -0.07783643156290054, "visibility": 0.9998840093612671, "presence": 0.9999978542327881}, "mouth (left)": {"x": 0.5404810905456543, "y": 0.4764907956123352, "z": -0.2506755292415619, "visibility": 0.9999803304672241, "presence": 0.9999996423721313}, "mouth (right)": {"x": 0.5335710048675537, "y": 0.4761992394924164, "z": -0.21183285117149353, "visibility": 0.9999614953994751, "presence": 0.9999985694885254}, "left shoulder": {"x": 0.6267200708389282, "y": 0.49312514066696167, "z": -0.21858566999435425, "visibility": 0.999990701675415, "presence": 0.9999994039535522}, "right shoulder": {"x": 0.5277906060218811, "y": 0.5005137324333191, "z": 0.06675374507904053, "visibility": 0.9999537467956543, "presence": 0.9999890327453613}, "left elbow": {"x": 0.6506686210632324, "y": 0.5400439500808716, "z": -0.4082528352737427, "visibility": 0.9418469667434692, "presence": 0.9999372959136963}, "right elbow": {"x": 0.4812694489955902, "y": 0.5356667637825012, "z": -0.0493704117834568, "visibility": 0.9101034998893738, "presence": 0.9997650980949402}, "left wrist": {"x": 0.5930325388908386, "y": 0.5379266142845154, "z": -0.6571443676948547, "visibility": 0.9307377934455872, "presence": 0.9999995231628418}, "right wrist": {"x": 0.437996506690979, "y": 0.527711808681488, "z": -0.4049725830554962, "visibility": 0.9335433840751648, "presence": 0.9999849796295166}, "left pinky": {"x": 0.575051486492157, "y": 0.5376091003417969, "z": -0.7368822693824768, "visibility": 0.923772394657135, "presence": 0.9999992847442627}, "right pinky": {"x": 0.423007994890213, "y": 0.5225011706352234, "z": -0.4760996103286743, "visibility": 0.9266766309738159, "presence": 0.999985933303833}, "left index": {"x": 0.5708506107330322, "y": 0.5288378596305847, "z": -0.7395646572113037, "visibility": 0.9218090772628784, "presence": 0.9999995231628418}, "right index": {"x": 0.4288049340248108, "y": 0.5169174075126648, "z": -0.4958399534225464, "visibility": 0.9264131784439087, "presence": 0.9999889135360718}, "left thumb": {"x": 0.5744975805282593, "y": 0.5303491353988647, "z": -0.6625492572784424, "visibility": 0.8827047348022461, "presence": 0.9999996423721313}, "right thumb": {"x": 0.4374845623970032, "y": 0.5199645757675171, "z": -0.42629170417785645, "visibility": 0.916952908039093, "presence": 0.9999929666519165}, "left hip": {"x": 0.6446647047996521, "y": 0.5881261229515076, "z": -0.0901234820485115, "visibility": 0.9999514818191528, "presence": 0.9999902248382568}, "right hip": {"x": 0.5822654366493225, "y": 0.5891146063804626, "z": 0.08974859118461609, "visibility": 0.9999111294746399, "presence": 0.9999828338623047}, "left knee": {"x": 0.669471263885498, "y": 0.6601032018661499, "z": -0.27263861894607544, "visibility": 0.9953662753105164, "presence": 0.9999682903289795}, "right knee": {"x": 0.508404552936554, "y": 0.6414571404457092, "z": 0.30874910950660706, "visibility": 0.8987178206443787, "presence": 0.99979168176651}, "left ankle": {"x": 0.7347895503044128, "y": 0.7274867296218872, "z": -0.20073619484901428, "visibility": 0.9836562871932983, "presence": 0.9999200105667114}, "right ankle": {"x": 0.4797004163265228, "y": 0.6891883611679077, "z": 0.7079631090164185, "visibility": 0.8901174068450928, "presence": 0.9998162388801575}, "left heel": {"x": 0.7397128343582153, "y": 0.7332916259765625, "z": -0.2011924386024475, "visibility": 0.9386349320411682, "presence": 0.9997259974479675}, "right heel": {"x": 0.48907363414764404, "y": 0.6992732882499695, "z": 0.7416077256202698, "visibility": 0.8401355743408203, "presence": 0.9999009370803833}, "left foot index": {"x": 0.7432241439819336, "y": 0.7546889781951904, "z": -0.39890894293785095, "visibility": 0.9862465262413025, "presence": 0.9995892643928528}, "right foot index": {"x": 0.43077749013900757, "y": 0.7023898363113403, "z": 0.6542708873748779, "visibility": 0.8961265087127686, "presence": 0.9996789693832397}, "timestamp": "20240418-205419"}