{"nose": {"x": 0.6185984015464783, "y": 0.49279728531837463, "z": -0.5302572846412659, "visibility": 0.9999532699584961, "presence": 0.9999995231628418}, "left eye (inner)": {"x": 0.6281675696372986, "y": 0.4860157370567322, "z": -0.5234696269035339, "visibility": 0.9999440908432007, "presence": 0.9999996423721313}, "left eye": {"x": 0.6328710913658142, "y": 0.4860073924064636, "z": -0.5239153504371643, "visibility": 0.9999234676361084, "presence": 0.9999996423721313}, "left eye (outer)": {"x": 0.6375135779380798, "y": 0.48610639572143555, "z": -0.5238171815872192, "visibility": 0.9999479055404663, "presence": 0.9999996423721313}, "right eye (inner)": {"x": 0.6173972487449646, "y": 0.48537373542785645, "z": -0.5067362189292908, "visibility": 0.9999268651008606, "presence": 0.9999991655349731}, "right eye": {"x": 0.6144987940788269, "y": 0.4848414957523346, "z": -0.5070660710334778, "visibility": 0.9999165534973145, "presence": 0.9999990463256836}, "right eye (outer)": {"x": 0.6114529371261597, "y": 0.4842875599861145, "z": -0.5071929097175598, "visibility": 0.9999271035194397, "presence": 0.9999988079071045}, "left ear": {"x": 0.6499258875846863, "y": 0.48795241117477417, "z": -0.4248751401901245, "visibility": 0.9999568462371826, "presence": 0.9999997615814209}, "right ear": {"x": 0.6128737330436707, "y": 0.48532360792160034, "z": -0.32866835594177246, "visibility": 0.9995991587638855, "presence": 0.9999974966049194}, "mouth (left)": {"x": 0.6265993118286133, "y": 0.49918133020401, "z": -0.4836675822734833, "visibility": 0.9999374151229858, "presence": 0.9999990463256836}, "mouth (right)": {"x": 0.612919807434082, "y": 0.49755072593688965, "z": -0.46180206537246704, "visibility": 0.9998788237571716, "presence": 0.9999954700469971}, "left shoulder": {"x": 0.6807839870452881, "y": 0.5181745886802673, "z": -0.37884292006492615, "visibility": 0.9999858140945435, "presence": 0.9999990463256836}, "right shoulder": {"x": 0.5811891555786133, "y": 0.5120485424995422, "z": -0.12030553072690964, "visibility": 0.9999070763587952, "presence": 0.999976634979248}, "left elbow": {"x": 0.6910327076911926, "y": 0.5646660923957825, "z": -0.40851813554763794, "visibility": 0.9150950908660889, "presence": 0.9999698400497437}, "right elbow": {"x": 0.4989185333251953, "y": 0.5182845592498779, "z": -0.03788964822888374, "visibility": 0.8372368812561035, "presence": 0.9999313354492188}, "left wrist": {"x": 0.6798720955848694, "y": 0.6086574792861938, "z": -0.5555464029312134, "visibility": 0.8796839118003845, "presence": 0.9999959468841553}, "right wrist": {"x": 0.4232475161552429, "y": 0.5050864219665527, "z": -0.1209334060549736, "visibility": 0.7604174017906189, "presence": 0.9999692440032959}, "left pinky": {"x": 0.6877627968788147, "y": 0.620851993560791, "z": -0.6101515293121338, "visibility": 0.8629040122032166, "presence": 0.999991774559021}, "right pinky": {"x": 0.399401992559433, "y": 0.498076856136322, "z": -0.14111557602882385, "visibility": 0.7402609586715698, "presence": 0.9999349117279053}, "left index": {"x": 0.6852502822875977, "y": 0.6217484474182129, "z": -0.6425842642784119, "visibility": 0.8596805930137634, "presence": 0.9999887943267822}, "right index": {"x": 0.3976519703865051, "y": 0.4954647421836853, "z": -0.17778079211711884, "visibility": 0.7372177839279175, "presence": 0.9999115467071533}, "left thumb": {"x": 0.6798243522644043, "y": 0.6176050901412964, "z": -0.5712418556213379, "visibility": 0.776562511920929, "presence": 0.9999935626983643}, "right thumb": {"x": 0.4061245024204254, "y": 0.4991612434387207, "z": -0.14144758880138397, "visibility": 0.7122994661331177, "presence": 0.9999562501907349}, "left hip": {"x": 0.6743289828300476, "y": 0.6184369921684265, "z": -0.08329810202121735, "visibility": 0.9999293088912964, "presence": 0.9999959468841553}, "right hip": {"x": 0.6068502068519592, "y": 0.6159836053848267, "z": 0.08305497467517853, "visibility": 0.9998429417610168, "presence": 0.9999915361404419}, "left knee": {"x": 0.7173534035682678, "y": 0.6729863882064819, "z": -0.24896873533725739, "visibility": 0.9897621870040894, "presence": 0.9999808073043823}, "right knee": {"x": 0.5192631483078003, "y": 0.6664255261421204, "z": 0.33544793725013733, "visibility": 0.8007814288139343, "presence": 0.9999493360519409}, "left ankle": {"x": 0.7441343665122986, "y": 0.7289457321166992, "z": -0.007109582889825106, "visibility": 0.9509916305541992, "presence": 0.9999572038650513}, "right ankle": {"x": 0.48495420813560486, "y": 0.686750590801239, "z": 0.7536251544952393, "visibility": 0.6861470341682434, "presence": 0.9999368190765381}, "left heel": {"x": 0.740203857421875, "y": 0.7355676889419556, "z": 0.010173543356359005, "visibility": 0.8543797731399536, "presence": 0.9998795986175537}, "right heel": {"x": 0.49021631479263306, "y": 0.6909440755844116, "z": 0.7902241945266724, "visibility": 0.5619304776191711, "presence": 0.9999629259109497}, "left foot index": {"x": 0.753404974937439, "y": 0.7541168332099915, "z": -0.14727915823459625, "visibility": 0.9578512907028198, "presence": 0.9996819496154785}, "right foot index": {"x": 0.4398386776447296, "y": 0.6991283893585205, "z": 0.7041406631469727, "visibility": 0.6930364370346069, "presence": 0.9998301267623901}, "timestamp": "20240418-205417"}