{"nose": {"x": 0.5026568174362183, "y": 0.5110695362091064, "z": -0.31601035594940186, "visibility": 0.9999251961708069, "presence": 0.9999996423721313}, "left eye (inner)": {"x": 0.5150026679039001, "y": 0.5055567622184753, "z": -0.3004676103591919, "visibility": 0.9999322891235352, "presence": 0.9999991655349731}, "left eye": {"x": 0.5199980139732361, "y": 0.5063449144363403, "z": -0.30083078145980835, "visibility": 0.9999033808708191, "presence": 0.9999991655349731}, "left eye (outer)": {"x": 0.525144636631012, "y": 0.5073316693305969, "z": -0.30075687170028687, "visibility": 0.9999422430992126, "presence": 0.9999986886978149}, "right eye (inner)": {"x": 0.5040275454521179, "y": 0.5038104057312012, "z": -0.2983546853065491, "visibility": 0.999923050403595, "presence": 0.9999988079071045}, "right eye": {"x": 0.5008047819137573, "y": 0.502905011177063, "z": -0.298671692609787, "visibility": 0.9999179840087891, "presence": 0.9999988079071045}, "right eye (outer)": {"x": 0.4971916079521179, "y": 0.5018934607505798, "z": -0.29879996180534363, "visibility": 0.9999431371688843, "presence": 0.9999983310699463}, "left ear": {"x": 0.5335924029350281, "y": 0.5100229978561401, "z": -0.1833169311285019, "visibility": 0.9999474287033081, "presence": 0.9999984502792358}, "right ear": {"x": 0.5003232359886169, "y": 0.5023634433746338, "z": -0.17452490329742432, "visibility": 0.9996007084846497, "presence": 0.9999970197677612}, "mouth (left)": {"x": 0.5075078010559082, "y": 0.5182268023490906, "z": -0.2679869830608368, "visibility": 0.9999302625656128, "presence": 0.9999982118606567}, "mouth (right)": {"x": 0.49735116958618164, "y": 0.5148427486419678, "z": -0.2672250270843506, "visibility": 0.9998791217803955, "presence": 0.9999964237213135}, "left shoulder": {"x": 0.5564927458763123, "y": 0.5333735942840576, "z": -0.14590071141719818, "visibility": 0.9999889135360718, "presence": 0.999994158744812}, "right shoulder": {"x": 0.461611270904541, "y": 0.5293281674385071, "z": -0.10659075528383255, "visibility": 0.9999727606773376, "presence": 0.9999669790267944}, "left elbow": {"x": 0.5584911704063416, "y": 0.5670662522315979, "z": -0.23846694827079773, "visibility": 0.9173380732536316, "presence": 0.9998403787612915}, "right elbow": {"x": 0.4061134457588196, "y": 0.540138840675354, "z": -0.3668147325515747, "visibility": 0.8057397603988647, "presence": 0.9996681213378906}, "left wrist": {"x": 0.5445071458816528, "y": 0.597366213798523, "z": -0.43092015385627747, "visibility": 0.8718527555465698, "presence": 0.9999874830245972}, "right wrist": {"x": 0.3841661810874939, "y": 0.5418246984481812, "z": -0.762546181678772, "visibility": 0.6593710780143738, "presence": 0.9999035596847534}, "left pinky": {"x": 0.5539593696594238, "y": 0.6082695722579956, "z": -0.48659759759902954, "visibility": 0.8468989133834839, "presence": 0.9999799728393555}, "right pinky": {"x": 0.37074631452560425, "y": 0.5400688648223877, "z": -0.8482527732849121, "visibility": 0.621997058391571, "presence": 0.9998257756233215}, "left index": {"x": 0.5472675561904907, "y": 0.6080428957939148, "z": -0.5121683478355408, "visibility": 0.8357678651809692, "presence": 0.9999822378158569}, "right index": {"x": 0.3798292875289917, "y": 0.5394968390464783, "z": -0.8492386937141418, "visibility": 0.6139955520629883, "presence": 0.9998852014541626}, "left thumb": {"x": 0.543979823589325, "y": 0.6051318645477295, "z": -0.445667564868927, "visibility": 0.7456722855567932, "presence": 0.9999877214431763}, "right thumb": {"x": 0.3888934552669525, "y": 0.5433019995689392, "z": -0.7763049006462097, "visibility": 0.5653020739555359, "presence": 0.9999347925186157}, "left hip": {"x": 0.5653031468391418, "y": 0.6193733811378479, "z": -0.031723007559776306, "visibility": 0.999959409236908, "presence": 0.9999974966049194}, "right hip": {"x": 0.5110154151916504, "y": 0.6238371133804321, "z": 0.031370896846055984, "visibility": 0.9999215006828308, "presence": 0.9999954700469971}, "left knee": {"x": 0.6229234337806702, "y": 0.6647502779960632, "z": -0.32291656732559204, "visibility": 0.9893655776977539, "presence": 0.999983549118042}, "right knee": {"x": 0.41105902194976807, "y": 0.6639063358306885, "z": 0.05475319176912308, "visibility": 0.7025954127311707, "presence": 0.9999021291732788}, "left ankle": {"x": 0.7000113129615784, "y": 0.7206107378005981, "z": -0.21383236348628998, "visibility": 0.9531919360160828, "presence": 0.9999469518661499}, "right ankle": {"x": 0.41785192489624023, "y": 0.6829928159713745, "z": 0.435560941696167, "visibility": 0.629441499710083, "presence": 0.9999628067016602}, "left heel": {"x": 0.7038199305534363, "y": 0.7266978621482849, "z": -0.2112407684326172, "visibility": 0.8171486854553223, "presence": 0.9998241066932678}, "right heel": {"x": 0.42854198813438416, "y": 0.6886897683143616, "z": 0.4679231345653534, "visibility": 0.5461939573287964, "presence": 0.9999799728393555}, "left foot index": {"x": 0.7121862769126892, "y": 0.744533896446228, "z": -0.37855470180511475, "visibility": 0.9601852297782898, "presence": 0.9995383024215698}, "right foot index": {"x": 0.39399248361587524, "y": 0.7149293422698975, "z": 0.3825293779373169, "visibility": 0.6567033529281616, "presence": 0.9999176263809204}, "timestamp": "20240418-205423"}