{"nose": {"x": 0.6663960218429565, "y": 0.5001670718193054, "z": -0.43403637409210205, "visibility": 0.9999739527702332, "presence": 0.9999969005584717}, "left eye (inner)": {"x": 0.6722210049629211, "y": 0.4942355751991272, "z": -0.42635127902030945, "visibility": 0.9999505281448364, "presence": 0.9999942779541016}, "left eye": {"x": 0.6768606305122375, "y": 0.4939540922641754, "z": -0.42665523290634155, "visibility": 0.9999313354492188, "presence": 0.9999947547912598}, "left eye (outer)": {"x": 0.6809550523757935, "y": 0.49375835061073303, "z": -0.4265810251235962, "visibility": 0.9999438524246216, "presence": 0.999991774559021}, "right eye (inner)": {"x": 0.6648627519607544, "y": 0.49451321363449097, "z": -0.41493627429008484, "visibility": 0.9999527931213379, "presence": 0.9999895095825195}, "right eye": {"x": 0.6628809571266174, "y": 0.4944498538970947, "z": -0.4152206778526306, "visibility": 0.9999513626098633, "presence": 0.9999890327453613}, "right eye (outer)": {"x": 0.6611751317977905, "y": 0.49431291222572327, "z": -0.4153761565685272, "visibility": 0.9999527335166931, "presence": 0.9999833106994629}, "left ear": {"x": 0.6945334672927856, "y": 0.49427562952041626, "z": -0.32690325379371643, "visibility": 0.9999446868896484, "presence": 0.9999895095825195}, "right ear": {"x": 0.665657103061676, "y": 0.49515336751937866, "z": -0.2761968970298767, "visibility": 0.9998134970664978, "presence": 0.9999693632125854}, "mouth (left)": {"x": 0.6739177107810974, "y": 0.5042493343353271, "z": -0.3918073773384094, "visibility": 0.9999403953552246, "presence": 0.9999935626983643}, "mouth (right)": {"x": 0.6653136610984802, "y": 0.504544734954834, "z": -0.37877053022384644, "visibility": 0.9999272227287292, "presence": 0.9999799728393555}, "left shoulder": {"x": 0.7348296046257019, "y": 0.5099762678146362, "z": -0.2486191838979721, "visibility": 0.9999814629554749, "presence": 0.9999880790710449}, "right shoulder": {"x": 0.6544032096862793, "y": 0.5193096399307251, "z": -0.1498689353466034, "visibility": 0.9999067783355713, "presence": 0.9998956918716431}, "left elbow": {"x": 0.7554929256439209, "y": 0.5521538257598877, "z": -0.3687654137611389, "visibility": 0.9372001886367798, "presence": 0.999180018901825}, "right elbow": {"x": 0.6356185674667358, "y": 0.5437122583389282, "z": -0.23971466720104218, "visibility": 0.7005231380462646, "presence": 0.9966057538986206}, "left wrist": {"x": 0.7081529498100281, "y": 0.5397533774375916, "z": -0.5906997919082642, "visibility": 0.9673548340797424, "presence": 0.999985933303833}, "right wrist": {"x": 0.6229336857795715, "y": 0.5525256991386414, "z": -0.5218544602394104, "visibility": 0.9084004163742065, "presence": 0.9994379878044128}, "left pinky": {"x": 0.6934603452682495, "y": 0.5384749174118042, "z": -0.6524808406829834, "visibility": 0.9669926166534424, "presence": 0.9999799728393555}, "right pinky": {"x": 0.6129494905471802, "y": 0.556352972984314, "z": -0.5856702923774719, "visibility": 0.9155578017234802, "presence": 0.9993091821670532}, "left index": {"x": 0.6934696435928345, "y": 0.5316179990768433, "z": -0.6612290143966675, "visibility": 0.9678710699081421, "presence": 0.9999879598617554}, "right index": {"x": 0.6161307692527771, "y": 0.5521277785301208, "z": -0.6041046380996704, "visibility": 0.9203625917434692, "presence": 0.9995821118354797}, "left thumb": {"x": 0.6965087056159973, "y": 0.5328115224838257, "z": -0.5978335738182068, "visibility": 0.9294520020484924, "presence": 0.9999915361404419}, "right thumb": {"x": 0.6219705939292908, "y": 0.5508463978767395, "z": -0.5379560589790344, "visibility": 0.8808448910713196, "presence": 0.9997345805168152}, "left hip": {"x": 0.7466167211532593, "y": 0.5790525674819946, "z": -0.025292841717600822, "visibility": 0.9989804625511169, "presence": 0.9998018145561218}, "right hip": {"x": 0.6918633580207825, "y": 0.5821195244789124, "z": 0.025122135877609253, "visibility": 0.9982233643531799, "presence": 0.9996349811553955}, "left knee": {"x": 0.7940219640731812, "y": 0.6286001801490784, "z": -0.1410752236843109, "visibility": 0.5847367644309998, "presence": 0.9990511536598206}, "right knee": {"x": 0.6395894289016724, "y": 0.5980371832847595, "z": -0.1511906385421753, "visibility": 0.18499435484409332, "presence": 0.9952611327171326}, "left ankle": {"x": 0.8431199789047241, "y": 0.6819850206375122, "z": -0.06509165465831757, "visibility": 0.6189243197441101, "presence": 0.9950090646743774}, "right ankle": {"x": 0.6535879969596863, "y": 0.6317583322525024, "z": 0.12239677459001541, "visibility": 0.09243054687976837, "presence": 0.9967310428619385}, "left heel": {"x": 0.8440515995025635, "y": 0.6889898777008057, "z": -0.06499658524990082, "visibility": 0.323598176240921, "presence": 0.982207715511322}, "right heel": {"x": 0.6626667380332947, "y": 0.6365328431129456, "z": 0.14660188555717468, "visibility": 0.0853281021118164, "presence": 0.9977566599845886}, "left foot index": {"x": 0.8615067601203918, "y": 0.700685441493988, "z": -0.20097656548023224, "visibility": 0.656552255153656, "presence": 0.9757248163223267}, "right foot index": {"x": 0.6427901387214661, "y": 0.644676148891449, "z": 0.07640628516674042, "visibility": 0.11597584933042526, "presence": 0.995841920375824}, "timestamp": "20240418-205337"}