{"nose": {"x": 0.5705143809318542, "y": 0.4868067800998688, "z": -0.27725207805633545, "visibility": 0.9998676776885986, "presence": 1.0}, "left eye (inner)": {"x": 0.5759710669517517, "y": 0.479522705078125, "z": -0.2813013792037964, "visibility": 0.9997318387031555, "presence": 0.9999998807907104}, "left eye": {"x": 0.5805755853652954, "y": 0.4791286587715149, "z": -0.2816547751426697, "visibility": 0.9996415376663208, "presence": 1.0}, "left eye (outer)": {"x": 0.5854631662368774, "y": 0.4789138734340668, "z": -0.281579852104187, "visibility": 0.9997429847717285, "presence": 0.9999998807907104}, "right eye (inner)": {"x": 0.571619987487793, "y": 0.47956356406211853, "z": -0.25383391976356506, "visibility": 0.999771237373352, "presence": 0.9999998807907104}, "right eye": {"x": 0.5711050629615784, "y": 0.4793616235256195, "z": -0.2541736960411072, "visibility": 0.9997661709785461, "presence": 0.9999998807907104}, "right eye (outer)": {"x": 0.5704428553581238, "y": 0.47903305292129517, "z": -0.2542731761932373, "visibility": 0.9997991919517517, "presence": 0.9999997615814209}, "left ear": {"x": 0.6057657599449158, "y": 0.4802636504173279, "z": -0.26052385568618774, "visibility": 0.9997506141662598, "presence": 1.0}, "right ear": {"x": 0.5811393857002258, "y": 0.48031845688819885, "z": -0.11558260023593903, "visibility": 0.9992536306381226, "presence": 0.9999997615814209}, "mouth (left)": {"x": 0.5811654329299927, "y": 0.4927126467227936, "z": -0.25780367851257324, "visibility": 0.9998098015785217, "presence": 1.0}, "mouth (right)": {"x": 0.5729952454566956, "y": 0.4927571713924408, "z": -0.222664937376976, "visibility": 0.9997881054878235, "presence": 0.9999998807907104}, "left shoulder": {"x": 0.6599465608596802, "y": 0.5067372918128967, "z": -0.2421261966228485, "visibility": 0.9999840259552002, "presence": 0.9999998807907104}, "right shoulder": {"x": 0.5705945491790771, "y": 0.5171979665756226, "z": 0.008960079401731491, "visibility": 0.9999368190765381, "presence": 0.9999990463256836}, "left elbow": {"x": 0.6816439032554626, "y": 0.5521581172943115, "z": -0.38688817620277405, "visibility": 0.9442322850227356, "presence": 0.9999783039093018}, "right elbow": {"x": 0.5229886770248413, "y": 0.5467029809951782, "z": -0.11872509121894836, "visibility": 0.8527897596359253, "presence": 0.9999611377716064}, "left wrist": {"x": 0.6158388257026672, "y": 0.549936056137085, "z": -0.5936123728752136, "visibility": 0.9545302391052246, "presence": 0.9999996423721313}, "right wrist": {"x": 0.48168236017227173, "y": 0.5407528281211853, "z": -0.42763710021972656, "visibility": 0.9172298908233643, "presence": 0.9999948740005493}, "left pinky": {"x": 0.5990094542503357, "y": 0.551967442035675, "z": -0.6644982099533081, "visibility": 0.947367787361145, "presence": 0.9999995231628418}, "right pinky": {"x": 0.4626759886741638, "y": 0.5354880094528198, "z": -0.4873049855232239, "visibility": 0.9098349213600159, "presence": 0.9999951124191284}, "left index": {"x": 0.5961336493492126, "y": 0.5439115166664124, "z": -0.6669906377792358, "visibility": 0.9463335871696472, "presence": 0.9999996423721313}, "right index": {"x": 0.4685341417789459, "y": 0.5290490984916687, "z": -0.5018128156661987, "visibility": 0.909436047077179, "presence": 0.9999960660934448}, "left thumb": {"x": 0.5996747612953186, "y": 0.5442710518836975, "z": -0.5983108282089233, "visibility": 0.909080982208252, "presence": 0.9999997615814209}, "right thumb": {"x": 0.4771372973918915, "y": 0.5322293043136597, "z": -0.44419342279434204, "visibility": 0.8885079622268677, "presence": 0.999997615814209}, "left hip": {"x": 0.6830869913101196, "y": 0.5928376913070679, "z": -0.08669298887252808, "visibility": 0.999664843082428, "presence": 0.9999985694885254}, "right hip": {"x": 0.6261114478111267, "y": 0.593474268913269, "z": 0.08629805594682693, "visibility": 0.9994416236877441, "presence": 0.9999977350234985}, "left knee": {"x": 0.694661021232605, "y": 0.6647566556930542, "z": -0.3675778806209564, "visibility": 0.7621017098426819, "presence": 0.9999935626983643}, "right knee": {"x": 0.5389293432235718, "y": 0.6403079628944397, "z": 0.2942962050437927, "visibility": 0.4875122904777527, "presence": 0.9999361038208008}, "left ankle": {"x": 0.7722551822662354, "y": 0.7268679738044739, "z": -0.28412312269210815, "visibility": 0.7355840802192688, "presence": 0.9999624490737915}, "right ankle": {"x": 0.5085039138793945, "y": 0.6822468042373657, "z": 0.6454642415046692, "visibility": 0.4476999342441559, "presence": 0.9998929500579834}, "left heel": {"x": 0.781096339225769, "y": 0.7332795858383179, "z": -0.2827983498573303, "visibility": 0.5835363864898682, "presence": 0.9998461008071899}, "right heel": {"x": 0.5176853537559509, "y": 0.6914034485816956, "z": 0.6753411293029785, "visibility": 0.356266051530838, "presence": 0.9999411106109619}, "left foot index": {"x": 0.774870753288269, "y": 0.7526670098304749, "z": -0.4530998766422272, "visibility": 0.7481112480163574, "presence": 0.9997995495796204}, "right foot index": {"x": 0.4666905701160431, "y": 0.6919957399368286, "z": 0.5949443578720093, "visibility": 0.45178234577178955, "presence": 0.9998679161071777}, "timestamp": "20240418-205354"}