{"nose": {"x": 0.6817796230316162, "y": 0.5336426496505737, "z": -0.3966261148452759, "visibility": 0.9999273419380188, "presence": 0.9999958276748657}, "left eye (inner)": {"x": 0.6891216039657593, "y": 0.528183102607727, "z": -0.38731738924980164, "visibility": 0.9998713731765747, "presence": 0.9999873638153076}, "left eye": {"x": 0.693390429019928, "y": 0.5283936262130737, "z": -0.3875552713871002, "visibility": 0.9998132586479187, "presence": 0.9999879598617554}, "left eye (outer)": {"x": 0.6972969174385071, "y": 0.5287114977836609, "z": -0.38751575350761414, "visibility": 0.9998792409896851, "presence": 0.9999806880950928}, "right eye (inner)": {"x": 0.6802046298980713, "y": 0.5279698967933655, "z": -0.3844556212425232, "visibility": 0.9998597502708435, "presence": 0.9999785423278809}, "right eye": {"x": 0.6777632236480713, "y": 0.5277718305587769, "z": -0.3847373425960541, "visibility": 0.9998154640197754, "presence": 0.9999768733978271}, "right eye (outer)": {"x": 0.6754631400108337, "y": 0.5274351239204407, "z": -0.38484832644462585, "visibility": 0.9998461008071899, "presence": 0.9999613761901855}, "left ear": {"x": 0.7079142332077026, "y": 0.5299551486968994, "z": -0.2912481427192688, "visibility": 0.9998587369918823, "presence": 0.9999760389328003}, "right ear": {"x": 0.6776906847953796, "y": 0.5273476839065552, "z": -0.28003987669944763, "visibility": 0.9992080330848694, "presence": 0.9999397993087769}, "mouth (left)": {"x": 0.6899593472480774, "y": 0.5386258959770203, "z": -0.3561859428882599, "visibility": 0.9998661279678345, "presence": 0.9999867677688599}, "mouth (right)": {"x": 0.6797377467155457, "y": 0.5375972390174866, "z": -0.3544122576713562, "visibility": 0.9998143911361694, "presence": 0.9999732971191406}, "left shoulder": {"x": 0.7317063212394714, "y": 0.5464772582054138, "z": -0.22444631159305573, "visibility": 0.9999781250953674, "presence": 0.9999819993972778}, "right shoulder": {"x": 0.6549712419509888, "y": 0.5487277507781982, "z": -0.18735231459140778, "visibility": 0.9999126195907593, "presence": 0.9999420642852783}, "left elbow": {"x": 0.7383980751037598, "y": 0.5805870890617371, "z": -0.3538147211074829, "visibility": 0.9231122732162476, "presence": 0.9997283816337585}, "right elbow": {"x": 0.6115262508392334, "y": 0.57880699634552, "z": -0.2575586438179016, "visibility": 0.6587295532226562, "presence": 0.9989456534385681}, "left wrist": {"x": 0.7082133293151855, "y": 0.573872447013855, "z": -0.5677652359008789, "visibility": 0.9006310105323792, "presence": 0.9999544620513916}, "right wrist": {"x": 0.6353276968002319, "y": 0.6011828184127808, "z": -0.5005288124084473, "visibility": 0.4696241021156311, "presence": 0.9977276921272278}, "left pinky": {"x": 0.7035956382751465, "y": 0.5758445262908936, "z": -0.6243129968643188, "visibility": 0.8771870732307434, "presence": 0.9999080896377563}, "right pinky": {"x": 0.6470820307731628, "y": 0.6028766632080078, "z": -0.5563799738883972, "visibility": 0.44916263222694397, "presence": 0.9953723549842834}, "left index": {"x": 0.6982675194740295, "y": 0.5706183910369873, "z": -0.6281397938728333, "visibility": 0.8711252212524414, "presence": 0.9999446868896484}, "right index": {"x": 0.6580897569656372, "y": 0.6050750017166138, "z": -0.5574519038200378, "visibility": 0.44942742586135864, "presence": 0.9975190162658691}, "left thumb": {"x": 0.7026723027229309, "y": 0.5714918971061707, "z": -0.5734081864356995, "visibility": 0.7271161079406738, "presence": 0.9999614953994751}, "right thumb": {"x": 0.6498786211013794, "y": 0.6018472909927368, "z": -0.5070440173149109, "visibility": 0.4103686809539795, "presence": 0.9983737468719482}, "left hip": {"x": 0.7369712591171265, "y": 0.6068905591964722, "z": -0.002164355479180813, "visibility": 0.9993658661842346, "presence": 0.9999661445617676}, "right hip": {"x": 0.6906437277793884, "y": 0.6094282865524292, "z": 0.0019276365637779236, "visibility": 0.9990905523300171, "presence": 0.9999502897262573}, "left knee": {"x": 0.8029903769493103, "y": 0.6422073245048523, "z": -0.09116406738758087, "visibility": 0.5327057838439941, "presence": 0.9984788298606873}, "right knee": {"x": 0.6679996252059937, "y": 0.645811140537262, "z": -0.14317220449447632, "visibility": 0.17992767691612244, "presence": 0.9980061650276184}, "left ankle": {"x": 0.8500710129737854, "y": 0.6864446401596069, "z": -0.0029408272821456194, "visibility": 0.5134503841400146, "presence": 0.9969147443771362}, "right ankle": {"x": 0.6636813282966614, "y": 0.6957276463508606, "z": 0.008386473171412945, "visibility": 0.1603473722934723, "presence": 0.9963525533676147}, "left heel": {"x": 0.8467764258384705, "y": 0.6939737200737, "z": -0.000534622638951987, "visibility": 0.32634538412094116, "presence": 0.9923679232597351}, "right heel": {"x": 0.6685725450515747, "y": 0.7031243443489075, "z": 0.01758595183491707, "visibility": 0.10898981988430023, "presence": 0.9963801503181458}, "left foot index": {"x": 0.869785487651825, "y": 0.7029058337211609, "z": -0.1292821615934372, "visibility": 0.5321828722953796, "presence": 0.9901199340820312}, "right foot index": {"x": 0.6567829847335815, "y": 0.7113742828369141, "z": -0.09029656648635864, "visibility": 0.16650471091270447, "presence": 0.9923405647277832}, "timestamp": "20240418-205332"}