{"nose": {"x": 0.7017551064491272, "y": 0.5479440093040466, "z": -0.6367636322975159, "visibility": 0.9999979734420776, "presence": 1.0}, "left eye (inner)": {"x": 0.7104199528694153, "y": 0.5421370267868042, "z": -0.636578381061554, "visibility": 0.9999979138374329, "presence": 1.0}, "left eye": {"x": 0.7157514691352844, "y": 0.5427325367927551, "z": -0.636913537979126, "visibility": 0.9999973177909851, "presence": 1.0}, "left eye (outer)": {"x": 0.7204213738441467, "y": 0.542841911315918, "z": -0.6368170976638794, "visibility": 0.9999979734420776, "presence": 1.0}, "right eye (inner)": {"x": 0.6995522975921631, "y": 0.540603756904602, "z": -0.6269884705543518, "visibility": 0.9999976754188538, "presence": 1.0}, "right eye": {"x": 0.6964468955993652, "y": 0.5401853322982788, "z": -0.6272544860839844, "visibility": 0.9999974370002747, "presence": 1.0}, "right eye (outer)": {"x": 0.6934066414833069, "y": 0.5397480726242065, "z": -0.6273380517959595, "visibility": 0.9999975562095642, "presence": 1.0}, "left ear": {"x": 0.7353208661079407, "y": 0.5419803261756897, "z": -0.5323778390884399, "visibility": 0.999998152256012, "presence": 1.0}, "right ear": {"x": 0.6964660882949829, "y": 0.540246844291687, "z": -0.4982493817806244, "visibility": 0.9999893307685852, "presence": 1.0}, "mouth (left)": {"x": 0.7119869589805603, "y": 0.5559700131416321, "z": -0.5963590145111084, "visibility": 0.9999970197677612, "presence": 1.0}, "mouth (right)": {"x": 0.6981621980667114, "y": 0.5549920201301575, "z": -0.5821941494941711, "visibility": 0.9999950528144836, "presence": 1.0}, "left shoulder": {"x": 0.7754805684089661, "y": 0.5651990175247192, "z": -0.41429048776626587, "visibility": 0.9999973773956299, "presence": 1.0}, "right shoulder": {"x": 0.6602920889854431, "y": 0.5788620710372925, "z": -0.36782193183898926, "visibility": 0.9999898076057434, "presence": 0.9999998807907104}, "left elbow": {"x": 0.7876821160316467, "y": 0.6130088567733765, "z": -0.5689430832862854, "visibility": 0.9868064522743225, "presence": 0.9999955892562866}, "right elbow": {"x": 0.617247462272644, "y": 0.6218306422233582, "z": -0.4005415737628937, "visibility": 0.9099735617637634, "presence": 0.9999868869781494}, "left wrist": {"x": 0.7292916178703308, "y": 0.6015292406082153, "z": -0.8880673050880432, "visibility": 0.9779351949691772, "presence": 1.0}, "right wrist": {"x": 0.6662930846214294, "y": 0.6541191935539246, "z": -0.49926134943962097, "visibility": 0.9070584774017334, "presence": 0.9999912977218628}, "left pinky": {"x": 0.7124389410018921, "y": 0.5966216325759888, "z": -0.9474920630455017, "visibility": 0.9707562923431396, "presence": 1.0}, "right pinky": {"x": 0.6757276058197021, "y": 0.66405189037323, "z": -0.5423964262008667, "visibility": 0.852255642414093, "presence": 0.9999885559082031}, "left index": {"x": 0.711155891418457, "y": 0.5913482904434204, "z": -0.9526170492172241, "visibility": 0.9681189656257629, "presence": 1.0}, "right index": {"x": 0.6842383742332458, "y": 0.6607953906059265, "z": -0.5485320091247559, "visibility": 0.8452423810958862, "presence": 0.9999905824661255}, "left thumb": {"x": 0.7154085040092468, "y": 0.5935193300247192, "z": -0.8920157551765442, "visibility": 0.9452258944511414, "presence": 1.0}, "right thumb": {"x": 0.6826730966567993, "y": 0.6571524739265442, "z": -0.5042394995689392, "visibility": 0.7797961235046387, "presence": 0.9999936819076538}, "left hip": {"x": 0.7628400325775146, "y": 0.6428013443946838, "z": -0.014149114489555359, "visibility": 0.9999606609344482, "presence": 1.0}, "right hip": {"x": 0.693114161491394, "y": 0.6491691470146179, "z": 0.013936339877545834, "visibility": 0.9999372363090515, "presence": 0.9999998807907104}, "left knee": {"x": 0.8160673975944519, "y": 0.685657799243927, "z": -0.4511348605155945, "visibility": 0.9957033395767212, "presence": 0.9999996423721313}, "right knee": {"x": 0.6149525046348572, "y": 0.7016901969909668, "z": 0.16295845806598663, "visibility": 0.8684526085853577, "presence": 0.9999938011169434}, "left ankle": {"x": 0.8328670263290405, "y": 0.7509936094284058, "z": -0.16554062068462372, "visibility": 0.986538827419281, "presence": 0.9999994039535522}, "right ankle": {"x": 0.5811486840248108, "y": 0.7070534229278564, "z": 0.683148980140686, "visibility": 0.7730516195297241, "presence": 0.9999823570251465}, "left heel": {"x": 0.8300917148590088, "y": 0.757664144039154, "z": -0.13947224617004395, "visibility": 0.9429620504379272, "presence": 0.9999980926513672}, "right heel": {"x": 0.5871526002883911, "y": 0.7105209231376648, "z": 0.7336040139198303, "visibility": 0.6915568113327026, "presence": 0.9999924898147583}, "left foot index": {"x": 0.842781662940979, "y": 0.7772243618965149, "z": -0.26511532068252563, "visibility": 0.9895408749580383, "presence": 0.9999963045120239}, "right foot index": {"x": 0.5507270097732544, "y": 0.717746376991272, "z": 0.6680207252502441, "visibility": 0.8374795317649841, "presence": 0.9999899864196777}, "timestamp": "20240418-205404"}