{"nose": {"x": 0.6742252111434937, "y": 0.4969359338283539, "z": -0.4043715298175812, "visibility": 0.9999383091926575, "presence": 0.9999994039535522}, "left eye (inner)": {"x": 0.6823609471321106, "y": 0.49024683237075806, "z": -0.3938648998737335, "visibility": 0.9998603463172913, "presence": 0.9999983310699463}, "left eye": {"x": 0.6876598596572876, "y": 0.48991161584854126, "z": -0.3941989541053772, "visibility": 0.999780535697937, "presence": 0.9999984502792358}, "left eye (outer)": {"x": 0.6921488642692566, "y": 0.4898756444454193, "z": -0.3941146433353424, "visibility": 0.9998255968093872, "presence": 0.999997615814209}, "right eye (inner)": {"x": 0.673418402671814, "y": 0.491098552942276, "z": -0.3832581043243408, "visibility": 0.9998830556869507, "presence": 0.9999973773956299}, "right eye": {"x": 0.671744167804718, "y": 0.4911726117134094, "z": -0.3835243284702301, "visibility": 0.9998815059661865, "presence": 0.9999973773956299}, "right eye (outer)": {"x": 0.6699883937835693, "y": 0.4912058413028717, "z": -0.3836453855037689, "visibility": 0.9999005794525146, "presence": 0.9999963045120239}, "left ear": {"x": 0.7030510306358337, "y": 0.4922582507133484, "z": -0.2942119240760803, "visibility": 0.9998160600662231, "presence": 0.9999977350234985}, "right ear": {"x": 0.6720388531684875, "y": 0.49271273612976074, "z": -0.23979748785495758, "visibility": 0.9996047019958496, "presence": 0.9999943971633911}, "mouth (left)": {"x": 0.6828758716583252, "y": 0.5016126036643982, "z": -0.36304453015327454, "visibility": 0.9998160600662231, "presence": 0.9999986886978149}, "mouth (right)": {"x": 0.67359459400177, "y": 0.5018061399459839, "z": -0.34967324137687683, "visibility": 0.9998486638069153, "presence": 0.9999959468841553}, "left shoulder": {"x": 0.7391645908355713, "y": 0.515743613243103, "z": -0.22695179283618927, "visibility": 0.9999755024909973, "presence": 0.9999949932098389}, "right shoulder": {"x": 0.6578817367553711, "y": 0.522842526435852, "z": -0.14296481013298035, "visibility": 0.9999006390571594, "presence": 0.9999715089797974}, "left elbow": {"x": 0.7687616348266602, "y": 0.5494400262832642, "z": -0.34988757967948914, "visibility": 0.9102763533592224, "presence": 0.9996240139007568}, "right elbow": {"x": 0.6084474921226501, "y": 0.5433273911476135, "z": -0.282374769449234, "visibility": 0.8715729117393494, "presence": 0.9995556473731995}, "left wrist": {"x": 0.7429099082946777, "y": 0.5551572442054749, "z": -0.5844303965568542, "visibility": 0.9159312844276428, "presence": 0.9999840259552002}, "right wrist": {"x": 0.5863276720046997, "y": 0.5381468534469604, "z": -0.578134298324585, "visibility": 0.8610947132110596, "presence": 0.9999713897705078}, "left pinky": {"x": 0.7393258810043335, "y": 0.5575770735740662, "z": -0.6502460241317749, "visibility": 0.9072626233100891, "presence": 0.9999785423278809}, "right pinky": {"x": 0.5757813453674316, "y": 0.5331238508224487, "z": -0.6511201858520508, "visibility": 0.8466609716415405, "presence": 0.9999643564224243}, "left index": {"x": 0.7338218092918396, "y": 0.5528966188430786, "z": -0.6634741425514221, "visibility": 0.9084965586662292, "presence": 0.999987006187439}, "right index": {"x": 0.5793728232383728, "y": 0.5317180156707764, "z": -0.6619023084640503, "visibility": 0.8494639992713928, "presence": 0.9999808073043823}, "left thumb": {"x": 0.7333291172981262, "y": 0.5526856184005737, "z": -0.5950319170951843, "visibility": 0.8562770485877991, "presence": 0.9999901056289673}, "right thumb": {"x": 0.5839565992355347, "y": 0.5326696038246155, "z": -0.5930703282356262, "visibility": 0.8250753283500671, "presence": 0.9999884366989136}, "left hip": {"x": 0.7432644963264465, "y": 0.5904856324195862, "z": -0.03150869905948639, "visibility": 0.9995848536491394, "presence": 0.9999456405639648}, "right hip": {"x": 0.6933763027191162, "y": 0.5906389951705933, "z": 0.031272586435079575, "visibility": 0.9992987513542175, "presence": 0.999914288520813}, "left knee": {"x": 0.7868139743804932, "y": 0.6408047080039978, "z": -0.12124588340520859, "visibility": 0.6844636797904968, "presence": 0.9992539286613464}, "right knee": {"x": 0.6687734127044678, "y": 0.6259361505508423, "z": 0.1845603734254837, "visibility": 0.2962566912174225, "presence": 0.996159553527832}, "left ankle": {"x": 0.8454287052154541, "y": 0.6874021291732788, "z": -0.012590989470481873, "visibility": 0.7510697245597839, "presence": 0.9985677003860474}, "right ankle": {"x": 0.6716330647468567, "y": 0.661890983581543, "z": 0.5182598829269409, "visibility": 0.22636039555072784, "presence": 0.9984413981437683}, "left heel": {"x": 0.8451159000396729, "y": 0.6932001113891602, "z": -0.011120338924229145, "visibility": 0.5233003497123718, "presence": 0.9962373971939087}, "right heel": {"x": 0.6803480982780457, "y": 0.6670454144477844, "z": 0.5474907755851746, "visibility": 0.1527644246816635, "presence": 0.9992126226425171}, "left foot index": {"x": 0.8645039796829224, "y": 0.7019004225730896, "z": -0.14539800584316254, "visibility": 0.7771658897399902, "presence": 0.996864378452301}, "right foot index": {"x": 0.6561098098754883, "y": 0.6788753867149353, "z": 0.4805932343006134, "visibility": 0.24766793847084045, "presence": 0.9989792108535767}, "timestamp": "20240418-205335"}