{"nose": {"x": 0.5888310074806213, "y": 0.5375562906265259, "z": -0.5382805466651917, "visibility": 0.9999327063560486, "presence": 0.9999916553497314}, "left eye (inner)": {"x": 0.5960884094238281, "y": 0.5301501750946045, "z": -0.5294174551963806, "visibility": 0.9999374151229858, "presence": 0.9999849796295166}, "left eye": {"x": 0.6012803316116333, "y": 0.530021607875824, "z": -0.5297054052352905, "visibility": 0.99991375207901, "presence": 0.9999890327453613}, "left eye (outer)": {"x": 0.6063328385353088, "y": 0.5298644304275513, "z": -0.529642641544342, "visibility": 0.9999428987503052, "presence": 0.9999843835830688}, "right eye (inner)": {"x": 0.5857428312301636, "y": 0.5299413204193115, "z": -0.5209450125694275, "visibility": 0.9999138116836548, "presence": 0.999968409538269}, "right eye": {"x": 0.5828644037246704, "y": 0.5297611951828003, "z": -0.5212539434432983, "visibility": 0.9998922944068909, "presence": 0.999967098236084}, "right eye (outer)": {"x": 0.5798044204711914, "y": 0.5295431017875671, "z": -0.5214287638664246, "visibility": 0.9999029636383057, "presence": 0.9999490976333618}, "left ear": {"x": 0.6210551261901855, "y": 0.5302149057388306, "z": -0.4132082760334015, "visibility": 0.9999490976333618, "presence": 0.9999905824661255}, "right ear": {"x": 0.581631064414978, "y": 0.5308269262313843, "z": -0.3752209544181824, "visibility": 0.9994924068450928, "presence": 0.9999393224716187}, "mouth (left)": {"x": 0.5971614718437195, "y": 0.54360431432724, "z": -0.48853862285614014, "visibility": 0.99992436170578, "presence": 0.9999938011169434}, "mouth (right)": {"x": 0.5838100910186768, "y": 0.5434325337409973, "z": -0.47896215319633484, "visibility": 0.9998335242271423, "presence": 0.9999774694442749}, "left shoulder": {"x": 0.6644140481948853, "y": 0.5487576127052307, "z": -0.31037670373916626, "visibility": 0.9999883770942688, "presence": 0.9999918937683105}, "right shoulder": {"x": 0.5617217421531677, "y": 0.5615078210830688, "z": -0.2703478932380676, "visibility": 0.9999192953109741, "presence": 0.9998956918716431}, "left elbow": {"x": 0.6880024075508118, "y": 0.5978102087974548, "z": -0.4532303214073181, "visibility": 0.9267985224723816, "presence": 0.999225378036499}, "right elbow": {"x": 0.5404183864593506, "y": 0.5989380478858948, "z": -0.4396844506263733, "visibility": 0.6658585667610168, "presence": 0.9951434135437012}, "left wrist": {"x": 0.6281288862228394, "y": 0.5812908411026001, "z": -0.7034471035003662, "visibility": 0.8546199798583984, "presence": 0.999991774559021}, "right wrist": {"x": 0.5778828859329224, "y": 0.585246205329895, "z": -0.7052975296974182, "visibility": 0.5437657237052917, "presence": 0.9979283809661865}, "left pinky": {"x": 0.6134350895881653, "y": 0.5775336027145386, "z": -0.7698003053665161, "visibility": 0.8257078528404236, "presence": 0.9999916553497314}, "right pinky": {"x": 0.5896080732345581, "y": 0.5818265676498413, "z": -0.7741570472717285, "visibility": 0.5134887099266052, "presence": 0.998671293258667}, "left index": {"x": 0.6143431067466736, "y": 0.5709076523780823, "z": -0.7705813646316528, "visibility": 0.8139470815658569, "presence": 0.9999948740005493}, "right index": {"x": 0.5934088826179504, "y": 0.5742395520210266, "z": -0.7624696493148804, "visibility": 0.5049371719360352, "presence": 0.9991989731788635}, "left thumb": {"x": 0.6160898804664612, "y": 0.5729113221168518, "z": -0.7078876495361328, "visibility": 0.6729132533073425, "presence": 0.9999960660934448}, "right thumb": {"x": 0.591135561466217, "y": 0.5777381658554077, "z": -0.7083075642585754, "visibility": 0.46791985630989075, "presence": 0.9992983341217041}, "left hip": {"x": 0.6609808802604675, "y": 0.6239246129989624, "z": -0.01793042942881584, "visibility": 0.9999032616615295, "presence": 0.9999974966049194}, "right hip": {"x": 0.5982845425605774, "y": 0.6285475492477417, "z": 0.017691979184746742, "visibility": 0.999785840511322, "presence": 0.9999924898147583}, "left knee": {"x": 0.7131367325782776, "y": 0.6654094457626343, "z": -0.38630515336990356, "visibility": 0.9777929782867432, "presence": 0.9999860525131226}, "right knee": {"x": 0.510938286781311, "y": 0.6778380274772644, "z": 0.028762923553586006, "visibility": 0.5944851636886597, "presence": 0.9996127486228943}, "left ankle": {"x": 0.7476670145988464, "y": 0.7269527912139893, "z": -0.16950857639312744, "visibility": 0.8972824811935425, "presence": 0.9999573230743408}, "right ankle": {"x": 0.4816311299800873, "y": 0.687945544719696, "z": 0.4951351583003998, "visibility": 0.5702110528945923, "presence": 0.9996929168701172}, "left heel": {"x": 0.745037317276001, "y": 0.7340296506881714, "z": -0.1501055359840393, "visibility": 0.7405878901481628, "presence": 0.9998437166213989}, "right heel": {"x": 0.48995858430862427, "y": 0.6906017065048218, "z": 0.5489405393600464, "visibility": 0.46304136514663696, "presence": 0.999870777130127}, "left foot index": {"x": 0.7575059533119202, "y": 0.7544766068458557, "z": -0.296353816986084, "visibility": 0.9118115305900574, "presence": 0.9997538924217224}, "right foot index": {"x": 0.4433068037033081, "y": 0.6987926959991455, "z": 0.4860876798629761, "visibility": 0.5812373757362366, "presence": 0.9998241066932678}, "timestamp": "20240418-205416"}