{"nose": {"x": 0.6138582825660706, "y": 0.49164360761642456, "z": -0.3717978298664093, "visibility": 0.9999980926513672, "presence": 0.9999998807907104}, "left eye (inner)": {"x": 0.620904266834259, "y": 0.4831872582435608, "z": -0.3753683865070343, "visibility": 0.9999972581863403, "presence": 0.9999997615814209}, "left eye": {"x": 0.6244856119155884, "y": 0.48284047842025757, "z": -0.3757859170436859, "visibility": 0.999996542930603, "presence": 0.9999998807907104}, "left eye (outer)": {"x": 0.6299461722373962, "y": 0.4825146794319153, "z": -0.37567028403282166, "visibility": 0.9999974370002747, "presence": 0.9999997615814209}, "right eye (inner)": {"x": 0.6161375641822815, "y": 0.48332491517066956, "z": -0.34550899267196655, "visibility": 0.9999963045120239, "presence": 0.9999996423721313}, "right eye": {"x": 0.6157265305519104, "y": 0.483114629983902, "z": -0.34588879346847534, "visibility": 0.9999958872795105, "presence": 0.9999996423721313}, "right eye (outer)": {"x": 0.6150039434432983, "y": 0.4827605187892914, "z": -0.34601113200187683, "visibility": 0.9999958872795105, "presence": 0.9999995231628418}, "left ear": {"x": 0.654586672782898, "y": 0.483767032623291, "z": -0.32184529304504395, "visibility": 0.9999979138374329, "presence": 0.9999998807907104}, "right ear": {"x": 0.6275195479393005, "y": 0.4836285710334778, "z": -0.18260909616947174, "visibility": 0.9999802708625793, "presence": 0.9999992847442627}, "mouth (left)": {"x": 0.625259280204773, "y": 0.4973583221435547, "z": -0.344839870929718, "visibility": 0.999996542930603, "presence": 0.9999998807907104}, "mouth (right)": {"x": 0.6171639561653137, "y": 0.4969066083431244, "z": -0.30700981616973877, "visibility": 0.9999930262565613, "presence": 0.9999995231628418}, "left shoulder": {"x": 0.7113271951675415, "y": 0.5130426287651062, "z": -0.30818334221839905, "visibility": 0.999996542930603, "presence": 0.9999996423721313}, "right shoulder": {"x": 0.6117938756942749, "y": 0.5207067728042603, "z": -0.020628314465284348, "visibility": 0.9999664425849915, "presence": 0.999994158744812}, "left elbow": {"x": 0.736159086227417, "y": 0.5635570287704468, "z": -0.5019975304603577, "visibility": 0.9872362613677979, "presence": 0.9999080896377563}, "right elbow": {"x": 0.5762755274772644, "y": 0.563156247138977, "z": -0.14998407661914825, "visibility": 0.9432342648506165, "presence": 0.9998301267623901}, "left wrist": {"x": 0.6764279007911682, "y": 0.5525308847427368, "z": -0.7364612817764282, "visibility": 0.9812162518501282, "presence": 0.999998927116394}, "right wrist": {"x": 0.5373123288154602, "y": 0.5520210862159729, "z": -0.5137274861335754, "visibility": 0.9767940044403076, "presence": 0.9999698400497437}, "left pinky": {"x": 0.6561551094055176, "y": 0.5512646436691284, "z": -0.8132954239845276, "visibility": 0.976434588432312, "presence": 0.999998927116394}, "right pinky": {"x": 0.5205461978912354, "y": 0.5447124242782593, "z": -0.577089786529541, "visibility": 0.9648475050926208, "presence": 0.9999709129333496}, "left index": {"x": 0.6562927961349487, "y": 0.5416696667671204, "z": -0.8158141374588013, "visibility": 0.9767827391624451, "presence": 0.9999991655349731}, "right index": {"x": 0.5243556499481201, "y": 0.5377253890037537, "z": -0.5959288477897644, "visibility": 0.9647560715675354, "presence": 0.999975323677063}, "left thumb": {"x": 0.6607095003128052, "y": 0.542453944683075, "z": -0.7413022518157959, "visibility": 0.9564696550369263, "presence": 0.9999994039535522}, "right thumb": {"x": 0.5331801772117615, "y": 0.5413833856582642, "z": -0.5321953892707825, "visibility": 0.946561336517334, "presence": 0.9999839067459106}, "left hip": {"x": 0.7289820313453674, "y": 0.6067989468574524, "z": -0.09774002432823181, "visibility": 0.9999665021896362, "presence": 0.9999955892562866}, "right hip": {"x": 0.6631782054901123, "y": 0.6064285039901733, "z": 0.09743020683526993, "visibility": 0.999936580657959, "presence": 0.9999933242797852}, "left knee": {"x": 0.7460665106773376, "y": 0.6803274154663086, "z": -0.31721362471580505, "visibility": 0.9974390864372253, "presence": 0.9999822378158569}, "right knee": {"x": 0.5827183127403259, "y": 0.6578134298324585, "z": 0.33810457587242126, "visibility": 0.9378237128257751, "presence": 0.9998831748962402}, "left ankle": {"x": 0.8173856139183044, "y": 0.7473570108413696, "z": -0.28643369674682617, "visibility": 0.9941186308860779, "presence": 0.9999159574508667}, "right ankle": {"x": 0.5599442720413208, "y": 0.6995323896408081, "z": 0.7629214525222778, "visibility": 0.9005282521247864, "presence": 0.9998471736907959}, "left heel": {"x": 0.8232799172401428, "y": 0.7531410455703735, "z": -0.2981097400188446, "visibility": 0.9660223126411438, "presence": 0.9996926784515381}, "right heel": {"x": 0.5708984136581421, "y": 0.7096108794212341, "z": 0.8014606237411499, "visibility": 0.8495312929153442, "presence": 0.999916672706604}, "left foot index": {"x": 0.82511305809021, "y": 0.775355875492096, "z": -0.49008479714393616, "visibility": 0.9953151941299438, "presence": 0.9995502829551697}, "right foot index": {"x": 0.5108427405357361, "y": 0.7125937938690186, "z": 0.7244359254837036, "visibility": 0.914523720741272, "presence": 0.9997079968452454}, "timestamp": "20240418-205407"}