{"nose": {"x": 0.5946913957595825, "y": 0.48850274085998535, "z": -0.2629614770412445, "visibility": 0.999994695186615, "presence": 0.9999998807907104}, "left eye (inner)": {"x": 0.6017493605613708, "y": 0.48080673813819885, "z": -0.26243728399276733, "visibility": 0.9999919533729553, "presence": 0.9999998807907104}, "left eye": {"x": 0.6052327752113342, "y": 0.48048654198646545, "z": -0.2627880573272705, "visibility": 0.9999900460243225, "presence": 0.9999998807907104}, "left eye (outer)": {"x": 0.6098976731300354, "y": 0.479998916387558, "z": -0.26266801357269287, "visibility": 0.999993085861206, "presence": 0.9999998807907104}, "right eye (inner)": {"x": 0.596954882144928, "y": 0.4808431565761566, "z": -0.2344018667936325, "visibility": 0.9999896287918091, "presence": 0.9999997615814209}, "right eye": {"x": 0.5965551733970642, "y": 0.48062020540237427, "z": -0.23473940789699554, "visibility": 0.9999882578849792, "presence": 0.9999997615814209}, "right eye (outer)": {"x": 0.5958871841430664, "y": 0.48028239607810974, "z": -0.234834223985672, "visibility": 0.9999892711639404, "presence": 0.9999997615814209}, "left ear": {"x": 0.633852481842041, "y": 0.4801577031612396, "z": -0.20923249423503876, "visibility": 0.9999934434890747, "presence": 0.9999998807907104}, "right ear": {"x": 0.6096963882446289, "y": 0.4809703826904297, "z": -0.0782749205827713, "visibility": 0.9999479651451111, "presence": 0.9999995231628418}, "mouth (left)": {"x": 0.6054535508155823, "y": 0.49414315819740295, "z": -0.23770298063755035, "visibility": 0.9999905228614807, "presence": 0.9999998807907104}, "mouth (right)": {"x": 0.5982377529144287, "y": 0.49425822496414185, "z": -0.20238454639911652, "visibility": 0.9999820590019226, "presence": 0.9999996423721313}, "left shoulder": {"x": 0.6904858946800232, "y": 0.5113316774368286, "z": -0.20966187119483948, "visibility": 0.9999960660934448, "presence": 0.9999997615814209}, "right shoulder": {"x": 0.5947033166885376, "y": 0.5180537104606628, "z": 0.06310482323169708, "visibility": 0.9999567270278931, "presence": 0.999992847442627}, "left elbow": {"x": 0.7238205671310425, "y": 0.5554271936416626, "z": -0.3766128122806549, "visibility": 0.9843931794166565, "presence": 0.9999725818634033}, "right elbow": {"x": 0.5492849946022034, "y": 0.5550537705421448, "z": -0.05034897103905678, "visibility": 0.9146217703819275, "presence": 0.9998787641525269}, "left wrist": {"x": 0.6575186252593994, "y": 0.5518549680709839, "z": -0.6268702149391174, "visibility": 0.9791408777236938, "presence": 0.9999997615814209}, "right wrist": {"x": 0.5201348066329956, "y": 0.5530955195426941, "z": -0.38966068625450134, "visibility": 0.9523115158081055, "presence": 0.9999749660491943}, "left pinky": {"x": 0.6386569142341614, "y": 0.5515240430831909, "z": -0.7023389339447021, "visibility": 0.9732370376586914, "presence": 0.9999996423721313}, "right pinky": {"x": 0.506428599357605, "y": 0.5462651252746582, "z": -0.45700526237487793, "visibility": 0.9388197064399719, "presence": 0.9999752044677734}, "left index": {"x": 0.6346378922462463, "y": 0.5426647663116455, "z": -0.7022221088409424, "visibility": 0.9729680418968201, "presence": 0.9999997615814209}, "right index": {"x": 0.5080813765525818, "y": 0.5404151678085327, "z": -0.47793638706207275, "visibility": 0.9391516447067261, "presence": 0.9999802112579346}, "left thumb": {"x": 0.6383211612701416, "y": 0.5441650152206421, "z": -0.6295548677444458, "visibility": 0.9560289978981018, "presence": 0.9999998807907104}, "right thumb": {"x": 0.5160112977027893, "y": 0.5441504716873169, "z": -0.41062837839126587, "visibility": 0.9218788146972656, "presence": 0.9999866485595703}, "left hip": {"x": 0.7108891010284424, "y": 0.6039947867393494, "z": -0.0895385816693306, "visibility": 0.9999502897262573, "presence": 0.9999958276748657}, "right hip": {"x": 0.6478285193443298, "y": 0.6049103736877441, "z": 0.08917146176099777, "visibility": 0.9998999834060669, "presence": 0.9999927282333374}, "left knee": {"x": 0.7337971329689026, "y": 0.6770397424697876, "z": -0.31951093673706055, "visibility": 0.9949938654899597, "presence": 0.9999890327453613}, "right knee": {"x": 0.5783466696739197, "y": 0.6539490818977356, "z": 0.3125418424606323, "visibility": 0.9097115397453308, "presence": 0.9999092817306519}, "left ankle": {"x": 0.8023573160171509, "y": 0.7475234866142273, "z": -0.341405987739563, "visibility": 0.9885391592979431, "presence": 0.9999672174453735}, "right ankle": {"x": 0.5498981475830078, "y": 0.7050105333328247, "z": 0.6764381527900696, "visibility": 0.8931951522827148, "presence": 0.9999239444732666}, "left heel": {"x": 0.8116282820701599, "y": 0.755005955696106, "z": -0.351805180311203, "visibility": 0.9532146453857422, "presence": 0.9998812675476074}, "right heel": {"x": 0.5584320425987244, "y": 0.7148748636245728, "z": 0.7068413496017456, "visibility": 0.8399593234062195, "presence": 0.999958872795105}, "left foot index": {"x": 0.797794759273529, "y": 0.775499165058136, "z": -0.5396257042884827, "visibility": 0.9913264513015747, "presence": 0.9998749494552612}, "right foot index": {"x": 0.5024557113647461, "y": 0.7192944884300232, "z": 0.6129068732261658, "visibility": 0.9090675115585327, "presence": 0.999896764755249}, "timestamp": "20240418-205401"}