{"nose": {"x": 0.7365758419036865, "y": 0.5212560892105103, "z": -0.3839064836502075, "visibility": 0.9999948740005493, "presence": 0.9999963045120239}, "left eye (inner)": {"x": 0.7476255893707275, "y": 0.5156832337379456, "z": -0.3640192747116089, "visibility": 0.9999924898147583, "presence": 0.9999942779541016}, "left eye": {"x": 0.7529239058494568, "y": 0.5164483189582825, "z": -0.3643856942653656, "visibility": 0.9999897480010986, "presence": 0.9999957084655762}, "left eye (outer)": {"x": 0.7584283351898193, "y": 0.5172020196914673, "z": -0.36430031061172485, "visibility": 0.999992311000824, "presence": 0.9999945163726807}, "right eye (inner)": {"x": 0.7341852188110352, "y": 0.5136094093322754, "z": -0.3643074035644531, "visibility": 0.9999911189079285, "presence": 0.9999879598617554}, "right eye": {"x": 0.7295541763305664, "y": 0.5129817724227905, "z": -0.3646744191646576, "visibility": 0.9999905824661255, "presence": 0.9999879598617554}, "right eye (outer)": {"x": 0.7256565690040588, "y": 0.5122187733650208, "z": -0.36480221152305603, "visibility": 0.9999913573265076, "presence": 0.9999830722808838}, "left ear": {"x": 0.7646060585975647, "y": 0.5196589827537537, "z": -0.22652529180049896, "visibility": 0.9999935030937195, "presence": 0.9999959468841553}, "right ear": {"x": 0.7224763631820679, "y": 0.5130215883255005, "z": -0.22453522682189941, "visibility": 0.9999569654464722, "presence": 0.9999691247940063}, "mouth (left)": {"x": 0.742283821105957, "y": 0.5283371806144714, "z": -0.3266032934188843, "visibility": 0.999989926815033, "presence": 0.9999920129776001}, "mouth (right)": {"x": 0.7260708212852478, "y": 0.5255510807037354, "z": -0.3283730745315552, "visibility": 0.9999843239784241, "presence": 0.9999713897705078}, "left shoulder": {"x": 0.7811829447746277, "y": 0.5553356409072876, "z": -0.12312869727611542, "visibility": 0.9999937415122986, "presence": 0.9999940395355225}, "right shoulder": {"x": 0.681598961353302, "y": 0.5354634523391724, "z": -0.11925681680440903, "visibility": 0.9999651312828064, "presence": 0.9997915625572205}, "left elbow": {"x": 0.7916351556777954, "y": 0.5970247387886047, "z": -0.08641613274812698, "visibility": 0.9617747664451599, "presence": 0.9999434947967529}, "right elbow": {"x": 0.6279186010360718, "y": 0.5469831824302673, "z": -0.1376725137233734, "visibility": 0.9355838298797607, "presence": 0.9996192455291748}, "left wrist": {"x": 0.8097813129425049, "y": 0.6367538571357727, "z": -0.19775250554084778, "visibility": 0.9478642344474792, "presence": 0.999987006187439}, "right wrist": {"x": 0.5822001695632935, "y": 0.5228027701377869, "z": -0.24561212956905365, "visibility": 0.9316921234130859, "presence": 0.9997970461845398}, "left pinky": {"x": 0.8221393823623657, "y": 0.6463984251022339, "z": -0.22506576776504517, "visibility": 0.9402895569801331, "presence": 0.9999788999557495}, "right pinky": {"x": 0.5555740594863892, "y": 0.5114549398422241, "z": -0.2780434191226959, "visibility": 0.8894898295402527, "presence": 0.9997110962867737}, "left index": {"x": 0.8232210874557495, "y": 0.6477718949317932, "z": -0.26234880089759827, "visibility": 0.9405375719070435, "presence": 0.999970555305481}, "right index": {"x": 0.5534428358078003, "y": 0.5078572630882263, "z": -0.29955512285232544, "visibility": 0.8849190473556519, "presence": 0.9996238946914673}, "left thumb": {"x": 0.8165596127510071, "y": 0.645354688167572, "z": -0.21424469351768494, "visibility": 0.9017096161842346, "presence": 0.9999825954437256}, "right thumb": {"x": 0.5649131536483765, "y": 0.5122474431991577, "z": -0.25994524359703064, "visibility": 0.8268640637397766, "presence": 0.9998010993003845}, "left hip": {"x": 0.7697247266769409, "y": 0.6403576135635376, "z": -0.0038879576604813337, "visibility": 0.9999540448188782, "presence": 0.9999943971633911}, "right hip": {"x": 0.7004114389419556, "y": 0.6439411044120789, "z": 0.0035166190937161446, "visibility": 0.9999120831489563, "presence": 0.9999804496765137}, "left knee": {"x": 0.8207730650901794, "y": 0.688430666923523, "z": -0.36619648337364197, "visibility": 0.9966992735862732, "presence": 0.9999864101409912}, "right knee": {"x": 0.6181978583335876, "y": 0.6985267996788025, "z": 0.09720413386821747, "visibility": 0.8975928425788879, "presence": 0.9998605251312256}, "left ankle": {"x": 0.8319956660270691, "y": 0.7511416673660278, "z": -0.17839762568473816, "visibility": 0.9876742959022522, "presence": 0.9999562501907349}, "right ankle": {"x": 0.5830159783363342, "y": 0.7079190015792847, "z": 0.5850715041160583, "visibility": 0.7292982935905457, "presence": 0.9996839761734009}, "left heel": {"x": 0.8220507502555847, "y": 0.7581362128257751, "z": -0.16458848118782043, "visibility": 0.938486635684967, "presence": 0.9998492002487183}, "right heel": {"x": 0.5875577926635742, "y": 0.706482470035553, "z": 0.6331421732902527, "visibility": 0.6038846969604492, "presence": 0.9998489618301392}, "left foot index": {"x": 0.8412678837776184, "y": 0.7766477465629578, "z": -0.31171050667762756, "visibility": 0.9896619915962219, "presence": 0.9995759129524231}, "right foot index": {"x": 0.5441319346427917, "y": 0.715365469455719, "z": 0.5652536749839783, "visibility": 0.7651606202125549, "presence": 0.9996333122253418}, "timestamp": "20240418-205405"}