{"nose": {"x": 0.81097811460495, "y": 0.5016200542449951, "z": -0.2155991643667221, "visibility": 0.9994990229606628, "presence": 0.9999948740005493}, "left eye (inner)": {"x": 0.8184621334075928, "y": 0.4958859384059906, "z": -0.19832506775856018, "visibility": 0.9989895820617676, "presence": 0.9999884366989136}, "left eye": {"x": 0.8231948018074036, "y": 0.49622446298599243, "z": -0.1986212581396103, "visibility": 0.9986451864242554, "presence": 0.9999889135360718}, "left eye (outer)": {"x": 0.8266903162002563, "y": 0.49673452973365784, "z": -0.19854183495044708, "visibility": 0.9990342259407043, "presence": 0.9999842643737793}, "right eye (inner)": {"x": 0.8072821497917175, "y": 0.4955142140388489, "z": -0.19974225759506226, "visibility": 0.9991450905799866, "presence": 0.9999821186065674}, "right eye": {"x": 0.8039267063140869, "y": 0.4952980875968933, "z": -0.20001375675201416, "visibility": 0.99912428855896, "presence": 0.9999829530715942}, "right eye (outer)": {"x": 0.8003687262535095, "y": 0.4951522946357727, "z": -0.20014888048171997, "visibility": 0.9992588758468628, "presence": 0.999975323677063}, "left ear": {"x": 0.8313468098640442, "y": 0.49890294671058655, "z": -0.09385623782873154, "visibility": 0.999060332775116, "presence": 0.9999842643737793}, "right ear": {"x": 0.7967931032180786, "y": 0.49648237228393555, "z": -0.10350771993398666, "visibility": 0.9972521066665649, "presence": 0.9999574422836304}, "mouth (left)": {"x": 0.8172854781150818, "y": 0.5069426894187927, "z": -0.17447733879089355, "visibility": 0.9992923140525818, "presence": 0.9999829530715942}, "mouth (right)": {"x": 0.8034314513206482, "y": 0.5065244436264038, "z": -0.1788334995508194, "visibility": 0.9992305040359497, "presence": 0.9999563694000244}, "left shoulder": {"x": 0.8534590005874634, "y": 0.5241168737411499, "z": -0.033930398523807526, "visibility": 0.9999597668647766, "presence": 0.9999887943267822}, "right shoulder": {"x": 0.7677484154701233, "y": 0.520842432975769, "z": -0.05759242922067642, "visibility": 0.9998893737792969, "presence": 0.9998015761375427}, "left elbow": {"x": 0.8676571249961853, "y": 0.5610350370407104, "z": -0.011230433359742165, "visibility": 0.8715524077415466, "presence": 0.9998959302902222}, "right elbow": {"x": 0.7127836346626282, "y": 0.5281643867492676, "z": -0.22049832344055176, "visibility": 0.8060816526412964, "presence": 0.9986069798469543}, "left wrist": {"x": 0.875586211681366, "y": 0.5965752005577087, "z": -0.07341562956571579, "visibility": 0.8598229289054871, "presence": 0.9999622106552124}, "right wrist": {"x": 0.6799961924552917, "y": 0.5215909481048584, "z": -0.46780744194984436, "visibility": 0.7289316654205322, "presence": 0.9998093247413635}, "left pinky": {"x": 0.8847610354423523, "y": 0.606353223323822, "z": -0.09256204962730408, "visibility": 0.8301241993904114, "presence": 0.9998681545257568}, "right pinky": {"x": 0.6673444509506226, "y": 0.5149372816085815, "z": -0.5250190496444702, "visibility": 0.6932834982872009, "presence": 0.999578058719635}, "left index": {"x": 0.8850443363189697, "y": 0.6074307560920715, "z": -0.12216999381780624, "visibility": 0.8227607011795044, "presence": 0.9998701810836792}, "right index": {"x": 0.6701075434684753, "y": 0.5124437212944031, "z": -0.5321506261825562, "visibility": 0.6864781975746155, "presence": 0.9997305274009705}, "left thumb": {"x": 0.8795680403709412, "y": 0.604850172996521, "z": -0.08582605421543121, "visibility": 0.721670925617218, "presence": 0.9999275207519531}, "right thumb": {"x": 0.6749923825263977, "y": 0.5153933763504028, "z": -0.4800734221935272, "visibility": 0.633436381816864, "presence": 0.9998624324798584}, "left hip": {"x": 0.8477628231048584, "y": 0.6039453744888306, "z": 0.02165048196911812, "visibility": 0.9995349049568176, "presence": 0.9999676942825317}, "right hip": {"x": 0.7959633469581604, "y": 0.6078829169273376, "z": -0.021859966218471527, "visibility": 0.9993194341659546, "presence": 0.9999169111251831}, "left knee": {"x": 0.9097007513046265, "y": 0.6433994174003601, "z": -0.04352269694209099, "visibility": 0.6223162412643433, "presence": 0.9990237951278687}, "right knee": {"x": 0.7472612857818604, "y": 0.6380449533462524, "z": -0.1544238030910492, "visibility": 0.43388819694519043, "presence": 0.9986428618431091}, "left ankle": {"x": 0.9356863498687744, "y": 0.6911778450012207, "z": 0.06440752744674683, "visibility": 0.5396801829338074, "presence": 0.9969640374183655}, "right ankle": {"x": 0.7139888405799866, "y": 0.6916154623031616, "z": -0.01928752474486828, "visibility": 0.3433390259742737, "presence": 0.9949402809143066}, "left heel": {"x": 0.9312898516654968, "y": 0.6988378763198853, "z": 0.0681392028927803, "visibility": 0.3670698404312134, "presence": 0.9915651082992554}, "right heel": {"x": 0.7173853516578674, "y": 0.7006334066390991, "z": -0.009643656201660633, "visibility": 0.18129441142082214, "presence": 0.9942551255226135}, "left foot index": {"x": 0.9593502283096313, "y": 0.7068596482276917, "z": -0.03324166312813759, "visibility": 0.5262628197669983, "presence": 0.9837530851364136}, "right foot index": {"x": 0.6973816156387329, "y": 0.7097310423851013, "z": -0.10657940804958344, "visibility": 0.30725520849227905, "presence": 0.9827941656112671}, "timestamp": "20240418-205352"}