{"nose": {"x": 0.599104106426239, "y": 0.49701371788978577, "z": -0.28853970766067505, "visibility": 0.999993085861206, "presence": 0.9999997615814209}, "left eye (inner)": {"x": 0.6062921285629272, "y": 0.4888499677181244, "z": -0.2851331830024719, "visibility": 0.9999893307685852, "presence": 0.9999996423721313}, "left eye": {"x": 0.6109269857406616, "y": 0.48835888504981995, "z": -0.2855055630207062, "visibility": 0.9999867081642151, "presence": 0.9999996423721313}, "left eye (outer)": {"x": 0.6160709857940674, "y": 0.48806437849998474, "z": -0.2853979468345642, "visibility": 0.9999908208847046, "presence": 0.9999996423721313}, "right eye (inner)": {"x": 0.6015930771827698, "y": 0.4890210032463074, "z": -0.2588517963886261, "visibility": 0.9999862909317017, "presence": 0.9999991655349731}, "right eye": {"x": 0.6011183857917786, "y": 0.4889480471611023, "z": -0.2592000663280487, "visibility": 0.9999844431877136, "presence": 0.9999992847442627}, "right eye (outer)": {"x": 0.6004346609115601, "y": 0.4887753129005432, "z": -0.25931257009506226, "visibility": 0.9999859929084778, "presence": 0.9999990463256836}, "left ear": {"x": 0.6395617723464966, "y": 0.4893743395805359, "z": -0.2214779257774353, "visibility": 0.9999911785125732, "presence": 0.9999997615814209}, "right ear": {"x": 0.6137188673019409, "y": 0.4896133542060852, "z": -0.09810510277748108, "visibility": 0.9999313950538635, "presence": 0.9999984502792358}, "mouth (left)": {"x": 0.6108164191246033, "y": 0.5027939081192017, "z": -0.26012587547302246, "visibility": 0.9999873042106628, "presence": 0.9999997615814209}, "mouth (right)": {"x": 0.6027740836143494, "y": 0.5029693245887756, "z": -0.22686345875263214, "visibility": 0.9999762177467346, "presence": 0.999998927116394}, "left shoulder": {"x": 0.6957143545150757, "y": 0.5198689699172974, "z": -0.21485209465026855, "visibility": 0.9999950528144836, "presence": 0.9999994039535522}, "right shoulder": {"x": 0.5977769494056702, "y": 0.5258104801177979, "z": 0.034484799951314926, "visibility": 0.9999484419822693, "presence": 0.9999886751174927}, "left elbow": {"x": 0.7265101075172424, "y": 0.5650969743728638, "z": -0.3950049877166748, "visibility": 0.9789445996284485, "presence": 0.9999256134033203}, "right elbow": {"x": 0.5476307272911072, "y": 0.5577062964439392, "z": -0.0919744148850441, "visibility": 0.9232386946678162, "presence": 0.9998093247413635}, "left wrist": {"x": 0.6637933254241943, "y": 0.563040554523468, "z": -0.6952090859413147, "visibility": 0.9716188311576843, "presence": 0.9999990463256836}, "right wrist": {"x": 0.5068508386611938, "y": 0.5560856461524963, "z": -0.45675989985466003, "visibility": 0.9403783082962036, "presence": 0.9999686479568481}, "left pinky": {"x": 0.6488511562347412, "y": 0.562166690826416, "z": -0.7541035413742065, "visibility": 0.9636670351028442, "presence": 0.9999988079071045}, "right pinky": {"x": 0.48898422718048096, "y": 0.5506095886230469, "z": -0.5142641663551331, "visibility": 0.922459065914154, "presence": 0.9999644756317139}, "left index": {"x": 0.6424393057823181, "y": 0.5561124086380005, "z": -0.7749679684638977, "visibility": 0.9632601141929626, "presence": 0.9999991655349731}, "right index": {"x": 0.49320414662361145, "y": 0.5465546250343323, "z": -0.5361829400062561, "visibility": 0.9225972890853882, "presence": 0.9999727010726929}, "left thumb": {"x": 0.6459389328956604, "y": 0.5582407712936401, "z": -0.7141827344894409, "visibility": 0.9405990839004517, "presence": 0.9999994039535522}, "right thumb": {"x": 0.502267599105835, "y": 0.549160361289978, "z": -0.4746832549571991, "visibility": 0.9027916789054871, "presence": 0.9999829530715942}, "left hip": {"x": 0.7177615761756897, "y": 0.6092020869255066, "z": -0.08418864011764526, "visibility": 0.9999465346336365, "presence": 0.9999924898147583}, "right hip": {"x": 0.6524887084960938, "y": 0.6096144914627075, "z": 0.08383110165596008, "visibility": 0.9998936653137207, "presence": 0.9999877214431763}, "left knee": {"x": 0.7349438071250916, "y": 0.6803407669067383, "z": -0.34263136982917786, "visibility": 0.9937527179718018, "presence": 0.9999700784683228}, "right knee": {"x": 0.5780615210533142, "y": 0.6569536924362183, "z": 0.3095859885215759, "visibility": 0.8886167407035828, "presence": 0.9997672438621521}, "left ankle": {"x": 0.8051688075065613, "y": 0.7500956058502197, "z": -0.30580705404281616, "visibility": 0.9863086342811584, "presence": 0.9999113082885742}, "right ankle": {"x": 0.5514059066772461, "y": 0.7056001424789429, "z": 0.6822121143341064, "visibility": 0.8614289164543152, "presence": 0.9997734427452087}, "left heel": {"x": 0.8116319179534912, "y": 0.756041407585144, "z": -0.3082965314388275, "visibility": 0.9400495290756226, "presence": 0.9996852874755859}, "right heel": {"x": 0.5605191588401794, "y": 0.714823842048645, "z": 0.7133064866065979, "visibility": 0.7993659377098083, "presence": 0.9998806715011597}, "left foot index": {"x": 0.8102567195892334, "y": 0.7772490382194519, "z": -0.4871940612792969, "visibility": 0.9886291027069092, "presence": 0.999568521976471}, "right foot index": {"x": 0.5052307844161987, "y": 0.7201655507087708, "z": 0.6192683577537537, "visibility": 0.8823660016059875, "presence": 0.9996509552001953}, "timestamp": "20240418-205400"}