{"nose": {"x": 0.758392333984375, "y": 0.49805861711502075, "z": -0.33521711826324463, "visibility": 0.9999130368232727, "presence": 0.9999986886978149}, "left eye (inner)": {"x": 0.7664843797683716, "y": 0.4926269054412842, "z": -0.3260728418827057, "visibility": 0.9998031258583069, "presence": 0.999996542930603}, "left eye": {"x": 0.7715166807174683, "y": 0.4927353262901306, "z": -0.32636258006095886, "visibility": 0.9997169375419617, "presence": 0.9999969005584717}, "left eye (outer)": {"x": 0.77607661485672, "y": 0.49295371770858765, "z": -0.3262936770915985, "visibility": 0.9997963309288025, "presence": 0.9999955892562866}, "right eye (inner)": {"x": 0.7556111812591553, "y": 0.49247127771377563, "z": -0.3195568919181824, "visibility": 0.9998223781585693, "presence": 0.9999934434890747}, "right eye": {"x": 0.7533673644065857, "y": 0.49238771200180054, "z": -0.3198101818561554, "visibility": 0.9998075366020203, "presence": 0.999992847442627}, "right eye (outer)": {"x": 0.751034140586853, "y": 0.4923308789730072, "z": -0.3199285566806793, "visibility": 0.9998286366462708, "presence": 0.9999890327453613}, "left ear": {"x": 0.7859206199645996, "y": 0.49481940269470215, "z": -0.2334323674440384, "visibility": 0.9997724294662476, "presence": 0.999995231628418}, "right ear": {"x": 0.7528195977210999, "y": 0.49383100867271423, "z": -0.20380741357803345, "visibility": 0.9993062615394592, "presence": 0.9999791383743286}, "mouth (left)": {"x": 0.7675507664680481, "y": 0.5034521222114563, "z": -0.2967034876346588, "visibility": 0.9998050928115845, "presence": 0.9999971389770508}, "mouth (right)": {"x": 0.7550004124641418, "y": 0.5027528405189514, "z": -0.2896095812320709, "visibility": 0.9997838139533997, "presence": 0.9999892711639404}, "left shoulder": {"x": 0.8151608109474182, "y": 0.5176607966423035, "z": -0.16539835929870605, "visibility": 0.9999564290046692, "presence": 0.9999974966049194}, "right shoulder": {"x": 0.7262125015258789, "y": 0.5206889510154724, "z": -0.10778439044952393, "visibility": 0.9998777508735657, "presence": 0.9999419450759888}, "left elbow": {"x": 0.8269473314285278, "y": 0.5531997084617615, "z": -0.2162242829799652, "visibility": 0.8087199926376343, "presence": 0.9999408721923828}, "right elbow": {"x": 0.672839879989624, "y": 0.5420385599136353, "z": -0.21032126247882843, "visibility": 0.8245518803596497, "presence": 0.9992116689682007}, "left wrist": {"x": 0.8090647459030151, "y": 0.5739392042160034, "z": -0.37708190083503723, "visibility": 0.8629765510559082, "presence": 0.999993085861206}, "right wrist": {"x": 0.6636316776275635, "y": 0.5408780574798584, "z": -0.45333659648895264, "visibility": 0.8149524331092834, "presence": 0.9999263286590576}, "left pinky": {"x": 0.8119289875030518, "y": 0.5840585827827454, "z": -0.4254245460033417, "visibility": 0.853588879108429, "presence": 0.9999802112579346}, "right pinky": {"x": 0.6563977599143982, "y": 0.5395209789276123, "z": -0.5109747052192688, "visibility": 0.8044183850288391, "presence": 0.9998719692230225}, "left index": {"x": 0.8064253330230713, "y": 0.58222496509552, "z": -0.4433804750442505, "visibility": 0.860024094581604, "presence": 0.9999876022338867}, "right index": {"x": 0.6655957698822021, "y": 0.5357595682144165, "z": -0.5250428318977356, "visibility": 0.8065618276596069, "presence": 0.9999349117279053}, "left thumb": {"x": 0.8032500147819519, "y": 0.5787186026573181, "z": -0.38685086369514465, "visibility": 0.7861185073852539, "presence": 0.9999926090240479}, "right thumb": {"x": 0.6710735559463501, "y": 0.5366085767745972, "z": -0.46678274869918823, "visibility": 0.7770370841026306, "presence": 0.9999616146087646}, "left hip": {"x": 0.8066734075546265, "y": 0.5910531282424927, "z": -0.006638095248490572, "visibility": 0.9995368719100952, "presence": 0.9999735355377197}, "right hip": {"x": 0.7540174126625061, "y": 0.5916620492935181, "z": 0.006456251256167889, "visibility": 0.9993112683296204, "presence": 0.9999431371688843}, "left knee": {"x": 0.851865291595459, "y": 0.6393003463745117, "z": -0.0279887393116951, "visibility": 0.5819820165634155, "presence": 0.9996745586395264}, "right knee": {"x": 0.7070119380950928, "y": 0.6214737892150879, "z": -0.10658413916826248, "visibility": 0.4808111786842346, "presence": 0.9992677569389343}, "left ankle": {"x": 0.8981975317001343, "y": 0.6884701251983643, "z": 0.03486046940088272, "visibility": 0.6039854884147644, "presence": 0.9989778995513916}, "right ankle": {"x": 0.6954396367073059, "y": 0.6692572832107544, "z": 0.09202978014945984, "visibility": 0.3381696939468384, "presence": 0.9992589354515076}, "left heel": {"x": 0.895020604133606, "y": 0.6954924464225769, "z": 0.0340166874229908, "visibility": 0.36515507102012634, "presence": 0.9968382120132446}, "right heel": {"x": 0.7006290555000305, "y": 0.676098108291626, "z": 0.10886591672897339, "visibility": 0.1662376970052719, "presence": 0.9993323683738708}, "left foot index": {"x": 0.9209285378456116, "y": 0.7036634683609009, "z": -0.0806654766201973, "visibility": 0.5843235850334167, "presence": 0.9940851926803589}, "right foot index": {"x": 0.6807525157928467, "y": 0.6862490773200989, "z": 0.03809943050146103, "visibility": 0.326609343290329, "presence": 0.9980645775794983}, "timestamp": "20240418-205346"}