{"nose": {"x": 0.6584044694900513, "y": 0.5323774218559265, "z": -0.6247261762619019, "visibility": 0.999966561794281, "presence": 0.9999949932098389}, "left eye (inner)": {"x": 0.6628648638725281, "y": 0.5264090299606323, "z": -0.6204103231430054, "visibility": 0.9999514818191528, "presence": 0.9999918937683105}, "left eye": {"x": 0.6667242646217346, "y": 0.5260557532310486, "z": -0.6207152605056763, "visibility": 0.9999271035194397, "presence": 0.9999923706054688}, "left eye (outer)": {"x": 0.6712586879730225, "y": 0.5257738828659058, "z": -0.6206541061401367, "visibility": 0.999947726726532, "presence": 0.9999867677688599}, "right eye (inner)": {"x": 0.655376136302948, "y": 0.5270555019378662, "z": -0.6132849454879761, "visibility": 0.9999525547027588, "presence": 0.9999877214431763}, "right eye": {"x": 0.6535004377365112, "y": 0.5270391702651978, "z": -0.6136124134063721, "visibility": 0.9999420046806335, "presence": 0.9999878406524658}, "right eye (outer)": {"x": 0.6514244675636292, "y": 0.5270156264305115, "z": -0.6137910485267639, "visibility": 0.9999514222145081, "presence": 0.9999806880950928}, "left ear": {"x": 0.6827054619789124, "y": 0.5257399678230286, "z": -0.5216248035430908, "visibility": 0.9999327063560486, "presence": 0.999980092048645}, "right ear": {"x": 0.6555459499359131, "y": 0.5277675986289978, "z": -0.48936304450035095, "visibility": 0.9997515678405762, "presence": 0.999966025352478}, "mouth (left)": {"x": 0.6671156883239746, "y": 0.5365360975265503, "z": -0.5807462930679321, "visibility": 0.9999323487281799, "presence": 0.9999861717224121}, "mouth (right)": {"x": 0.6576560735702515, "y": 0.5363825559616089, "z": -0.5730958580970764, "visibility": 0.999910295009613, "presence": 0.999970555305481}, "left shoulder": {"x": 0.7236639261245728, "y": 0.5377824306488037, "z": -0.4163077473640442, "visibility": 0.9999762177467346, "presence": 0.9999663829803467}, "right shoulder": {"x": 0.6480339765548706, "y": 0.5510150194168091, "z": -0.34491902589797974, "visibility": 0.999915361404419, "presence": 0.9999381303787231}, "left elbow": {"x": 0.7439476251602173, "y": 0.5771031379699707, "z": -0.5469014644622803, "visibility": 0.9279871582984924, "presence": 0.9980409741401672}, "right elbow": {"x": 0.6222449541091919, "y": 0.5843896865844727, "z": -0.41849976778030396, "visibility": 0.6896153092384338, "presence": 0.9981978535652161}, "left wrist": {"x": 0.6897106170654297, "y": 0.5619530081748962, "z": -0.7680860757827759, "visibility": 0.9319939613342285, "presence": 0.9999558925628662}, "right wrist": {"x": 0.6237541437149048, "y": 0.5991474390029907, "z": -0.6126949191093445, "visibility": 0.720683217048645, "presence": 0.9926602840423584}, "left pinky": {"x": 0.675165593624115, "y": 0.5581834316253662, "z": -0.8308512568473816, "visibility": 0.918461263179779, "presence": 0.9999405145645142}, "right pinky": {"x": 0.6225119829177856, "y": 0.6026269793510437, "z": -0.6634624004364014, "visibility": 0.7073641419410706, "presence": 0.9852855801582336}, "left index": {"x": 0.6758588552474976, "y": 0.5537723898887634, "z": -0.8347921371459961, "visibility": 0.9131631851196289, "presence": 0.9999567270278931}, "right index": {"x": 0.626890242099762, "y": 0.6007118225097656, "z": -0.6766846776008606, "visibility": 0.7107526063919067, "presence": 0.9883164763450623}, "left thumb": {"x": 0.6788339018821716, "y": 0.5554925203323364, "z": -0.7738161683082581, "visibility": 0.8164398670196533, "presence": 0.9999704360961914}, "right thumb": {"x": 0.6299653649330139, "y": 0.599157452583313, "z": -0.624011754989624, "visibility": 0.6627848744392395, "presence": 0.993247389793396}, "left hip": {"x": 0.751253068447113, "y": 0.5926995873451233, "z": -0.021881137043237686, "visibility": 0.9991502165794373, "presence": 0.9999326467514038}, "right hip": {"x": 0.7029293775558472, "y": 0.5993179082870483, "z": 0.021620292216539383, "visibility": 0.9986329674720764, "presence": 0.9999372959136963}, "left knee": {"x": 0.7976317405700684, "y": 0.6367732882499695, "z": -0.12186963856220245, "visibility": 0.5287085771560669, "presence": 0.9993805885314941}, "right knee": {"x": 0.6731482148170471, "y": 0.6407084465026855, "z": -0.053987305611371994, "visibility": 0.16691230237483978, "presence": 0.9987136125564575}, "left ankle": {"x": 0.8519313335418701, "y": 0.6838833093643188, "z": -0.02114943228662014, "visibility": 0.5672683119773865, "presence": 0.9985445737838745}, "right ankle": {"x": 0.6875942945480347, "y": 0.6904169321060181, "z": 0.15212781727313995, "visibility": 0.0978027805685997, "presence": 0.9980459213256836}, "left heel": {"x": 0.8530771732330322, "y": 0.6907125115394592, "z": -0.020146172493696213, "visibility": 0.274564266204834, "presence": 0.9951717257499695}, "right heel": {"x": 0.6966768503189087, "y": 0.6975935697555542, "z": 0.1660870611667633, "visibility": 0.07700075209140778, "presence": 0.9981789588928223}, "left foot index": {"x": 0.8697226047515869, "y": 0.7007616758346558, "z": -0.18190760910511017, "visibility": 0.5746405720710754, "presence": 0.9922149777412415}, "right foot index": {"x": 0.6769363284111023, "y": 0.7072627544403076, "z": 0.04569051414728165, "visibility": 0.10996130853891373, "presence": 0.9956362843513489}, "timestamp": "20240418-205338"}