{"nose": {"x": 0.6752577424049377, "y": 0.5006731152534485, "z": -0.3650135397911072, "visibility": 0.9999318718910217, "presence": 0.9999998807907104}, "left eye (inner)": {"x": 0.6835617423057556, "y": 0.49361878633499146, "z": -0.355577290058136, "visibility": 0.9998457431793213, "presence": 0.9999995231628418}, "left eye": {"x": 0.6886315941810608, "y": 0.49325117468833923, "z": -0.3559059500694275, "visibility": 0.9997573494911194, "presence": 0.9999996423721313}, "left eye (outer)": {"x": 0.6928783059120178, "y": 0.49322938919067383, "z": -0.3558058738708496, "visibility": 0.9998071789741516, "presence": 0.9999994039535522}, "right eye (inner)": {"x": 0.6744561791419983, "y": 0.494758278131485, "z": -0.34154975414276123, "visibility": 0.999871015548706, "presence": 0.9999992847442627}, "right eye": {"x": 0.6723940968513489, "y": 0.4948808252811432, "z": -0.34182655811309814, "visibility": 0.9998693466186523, "presence": 0.9999992847442627}, "right eye (outer)": {"x": 0.6703729629516602, "y": 0.4948996603488922, "z": -0.3419029116630554, "visibility": 0.9998906850814819, "presence": 0.999998927116394}, "left ear": {"x": 0.7031245827674866, "y": 0.49574798345565796, "z": -0.261855810880661, "visibility": 0.9997965097427368, "presence": 0.9999995231628418}, "right ear": {"x": 0.6719696521759033, "y": 0.49638786911964417, "z": -0.18516606092453003, "visibility": 0.9995659589767456, "presence": 0.9999983310699463}, "mouth (left)": {"x": 0.6834883689880371, "y": 0.5054298639297485, "z": -0.32593417167663574, "visibility": 0.9997966885566711, "presence": 0.9999995231628418}, "mouth (right)": {"x": 0.673931360244751, "y": 0.5053087472915649, "z": -0.30760860443115234, "visibility": 0.9998337030410767, "presence": 0.9999985694885254}, "left shoulder": {"x": 0.738771378993988, "y": 0.5198472738265991, "z": -0.21538086235523224, "visibility": 0.9999746084213257, "presence": 0.9999982118606567}, "right shoulder": {"x": 0.6583098769187927, "y": 0.5232725739479065, "z": -0.09851408004760742, "visibility": 0.9998958706855774, "presence": 0.9999856948852539}, "left elbow": {"x": 0.7652068138122559, "y": 0.5521168112754822, "z": -0.3492690622806549, "visibility": 0.9116237759590149, "presence": 0.9998375177383423}, "right elbow": {"x": 0.6093000769615173, "y": 0.5405348539352417, "z": -0.24956537783145905, "visibility": 0.8671745657920837, "presence": 0.9998058676719666}, "left wrist": {"x": 0.743261456489563, "y": 0.559893012046814, "z": -0.5771077275276184, "visibility": 0.9127042889595032, "presence": 0.9999935626983643}, "right wrist": {"x": 0.5842837691307068, "y": 0.5426843762397766, "z": -0.542758047580719, "visibility": 0.8466899394989014, "presence": 0.9999798536300659}, "left pinky": {"x": 0.7425684332847595, "y": 0.5640631318092346, "z": -0.6425902247428894, "visibility": 0.90143221616745, "presence": 0.9999924898147583}, "right pinky": {"x": 0.5706159472465515, "y": 0.5369511246681213, "z": -0.6121693849563599, "visibility": 0.8306415677070618, "presence": 0.999975323677063}, "left index": {"x": 0.7360454201698303, "y": 0.559668779373169, "z": -0.6538442969322205, "visibility": 0.902337372303009, "presence": 0.9999947547912598}, "right index": {"x": 0.5747708678245544, "y": 0.5353364944458008, "z": -0.6272292137145996, "visibility": 0.8336904644966125, "presence": 0.9999843835830688}, "left thumb": {"x": 0.7349950075149536, "y": 0.5586516261100769, "z": -0.5867981314659119, "visibility": 0.8508539199829102, "presence": 0.9999959468841553}, "right thumb": {"x": 0.5803776979446411, "y": 0.5381237268447876, "z": -0.5595738291740417, "visibility": 0.8077487349510193, "presence": 0.999990701675415}, "left hip": {"x": 0.742453932762146, "y": 0.5929376482963562, "z": -0.03493725508451462, "visibility": 0.9996322989463806, "presence": 0.9999899864196777}, "right hip": {"x": 0.6939899325370789, "y": 0.5942908525466919, "z": 0.03469257056713104, "visibility": 0.9993732571601868, "presence": 0.9999815225601196}, "left knee": {"x": 0.7855628728866577, "y": 0.6425670385360718, "z": -0.13138435781002045, "visibility": 0.7194929718971252, "presence": 0.9998842477798462}, "right knee": {"x": 0.6801725029945374, "y": 0.6304222345352173, "z": 0.25015050172805786, "visibility": 0.32332733273506165, "presence": 0.9993652701377869}, "left ankle": {"x": 0.8453947901725769, "y": 0.6876596808433533, "z": -0.05733869969844818, "visibility": 0.7740939855575562, "presence": 0.9998291730880737}, "right ankle": {"x": 0.6859993934631348, "y": 0.6638680100440979, "z": 0.6035919785499573, "visibility": 0.24776682257652283, "presence": 0.9997406601905823}, "left heel": {"x": 0.8453160524368286, "y": 0.6935790777206421, "z": -0.058105163276195526, "visibility": 0.5479124784469604, "presence": 0.9995792508125305}, "right heel": {"x": 0.6935427188873291, "y": 0.6678470373153687, "z": 0.6334164142608643, "visibility": 0.16562169790267944, "presence": 0.9998636245727539}, "left foot index": {"x": 0.8643379807472229, "y": 0.7019122838973999, "z": -0.19284583628177643, "visibility": 0.7899618744850159, "presence": 0.9996170997619629}, "right foot index": {"x": 0.6758605241775513, "y": 0.6830944418907166, "z": 0.5583020448684692, "visibility": 0.270645409822464, "presence": 0.9997699856758118}, "timestamp": "20240418-205335"}