{"nose": {"x": 0.529218316078186, "y": 0.4764322340488434, "z": -0.32571688294410706, "visibility": 0.999988853931427, "presence": 1.0}, "left eye (inner)": {"x": 0.534589409828186, "y": 0.4692719578742981, "z": -0.3302525281906128, "visibility": 0.9999865889549255, "presence": 0.9999998807907104}, "left eye": {"x": 0.5383488535881042, "y": 0.4691762328147888, "z": -0.33067700266838074, "visibility": 0.9999822378158569, "presence": 1.0}, "left eye (outer)": {"x": 0.5417659878730774, "y": 0.4688202738761902, "z": -0.3305850327014923, "visibility": 0.9999876022338867, "presence": 0.9999998807907104}, "right eye (inner)": {"x": 0.5290318727493286, "y": 0.4694600999355316, "z": -0.2945568859577179, "visibility": 0.9999825358390808, "presence": 0.9999998807907104}, "right eye": {"x": 0.5288292169570923, "y": 0.46927395462989807, "z": -0.29491639137268066, "visibility": 0.9999806880950928, "presence": 0.9999998807907104}, "right eye (outer)": {"x": 0.5284348726272583, "y": 0.46901875734329224, "z": -0.29502347111701965, "visibility": 0.999982476234436, "presence": 0.9999998807907104}, "left ear": {"x": 0.5658355951309204, "y": 0.4683293402194977, "z": -0.28181958198547363, "visibility": 0.9999901652336121, "presence": 0.9999998807907104}, "right ear": {"x": 0.5427911877632141, "y": 0.47006720304489136, "z": -0.11362744122743607, "visibility": 0.999911367893219, "presence": 0.9999997615814209}, "mouth (left)": {"x": 0.5375453233718872, "y": 0.48247700929641724, "z": -0.302974671125412, "visibility": 0.9999852180480957, "presence": 0.9999998807907104}, "mouth (right)": {"x": 0.5322462916374207, "y": 0.48228248953819275, "z": -0.25758233666419983, "visibility": 0.9999706149101257, "presence": 0.9999997615814209}, "left shoulder": {"x": 0.6225433349609375, "y": 0.4965705871582031, "z": -0.27499905228614807, "visibility": 0.9999926686286926, "presence": 0.9999997615814209}, "right shoulder": {"x": 0.5292354822158813, "y": 0.5039439797401428, "z": 0.04420014098286629, "visibility": 0.9999615550041199, "presence": 0.9999970197677612}, "left elbow": {"x": 0.645484983921051, "y": 0.5466313362121582, "z": -0.4468139708042145, "visibility": 0.9560716152191162, "presence": 0.9999427795410156}, "right elbow": {"x": 0.4852714240550995, "y": 0.5442899465560913, "z": -0.09550362825393677, "visibility": 0.894600510597229, "presence": 0.9999001026153564}, "left wrist": {"x": 0.5830166339874268, "y": 0.538804829120636, "z": -0.6851664185523987, "visibility": 0.9490222930908203, "presence": 0.9999995231628418}, "right wrist": {"x": 0.45071128010749817, "y": 0.5352057218551636, "z": -0.4585096538066864, "visibility": 0.9484081864356995, "presence": 0.9999898672103882}, "left pinky": {"x": 0.562032163143158, "y": 0.5377156734466553, "z": -0.7624836564064026, "visibility": 0.9438416957855225, "presence": 0.9999995231628418}, "right pinky": {"x": 0.4390087127685547, "y": 0.5297061800956726, "z": -0.5278412699699402, "visibility": 0.943636417388916, "presence": 0.9999902248382568}, "left index": {"x": 0.5615261197090149, "y": 0.5276035666465759, "z": -0.7624166011810303, "visibility": 0.9424179196357727, "presence": 0.9999996423721313}, "right index": {"x": 0.4407350718975067, "y": 0.5239856839179993, "z": -0.5462946891784668, "visibility": 0.9435486197471619, "presence": 0.9999918937683105}, "left thumb": {"x": 0.5661853551864624, "y": 0.5285237431526184, "z": -0.6886730790138245, "visibility": 0.9126933217048645, "presence": 0.9999997615814209}, "right thumb": {"x": 0.4478587806224823, "y": 0.526634693145752, "z": -0.4791674315929413, "visibility": 0.9346376657485962, "presence": 0.9999946355819702}, "left hip": {"x": 0.6435381770133972, "y": 0.589429497718811, "z": -0.09902158379554749, "visibility": 0.9999497532844543, "presence": 0.9999953508377075}, "right hip": {"x": 0.582236647605896, "y": 0.5902714729309082, "z": 0.09863153845071793, "visibility": 0.9999091625213623, "presence": 0.9999932050704956}, "left knee": {"x": 0.6682574152946472, "y": 0.6609436869621277, "z": -0.29136574268341064, "visibility": 0.9951995015144348, "presence": 0.999984622001648}, "right knee": {"x": 0.5100488662719727, "y": 0.6405401229858398, "z": 0.3012392818927765, "visibility": 0.9017263054847717, "presence": 0.9999176263809204}, "left ankle": {"x": 0.739071249961853, "y": 0.7257128953933716, "z": -0.20514288544654846, "visibility": 0.9848631024360657, "presence": 0.9999579191207886}, "right ankle": {"x": 0.47817403078079224, "y": 0.6891591548919678, "z": 0.6816419959068298, "visibility": 0.9050553441047668, "presence": 0.9999213218688965}, "left heel": {"x": 0.7491593360900879, "y": 0.7298939228057861, "z": -0.20522771775722504, "visibility": 0.9404172897338867, "presence": 0.9998490810394287}, "right heel": {"x": 0.4873603880405426, "y": 0.6992791891098022, "z": 0.7130335569381714, "visibility": 0.8569148182868958, "presence": 0.999955415725708}, "left foot index": {"x": 0.7442532777786255, "y": 0.7544915080070496, "z": -0.3905608355998993, "visibility": 0.9883586764335632, "presence": 0.9997654557228088}, "right foot index": {"x": 0.42880547046661377, "y": 0.7024885416030884, "z": 0.6270143985748291, "visibility": 0.9119956493377686, "presence": 0.9998623132705688}, "timestamp": "20240418-205420"}