{"nose": {"x": 0.6032102704048157, "y": 0.5022908449172974, "z": -0.3700995147228241, "visibility": 0.9999924898147583, "presence": 1.0}, "left eye (inner)": {"x": 0.6102684736251831, "y": 0.494650661945343, "z": -0.36894840002059937, "visibility": 0.999988317489624, "presence": 1.0}, "left eye": {"x": 0.6154821515083313, "y": 0.49421030282974243, "z": -0.3693225085735321, "visibility": 0.9999854564666748, "presence": 1.0}, "left eye (outer)": {"x": 0.6206226944923401, "y": 0.49412092566490173, "z": -0.3691939413547516, "visibility": 0.9999899864196777, "presence": 1.0}, "right eye (inner)": {"x": 0.6049883365631104, "y": 0.49477919936180115, "z": -0.34589406847953796, "visibility": 0.9999850392341614, "presence": 1.0}, "right eye": {"x": 0.604319155216217, "y": 0.49470996856689453, "z": -0.3462449908256531, "visibility": 0.9999829530715942, "presence": 1.0}, "right eye (outer)": {"x": 0.6035179495811462, "y": 0.4945797920227051, "z": -0.3463260531425476, "visibility": 0.9999848008155823, "presence": 1.0}, "left ear": {"x": 0.6436289548873901, "y": 0.49514347314834595, "z": -0.30436351895332336, "visibility": 0.9999902844429016, "presence": 1.0}, "right ear": {"x": 0.617000162601471, "y": 0.4952060580253601, "z": -0.19446781277656555, "visibility": 0.9999248385429382, "presence": 0.9999998807907104}, "mouth (left)": {"x": 0.6147971153259277, "y": 0.5080181360244751, "z": -0.33981049060821533, "visibility": 0.9999859929084778, "presence": 1.0}, "mouth (right)": {"x": 0.60695880651474, "y": 0.508198618888855, "z": -0.31043872237205505, "visibility": 0.9999738931655884, "presence": 0.9999998807907104}, "left shoulder": {"x": 0.6983071565628052, "y": 0.5274753570556641, "z": -0.2844157814979553, "visibility": 0.999994695186615, "presence": 0.9999998807907104}, "right shoulder": {"x": 0.6003186702728271, "y": 0.5307965278625488, "z": -0.06499674916267395, "visibility": 0.9999452233314514, "presence": 0.9999985694885254}, "left elbow": {"x": 0.7271692752838135, "y": 0.5722085237503052, "z": -0.4670591652393341, "visibility": 0.9768370389938354, "presence": 0.9999780654907227}, "right elbow": {"x": 0.5464387536048889, "y": 0.5586742162704468, "z": -0.20191548764705658, "visibility": 0.9221729636192322, "presence": 0.9999469518661499}, "left wrist": {"x": 0.6656521558761597, "y": 0.5701614022254944, "z": -0.7428430318832397, "visibility": 0.968559205532074, "presence": 0.9999996423721313}, "right wrist": {"x": 0.5061191320419312, "y": 0.5575457215309143, "z": -0.5227695107460022, "visibility": 0.9343833923339844, "presence": 0.9999845027923584}, "left pinky": {"x": 0.6510955691337585, "y": 0.5697414875030518, "z": -0.821168065071106, "visibility": 0.95975261926651, "presence": 0.9999996423721313}, "right pinky": {"x": 0.48874422907829285, "y": 0.5523941516876221, "z": -0.5922316908836365, "visibility": 0.9145227670669556, "presence": 0.9999841451644897}, "left index": {"x": 0.6468628644943237, "y": 0.5631048679351807, "z": -0.832220733165741, "visibility": 0.959287166595459, "presence": 0.9999996423721313}, "right index": {"x": 0.49136611819267273, "y": 0.5483823418617249, "z": -0.6100782752037048, "visibility": 0.9146369695663452, "presence": 0.9999862909317017}, "left thumb": {"x": 0.650533139705658, "y": 0.5646423697471619, "z": -0.7527726292610168, "visibility": 0.9342953562736511, "presence": 0.9999997615814209}, "right thumb": {"x": 0.4992969036102295, "y": 0.5508562326431274, "z": -0.5420482754707336, "visibility": 0.893079400062561, "presence": 0.9999912977218628}, "left hip": {"x": 0.7209924459457397, "y": 0.613372266292572, "z": -0.08369138836860657, "visibility": 0.9999458193778992, "presence": 0.9999979734420776}, "right hip": {"x": 0.6556162238121033, "y": 0.6131920218467712, "z": 0.0833677351474762, "visibility": 0.9998916387557983, "presence": 0.9999970197677612}, "left knee": {"x": 0.7335585951805115, "y": 0.6822879910469055, "z": -0.3869040608406067, "visibility": 0.9933488368988037, "presence": 0.9999935626983643}, "right knee": {"x": 0.5778713822364807, "y": 0.6592775583267212, "z": 0.34301936626434326, "visibility": 0.8808091878890991, "presence": 0.9999537467956543}, "left ankle": {"x": 0.8057163953781128, "y": 0.7505338788032532, "z": -0.3587169945240021, "visibility": 0.9855816960334778, "presence": 0.9999830722808838}, "right ankle": {"x": 0.552057683467865, "y": 0.7055999636650085, "z": 0.7457351088523865, "visibility": 0.8489913940429688, "presence": 0.9999434947967529}, "left heel": {"x": 0.8119953870773315, "y": 0.7561379671096802, "z": -0.36340761184692383, "visibility": 0.9354967474937439, "presence": 0.9999449253082275}, "right heel": {"x": 0.5606486201286316, "y": 0.7148202657699585, "z": 0.7795823216438293, "visibility": 0.7844284772872925, "presence": 0.9999723434448242}, "left foot index": {"x": 0.8107179403305054, "y": 0.7774826288223267, "z": -0.5416480302810669, "visibility": 0.9876151084899902, "presence": 0.999947190284729}, "right foot index": {"x": 0.506155252456665, "y": 0.7189050912857056, "z": 0.6859463453292847, "visibility": 0.8721557259559631, "presence": 0.9999336004257202}, "timestamp": "20240418-205400"}