{"nose": {"x": 0.621678352355957, "y": 0.555273711681366, "z": -0.6014466881752014, "visibility": 0.9999974966049194, "presence": 1.0}, "left eye (inner)": {"x": 0.6281328797340393, "y": 0.5471406579017639, "z": -0.6048081517219543, "visibility": 0.9999978542327881, "presence": 1.0}, "left eye": {"x": 0.6329437494277954, "y": 0.5468732714653015, "z": -0.6051474809646606, "visibility": 0.9999972581863403, "presence": 1.0}, "left eye (outer)": {"x": 0.6378535628318787, "y": 0.5466777086257935, "z": -0.6050670742988586, "visibility": 0.9999977350234985, "presence": 1.0}, "right eye (inner)": {"x": 0.6200295090675354, "y": 0.5474794507026672, "z": -0.5914128422737122, "visibility": 0.9999977946281433, "presence": 1.0}, "right eye": {"x": 0.6178921461105347, "y": 0.5475346446037292, "z": -0.5916972756385803, "visibility": 0.999997615814209, "presence": 1.0}, "right eye (outer)": {"x": 0.6155965328216553, "y": 0.5475139021873474, "z": -0.591774046421051, "visibility": 0.999997615814209, "presence": 1.0}, "left ear": {"x": 0.6568847298622131, "y": 0.547139585018158, "z": -0.5334630608558655, "visibility": 0.9999979138374329, "presence": 1.0}, "right ear": {"x": 0.6226892471313477, "y": 0.5494992733001709, "z": -0.4729838967323303, "visibility": 0.9999900460243225, "presence": 1.0}, "mouth (left)": {"x": 0.631693422794342, "y": 0.5611642599105835, "z": -0.5666017532348633, "visibility": 0.9999968409538269, "presence": 1.0}, "mouth (right)": {"x": 0.6203405261039734, "y": 0.5608834624290466, "z": -0.550046443939209, "visibility": 0.9999945163726807, "presence": 1.0}, "left shoulder": {"x": 0.7093040347099304, "y": 0.5656629800796509, "z": -0.4552033245563507, "visibility": 0.9999964237213135, "presence": 1.0}, "right shoulder": {"x": 0.609900951385498, "y": 0.5816724300384521, "z": -0.33109527826309204, "visibility": 0.9999884366989136, "presence": 1.0}, "left elbow": {"x": 0.7281449437141418, "y": 0.6181677579879761, "z": -0.5942842364311218, "visibility": 0.9754065275192261, "presence": 0.9999953508377075}, "right elbow": {"x": 0.5884538292884827, "y": 0.6232669353485107, "z": -0.30799993872642517, "visibility": 0.8625344634056091, "presence": 0.9999980926513672}, "left wrist": {"x": 0.6605774164199829, "y": 0.5937414765357971, "z": -0.8139287233352661, "visibility": 0.9730769395828247, "presence": 1.0}, "right wrist": {"x": 0.5997875928878784, "y": 0.664284348487854, "z": -0.3930010199546814, "visibility": 0.8945581912994385, "presence": 0.9999979734420776}, "left pinky": {"x": 0.642909824848175, "y": 0.5904932618141174, "z": -0.8705419898033142, "visibility": 0.9682223796844482, "presence": 1.0}, "right pinky": {"x": 0.6098650097846985, "y": 0.675105094909668, "z": -0.4183163046836853, "visibility": 0.8794030547142029, "presence": 0.9999951124191284}, "left index": {"x": 0.6444284915924072, "y": 0.5821629762649536, "z": -0.8906348943710327, "visibility": 0.9662508368492126, "presence": 1.0}, "right index": {"x": 0.6198945641517639, "y": 0.6724974513053894, "z": -0.43368539214134216, "visibility": 0.8793737292289734, "presence": 0.9999948740005493}, "left thumb": {"x": 0.6488294005393982, "y": 0.5836528539657593, "z": -0.8266782164573669, "visibility": 0.9367501735687256, "presence": 1.0}, "right thumb": {"x": 0.6186114549636841, "y": 0.668350100517273, "z": -0.40050485730171204, "visibility": 0.8591905832290649, "presence": 0.9999974966049194}, "left hip": {"x": 0.7332952618598938, "y": 0.6352373957633972, "z": -0.05618317425251007, "visibility": 0.9999444484710693, "presence": 0.9999997615814209}, "right hip": {"x": 0.6708465814590454, "y": 0.6376160383224487, "z": 0.05591787397861481, "visibility": 0.9999200105667114, "presence": 0.9999997615814209}, "left knee": {"x": 0.7404206395149231, "y": 0.6802895069122314, "z": -0.4407176673412323, "visibility": 0.9932038187980652, "presence": 0.9999992847442627}, "right knee": {"x": 0.5781320929527283, "y": 0.663568377494812, "z": 0.2555563747882843, "visibility": 0.838294267654419, "presence": 0.999996542930603}, "left ankle": {"x": 0.8101993203163147, "y": 0.7454289197921753, "z": -0.31015223264694214, "visibility": 0.9825456738471985, "presence": 0.9999970197677612}, "right ankle": {"x": 0.5476602911949158, "y": 0.701206386089325, "z": 0.6120421290397644, "visibility": 0.8496237397193909, "presence": 0.9999737739562988}, "left heel": {"x": 0.819287121295929, "y": 0.7509754300117493, "z": -0.2879776954650879, "visibility": 0.921116292476654, "presence": 0.9999886751174927}, "right heel": {"x": 0.5573750138282776, "y": 0.7112060785293579, "z": 0.6438814401626587, "visibility": 0.7647284269332886, "presence": 0.9999843835830688}, "left foot index": {"x": 0.8156517744064331, "y": 0.773269534111023, "z": -0.41004040837287903, "visibility": 0.9852715730667114, "presence": 0.9999728202819824}, "right foot index": {"x": 0.5091512799263, "y": 0.7142170667648315, "z": 0.5748953819274902, "visibility": 0.8769357204437256, "presence": 0.9999642372131348}, "timestamp": "20240418-205410"}