{"nose": {"x": 0.493393212556839, "y": 0.4702361524105072, "z": -0.31936463713645935, "visibility": 0.9999817609786987, "presence": 0.9999996423721313}, "left eye (inner)": {"x": 0.5006067156791687, "y": 0.46283745765686035, "z": -0.3181861340999603, "visibility": 0.999981164932251, "presence": 0.9999995231628418}, "left eye": {"x": 0.5041521787643433, "y": 0.4627036154270172, "z": -0.31858301162719727, "visibility": 0.9999746084213257, "presence": 0.9999996423721313}, "left eye (outer)": {"x": 0.5090996623039246, "y": 0.46246337890625, "z": -0.318479061126709, "visibility": 0.9999837279319763, "presence": 0.9999995231628418}, "right eye (inner)": {"x": 0.49493736028671265, "y": 0.4628811776638031, "z": -0.2862181067466736, "visibility": 0.9999776482582092, "presence": 0.9999990463256836}, "right eye": {"x": 0.49429553747177124, "y": 0.46274852752685547, "z": -0.2865550220012665, "visibility": 0.9999767541885376, "presence": 0.9999990463256836}, "right eye (outer)": {"x": 0.4932548999786377, "y": 0.4624987244606018, "z": -0.2866729199886322, "visibility": 0.9999815225601196, "presence": 0.9999988079071045}, "left ear": {"x": 0.5311022400856018, "y": 0.4633081555366516, "z": -0.25529202818870544, "visibility": 0.9999856352806091, "presence": 0.9999995231628418}, "right ear": {"x": 0.5041329860687256, "y": 0.4637531340122223, "z": -0.10583944618701935, "visibility": 0.9998881816864014, "presence": 0.9999979734420776}, "mouth (left)": {"x": 0.5035505294799805, "y": 0.4756012558937073, "z": -0.29073476791381836, "visibility": 0.999980628490448, "presence": 0.9999996423721313}, "mouth (right)": {"x": 0.49569618701934814, "y": 0.47607746720314026, "z": -0.24985302984714508, "visibility": 0.999963641166687, "presence": 0.9999984502792358}, "left shoulder": {"x": 0.5848929286003113, "y": 0.4909699857234955, "z": -0.2416258454322815, "visibility": 0.9999926090240479, "presence": 0.9999992847442627}, "right shoulder": {"x": 0.48813068866729736, "y": 0.5015683174133301, "z": 0.04766923561692238, "visibility": 0.9999468922615051, "presence": 0.9999896287918091}, "left elbow": {"x": 0.6049374341964722, "y": 0.5363161563873291, "z": -0.4081469774246216, "visibility": 0.9666621685028076, "presence": 0.9999479055404663}, "right elbow": {"x": 0.4501056969165802, "y": 0.538072407245636, "z": -0.06611721217632294, "visibility": 0.8398874402046204, "presence": 0.9998304843902588}, "left wrist": {"x": 0.5467776656150818, "y": 0.5375892519950867, "z": -0.6711568832397461, "visibility": 0.9631571769714355, "presence": 0.9999985694885254}, "right wrist": {"x": 0.4105380177497864, "y": 0.5326098799705505, "z": -0.44303157925605774, "visibility": 0.9168044328689575, "presence": 0.9999871253967285}, "left pinky": {"x": 0.5352035164833069, "y": 0.5409517884254456, "z": -0.7566042542457581, "visibility": 0.9539195895195007, "presence": 0.9999977350234985}, "right pinky": {"x": 0.3937443196773529, "y": 0.5279656648635864, "z": -0.5159974098205566, "visibility": 0.9087157845497131, "presence": 0.9999864101409912}, "left index": {"x": 0.5312262773513794, "y": 0.5316043496131897, "z": -0.7624973654747009, "visibility": 0.9522079825401306, "presence": 0.9999983310699463}, "right index": {"x": 0.3979240357875824, "y": 0.5227991342544556, "z": -0.5414426326751709, "visibility": 0.9085054993629456, "presence": 0.99998939037323}, "left thumb": {"x": 0.5323234796524048, "y": 0.5312628746032715, "z": -0.6785252094268799, "visibility": 0.9196169972419739, "presence": 0.9999988079071045}, "right thumb": {"x": 0.4059625267982483, "y": 0.5249557495117188, "z": -0.4661657512187958, "visibility": 0.892429530620575, "presence": 0.9999933242797852}, "left hip": {"x": 0.5993034243583679, "y": 0.5853148102760315, "z": -0.0848168209195137, "visibility": 0.999903678894043, "presence": 0.9999885559082031}, "right hip": {"x": 0.5348899960517883, "y": 0.5876932740211487, "z": 0.08447647839784622, "visibility": 0.9998334050178528, "presence": 0.9999831914901733}, "left knee": {"x": 0.6329526305198669, "y": 0.6544367671012878, "z": -0.2673368752002716, "visibility": 0.94459068775177, "presence": 0.9999194145202637}, "right knee": {"x": 0.46687498688697815, "y": 0.6368012428283691, "z": 0.24728655815124512, "visibility": 0.6456691026687622, "presence": 0.9996861219406128}, "left ankle": {"x": 0.6971235275268555, "y": 0.7198011875152588, "z": -0.18260525166988373, "visibility": 0.9043896198272705, "presence": 0.9997748732566833}, "right ankle": {"x": 0.4255620837211609, "y": 0.6815246343612671, "z": 0.5778599977493286, "visibility": 0.662380039691925, "presence": 0.9996247291564941}, "left heel": {"x": 0.7007426619529724, "y": 0.7259050011634827, "z": -0.18344594538211823, "visibility": 0.7550222873687744, "presence": 0.9992853999137878}, "right heel": {"x": 0.42746245861053467, "y": 0.6894136667251587, "z": 0.603922963142395, "visibility": 0.5776112079620361, "presence": 0.9997649788856506}, "left foot index": {"x": 0.7083918452262878, "y": 0.7441788911819458, "z": -0.38585278391838074, "visibility": 0.9325101971626282, "presence": 0.9992272853851318}, "right foot index": {"x": 0.40549880266189575, "y": 0.7050912976264954, "z": 0.48963624238967896, "visibility": 0.7054389119148254, "presence": 0.9994865655899048}, "timestamp": "20240418-205425"}