{"nose": {"x": 0.45934686064720154, "y": 0.5375765562057495, "z": -0.6638527512550354, "visibility": 0.9999802112579346, "presence": 0.9999998807907104}, "left eye (inner)": {"x": 0.4640994668006897, "y": 0.5301670432090759, "z": -0.6673280596733093, "visibility": 0.9999816417694092, "presence": 0.9999998807907104}, "left eye": {"x": 0.46766358613967896, "y": 0.5301652550697327, "z": -0.6676812171936035, "visibility": 0.9999749660491943, "presence": 0.9999998807907104}, "left eye (outer)": {"x": 0.47234103083610535, "y": 0.5301800966262817, "z": -0.6676715016365051, "visibility": 0.9999816417694092, "presence": 0.9999997615814209}, "right eye (inner)": {"x": 0.4583606719970703, "y": 0.529913604259491, "z": -0.6515952348709106, "visibility": 0.9999823570251465, "presence": 0.9999997615814209}, "right eye": {"x": 0.4574112296104431, "y": 0.5296326279640198, "z": -0.6519691944122314, "visibility": 0.9999822974205017, "presence": 0.9999997615814209}, "right eye (outer)": {"x": 0.4562029242515564, "y": 0.5293204188346863, "z": -0.6521634459495544, "visibility": 0.9999849796295166, "presence": 0.9999996423721313}, "left ear": {"x": 0.4932898283004761, "y": 0.5302765369415283, "z": -0.5898102521896362, "visibility": 0.9999842047691345, "presence": 0.9999997615814209}, "right ear": {"x": 0.4656377136707306, "y": 0.5302464365959167, "z": -0.5176235437393188, "visibility": 0.9999198913574219, "presence": 0.9999995231628418}, "mouth (left)": {"x": 0.4688088297843933, "y": 0.5436395406723022, "z": -0.6261478662490845, "visibility": 0.9999707937240601, "presence": 0.9999997615814209}, "mouth (right)": {"x": 0.46066564321517944, "y": 0.5427542924880981, "z": -0.6070023775100708, "visibility": 0.9999576807022095, "presence": 0.9999994039535522}, "left shoulder": {"x": 0.5448681116104126, "y": 0.5489197969436646, "z": -0.49123552441596985, "visibility": 0.9999889731407166, "presence": 0.9999985694885254}, "right shoulder": {"x": 0.4588426351547241, "y": 0.5546979308128357, "z": -0.38659849762916565, "visibility": 0.99997478723526, "presence": 0.9999980926513672}, "left elbow": {"x": 0.5494757294654846, "y": 0.5971468091011047, "z": -0.5797144174575806, "visibility": 0.8649490475654602, "presence": 0.9997895359992981}, "right elbow": {"x": 0.4302661120891571, "y": 0.5917905569076538, "z": -0.5845074653625488, "visibility": 0.6570921540260315, "presence": 0.9996920824050903}, "left wrist": {"x": 0.49239882826805115, "y": 0.5753008127212524, "z": -0.7053833603858948, "visibility": 0.78968745470047, "presence": 0.9999830722808838}, "right wrist": {"x": 0.4619274139404297, "y": 0.5756615400314331, "z": -0.8908936381340027, "visibility": 0.6373553276062012, "presence": 0.9995998740196228}, "left pinky": {"x": 0.47475942969322205, "y": 0.5719956755638123, "z": -0.7580665349960327, "visibility": 0.7560786008834839, "presence": 0.9999803304672241}, "right pinky": {"x": 0.4672088623046875, "y": 0.5712209939956665, "z": -0.9588472843170166, "visibility": 0.6021140217781067, "presence": 0.9995610117912292}, "left index": {"x": 0.47796547412872314, "y": 0.5647171139717102, "z": -0.7599356770515442, "visibility": 0.7355402112007141, "presence": 0.9999841451644897}, "right index": {"x": 0.4685722887516022, "y": 0.565436840057373, "z": -0.9468753337860107, "visibility": 0.5859812498092651, "presence": 0.9996908903121948}, "left thumb": {"x": 0.4825504422187805, "y": 0.5666524171829224, "z": -0.7077072858810425, "visibility": 0.6175074577331543, "presence": 0.9999877214431763}, "right thumb": {"x": 0.46971482038497925, "y": 0.5674099922180176, "z": -0.8948183059692383, "visibility": 0.5197713971138, "presence": 0.999764621257782}, "left hip": {"x": 0.559946596622467, "y": 0.6104745268821716, "z": -0.04020870849490166, "visibility": 0.999886155128479, "presence": 0.9999949932098389}, "right hip": {"x": 0.5062218904495239, "y": 0.6078423261642456, "z": 0.039857350289821625, "visibility": 0.9998260736465454, "presence": 0.9999948740005493}, "left knee": {"x": 0.589005172252655, "y": 0.6563388705253601, "z": -0.34478959441185, "visibility": 0.9120123982429504, "presence": 0.9999642372131348}, "right knee": {"x": 0.4293712079524994, "y": 0.6393696069717407, "z": 0.08516371250152588, "visibility": 0.32170015573501587, "presence": 0.9998766183853149}, "left ankle": {"x": 0.6614723801612854, "y": 0.7126063108444214, "z": -0.20571310818195343, "visibility": 0.8043304681777954, "presence": 0.9997932314872742}, "right ankle": {"x": 0.3965848684310913, "y": 0.6831216216087341, "z": 0.3540330231189728, "visibility": 0.34778520464897156, "presence": 0.999401330947876}, "left heel": {"x": 0.6676293611526489, "y": 0.7190399765968323, "z": -0.19716128706932068, "visibility": 0.6276266574859619, "presence": 0.9991443157196045}, "right heel": {"x": 0.39911121129989624, "y": 0.693337619304657, "z": 0.3749849498271942, "visibility": 0.29340076446533203, "presence": 0.9996141195297241}, "left foot index": {"x": 0.6766104102134705, "y": 0.735348641872406, "z": -0.3526085913181305, "visibility": 0.8269286751747131, "presence": 0.9986425042152405}, "right foot index": {"x": 0.3650127947330475, "y": 0.6909075975418091, "z": 0.27590057253837585, "visibility": 0.4043588936328888, "presence": 0.9993059635162354}, "timestamp": "20240418-205429"}