{"nose": {"x": 0.7688538432121277, "y": 0.5266923904418945, "z": -0.2853521704673767, "visibility": 0.9996089339256287, "presence": 0.999998927116394}, "left eye (inner)": {"x": 0.7759592533111572, "y": 0.5220708250999451, "z": -0.26639649271965027, "visibility": 0.9990723729133606, "presence": 0.9999966621398926}, "left eye": {"x": 0.7793375849723816, "y": 0.5225637555122375, "z": -0.2666183412075043, "visibility": 0.9988908171653748, "presence": 0.9999961853027344}, "left eye (outer)": {"x": 0.7822026014328003, "y": 0.5228874683380127, "z": -0.2665763199329376, "visibility": 0.9991186857223511, "presence": 0.9999939203262329}, "right eye (inner)": {"x": 0.7656277418136597, "y": 0.5194958448410034, "z": -0.27995309233665466, "visibility": 0.9992601275444031, "presence": 0.9999964237213135}, "right eye": {"x": 0.7621458172798157, "y": 0.5184988975524902, "z": -0.28021785616874695, "visibility": 0.9993646740913391, "presence": 0.9999967813491821}, "right eye (outer)": {"x": 0.7585015296936035, "y": 0.5175832509994507, "z": -0.28031402826309204, "visibility": 0.9994012117385864, "presence": 0.9999953508377075}, "left ear": {"x": 0.781431257724762, "y": 0.5235511660575867, "z": -0.1428072154521942, "visibility": 0.9993085265159607, "presence": 0.999993085861206}, "right ear": {"x": 0.7496131658554077, "y": 0.5159026980400085, "z": -0.2080015391111374, "visibility": 0.9979370832443237, "presence": 0.9999936819076538}, "mouth (left)": {"x": 0.7706186771392822, "y": 0.5315612554550171, "z": -0.23536482453346252, "visibility": 0.999458372592926, "presence": 0.9999955892562866}, "mouth (right)": {"x": 0.759799599647522, "y": 0.5287670493125916, "z": -0.25554943084716797, "visibility": 0.9995042681694031, "presence": 0.9999943971633911}, "left shoulder": {"x": 0.7906386256217957, "y": 0.5449994802474976, "z": -0.038474030792713165, "visibility": 0.9999603033065796, "presence": 0.9999916553497314}, "right shoulder": {"x": 0.716763973236084, "y": 0.5374943614006042, "z": -0.17971670627593994, "visibility": 0.9999428391456604, "presence": 0.9999839067459106}, "left elbow": {"x": 0.8023029565811157, "y": 0.5742725133895874, "z": -0.011649013496935368, "visibility": 0.8516140580177307, "presence": 0.9999359846115112}, "right elbow": {"x": 0.6868700385093689, "y": 0.552556574344635, "z": -0.34837883710861206, "visibility": 0.8335537314414978, "presence": 0.999666690826416}, "left wrist": {"x": 0.8270637392997742, "y": 0.6030410528182983, "z": -0.0961071327328682, "visibility": 0.8245980739593506, "presence": 0.9999697208404541}, "right wrist": {"x": 0.7378872632980347, "y": 0.5624268651008606, "z": -0.5694494247436523, "visibility": 0.6738536357879639, "presence": 0.9999692440032959}, "left pinky": {"x": 0.842028021812439, "y": 0.609123706817627, "z": -0.1165161207318306, "visibility": 0.779569685459137, "presence": 0.9999234676361084}, "right pinky": {"x": 0.7447383403778076, "y": 0.5715059041976929, "z": -0.6256608366966248, "visibility": 0.6040889620780945, "presence": 0.9999239444732666}, "left index": {"x": 0.8442414999008179, "y": 0.6094294786453247, "z": -0.14920848608016968, "visibility": 0.7624593377113342, "presence": 0.999927282333374}, "right index": {"x": 0.7551862001419067, "y": 0.5697317719459534, "z": -0.6229690313339233, "visibility": 0.5897710919380188, "presence": 0.9999574422836304}, "left thumb": {"x": 0.8374770283699036, "y": 0.6082161068916321, "z": -0.11070296913385391, "visibility": 0.6062946319580078, "presence": 0.9999562501907349}, "right thumb": {"x": 0.7541607618331909, "y": 0.5671855211257935, "z": -0.5738978385925293, "visibility": 0.5063066482543945, "presence": 0.9999755620956421}, "left hip": {"x": 0.786287784576416, "y": 0.6106659173965454, "z": 0.04206772521138191, "visibility": 0.9993018507957458, "presence": 0.9999793767929077}, "right hip": {"x": 0.7378947734832764, "y": 0.6155200600624084, "z": -0.042240723967552185, "visibility": 0.9991180300712585, "presence": 0.9999696016311646}, "left knee": {"x": 0.8543141484260559, "y": 0.6405193209648132, "z": -0.12937965989112854, "visibility": 0.639507532119751, "presence": 0.999619722366333}, "right knee": {"x": 0.7084722518920898, "y": 0.6423996686935425, "z": -0.2766495943069458, "visibility": 0.3429241478443146, "presence": 0.9996535778045654}, "left ankle": {"x": 0.8613795638084412, "y": 0.6895754933357239, "z": 0.0233114343136549, "visibility": 0.502500593662262, "presence": 0.9992951154708862}, "right ankle": {"x": 0.6850813627243042, "y": 0.6902448534965515, "z": -0.1104179099202156, "visibility": 0.22515903413295746, "presence": 0.9981426000595093}, "left heel": {"x": 0.8508153557777405, "y": 0.6970217823982239, "z": 0.03279321640729904, "visibility": 0.31812116503715515, "presence": 0.9980971217155457}, "right heel": {"x": 0.6849644780158997, "y": 0.6975845098495483, "z": -0.09720408916473389, "visibility": 0.11146914213895798, "presence": 0.9979119896888733}, "left foot index": {"x": 0.8809542059898376, "y": 0.7058943510055542, "z": -0.05546094477176666, "visibility": 0.4847368001937866, "presence": 0.9961349964141846}, "right foot index": {"x": 0.6750085949897766, "y": 0.7067610025405884, "z": -0.18948008120059967, "visibility": 0.18895871937274933, "presence": 0.9949865341186523}, "timestamp": "20240418-205320"}