{"nose": {"x": 0.7462565302848816, "y": 0.4935435652732849, "z": -0.41578271985054016, "visibility": 0.9998367428779602, "presence": 0.9999980926513672}, "left eye (inner)": {"x": 0.7532745599746704, "y": 0.4874189794063568, "z": -0.40832340717315674, "visibility": 0.999669075012207, "presence": 0.9999955892562866}, "left eye": {"x": 0.7585181593894958, "y": 0.487174928188324, "z": -0.4086727499961853, "visibility": 0.999557614326477, "presence": 0.9999961853027344}, "left eye (outer)": {"x": 0.763975203037262, "y": 0.48707395792007446, "z": -0.4086041748523712, "visibility": 0.9996828436851501, "presence": 0.9999943971633911}, "right eye (inner)": {"x": 0.7457863092422485, "y": 0.48792022466659546, "z": -0.3961073160171509, "visibility": 0.9997177720069885, "presence": 0.9999923706054688}, "right eye": {"x": 0.7446392774581909, "y": 0.4878963828086853, "z": -0.3963847756385803, "visibility": 0.9997115135192871, "presence": 0.9999923706054688}, "right eye (outer)": {"x": 0.7434638738632202, "y": 0.4877355694770813, "z": -0.39653006196022034, "visibility": 0.999752402305603, "presence": 0.9999891519546509}, "left ear": {"x": 0.777123749256134, "y": 0.4882315695285797, "z": -0.311854749917984, "visibility": 0.9996922016143799, "presence": 0.9999946355819702}, "right ear": {"x": 0.7481623291969299, "y": 0.48861560225486755, "z": -0.2551969885826111, "visibility": 0.999079167842865, "presence": 0.9999829530715942}, "mouth (left)": {"x": 0.7538243532180786, "y": 0.498206228017807, "z": -0.3745376467704773, "visibility": 0.9997652769088745, "presence": 0.9999969005584717}, "mouth (right)": {"x": 0.7459927201271057, "y": 0.4979601502418518, "z": -0.3598131835460663, "visibility": 0.9997388124465942, "presence": 0.9999902248382568}, "left shoulder": {"x": 0.8164957761764526, "y": 0.5097262859344482, "z": -0.23448807001113892, "visibility": 0.9999804496765137, "presence": 0.9999961853027344}, "right shoulder": {"x": 0.7301063537597656, "y": 0.5203676819801331, "z": -0.12728966772556305, "visibility": 0.9999238848686218, "presence": 0.9999628067016602}, "left elbow": {"x": 0.8451350927352905, "y": 0.5493061542510986, "z": -0.32872113585472107, "visibility": 0.9324443936347961, "presence": 0.9996212720870972}, "right elbow": {"x": 0.6974449753761292, "y": 0.547051191329956, "z": -0.23075567185878754, "visibility": 0.8472880125045776, "presence": 0.9989057779312134}, "left wrist": {"x": 0.8030306696891785, "y": 0.547775149345398, "z": -0.534649133682251, "visibility": 0.9442089796066284, "presence": 0.9999891519546509}, "right wrist": {"x": 0.6806879043579102, "y": 0.5483852624893188, "z": -0.5211872458457947, "visibility": 0.8994688987731934, "presence": 0.9999216794967651}, "left pinky": {"x": 0.7930265069007874, "y": 0.5489742755889893, "z": -0.5963065028190613, "visibility": 0.9353616833686829, "presence": 0.9999830722808838}, "right pinky": {"x": 0.6693283915519714, "y": 0.5464680194854736, "z": -0.5877347588539124, "visibility": 0.8898407816886902, "presence": 0.9998995065689087}, "left index": {"x": 0.7881278991699219, "y": 0.5436141490936279, "z": -0.6081622242927551, "visibility": 0.9340775012969971, "presence": 0.9999896287918091}, "right index": {"x": 0.6763664484024048, "y": 0.540770411491394, "z": -0.6048605442047119, "visibility": 0.8893216252326965, "presence": 0.999944806098938}, "left thumb": {"x": 0.7902112603187561, "y": 0.5446450114250183, "z": -0.5430507659912109, "visibility": 0.8886531591415405, "presence": 0.9999924898147583}, "right thumb": {"x": 0.6827821135520935, "y": 0.5418195724487305, "z": -0.5361409187316895, "visibility": 0.8640533685684204, "presence": 0.9999663829803467}, "left hip": {"x": 0.8293404579162598, "y": 0.5851914882659912, "z": -0.03538313880562782, "visibility": 0.9995896220207214, "presence": 0.9998601675033569}, "right hip": {"x": 0.775772750377655, "y": 0.587031364440918, "z": 0.03510757163167, "visibility": 0.9993183016777039, "presence": 0.9997376799583435}, "left knee": {"x": 0.8705952763557434, "y": 0.6386261582374573, "z": -0.14058072865009308, "visibility": 0.7067314982414246, "presence": 0.9981814622879028}, "right knee": {"x": 0.725223183631897, "y": 0.611596941947937, "z": 0.07833351939916611, "visibility": 0.3857608735561371, "presence": 0.9893552660942078}, "left ankle": {"x": 0.9303314089775085, "y": 0.6912807822227478, "z": -0.0753953605890274, "visibility": 0.6745074391365051, "presence": 0.9935396313667297}, "right ankle": {"x": 0.7273909449577332, "y": 0.6576399207115173, "z": 0.338104784488678, "visibility": 0.33891308307647705, "presence": 0.9913951754570007}, "left heel": {"x": 0.9313535094261169, "y": 0.6985321640968323, "z": -0.07690022140741348, "visibility": 0.490909218788147, "presence": 0.9791901111602783}, "right heel": {"x": 0.7353687882423401, "y": 0.6658665537834167, "z": 0.35830560326576233, "visibility": 0.2268509417772293, "presence": 0.9947316646575928}, "left foot index": {"x": 0.9490198493003845, "y": 0.7070011496543884, "z": -0.22197704017162323, "visibility": 0.6894183158874512, "presence": 0.9755129814147949}, "right foot index": {"x": 0.7128044962882996, "y": 0.6726179718971252, "z": 0.27435502409935, "visibility": 0.3331042230129242, "presence": 0.9930567741394043}, "timestamp": "20240418-205353"}