{"nose": {"x": 0.6667570471763611, "y": 0.5008769035339355, "z": -0.3896791636943817, "visibility": 0.9999750256538391, "presence": 0.999998927116394}, "left eye (inner)": {"x": 0.6730724573135376, "y": 0.49486345052719116, "z": -0.38641518354415894, "visibility": 0.999947190284729, "presence": 0.999997615814209}, "left eye": {"x": 0.6777616739273071, "y": 0.4946514666080475, "z": -0.3867211639881134, "visibility": 0.9999253153800964, "presence": 0.9999978542327881}, "left eye (outer)": {"x": 0.6824922561645508, "y": 0.49448734521865845, "z": -0.38665109872817993, "visibility": 0.9999387860298157, "presence": 0.9999966621398926}, "right eye (inner)": {"x": 0.6658328771591187, "y": 0.495082288980484, "z": -0.37157517671585083, "visibility": 0.999951183795929, "presence": 0.999996542930603}, "right eye": {"x": 0.6639874577522278, "y": 0.4949740469455719, "z": -0.3718276917934418, "visibility": 0.9999511241912842, "presence": 0.9999966621398926}, "right eye (outer)": {"x": 0.662072479724884, "y": 0.4948187470436096, "z": -0.37197285890579224, "visibility": 0.999953031539917, "presence": 0.999995231628418}, "left ear": {"x": 0.6957789659500122, "y": 0.4950881004333496, "z": -0.3022541403770447, "visibility": 0.9999397397041321, "presence": 0.9999963045120239}, "right ear": {"x": 0.6667687892913818, "y": 0.4955779016017914, "z": -0.23416373133659363, "visibility": 0.9998134970664978, "presence": 0.9999929666519165}, "mouth (left)": {"x": 0.6737369298934937, "y": 0.5049268007278442, "z": -0.35253340005874634, "visibility": 0.9999370574951172, "presence": 0.9999980926513672}, "mouth (right)": {"x": 0.6655717492103577, "y": 0.5050259232521057, "z": -0.3342897891998291, "visibility": 0.9999313950538635, "presence": 0.9999945163726807}, "left shoulder": {"x": 0.7355750203132629, "y": 0.5132185816764832, "z": -0.24087189137935638, "visibility": 0.9999852776527405, "presence": 0.9999960660934448}, "right shoulder": {"x": 0.6538355946540833, "y": 0.5212406516075134, "z": -0.10476184636354446, "visibility": 0.9999189376831055, "presence": 0.9999840259552002}, "left elbow": {"x": 0.7566098570823669, "y": 0.5557299852371216, "z": -0.35138174891471863, "visibility": 0.9301514029502869, "presence": 0.9994621872901917}, "right elbow": {"x": 0.626142144203186, "y": 0.5506489276885986, "z": -0.20869244635105133, "visibility": 0.7025409936904907, "presence": 0.9995972514152527}, "left wrist": {"x": 0.7107937335968018, "y": 0.5403730869293213, "z": -0.5349318981170654, "visibility": 0.9610995650291443, "presence": 0.9999947547912598}, "right wrist": {"x": 0.6161972880363464, "y": 0.5443710088729858, "z": -0.5015807747840881, "visibility": 0.905994176864624, "presence": 0.9999610185623169}, "left pinky": {"x": 0.6958938837051392, "y": 0.53846275806427, "z": -0.5925642848014832, "visibility": 0.9613135457038879, "presence": 0.9999938011169434}, "right pinky": {"x": 0.6071706414222717, "y": 0.5453473329544067, "z": -0.5662670135498047, "visibility": 0.9143580794334412, "presence": 0.9999489784240723}, "left index": {"x": 0.6981806755065918, "y": 0.5319472551345825, "z": -0.597787618637085, "visibility": 0.9622938632965088, "presence": 0.9999960660934448}, "right index": {"x": 0.6131747364997864, "y": 0.5416832566261292, "z": -0.5795373320579529, "visibility": 0.9178703427314758, "presence": 0.9999688863754272}, "left thumb": {"x": 0.7011277675628662, "y": 0.5331791639328003, "z": -0.5394904017448425, "visibility": 0.9210373163223267, "presence": 0.9999970197677612}, "right thumb": {"x": 0.6189863681793213, "y": 0.5412091016769409, "z": -0.516543984413147, "visibility": 0.8824939131736755, "presence": 0.9999803304672241}, "left hip": {"x": 0.7409559488296509, "y": 0.5869086384773254, "z": -0.04271028935909271, "visibility": 0.999160647392273, "presence": 0.9999216794967651}, "right hip": {"x": 0.6862084865570068, "y": 0.5873919725418091, "z": 0.04255148768424988, "visibility": 0.9984987378120422, "presence": 0.9999127388000488}, "left knee": {"x": 0.7828626036643982, "y": 0.6371133923530579, "z": -0.10673393309116364, "visibility": 0.5556167960166931, "presence": 0.9993842840194702}, "right knee": {"x": 0.6535358428955078, "y": 0.6219042539596558, "z": 0.0944160670042038, "visibility": 0.14037711918354034, "presence": 0.9978086352348328}, "left ankle": {"x": 0.8418360948562622, "y": 0.6845628023147583, "z": 0.0035975875798612833, "visibility": 0.6032701134681702, "presence": 0.9983868598937988}, "right ankle": {"x": 0.6607398986816406, "y": 0.6652711629867554, "z": 0.37618157267570496, "visibility": 0.10569538921117783, "presence": 0.9985319375991821}, "left heel": {"x": 0.8454713821411133, "y": 0.6901888847351074, "z": 0.008693940006196499, "visibility": 0.3133946657180786, "presence": 0.9950141310691833}, "right heel": {"x": 0.670781135559082, "y": 0.6723613739013672, "z": 0.3995109498500824, "visibility": 0.09295161813497543, "presence": 0.9989796280860901}, "left foot index": {"x": 0.8496788740158081, "y": 0.7008256316184998, "z": -0.11038049310445786, "visibility": 0.6612513065338135, "presence": 0.9938719272613525}, "right foot index": {"x": 0.6385050415992737, "y": 0.6812106370925903, "z": 0.3239189684391022, "visibility": 0.13040372729301453, "presence": 0.9983217120170593}, "timestamp": "20240418-205337"}