{"nose": {"x": 0.6902350187301636, "y": 0.5186561346054077, "z": -0.5433722734451294, "visibility": 0.9999778270721436, "presence": 0.9999996423721313}, "left eye (inner)": {"x": 0.6946799159049988, "y": 0.5123599767684937, "z": -0.5391531586647034, "visibility": 0.9999458193778992, "presence": 0.9999994039535522}, "left eye": {"x": 0.69795161485672, "y": 0.5118733644485474, "z": -0.5394645929336548, "visibility": 0.9999390840530396, "presence": 0.9999994039535522}, "left eye (outer)": {"x": 0.7019838690757751, "y": 0.5112773180007935, "z": -0.5393972992897034, "visibility": 0.9999462962150574, "presence": 0.9999990463256836}, "right eye (inner)": {"x": 0.6881501078605652, "y": 0.5129655003547668, "z": -0.5296175479888916, "visibility": 0.9999517202377319, "presence": 0.9999991655349731}, "right eye": {"x": 0.6867374181747437, "y": 0.5128772854804993, "z": -0.5299278497695923, "visibility": 0.9999600648880005, "presence": 0.9999991655349731}, "right eye (outer)": {"x": 0.684970498085022, "y": 0.5127347707748413, "z": -0.5300573706626892, "visibility": 0.9999545216560364, "presence": 0.9999986886978149}, "left ear": {"x": 0.7155821323394775, "y": 0.5108262300491333, "z": -0.4431244432926178, "visibility": 0.9999583959579468, "presence": 0.9999984502792358}, "right ear": {"x": 0.6896959543228149, "y": 0.5131586790084839, "z": -0.399311363697052, "visibility": 0.9998552799224854, "presence": 0.999997615814209}, "mouth (left)": {"x": 0.6981502771377563, "y": 0.5225618481636047, "z": -0.500695526599884, "visibility": 0.9999598860740662, "presence": 0.9999990463256836}, "mouth (right)": {"x": 0.6901868581771851, "y": 0.5231372714042664, "z": -0.48963409662246704, "visibility": 0.9999526143074036, "presence": 0.999997615814209}, "left shoulder": {"x": 0.757767379283905, "y": 0.5252074003219604, "z": -0.34179428219795227, "visibility": 0.999987781047821, "presence": 0.9999964237213135}, "right shoulder": {"x": 0.6766059398651123, "y": 0.537289023399353, "z": -0.2607646584510803, "visibility": 0.9999587535858154, "presence": 0.999994158744812}, "left elbow": {"x": 0.7838427424430847, "y": 0.5652113556861877, "z": -0.46694809198379517, "visibility": 0.9427058100700378, "presence": 0.9996547698974609}, "right elbow": {"x": 0.6538836359977722, "y": 0.5691672563552856, "z": -0.33088696002960205, "visibility": 0.8032873868942261, "presence": 0.9997081160545349}, "left wrist": {"x": 0.7343853712081909, "y": 0.5515526533126831, "z": -0.7039932012557983, "visibility": 0.9511705636978149, "presence": 0.9999858140945435}, "right wrist": {"x": 0.6496278643608093, "y": 0.5819027423858643, "z": -0.578761100769043, "visibility": 0.9281342029571533, "presence": 0.999797523021698}, "left pinky": {"x": 0.7189382910728455, "y": 0.5517686605453491, "z": -0.7685392498970032, "visibility": 0.9458925127983093, "presence": 0.9999796152114868}, "right pinky": {"x": 0.6461744904518127, "y": 0.5850352644920349, "z": -0.627839207649231, "visibility": 0.9151274561882019, "presence": 0.999639630317688}, "left index": {"x": 0.7179365158081055, "y": 0.5443457365036011, "z": -0.7749221920967102, "visibility": 0.9445775747299194, "presence": 0.9999871253967285}, "right index": {"x": 0.6508699655532837, "y": 0.5820237994194031, "z": -0.6518545746803284, "visibility": 0.9167443513870239, "presence": 0.9997435212135315}, "left thumb": {"x": 0.7215257287025452, "y": 0.544978141784668, "z": -0.7108567953109741, "visibility": 0.8744131922721863, "presence": 0.9999909400939941}, "right thumb": {"x": 0.6551068425178528, "y": 0.5808736085891724, "z": -0.5941290259361267, "visibility": 0.8702012300491333, "presence": 0.9998528957366943}, "left hip": {"x": 0.76926589012146, "y": 0.584121584892273, "z": -0.018693087622523308, "visibility": 0.9992685317993164, "presence": 0.9999465942382812}, "right hip": {"x": 0.7144650220870972, "y": 0.5846413373947144, "z": 0.018443476408720016, "visibility": 0.9989354014396667, "presence": 0.9999556541442871}, "left knee": {"x": 0.8153449892997742, "y": 0.6334264278411865, "z": -0.10650291293859482, "visibility": 0.6383506655693054, "presence": 0.9993065595626831}, "right knee": {"x": 0.6551221013069153, "y": 0.612457275390625, "z": -0.0736519992351532, "visibility": 0.19007116556167603, "presence": 0.9992875456809998}, "left ankle": {"x": 0.8507757186889648, "y": 0.6842805743217468, "z": 0.0012498354772105813, "visibility": 0.6056342720985413, "presence": 0.9978821873664856}, "right ankle": {"x": 0.6563234329223633, "y": 0.6672385931015015, "z": 0.08526314795017242, "visibility": 0.128529891371727, "presence": 0.9972545504570007}, "left heel": {"x": 0.8482206463813782, "y": 0.6900914907455444, "z": 0.003220493672415614, "visibility": 0.3666469156742096, "presence": 0.9934705495834351}, "right heel": {"x": 0.6628323197364807, "y": 0.6766725182533264, "z": 0.09448239207267761, "visibility": 0.10380632430315018, "presence": 0.9972930550575256}, "left foot index": {"x": 0.8693460822105408, "y": 0.7046956419944763, "z": -0.13596349954605103, "visibility": 0.6437250971794128, "presence": 0.9923090934753418}, "right foot index": {"x": 0.6419833898544312, "y": 0.6801630258560181, "z": -0.02017582580447197, "visibility": 0.15108440816402435, "presence": 0.9945217370986938}, "timestamp": "20240418-205331"}