{"nose": {"x": 0.46379005908966064, "y": 0.5245698690414429, "z": -0.6335064172744751, "visibility": 0.9999875426292419, "presence": 0.9999998807907104}, "left eye (inner)": {"x": 0.46850907802581787, "y": 0.5173999071121216, "z": -0.6413571834564209, "visibility": 0.9999886155128479, "presence": 0.9999998807907104}, "left eye": {"x": 0.47183606028556824, "y": 0.5169830918312073, "z": -0.6417367458343506, "visibility": 0.9999858736991882, "presence": 0.9999998807907104}, "left eye (outer)": {"x": 0.47548022866249084, "y": 0.5165533423423767, "z": -0.6417573094367981, "visibility": 0.9999890923500061, "presence": 0.9999997615814209}, "right eye (inner)": {"x": 0.46312442421913147, "y": 0.5174725651741028, "z": -0.6163469552993774, "visibility": 0.9999874830245972, "presence": 0.9999998807907104}, "right eye": {"x": 0.4620356559753418, "y": 0.5171310901641846, "z": -0.6167523860931396, "visibility": 0.9999873042106628, "presence": 0.9999998807907104}, "right eye (outer)": {"x": 0.46077483892440796, "y": 0.5168005228042603, "z": -0.616990327835083, "visibility": 0.9999882578849792, "presence": 0.9999997615814209}, "left ear": {"x": 0.49522337317466736, "y": 0.5160554647445679, "z": -0.583247721195221, "visibility": 0.9999905228614807, "presence": 0.9999997615814209}, "right ear": {"x": 0.4740462005138397, "y": 0.5171679258346558, "z": -0.46983519196510315, "visibility": 0.9999390840530396, "presence": 0.9999996423721313}, "mouth (left)": {"x": 0.4737973213195801, "y": 0.5301064848899841, "z": -0.6032033562660217, "visibility": 0.999984622001648, "presence": 0.9999996423721313}, "mouth (right)": {"x": 0.4670783281326294, "y": 0.529970109462738, "z": -0.5718662142753601, "visibility": 0.9999728798866272, "presence": 0.9999992847442627}, "left shoulder": {"x": 0.5566500425338745, "y": 0.531286358833313, "z": -0.48540669679641724, "visibility": 0.9999901056289673, "presence": 0.9999985694885254}, "right shoulder": {"x": 0.4732586443424225, "y": 0.5428923964500427, "z": -0.3145902752876282, "visibility": 0.9999657869338989, "presence": 0.9999974966049194}, "left elbow": {"x": 0.5550347566604614, "y": 0.5817872881889343, "z": -0.46323803067207336, "visibility": 0.9117710590362549, "presence": 0.9998828172683716}, "right elbow": {"x": 0.44640228152275085, "y": 0.5852101445198059, "z": -0.48985692858695984, "visibility": 0.5721971988677979, "presence": 0.9996397495269775}, "left wrist": {"x": 0.4897479712963104, "y": 0.5583417415618896, "z": -0.39205849170684814, "visibility": 0.9207293391227722, "presence": 0.99998939037323}, "right wrist": {"x": 0.4635941684246063, "y": 0.5749179124832153, "z": -0.8174414038658142, "visibility": 0.7578343749046326, "presence": 0.9997946619987488}, "left pinky": {"x": 0.46950361132621765, "y": 0.5533589720726013, "z": -0.4116992950439453, "visibility": 0.912935733795166, "presence": 0.9999861717224121}, "right pinky": {"x": 0.460889995098114, "y": 0.5875784754753113, "z": -0.8761072158813477, "visibility": 0.7563421726226807, "presence": 0.9997925162315369}, "left index": {"x": 0.4734182059764862, "y": 0.5470970869064331, "z": -0.41283997893333435, "visibility": 0.9088330864906311, "presence": 0.9999852180480957}, "right index": {"x": 0.46357619762420654, "y": 0.5814199447631836, "z": -0.8703655004501343, "visibility": 0.7585053443908691, "presence": 0.9997989535331726}, "left thumb": {"x": 0.47892633080482483, "y": 0.548900842666626, "z": -0.3878200948238373, "visibility": 0.8425087928771973, "presence": 0.9999886751174927}, "right thumb": {"x": 0.4666469693183899, "y": 0.5844356417655945, "z": -0.8246120810508728, "visibility": 0.7138749361038208, "presence": 0.9998620748519897}, "left hip": {"x": 0.5897788405418396, "y": 0.5960851907730103, "z": -0.05918237939476967, "visibility": 0.9998894333839417, "presence": 0.9999934434890747}, "right hip": {"x": 0.5346546769142151, "y": 0.5949515700340271, "z": 0.05887608975172043, "visibility": 0.9998130202293396, "presence": 0.9999948740005493}, "left knee": {"x": 0.5981407761573792, "y": 0.6486729383468628, "z": -0.31868523359298706, "visibility": 0.922886073589325, "presence": 0.9999282360076904}, "right knee": {"x": 0.4639374315738678, "y": 0.6318550705909729, "z": 0.07273543626070023, "visibility": 0.4267100393772125, "presence": 0.9998524188995361}, "left ankle": {"x": 0.6599541902542114, "y": 0.7111616134643555, "z": -0.23788318037986755, "visibility": 0.885537326335907, "presence": 0.9997391104698181}, "right ankle": {"x": 0.4135575294494629, "y": 0.677966296672821, "z": 0.3364499807357788, "visibility": 0.41674259305000305, "presence": 0.999219536781311}, "left heel": {"x": 0.6659781336784363, "y": 0.7173939943313599, "z": -0.22583559155464172, "visibility": 0.7114083170890808, "presence": 0.9990630745887756}, "right heel": {"x": 0.41195836663246155, "y": 0.6873263120651245, "z": 0.35842254757881165, "visibility": 0.380613774061203, "presence": 0.9995359182357788}, "left foot index": {"x": 0.6746747493743896, "y": 0.7363823056221008, "z": -0.36602509021759033, "visibility": 0.9110659956932068, "presence": 0.9977747797966003}, "right foot index": {"x": 0.38782984018325806, "y": 0.6904682517051697, "z": 0.2622508406639099, "visibility": 0.4806870222091675, "presence": 0.9985685348510742}, "timestamp": "20240418-205428"}