{"nose": {"x": 0.6816964745521545, "y": 0.49641531705856323, "z": -0.497449666261673, "visibility": 0.9999839067459106, "presence": 0.9999988079071045}, "left eye (inner)": {"x": 0.688421905040741, "y": 0.49092069268226624, "z": -0.48779627680778503, "visibility": 0.9999729990959167, "presence": 0.9999967813491821}, "left eye": {"x": 0.6927735209465027, "y": 0.4907737672328949, "z": -0.48807111382484436, "visibility": 0.9999561905860901, "presence": 0.999996542930603}, "left eye (outer)": {"x": 0.6974366307258606, "y": 0.4906405508518219, "z": -0.4879782497882843, "visibility": 0.9999628067016602, "presence": 0.9999935626983643}, "right eye (inner)": {"x": 0.6797682046890259, "y": 0.49100860953330994, "z": -0.4767782390117645, "visibility": 0.999976634979248, "presence": 0.9999960660934448}, "right eye": {"x": 0.6775245070457458, "y": 0.49083003401756287, "z": -0.47706693410873413, "visibility": 0.9999728202819824, "presence": 0.9999961853027344}, "right eye (outer)": {"x": 0.675314724445343, "y": 0.49063292145729065, "z": -0.47721198201179504, "visibility": 0.9999748468399048, "presence": 0.9999943971633911}, "left ear": {"x": 0.7104803919792175, "y": 0.490903377532959, "z": -0.3754942715167999, "visibility": 0.9999685287475586, "presence": 0.99998939037323}, "right ear": {"x": 0.6796091198921204, "y": 0.49157190322875977, "z": -0.32773029804229736, "visibility": 0.999918520450592, "presence": 0.9999916553497314}, "mouth (left)": {"x": 0.6891934871673584, "y": 0.5012515187263489, "z": -0.4505000710487366, "visibility": 0.9999763369560242, "presence": 0.9999969005584717}, "mouth (right)": {"x": 0.679962694644928, "y": 0.5010668039321899, "z": -0.4382956922054291, "visibility": 0.9999659061431885, "presence": 0.999994158744812}, "left shoulder": {"x": 0.7498772740364075, "y": 0.5110137462615967, "z": -0.28268203139305115, "visibility": 0.9999629855155945, "presence": 0.9999852180480957}, "right shoulder": {"x": 0.6657865643501282, "y": 0.5163794755935669, "z": -0.18729384243488312, "visibility": 0.9999290108680725, "presence": 0.9999825954437256}, "left elbow": {"x": 0.7734776139259338, "y": 0.5508010983467102, "z": -0.4112299978733063, "visibility": 0.9323937892913818, "presence": 0.9984536170959473}, "right elbow": {"x": 0.6381605863571167, "y": 0.5431790947914124, "z": -0.28919467329978943, "visibility": 0.8245039582252502, "presence": 0.9990039467811584}, "left wrist": {"x": 0.7273678183555603, "y": 0.5368205308914185, "z": -0.6452465057373047, "visibility": 0.954054057598114, "presence": 0.9999725818634033}, "right wrist": {"x": 0.6344991326332092, "y": 0.550854504108429, "z": -0.5992386937141418, "visibility": 0.9365869164466858, "presence": 0.9998989105224609}, "left pinky": {"x": 0.7140604853630066, "y": 0.5345857739448547, "z": -0.7102251052856445, "visibility": 0.9488981366157532, "presence": 0.9999656677246094}, "right pinky": {"x": 0.6266523003578186, "y": 0.5537673830986023, "z": -0.6710277199745178, "visibility": 0.9316003918647766, "presence": 0.99983811378479}, "left index": {"x": 0.7150916457176208, "y": 0.5277986526489258, "z": -0.719085156917572, "visibility": 0.9496687054634094, "presence": 0.9999814033508301}, "right index": {"x": 0.6338652968406677, "y": 0.5492368936538696, "z": -0.6848488450050354, "visibility": 0.9367369413375854, "presence": 0.9999176263809204}, "left thumb": {"x": 0.7170000672340393, "y": 0.5290528535842896, "z": -0.6525973677635193, "visibility": 0.8550416231155396, "presence": 0.9999867677688599}, "right thumb": {"x": 0.6390237808227539, "y": 0.5485114455223083, "z": -0.6140401363372803, "visibility": 0.8745572566986084, "presence": 0.9999483823776245}, "left hip": {"x": 0.7584959864616394, "y": 0.5790497064590454, "z": -0.022998996078968048, "visibility": 0.9981594681739807, "presence": 0.9997679591178894}, "right hip": {"x": 0.7029096484184265, "y": 0.5794841647148132, "z": 0.0228237546980381, "visibility": 0.9976187348365784, "presence": 0.9997820258140564}, "left knee": {"x": 0.813554048538208, "y": 0.6305335164070129, "z": -0.1239510104060173, "visibility": 0.6115195751190186, "presence": 0.9981542229652405}, "right knee": {"x": 0.6486830115318298, "y": 0.5974377393722534, "z": -0.155324786901474, "visibility": 0.08491062372922897, "presence": 0.9973136782646179}, "left ankle": {"x": 0.8588088154792786, "y": 0.683557391166687, "z": 0.0002177065034629777, "visibility": 0.6610205769538879, "presence": 0.994788646697998}, "right ankle": {"x": 0.6529392004013062, "y": 0.6314973831176758, "z": 0.09310918301343918, "visibility": 0.01982700265944004, "presence": 0.9979368448257446}, "left heel": {"x": 0.8574618697166443, "y": 0.6907016038894653, "z": 0.0023402285296469927, "visibility": 0.28729918599128723, "presence": 0.9831250905990601}, "right heel": {"x": 0.6601290702819824, "y": 0.6376628875732422, "z": 0.11368859559297562, "visibility": 0.026658572256565094, "presence": 0.99835604429245}, "left foot index": {"x": 0.880794107913971, "y": 0.7055246233940125, "z": -0.13752003014087677, "visibility": 0.6438729166984558, "presence": 0.9841954708099365}, "right foot index": {"x": 0.6414172649383545, "y": 0.6430438756942749, "z": 0.022361785173416138, "visibility": 0.02835436910390854, "presence": 0.9974036812782288}, "timestamp": "20240418-205318"}