{"nose": {"x": 0.7296270728111267, "y": 0.539297878742218, "z": -0.6244956851005554, "visibility": 0.999923825263977, "presence": 0.9999986886978149}, "left eye (inner)": {"x": 0.735016942024231, "y": 0.5336053967475891, "z": -0.6171920299530029, "visibility": 0.9998058676719666, "presence": 0.9999963045120239}, "left eye": {"x": 0.739248514175415, "y": 0.5334720015525818, "z": -0.617343008518219, "visibility": 0.9998123049736023, "presence": 0.9999961853027344}, "left eye (outer)": {"x": 0.7435648441314697, "y": 0.5333762764930725, "z": -0.6173901557922363, "visibility": 0.9997873306274414, "presence": 0.9999933242797852}, "right eye (inner)": {"x": 0.725803792476654, "y": 0.5336235165596008, "z": -0.6209127306938171, "visibility": 0.9998435974121094, "presence": 0.9999958276748657}, "right eye": {"x": 0.723287045955658, "y": 0.5335018634796143, "z": -0.6211142539978027, "visibility": 0.9998888373374939, "presence": 0.9999960660934448}, "right eye (outer)": {"x": 0.7207686305046082, "y": 0.5333890914916992, "z": -0.6212581992149353, "visibility": 0.9998630285263062, "presence": 0.9999933242797852}, "left ear": {"x": 0.7529447674751282, "y": 0.5342744588851929, "z": -0.4991711974143982, "visibility": 0.9998574256896973, "presence": 0.9999911785125732}, "right ear": {"x": 0.7196163535118103, "y": 0.5347744822502136, "z": -0.4864501953125, "visibility": 0.9995814561843872, "presence": 0.9999915361404419}, "mouth (left)": {"x": 0.7370308637619019, "y": 0.5443066954612732, "z": -0.5836824178695679, "visibility": 0.9997962713241577, "presence": 0.9999959468841553}, "mouth (right)": {"x": 0.7259961366653442, "y": 0.5446856021881104, "z": -0.569002628326416, "visibility": 0.9997718334197998, "presence": 0.9999936819076538}, "left shoulder": {"x": 0.7842527627944946, "y": 0.5556824207305908, "z": -0.39355218410491943, "visibility": 0.9999731183052063, "presence": 0.9999696016311646}, "right shoulder": {"x": 0.699689507484436, "y": 0.5611289143562317, "z": -0.377088725566864, "visibility": 0.9999471306800842, "presence": 0.9999768733978271}, "left elbow": {"x": 0.8045686483383179, "y": 0.5921855568885803, "z": -0.5719897150993347, "visibility": 0.9374444484710693, "presence": 0.999462902545929}, "right elbow": {"x": 0.6771014332771301, "y": 0.5871523022651672, "z": -0.576162576675415, "visibility": 0.7671237587928772, "presence": 0.9994539618492126}, "left wrist": {"x": 0.7595045566558838, "y": 0.5773376822471619, "z": -0.849454939365387, "visibility": 0.877515971660614, "presence": 0.9999532699584961}, "right wrist": {"x": 0.7337579727172852, "y": 0.5883516073226929, "z": -0.8169782161712646, "visibility": 0.5774449110031128, "presence": 0.9997949004173279}, "left pinky": {"x": 0.7499359846115112, "y": 0.5711333751678467, "z": -0.8593460321426392, "visibility": 0.8164210915565491, "presence": 0.999943733215332}, "right pinky": {"x": 0.7462294697761536, "y": 0.5806368589401245, "z": -0.8739926815032959, "visibility": 0.5084071159362793, "presence": 0.9997616410255432}, "left index": {"x": 0.7509022951126099, "y": 0.5675693154335022, "z": -0.8374958634376526, "visibility": 0.7932127118110657, "presence": 0.9999598264694214}, "right index": {"x": 0.7467983961105347, "y": 0.5759046673774719, "z": -0.8513386845588684, "visibility": 0.49635857343673706, "presence": 0.999800980091095}, "left thumb": {"x": 0.7515518069267273, "y": 0.5693304538726807, "z": -0.8085786700248718, "visibility": 0.6268047094345093, "presence": 0.999968409538269}, "right thumb": {"x": 0.7445003986358643, "y": 0.5789380669593811, "z": -0.8130941390991211, "visibility": 0.4309212565422058, "presence": 0.9998587369918823}, "left hip": {"x": 0.7720345258712769, "y": 0.6102734208106995, "z": -0.0019438823219388723, "visibility": 0.9990847110748291, "presence": 0.9999768733978271}, "right hip": {"x": 0.7235478758811951, "y": 0.6130915880203247, "z": 0.0016935216262936592, "visibility": 0.99880450963974, "presence": 0.9999767541885376}, "left knee": {"x": 0.8301778435707092, "y": 0.640930712223053, "z": -0.3199581801891327, "visibility": 0.6503154039382935, "presence": 0.9994632601737976}, "right knee": {"x": 0.6695753931999207, "y": 0.6385371685028076, "z": -0.269138365983963, "visibility": 0.19522221386432648, "presence": 0.99965500831604}, "left ankle": {"x": 0.8624616265296936, "y": 0.6895419359207153, "z": -0.09672234952449799, "visibility": 0.5760955214500427, "presence": 0.9989393353462219}, "right ankle": {"x": 0.6679125428199768, "y": 0.6851032972335815, "z": -0.016757000237703323, "visibility": 0.14491213858127594, "presence": 0.9989608526229858}, "left heel": {"x": 0.8604059219360352, "y": 0.6968005895614624, "z": -0.07760240882635117, "visibility": 0.32142165303230286, "presence": 0.9981271624565125}, "right heel": {"x": 0.67267906665802, "y": 0.6941184997558594, "z": 0.0003740194079000503, "visibility": 0.08471386879682541, "presence": 0.9992175102233887}, "left foot index": {"x": 0.880707859992981, "y": 0.7060912847518921, "z": -0.2177247554063797, "visibility": 0.546064019203186, "presence": 0.9986679553985596}, "right foot index": {"x": 0.6487329602241516, "y": 0.6983769536018372, "z": -0.13270780444145203, "visibility": 0.11706136167049408, "presence": 0.9989482760429382}, "timestamp": "20240418-205320"}