{"nose": {"x": 0.6240924000740051, "y": 0.5560947060585022, "z": -0.5900039076805115, "visibility": 0.9999966621398926, "presence": 1.0}, "left eye (inner)": {"x": 0.6312107443809509, "y": 0.547561764717102, "z": -0.5907456278800964, "visibility": 0.999996542930603, "presence": 1.0}, "left eye": {"x": 0.6363834738731384, "y": 0.5472966432571411, "z": -0.5911492705345154, "visibility": 0.9999955296516418, "presence": 1.0}, "left eye (outer)": {"x": 0.6420571804046631, "y": 0.5470158457756042, "z": -0.5910748243331909, "visibility": 0.9999966621398926, "presence": 1.0}, "right eye (inner)": {"x": 0.6213682293891907, "y": 0.5482634902000427, "z": -0.569336473941803, "visibility": 0.9999961853027344, "presence": 1.0}, "right eye": {"x": 0.6185814738273621, "y": 0.5482523441314697, "z": -0.569685697555542, "visibility": 0.9999958276748657, "presence": 1.0}, "right eye (outer)": {"x": 0.615821361541748, "y": 0.5481212139129639, "z": -0.5698243379592896, "visibility": 0.9999960064888, "presence": 1.0}, "left ear": {"x": 0.6586093306541443, "y": 0.545955240726471, "z": -0.5208808183670044, "visibility": 0.9999969601631165, "presence": 1.0}, "right ear": {"x": 0.6207914352416992, "y": 0.5479301810264587, "z": -0.43900036811828613, "visibility": 0.9999822378158569, "presence": 1.0}, "mouth (left)": {"x": 0.6350811719894409, "y": 0.5615325570106506, "z": -0.5523129105567932, "visibility": 0.9999949932098389, "presence": 1.0}, "mouth (right)": {"x": 0.6231997609138489, "y": 0.5613886713981628, "z": -0.5255407691001892, "visibility": 0.9999916553497314, "presence": 1.0}, "left shoulder": {"x": 0.7128661870956421, "y": 0.5644718408584595, "z": -0.46361905336380005, "visibility": 0.9999956488609314, "presence": 1.0}, "right shoulder": {"x": 0.6148942112922668, "y": 0.5745965838432312, "z": -0.2866484820842743, "visibility": 0.9999829530715942, "presence": 1.0}, "left elbow": {"x": 0.739227294921875, "y": 0.615666389465332, "z": -0.6472758650779724, "visibility": 0.9790335297584534, "presence": 0.9999822378158569}, "right elbow": {"x": 0.5996540784835815, "y": 0.6145423650741577, "z": -0.27421000599861145, "visibility": 0.8631913661956787, "presence": 0.9999868869781494}, "left wrist": {"x": 0.6683245897293091, "y": 0.5920161008834839, "z": -0.8362194299697876, "visibility": 0.9644070267677307, "presence": 0.9999997615814209}, "right wrist": {"x": 0.5973470211029053, "y": 0.6547499895095825, "z": -0.33533012866973877, "visibility": 0.883544385433197, "presence": 0.9999639987945557}, "left pinky": {"x": 0.647444486618042, "y": 0.5880069136619568, "z": -0.8903285264968872, "visibility": 0.9529662728309631, "presence": 0.9999997615814209}, "right pinky": {"x": 0.6014406681060791, "y": 0.665022075176239, "z": -0.3532313108444214, "visibility": 0.8449076414108276, "presence": 0.999925971031189}, "left index": {"x": 0.6491069197654724, "y": 0.5788748264312744, "z": -0.9104495644569397, "visibility": 0.9484289288520813, "presence": 0.9999997615814209}, "right index": {"x": 0.6090288162231445, "y": 0.6627101302146912, "z": -0.372467041015625, "visibility": 0.8384086489677429, "presence": 0.9999229907989502}, "left thumb": {"x": 0.6545864939689636, "y": 0.5808483362197876, "z": -0.8510344624519348, "visibility": 0.9159370064735413, "presence": 0.9999998807907104}, "right thumb": {"x": 0.6095078587532043, "y": 0.6596053242683411, "z": -0.3447231650352478, "visibility": 0.7975701093673706, "presence": 0.9999604225158691}, "left hip": {"x": 0.7495132684707642, "y": 0.625209391117096, "z": -0.06369580328464508, "visibility": 0.999937117099762, "presence": 0.9999994039535522}, "right hip": {"x": 0.6873487830162048, "y": 0.6279863715171814, "z": 0.06337284296751022, "visibility": 0.9998996257781982, "presence": 0.9999995231628418}, "left knee": {"x": 0.7652326226234436, "y": 0.679131031036377, "z": -0.42740970849990845, "visibility": 0.992933988571167, "presence": 0.9999990463256836}, "right knee": {"x": 0.5857627987861633, "y": 0.6592990159988403, "z": 0.12018866837024689, "visibility": 0.8314506411552429, "presence": 0.9999951124191284}, "left ankle": {"x": 0.8300855159759521, "y": 0.7491780519485474, "z": -0.3609634339809418, "visibility": 0.9811203479766846, "presence": 0.9999940395355225}, "right ankle": {"x": 0.5783154368400574, "y": 0.7049962878227234, "z": 0.5150004029273987, "visibility": 0.8459520936012268, "presence": 0.9999748468399048}, "left heel": {"x": 0.8392708897590637, "y": 0.7547265291213989, "z": -0.3592708110809326, "visibility": 0.9233042001724243, "presence": 0.999971866607666}, "right heel": {"x": 0.5904096961021423, "y": 0.714949905872345, "z": 0.5429060459136963, "visibility": 0.7569242715835571, "presence": 0.9999828338623047}, "left foot index": {"x": 0.8375537395477295, "y": 0.7773328423500061, "z": -0.5190210938453674, "visibility": 0.9844587445259094, "presence": 0.9999146461486816}, "right foot index": {"x": 0.53447425365448, "y": 0.7173742651939392, "z": 0.4662829637527466, "visibility": 0.8659997582435608, "presence": 0.9999428987503052}, "timestamp": "20240418-205403"}