{"nose": {"x": 0.7233348488807678, "y": 0.5411615371704102, "z": -0.57917720079422, "visibility": 0.9999650716781616, "presence": 0.9999994039535522}, "left eye (inner)": {"x": 0.7288262248039246, "y": 0.5350016951560974, "z": -0.5708513855934143, "visibility": 0.9999498724937439, "presence": 0.9999986886978149}, "left eye": {"x": 0.7322610020637512, "y": 0.5348966717720032, "z": -0.5711029767990112, "visibility": 0.9999293684959412, "presence": 0.9999988079071045}, "left eye (outer)": {"x": 0.7358176112174988, "y": 0.5347376465797424, "z": -0.5710875391960144, "visibility": 0.9999476671218872, "presence": 0.9999978542327881}, "right eye (inner)": {"x": 0.7195109128952026, "y": 0.5349812507629395, "z": -0.5735270380973816, "visibility": 0.9999536871910095, "presence": 0.9999982118606567}, "right eye": {"x": 0.7166782021522522, "y": 0.53481125831604, "z": -0.573789656162262, "visibility": 0.99994957447052, "presence": 0.9999982118606567}, "right eye (outer)": {"x": 0.7140597701072693, "y": 0.5346726775169373, "z": -0.5739396214485168, "visibility": 0.9999552965164185, "presence": 0.9999969005584717}, "left ear": {"x": 0.7462574243545532, "y": 0.5351411700248718, "z": -0.46877968311309814, "visibility": 0.9999441504478455, "presence": 0.9999971389770508}, "right ear": {"x": 0.7139883041381836, "y": 0.5362219214439392, "z": -0.4867722690105438, "visibility": 0.9997833967208862, "presence": 0.9999949932098389}, "mouth (left)": {"x": 0.7311058640480042, "y": 0.5463486313819885, "z": -0.5347296595573425, "visibility": 0.999916672706604, "presence": 0.9999969005584717}, "mouth (right)": {"x": 0.7195695638656616, "y": 0.5464259386062622, "z": -0.5408320426940918, "visibility": 0.9998883008956909, "presence": 0.999993085861206}, "left shoulder": {"x": 0.7830959558486938, "y": 0.5524725914001465, "z": -0.37362030148506165, "visibility": 0.9999785423278809, "presence": 0.9999842643737793}, "right shoulder": {"x": 0.6986644864082336, "y": 0.5623340606689453, "z": -0.352721631526947, "visibility": 0.9999444484710693, "presence": 0.9999693632125854}, "left elbow": {"x": 0.8088640570640564, "y": 0.5897182822227478, "z": -0.5301712155342102, "visibility": 0.9151166677474976, "presence": 0.9982467889785767}, "right elbow": {"x": 0.6852279901504517, "y": 0.5815919637680054, "z": -0.5238001346588135, "visibility": 0.7236075401306152, "presence": 0.9982181191444397}, "left wrist": {"x": 0.7650587558746338, "y": 0.5751511454582214, "z": -0.7426446676254272, "visibility": 0.8276594281196594, "presence": 0.9999058246612549}, "right wrist": {"x": 0.726624071598053, "y": 0.5810133814811707, "z": -0.7666770815849304, "visibility": 0.5948724150657654, "presence": 0.9990013241767883}, "left pinky": {"x": 0.7531989216804504, "y": 0.5729816555976868, "z": -0.7983903884887695, "visibility": 0.7871600985527039, "presence": 0.9998883008956909}, "right pinky": {"x": 0.736553430557251, "y": 0.5765185356140137, "z": -0.8281822800636292, "visibility": 0.5589138865470886, "presence": 0.9986990690231323}, "left index": {"x": 0.7540913820266724, "y": 0.5668548345565796, "z": -0.7969374656677246, "visibility": 0.7705444693565369, "presence": 0.9999251365661621}, "right index": {"x": 0.7391743063926697, "y": 0.5701231956481934, "z": -0.8184574842453003, "visibility": 0.5530951619148254, "presence": 0.9991797804832458}, "left thumb": {"x": 0.7555586099624634, "y": 0.5686148405075073, "z": -0.7462637424468994, "visibility": 0.6533611416816711, "presence": 0.9999431371688843}, "right thumb": {"x": 0.7395991683006287, "y": 0.5734490752220154, "z": -0.7693547606468201, "visibility": 0.5070254802703857, "presence": 0.9994439482688904}, "left hip": {"x": 0.7810449600219727, "y": 0.6087766885757446, "z": -0.009538860060274601, "visibility": 0.9993651509284973, "presence": 0.9999750852584839}, "right hip": {"x": 0.7336480021476746, "y": 0.6111575365066528, "z": 0.00927591510117054, "visibility": 0.9990596175193787, "presence": 0.9999661445617676}, "left knee": {"x": 0.8369233012199402, "y": 0.6424551010131836, "z": -0.25749069452285767, "visibility": 0.6312866806983948, "presence": 0.9997434020042419}, "right knee": {"x": 0.6833465099334717, "y": 0.6296964883804321, "z": -0.0782960057258606, "visibility": 0.14213469624519348, "presence": 0.9994094371795654}, "left ankle": {"x": 0.87589430809021, "y": 0.6910690069198608, "z": -0.09223350882530212, "visibility": 0.5275933742523193, "presence": 0.9991614818572998}, "right ankle": {"x": 0.6793960928916931, "y": 0.6686314344406128, "z": 0.14378266036510468, "visibility": 0.11917213350534439, "presence": 0.9984844326972961}, "left heel": {"x": 0.8743630051612854, "y": 0.6983116269111633, "z": -0.08277301490306854, "visibility": 0.32033681869506836, "presence": 0.9974379539489746}, "right heel": {"x": 0.688768744468689, "y": 0.6776466965675354, "z": 0.15970073640346527, "visibility": 0.08083675056695938, "presence": 0.9988046884536743}, "left foot index": {"x": 0.8973862528800964, "y": 0.7076197862625122, "z": -0.20677144825458527, "visibility": 0.5403617024421692, "presence": 0.9966482520103455}, "right foot index": {"x": 0.6583327054977417, "y": 0.6817346215248108, "z": 0.06085607036948204, "visibility": 0.11266925185918808, "presence": 0.9978652596473694}, "timestamp": "20240418-205326"}