{"nose": {"x": 0.7361258864402771, "y": 0.503020167350769, "z": -0.2956850826740265, "visibility": 0.9998447299003601, "presence": 0.9999995231628418}, "left eye (inner)": {"x": 0.7447491884231567, "y": 0.49716323614120483, "z": -0.2857956290245056, "visibility": 0.999564528465271, "presence": 0.9999991655349731}, "left eye": {"x": 0.7495618462562561, "y": 0.4971883296966553, "z": -0.2861441373825073, "visibility": 0.9995343089103699, "presence": 0.9999992847442627}, "left eye (outer)": {"x": 0.753698468208313, "y": 0.49736714363098145, "z": -0.2860758304595947, "visibility": 0.9995795488357544, "presence": 0.9999991655349731}, "right eye (inner)": {"x": 0.7358065843582153, "y": 0.49731603264808655, "z": -0.27511066198349, "visibility": 0.9996196031570435, "presence": 0.9999985694885254}, "right eye": {"x": 0.733788788318634, "y": 0.4972219467163086, "z": -0.27535340189933777, "visibility": 0.9997089505195618, "presence": 0.9999984502792358}, "right eye (outer)": {"x": 0.7320791482925415, "y": 0.4970204830169678, "z": -0.2754639685153961, "visibility": 0.9996538162231445, "presence": 0.9999978542327881}, "left ear": {"x": 0.7641992568969727, "y": 0.4995078146457672, "z": -0.20291805267333984, "visibility": 0.9997101426124573, "presence": 0.9999991655349731}, "right ear": {"x": 0.7359387874603271, "y": 0.4983646273612976, "z": -0.15380480885505676, "visibility": 0.9990798234939575, "presence": 0.9999958276748657}, "mouth (left)": {"x": 0.7432931661605835, "y": 0.5083268880844116, "z": -0.2619546949863434, "visibility": 0.9997236132621765, "presence": 0.9999986886978149}, "mouth (right)": {"x": 0.7333278059959412, "y": 0.5075722932815552, "z": -0.24922682344913483, "visibility": 0.999711811542511, "presence": 0.9999951124191284}, "left shoulder": {"x": 0.7981716394424438, "y": 0.523479700088501, "z": -0.1651741862297058, "visibility": 0.9999743700027466, "presence": 0.9999985694885254}, "right shoulder": {"x": 0.7103697657585144, "y": 0.5246828198432922, "z": -0.05481695011258125, "visibility": 0.9998522996902466, "presence": 0.9999487400054932}, "left elbow": {"x": 0.8144902586936951, "y": 0.5583318471908569, "z": -0.19905327260494232, "visibility": 0.896793782711029, "presence": 0.9999194145202637}, "right elbow": {"x": 0.6538327932357788, "y": 0.5422862768173218, "z": -0.159724622964859, "visibility": 0.8445387482643127, "presence": 0.9993269443511963}, "left wrist": {"x": 0.8044193983078003, "y": 0.5822488069534302, "z": -0.31743478775024414, "visibility": 0.8794896006584167, "presence": 0.9999935626983643}, "right wrist": {"x": 0.6156631708145142, "y": 0.5399051308631897, "z": -0.4039500057697296, "visibility": 0.8273153305053711, "presence": 0.9999412298202515}, "left pinky": {"x": 0.8043436408042908, "y": 0.591211199760437, "z": -0.3676881194114685, "visibility": 0.8578256964683533, "presence": 0.9999855756759644}, "right pinky": {"x": 0.6008399128913879, "y": 0.5327579975128174, "z": -0.4610461890697479, "visibility": 0.799388587474823, "presence": 0.9999064207077026}, "left index": {"x": 0.7981633543968201, "y": 0.5893721580505371, "z": -0.38321036100387573, "visibility": 0.8559820055961609, "presence": 0.9999880790710449}, "right index": {"x": 0.6025871634483337, "y": 0.530467689037323, "z": -0.479766845703125, "visibility": 0.800551176071167, "presence": 0.9999381303787231}, "left thumb": {"x": 0.7968782782554626, "y": 0.5863954424858093, "z": -0.3261454403400421, "visibility": 0.7957586646080017, "presence": 0.9999923706054688}, "right thumb": {"x": 0.6085811257362366, "y": 0.5334882140159607, "z": -0.4214608371257782, "visibility": 0.7599613070487976, "presence": 0.9999654293060303}, "left hip": {"x": 0.7937292456626892, "y": 0.6008099317550659, "z": -0.030359424650669098, "visibility": 0.9996868968009949, "presence": 0.9999785423278809}, "right hip": {"x": 0.7433806657791138, "y": 0.6022675633430481, "z": 0.030068175867199898, "visibility": 0.9994701743125916, "presence": 0.9999352693557739}, "left knee": {"x": 0.8324962854385376, "y": 0.6491832733154297, "z": -0.049249231815338135, "visibility": 0.7484200596809387, "presence": 0.9996389150619507}, "right knee": {"x": 0.7088549733161926, "y": 0.6266831755638123, "z": 0.11518225073814392, "visibility": 0.41038307547569275, "presence": 0.9980167150497437}, "left ankle": {"x": 0.8866920471191406, "y": 0.6954257488250732, "z": 0.017980586737394333, "visibility": 0.65396648645401, "presence": 0.9985212683677673}, "right ankle": {"x": 0.6883513927459717, "y": 0.6641107797622681, "z": 0.3688172996044159, "visibility": 0.3272598087787628, "presence": 0.9979246854782104}, "left heel": {"x": 0.8866909742355347, "y": 0.7013545036315918, "z": 0.02111103944480419, "visibility": 0.4150243103504181, "presence": 0.9953539371490479}, "right heel": {"x": 0.6925917863845825, "y": 0.6706751585006714, "z": 0.3901473581790924, "visibility": 0.1818377673625946, "presence": 0.9986948370933533}, "left foot index": {"x": 0.9056684970855713, "y": 0.7102763056755066, "z": -0.10046941787004471, "visibility": 0.6491150259971619, "presence": 0.993044912815094}, "right foot index": {"x": 0.6675785779953003, "y": 0.6770674586296082, "z": 0.33120298385620117, "visibility": 0.31228041648864746, "presence": 0.9974768757820129}, "timestamp": "20240418-205328"}