{"nose": {"x": 0.7327617406845093, "y": 0.4937933087348938, "z": -0.386828750371933, "visibility": 0.9999706745147705, "presence": 0.9999947547912598}, "left eye (inner)": {"x": 0.7400184869766235, "y": 0.4875738024711609, "z": -0.3815527558326721, "visibility": 0.9999347925186157, "presence": 0.9999878406524658}, "left eye": {"x": 0.745035707950592, "y": 0.4872344434261322, "z": -0.3818649649620056, "visibility": 0.9999181032180786, "presence": 0.9999890327453613}, "left eye (outer)": {"x": 0.749596893787384, "y": 0.4870888292789459, "z": -0.3817928731441498, "visibility": 0.9999330639839172, "presence": 0.9999834299087524}, "right eye (inner)": {"x": 0.7307494878768921, "y": 0.4882493019104004, "z": -0.37099796533584595, "visibility": 0.9999368190765381, "presence": 0.9999806880950928}, "right eye": {"x": 0.7290789484977722, "y": 0.4881836771965027, "z": -0.3712681233882904, "visibility": 0.9999370574951172, "presence": 0.9999814033508301}, "right eye (outer)": {"x": 0.727292537689209, "y": 0.4880955219268799, "z": -0.3714416027069092, "visibility": 0.999934732913971, "presence": 0.9999740123748779}, "left ear": {"x": 0.7616227269172668, "y": 0.487934410572052, "z": -0.2921094596385956, "visibility": 0.9999361038208008, "presence": 0.9999841451644897}, "right ear": {"x": 0.731558084487915, "y": 0.4891502857208252, "z": -0.2431216537952423, "visibility": 0.9997652173042297, "presence": 0.9999645948410034}, "mouth (left)": {"x": 0.7426004409790039, "y": 0.4989319443702698, "z": -0.3477714955806732, "visibility": 0.9999338388442993, "presence": 0.9999920129776001}, "mouth (right)": {"x": 0.7323837280273438, "y": 0.4987557828426361, "z": -0.335188090801239, "visibility": 0.9999065399169922, "presence": 0.9999768733978271}, "left shoulder": {"x": 0.8027551174163818, "y": 0.5083094835281372, "z": -0.21821042895317078, "visibility": 0.9999752044677734, "presence": 0.9999922513961792}, "right shoulder": {"x": 0.7189455628395081, "y": 0.5165035724639893, "z": -0.12696795165538788, "visibility": 0.9998890161514282, "presence": 0.9999492168426514}, "left elbow": {"x": 0.8249104022979736, "y": 0.5467972159385681, "z": -0.3373959958553314, "visibility": 0.8687356114387512, "presence": 0.9987049102783203}, "right elbow": {"x": 0.6848013997077942, "y": 0.5501948595046997, "z": -0.23998567461967468, "visibility": 0.6090561151504517, "presence": 0.9979800581932068}, "left wrist": {"x": 0.777708113193512, "y": 0.5297936201095581, "z": -0.5507781505584717, "visibility": 0.9302675127983093, "presence": 0.9999850988388062}, "right wrist": {"x": 0.6740928292274475, "y": 0.5367605090141296, "z": -0.516959547996521, "visibility": 0.8777348399162292, "presence": 0.9998133778572083}, "left pinky": {"x": 0.7651086449623108, "y": 0.5263582468032837, "z": -0.6083060503005981, "visibility": 0.9371349811553955, "presence": 0.9999816417694092}, "right pinky": {"x": 0.6671654582023621, "y": 0.5327061414718628, "z": -0.5794644951820374, "visibility": 0.8960404396057129, "presence": 0.9998067021369934}, "left index": {"x": 0.7653467655181885, "y": 0.5196473598480225, "z": -0.6145579218864441, "visibility": 0.9396455883979797, "presence": 0.9999887943267822}, "right index": {"x": 0.6726232767105103, "y": 0.5277661681175232, "z": -0.5868579149246216, "visibility": 0.9005083441734314, "presence": 0.9998925924301147}, "left thumb": {"x": 0.765912652015686, "y": 0.5215762853622437, "z": -0.5569314956665039, "visibility": 0.8738929033279419, "presence": 0.9999915361404419}, "right thumb": {"x": 0.6780475378036499, "y": 0.5288437604904175, "z": -0.5289719700813293, "visibility": 0.8543993234634399, "presence": 0.9999293088912964}, "left hip": {"x": 0.8075016736984253, "y": 0.5799866914749146, "z": -0.03239685297012329, "visibility": 0.9986903071403503, "presence": 0.9998735189437866}, "right hip": {"x": 0.7525199055671692, "y": 0.5796789526939392, "z": 0.03214037045836449, "visibility": 0.9976499676704407, "presence": 0.9998350143432617}, "left knee": {"x": 0.8553938865661621, "y": 0.6352065801620483, "z": -0.10707509517669678, "visibility": 0.498477578163147, "presence": 0.9976492524147034}, "right knee": {"x": 0.6991705298423767, "y": 0.6096063256263733, "z": 0.039266783744096756, "visibility": 0.13438348472118378, "presence": 0.9907341003417969}, "left ankle": {"x": 0.9074241518974304, "y": 0.6862363815307617, "z": -0.0691082775592804, "visibility": 0.5538150072097778, "presence": 0.9928398132324219}, "right ankle": {"x": 0.6984456181526184, "y": 0.6455198526382446, "z": 0.23860393464565277, "visibility": 0.0964205339550972, "presence": 0.994361400604248}, "left heel": {"x": 0.9082262516021729, "y": 0.6931354403495789, "z": -0.07236109673976898, "visibility": 0.27332639694213867, "presence": 0.9768673181533813}, "right heel": {"x": 0.7074198126792908, "y": 0.6520794630050659, "z": 0.2536953091621399, "visibility": 0.07423263788223267, "presence": 0.9960177540779114}, "left foot index": {"x": 0.918674647808075, "y": 0.7030519247055054, "z": -0.21213912963867188, "visibility": 0.5902055501937866, "presence": 0.970092236995697}, "right foot index": {"x": 0.68055260181427, "y": 0.6596540808677673, "z": 0.17386604845523834, "visibility": 0.10806488245725632, "presence": 0.99247145652771}, "timestamp": "20240418-205348"}