{"nose": {"x": 0.6812267303466797, "y": 0.4857810437679291, "z": -0.34482836723327637, "visibility": 0.999937117099762, "presence": 1.0}, "left eye (inner)": {"x": 0.6890648603439331, "y": 0.47988662123680115, "z": -0.34208083152770996, "visibility": 0.999850869178772, "presence": 0.9999998807907104}, "left eye": {"x": 0.6939778327941895, "y": 0.4797343611717224, "z": -0.3424130380153656, "visibility": 0.999821126461029, "presence": 0.9999998807907104}, "left eye (outer)": {"x": 0.6988803744316101, "y": 0.47964414954185486, "z": -0.3423152267932892, "visibility": 0.9998580813407898, "presence": 0.9999998807907104}, "right eye (inner)": {"x": 0.6812630295753479, "y": 0.4801419675350189, "z": -0.32731008529663086, "visibility": 0.9998787641525269, "presence": 0.9999997615814209}, "right eye": {"x": 0.6800121068954468, "y": 0.4800735414028168, "z": -0.3275805711746216, "visibility": 0.999894380569458, "presence": 0.9999997615814209}, "right eye (outer)": {"x": 0.6788240075111389, "y": 0.4798874258995056, "z": -0.32765671610832214, "visibility": 0.9998989701271057, "presence": 0.9999995231628418}, "left ear": {"x": 0.7118018269538879, "y": 0.48080721497535706, "z": -0.2756572365760803, "visibility": 0.9998870491981506, "presence": 0.9999998807907104}, "right ear": {"x": 0.6843175888061523, "y": 0.4809653162956238, "z": -0.20139344036579132, "visibility": 0.9996407628059387, "presence": 0.9999992847442627}, "mouth (left)": {"x": 0.6885924339294434, "y": 0.49051451683044434, "z": -0.3125753700733185, "visibility": 0.9999068379402161, "presence": 0.9999998807907104}, "mouth (right)": {"x": 0.6805847883224487, "y": 0.4899136424064636, "z": -0.294381320476532, "visibility": 0.9999076724052429, "presence": 0.9999996423721313}, "left shoulder": {"x": 0.7508522868156433, "y": 0.5039952993392944, "z": -0.2184608429670334, "visibility": 0.999987006187439, "presence": 0.9999998807907104}, "right shoulder": {"x": 0.664592981338501, "y": 0.5100538730621338, "z": -0.08862634003162384, "visibility": 0.9999408721923828, "presence": 0.999997615814209}, "left elbow": {"x": 0.782795786857605, "y": 0.5423256158828735, "z": -0.31212061643600464, "visibility": 0.867336630821228, "presence": 0.9999661445617676}, "right elbow": {"x": 0.6220422387123108, "y": 0.5435099601745605, "z": -0.18554285168647766, "visibility": 0.7562605738639832, "presence": 0.9998533725738525}, "left wrist": {"x": 0.7429897785186768, "y": 0.5378843545913696, "z": -0.49385955929756165, "visibility": 0.9041028618812561, "presence": 0.9999996423721313}, "right wrist": {"x": 0.6081998348236084, "y": 0.5335112810134888, "z": -0.44166526198387146, "visibility": 0.8767920732498169, "presence": 0.9999762773513794}, "left pinky": {"x": 0.7291883826255798, "y": 0.5380825996398926, "z": -0.5504478812217712, "visibility": 0.9050993919372559, "presence": 0.9999995231628418}, "right pinky": {"x": 0.6003488302230835, "y": 0.5285331010818481, "z": -0.4978824257850647, "visibility": 0.8703346252441406, "presence": 0.9999758005142212}, "left index": {"x": 0.7298216223716736, "y": 0.5311647653579712, "z": -0.5546262860298157, "visibility": 0.9035306572914124, "presence": 0.9999996423721313}, "right index": {"x": 0.6060919165611267, "y": 0.5231770873069763, "z": -0.5075670480728149, "visibility": 0.8723768591880798, "presence": 0.9999852180480957}, "left thumb": {"x": 0.7323450446128845, "y": 0.5319887399673462, "z": -0.4981439411640167, "visibility": 0.8119462132453918, "presence": 0.9999997615814209}, "right thumb": {"x": 0.6107706427574158, "y": 0.5253536701202393, "z": -0.45420709252357483, "visibility": 0.8134922385215759, "presence": 0.9999896287918091}, "left hip": {"x": 0.7554207444190979, "y": 0.5816993713378906, "z": -0.03811502084136009, "visibility": 0.9995816946029663, "presence": 0.9999994039535522}, "right hip": {"x": 0.7015154361724854, "y": 0.5786678194999695, "z": 0.03780292347073555, "visibility": 0.9992551207542419, "presence": 0.9999983310699463}, "left knee": {"x": 0.8036498427391052, "y": 0.6340490579605103, "z": -0.1558365374803543, "visibility": 0.7046347856521606, "presence": 0.9999982118606567}, "right knee": {"x": 0.6529503464698792, "y": 0.5624750852584839, "z": 0.2196352183818817, "visibility": 0.2973671555519104, "presence": 0.9999855756759644}, "left ankle": {"x": 0.8538986444473267, "y": 0.6873753666877747, "z": -0.13511674106121063, "visibility": 0.68440181016922, "presence": 0.9999812841415405}, "right ankle": {"x": 0.6167357563972473, "y": 0.5346380472183228, "z": 0.43508902192115784, "visibility": 0.23802094161510468, "presence": 0.999992847442627}, "left heel": {"x": 0.8536838293075562, "y": 0.6946704387664795, "z": -0.14000341296195984, "visibility": 0.5069079399108887, "presence": 0.9998829364776611}, "right heel": {"x": 0.6146332025527954, "y": 0.5404325723648071, "z": 0.45307743549346924, "visibility": 0.1647416353225708, "presence": 0.9999954700469971}, "left foot index": {"x": 0.8718592524528503, "y": 0.7041262984275818, "z": -0.27395355701446533, "visibility": 0.7218108773231506, "presence": 0.9998785257339478}, "right foot index": {"x": 0.5992913842201233, "y": 0.5135001540184021, "z": 0.42072194814682007, "visibility": 0.2553960084915161, "presence": 0.999991774559021}, "timestamp": "20240418-205323"}