{"nose": {"x": 0.5699886083602905, "y": 0.47872194647789, "z": -0.2898685336112976, "visibility": 0.9998922944068909, "presence": 0.9999995231628418}, "left eye (inner)": {"x": 0.575786292552948, "y": 0.4702591300010681, "z": -0.28316447138786316, "visibility": 0.9997822046279907, "presence": 0.9999992847442627}, "left eye": {"x": 0.579963743686676, "y": 0.46996134519577026, "z": -0.2836993336677551, "visibility": 0.9997090101242065, "presence": 0.9999995231628418}, "left eye (outer)": {"x": 0.585082471370697, "y": 0.4697421193122864, "z": -0.2835613787174225, "visibility": 0.9997912645339966, "presence": 0.9999992847442627}, "right eye (inner)": {"x": 0.5706690549850464, "y": 0.4704059958457947, "z": -0.2687992453575134, "visibility": 0.9998138546943665, "presence": 0.9999988079071045}, "right eye": {"x": 0.5699692368507385, "y": 0.47025519609451294, "z": -0.2691073715686798, "visibility": 0.9998098611831665, "presence": 0.9999988079071045}, "right eye (outer)": {"x": 0.5690774917602539, "y": 0.4700343608856201, "z": -0.26921314001083374, "visibility": 0.9998364448547363, "presence": 0.9999984502792358}, "left ear": {"x": 0.6074714660644531, "y": 0.4701440930366516, "z": -0.2597768306732178, "visibility": 0.9997977614402771, "presence": 0.9999995231628418}, "right ear": {"x": 0.5821917653083801, "y": 0.47077760100364685, "z": -0.11748379468917847, "visibility": 0.9993923902511597, "presence": 0.9999978542327881}, "mouth (left)": {"x": 0.5813655257225037, "y": 0.48439154028892517, "z": -0.2562355697154999, "visibility": 0.999845564365387, "presence": 0.9999996423721313}, "mouth (right)": {"x": 0.5748265385627747, "y": 0.4847295880317688, "z": -0.23677821457386017, "visibility": 0.9998274445533752, "presence": 0.9999985694885254}, "left shoulder": {"x": 0.6624227166175842, "y": 0.49680405855178833, "z": -0.2557232677936554, "visibility": 0.9999867081642151, "presence": 0.9999992847442627}, "right shoulder": {"x": 0.5719184875488281, "y": 0.508466362953186, "z": 0.030722565948963165, "visibility": 0.999945878982544, "presence": 0.999991774559021}, "left elbow": {"x": 0.692809522151947, "y": 0.5480087995529175, "z": -0.4250548481941223, "visibility": 0.9543185234069824, "presence": 0.9999092817306519}, "right elbow": {"x": 0.5395230054855347, "y": 0.5457718372344971, "z": -0.08463143557310104, "visibility": 0.8602002859115601, "presence": 0.9998375177383423}, "left wrist": {"x": 0.6268124580383301, "y": 0.5410443544387817, "z": -0.6579077243804932, "visibility": 0.9629332423210144, "presence": 0.9999988079071045}, "right wrist": {"x": 0.4983414113521576, "y": 0.5393832325935364, "z": -0.43452271819114685, "visibility": 0.9314404129981995, "presence": 0.9999814033508301}, "left pinky": {"x": 0.6093982458114624, "y": 0.5401123762130737, "z": -0.7341931462287903, "visibility": 0.957066535949707, "presence": 0.9999985694885254}, "right pinky": {"x": 0.4798559546470642, "y": 0.5338106751441956, "z": -0.5019674301147461, "visibility": 0.9255084991455078, "presence": 0.9999816417694092}, "left index": {"x": 0.6065370440483093, "y": 0.532138466835022, "z": -0.7355563044548035, "visibility": 0.9562466144561768, "presence": 0.999998927116394}, "right index": {"x": 0.48289671540260315, "y": 0.5285013318061829, "z": -0.5218527913093567, "visibility": 0.9252184629440308, "presence": 0.9999847412109375}, "left thumb": {"x": 0.6093379855155945, "y": 0.5335713028907776, "z": -0.6620579361915588, "visibility": 0.9255006909370422, "presence": 0.9999991655349731}, "right thumb": {"x": 0.49184557795524597, "y": 0.5314483642578125, "z": -0.4554453194141388, "visibility": 0.9071826338768005, "presence": 0.9999903440475464}, "left hip": {"x": 0.6844754815101624, "y": 0.5918763875961304, "z": -0.0934891477227211, "visibility": 0.9997221231460571, "presence": 0.9999936819076538}, "right hip": {"x": 0.6224362254142761, "y": 0.5919312834739685, "z": 0.09314677119255066, "visibility": 0.9995364546775818, "presence": 0.9999911785125732}, "left knee": {"x": 0.7095349431037903, "y": 0.662377119064331, "z": -0.28838875889778137, "visibility": 0.8069277405738831, "presence": 0.9999809265136719}, "right knee": {"x": 0.5549301505088806, "y": 0.6391357779502869, "z": 0.30283117294311523, "visibility": 0.5786174535751343, "presence": 0.9999067783355713}, "left ankle": {"x": 0.7746425867080688, "y": 0.7285624146461487, "z": -0.24026794731616974, "visibility": 0.7849953770637512, "presence": 0.9999289512634277}, "right ankle": {"x": 0.5119460821151733, "y": 0.6913226842880249, "z": 0.6534655690193176, "visibility": 0.5500070452690125, "presence": 0.999848484992981}, "left heel": {"x": 0.7802726626396179, "y": 0.734760582447052, "z": -0.24413147568702698, "visibility": 0.6603406667709351, "presence": 0.9997302889823914}, "right heel": {"x": 0.5200087428092957, "y": 0.7024070024490356, "z": 0.6816455721855164, "visibility": 0.47179409861564636, "presence": 0.9999055862426758}, "left foot index": {"x": 0.7817889451980591, "y": 0.7546752691268921, "z": -0.4263404905796051, "visibility": 0.7956528067588806, "presence": 0.9996212720870972}, "right foot index": {"x": 0.4647744596004486, "y": 0.7012776732444763, "z": 0.5836479663848877, "visibility": 0.553196907043457, "presence": 0.999691367149353}, "timestamp": "20240418-205354"}