{"nose": {"x": 0.4001637399196625, "y": 0.12324782460927963, "z": -0.15677101910114288, "visibility": 0.9999568462371826, "presence": 0.999971866607666}, "left eye (inner)": {"x": 0.39507824182510376, "y": 0.0992480143904686, "z": -0.14467869699001312, "visibility": 0.9999381303787231, "presence": 0.9999749660491943}, "left eye": {"x": 0.39367109537124634, "y": 0.09756624698638916, "z": -0.1450088918209076, "visibility": 0.9999471306800842, "presence": 0.9999834299087524}, "left eye (outer)": {"x": 0.3923904597759247, "y": 0.09624412655830383, "z": -0.14501461386680603, "visibility": 0.9999620914459229, "presence": 0.9999854564666748}, "right eye (inner)": {"x": 0.3932601809501648, "y": 0.1002793237566948, "z": -0.17583224177360535, "visibility": 0.999967098236084, "presence": 0.9999468326568604}, "right eye": {"x": 0.3904145658016205, "y": 0.09925149381160736, "z": -0.17605292797088623, "visibility": 0.9999746084213257, "presence": 0.9999535083770752}, "right eye (outer)": {"x": 0.38783133029937744, "y": 0.09836076945066452, "z": -0.1761731207370758, "visibility": 0.9999760985374451, "presence": 0.9999425411224365}, "left ear": {"x": 0.37377235293388367, "y": 0.09995260089635849, "z": -0.07369154691696167, "visibility": 0.9999736547470093, "presence": 0.9999923706054688}, "right ear": {"x": 0.36741694808006287, "y": 0.09989330172538757, "z": -0.2146959751844406, "visibility": 0.999939501285553, "presence": 0.9999333620071411}, "mouth (left)": {"x": 0.39232534170150757, "y": 0.1394469439983368, "z": -0.12549132108688354, "visibility": 0.9999445676803589, "presence": 0.9999967813491821}, "mouth (right)": {"x": 0.38896602392196655, "y": 0.13927006721496582, "z": -0.1683347523212433, "visibility": 0.9999552369117737, "presence": 0.9999892711639404}, "left shoulder": {"x": 0.3721522092819214, "y": 0.19179217517375946, "z": 0.027456456795334816, "visibility": 0.9999873638153076, "presence": 0.9999998807907104}, "right shoulder": {"x": 0.3167279362678528, "y": 0.19344516098499298, "z": -0.2620096802711487, "visibility": 0.9999833703041077, "presence": 0.9999945163726807}, "left elbow": {"x": 0.40312522649765015, "y": 0.2943858802318573, "z": 0.08993925154209137, "visibility": 0.6181569695472717, "presence": 0.9999980926513672}, "right elbow": {"x": 0.3121175169944763, "y": 0.3340875804424286, "z": -0.3465009331703186, "visibility": 0.9943763017654419, "presence": 0.9997929930686951}, "left wrist": {"x": 0.460796982049942, "y": 0.3190871775150299, "z": 0.05850251391530037, "visibility": 0.7375128269195557, "presence": 0.9999960660934448}, "right wrist": {"x": 0.3955998420715332, "y": 0.358168363571167, "z": -0.42286643385887146, "visibility": 0.9807440638542175, "presence": 0.9999849796295166}, "left pinky": {"x": 0.4772656559944153, "y": 0.3315539062023163, "z": 0.07086871564388275, "visibility": 0.7328928709030151, "presence": 0.9999852180480957}, "right pinky": {"x": 0.41617441177368164, "y": 0.37649452686309814, "z": -0.47210192680358887, "visibility": 0.9777297377586365, "presence": 0.9999812841415405}, "left index": {"x": 0.4789612293243408, "y": 0.31934428215026855, "z": 0.07208488136529922, "visibility": 0.7415360808372498, "presence": 0.9999819993972778}, "right index": {"x": 0.4176114499568939, "y": 0.35594508051872253, "z": -0.46176666021347046, "visibility": 0.9759952425956726, "presence": 0.9999831914901733}, "left thumb": {"x": 0.4708483815193176, "y": 0.31475576758384705, "z": 0.05299212411046028, "visibility": 0.7245616316795349, "presence": 0.9999912977218628}, "right thumb": {"x": 0.41294440627098083, "y": 0.34804099798202515, "z": -0.4222659170627594, "visibility": 0.9527925252914429, "presence": 0.9999899864196777}, "left hip": {"x": 0.2994469702243805, "y": 0.42713308334350586, "z": 0.10113747417926788, "visibility": 0.9999808669090271, "presence": 0.9999991655349731}, "right hip": {"x": 0.26253268122673035, "y": 0.4212545156478882, "z": -0.10093267261981964, "visibility": 0.9999861121177673, "presence": 0.9999971389770508}, "left knee": {"x": 0.35127633810043335, "y": 0.5768933892250061, "z": 0.28602704405784607, "visibility": 0.48836931586265564, "presence": 0.9999932050704956}, "right knee": {"x": 0.26722270250320435, "y": 0.6214457154273987, "z": -0.25907349586486816, "visibility": 0.9990057945251465, "presence": 0.9999958276748657}, "left ankle": {"x": 0.34608402848243713, "y": 0.7436402440071106, "z": 0.4850027561187744, "visibility": 0.8243554830551147, "presence": 0.9999758005142212}, "right ankle": {"x": 0.23811125755310059, "y": 0.8471947312355042, "z": -0.31202077865600586, "visibility": 0.9991196393966675, "presence": 0.999951958656311}, "left heel": {"x": 0.33306756615638733, "y": 0.7783010005950928, "z": 0.49866366386413574, "visibility": 0.819890022277832, "presence": 0.9999420642852783}, "right heel": {"x": 0.21924170851707458, "y": 0.8854737877845764, "z": -0.3196890950202942, "visibility": 0.9910911321640015, "presence": 0.9998745918273926}, "left foot index": {"x": 0.39029720425605774, "y": 0.7779512405395508, "z": 0.4669107496738434, "visibility": 0.9218561053276062, "presence": 0.9999306201934814}, "right foot index": {"x": 0.2789859175682068, "y": 0.9169287085533142, "z": -0.4222218990325928, "visibility": 0.9986688494682312, "presence": 0.9993869066238403}, "timestamp": "20240418-205251"}