{"nose": {"x": 0.3803437352180481, "y": 0.25743186473846436, "z": -0.28197112679481506, "visibility": 0.9999271631240845, "presence": 0.9999840259552002}, "left eye (inner)": {"x": 0.37736499309539795, "y": 0.23708030581474304, "z": -0.2726166844367981, "visibility": 0.9998859167098999, "presence": 0.9999827146530151}, "left eye": {"x": 0.37640464305877686, "y": 0.23508623242378235, "z": -0.27293723821640015, "visibility": 0.9998971223831177, "presence": 0.9999874830245972}, "left eye (outer)": {"x": 0.3754589259624481, "y": 0.23332686722278595, "z": -0.2729261815547943, "visibility": 0.9999254941940308, "presence": 0.9999868869781494}, "right eye (inner)": {"x": 0.3752066195011139, "y": 0.2384173572063446, "z": -0.3034314513206482, "visibility": 0.999934732913971, "presence": 0.9999724626541138}, "right eye": {"x": 0.3726297914981842, "y": 0.23746158182621002, "z": -0.30366095900535583, "visibility": 0.9999492764472961, "presence": 0.9999779462814331}, "right eye (outer)": {"x": 0.36944451928138733, "y": 0.23635749518871307, "z": -0.3037770986557007, "visibility": 0.9999542236328125, "presence": 0.9999749660491943}, "left ear": {"x": 0.3601865768432617, "y": 0.23079612851142883, "z": -0.19773392379283905, "visibility": 0.9999396800994873, "presence": 0.9999918937683105}, "right ear": {"x": 0.35181692242622375, "y": 0.23379342257976532, "z": -0.3369187116622925, "visibility": 0.9998915791511536, "presence": 0.9999679327011108}, "mouth (left)": {"x": 0.37321633100509644, "y": 0.2725166380405426, "z": -0.2475513517856598, "visibility": 0.9999297261238098, "presence": 0.9999969005584717}, "mouth (right)": {"x": 0.3707825541496277, "y": 0.2728325426578522, "z": -0.2898491621017456, "visibility": 0.9999460577964783, "presence": 0.9999935626983643}, "left shoulder": {"x": 0.3523760437965393, "y": 0.28973886370658875, "z": -0.07795612514019012, "visibility": 0.999993085861206, "presence": 0.9999997615814209}, "right shoulder": {"x": 0.2906961739063263, "y": 0.3001853823661804, "z": -0.35194486379623413, "visibility": 0.9999948740005493, "presence": 0.9999959468841553}, "left elbow": {"x": 0.4056379199028015, "y": 0.3408045768737793, "z": 0.01709788478910923, "visibility": 0.6871011853218079, "presence": 0.9999984502792358}, "right elbow": {"x": 0.2579917907714844, "y": 0.43594300746917725, "z": -0.4055884778499603, "visibility": 0.9974091053009033, "presence": 0.9998970031738281}, "left wrist": {"x": 0.45524781942367554, "y": 0.4048748016357422, "z": -0.012311000376939774, "visibility": 0.8855468034744263, "presence": 0.9999951124191284}, "right wrist": {"x": 0.3191475570201874, "y": 0.5327820777893066, "z": -0.45382389426231384, "visibility": 0.9950426816940308, "presence": 0.9999794960021973}, "left pinky": {"x": 0.47749266028404236, "y": 0.40096762776374817, "z": -0.015178589150309563, "visibility": 0.8895235061645508, "presence": 0.9999775886535645}, "right pinky": {"x": 0.3322894275188446, "y": 0.5623204708099365, "z": -0.505411684513092, "visibility": 0.9920461177825928, "presence": 0.9999551773071289}, "left index": {"x": 0.4773392081260681, "y": 0.40542247891426086, "z": -0.05560579150915146, "visibility": 0.9000053405761719, "presence": 0.9999724626541138}, "right index": {"x": 0.34267759323120117, "y": 0.553626298904419, "z": -0.5011618733406067, "visibility": 0.99234539270401, "presence": 0.9999641180038452}, "left thumb": {"x": 0.46580958366394043, "y": 0.41215598583221436, "z": -0.028805803507566452, "visibility": 0.8813745975494385, "presence": 0.9999877214431763}, "right thumb": {"x": 0.33967065811157227, "y": 0.543529212474823, "z": -0.4552989602088928, "visibility": 0.9819110035896301, "presence": 0.9999808073043823}, "left hip": {"x": 0.27833428978919983, "y": 0.48878973722457886, "z": 0.09704393148422241, "visibility": 0.9999780654907227, "presence": 0.9999990463256836}, "right hip": {"x": 0.23635002970695496, "y": 0.49864616990089417, "z": -0.096885085105896, "visibility": 0.9999858736991882, "presence": 0.9999970197677612}, "left knee": {"x": 0.3629901111125946, "y": 0.5878984928131104, "z": 0.18677090108394623, "visibility": 0.42132803797721863, "presence": 0.9999974966049194}, "right knee": {"x": 0.28478771448135376, "y": 0.6564517617225647, "z": -0.2401788979768753, "visibility": 0.9987474679946899, "presence": 0.9999973773956299}, "left ankle": {"x": 0.3465593457221985, "y": 0.7506691813468933, "z": 0.3357847332954407, "visibility": 0.7646937370300293, "presence": 0.9999814033508301}, "right ankle": {"x": 0.2315087616443634, "y": 0.8650180101394653, "z": -0.19419285655021667, "visibility": 0.9988755583763123, "presence": 0.9999516010284424}, "left heel": {"x": 0.33312690258026123, "y": 0.7854297161102295, "z": 0.3445892035961151, "visibility": 0.7428621649742126, "presence": 0.9999505281448364}, "right heel": {"x": 0.2145058810710907, "y": 0.9067054986953735, "z": -0.19094105064868927, "visibility": 0.9825951457023621, "presence": 0.9998935461044312}, "left foot index": {"x": 0.3923565447330475, "y": 0.7774518132209778, "z": 0.29862135648727417, "visibility": 0.8857834339141846, "presence": 0.9999297857284546}, "right foot index": {"x": 0.2762373983860016, "y": 0.9125735759735107, "z": -0.27497440576553345, "visibility": 0.9984152913093567, "presence": 0.9996108412742615}, "timestamp": "20240418-205248"}