{"nose": {"x": 0.3710762560367584, "y": 0.19015437364578247, "z": -0.29292553663253784, "visibility": 0.9999620318412781, "presence": 0.9999862909317017}, "left eye (inner)": {"x": 0.3683658540248871, "y": 0.1702239215373993, "z": -0.2809298038482666, "visibility": 0.9999444484710693, "presence": 0.9999877214431763}, "left eye": {"x": 0.3676481246948242, "y": 0.1693398356437683, "z": -0.2812724709510803, "visibility": 0.9999537467956543, "presence": 0.9999916553497314}, "left eye (outer)": {"x": 0.36709004640579224, "y": 0.16848260164260864, "z": -0.28126001358032227, "visibility": 0.9999679327011108, "presence": 0.9999916553497314}, "right eye (inner)": {"x": 0.3654630780220032, "y": 0.16937114298343658, "z": -0.3121815323829651, "visibility": 0.9999699592590332, "presence": 0.99997878074646}, "right eye": {"x": 0.3625384569168091, "y": 0.16835874319076538, "z": -0.3124234080314636, "visibility": 0.9999760389328003, "presence": 0.9999829530715942}, "right eye (outer)": {"x": 0.3592880368232727, "y": 0.16800397634506226, "z": -0.3125557601451874, "visibility": 0.9999774694442749, "presence": 0.9999798536300659}, "left ear": {"x": 0.3505393862724304, "y": 0.16813640296459198, "z": -0.19415314495563507, "visibility": 0.9999774098396301, "presence": 0.9999953508377075}, "right ear": {"x": 0.33955490589141846, "y": 0.16879771649837494, "z": -0.3380178213119507, "visibility": 0.9999378323554993, "presence": 0.9999774694442749}, "mouth (left)": {"x": 0.3635405898094177, "y": 0.20733420550823212, "z": -0.2544412612915039, "visibility": 0.9999592304229736, "presence": 0.999997615814209}, "mouth (right)": {"x": 0.36060431599617004, "y": 0.2073272466659546, "z": -0.2979224920272827, "visibility": 0.9999671578407288, "presence": 0.9999942779541016}, "left shoulder": {"x": 0.35328570008277893, "y": 0.2449301779270172, "z": -0.07402677834033966, "visibility": 0.9999925494194031, "presence": 0.9999998807907104}, "right shoulder": {"x": 0.2834083139896393, "y": 0.2669942378997803, "z": -0.3575947880744934, "visibility": 0.9999894499778748, "presence": 0.9999969005584717}, "left elbow": {"x": 0.372192919254303, "y": 0.3265545964241028, "z": 0.005279821809381247, "visibility": 0.7528151869773865, "presence": 0.9999984502792358}, "right elbow": {"x": 0.2889600098133087, "y": 0.41642168164253235, "z": -0.41460981965065, "visibility": 0.9961752891540527, "presence": 0.9999186992645264}, "left wrist": {"x": 0.41914719343185425, "y": 0.385090172290802, "z": -0.04946566000580788, "visibility": 0.8503961563110352, "presence": 0.9999942779541016}, "right wrist": {"x": 0.3655793070793152, "y": 0.46796175837516785, "z": -0.4629797041416168, "visibility": 0.9883226752281189, "presence": 0.9999685287475586}, "left pinky": {"x": 0.43804389238357544, "y": 0.3888184726238251, "z": -0.055740274488925934, "visibility": 0.841621994972229, "presence": 0.9999791383743286}, "right pinky": {"x": 0.383575975894928, "y": 0.4925645589828491, "z": -0.5158866047859192, "visibility": 0.9840324521064758, "presence": 0.9999513626098633}, "left index": {"x": 0.43798884749412537, "y": 0.38952991366386414, "z": -0.09090153127908707, "visibility": 0.8498315811157227, "presence": 0.9999743700027466}, "right index": {"x": 0.3903374969959259, "y": 0.47942885756492615, "z": -0.511947751045227, "visibility": 0.983741819858551, "presence": 0.9999532699584961}, "left thumb": {"x": 0.42836546897888184, "y": 0.3917093575000763, "z": -0.06431423127651215, "visibility": 0.834655225276947, "presence": 0.9999873638153076}, "right thumb": {"x": 0.3851507008075714, "y": 0.4700793921947479, "z": -0.46419525146484375, "visibility": 0.964836835861206, "presence": 0.9999717473983765}, "left hip": {"x": 0.2862711250782013, "y": 0.4658491909503937, "z": 0.09857997298240662, "visibility": 0.9999808669090271, "presence": 0.9999997615814209}, "right hip": {"x": 0.24017444252967834, "y": 0.47152823209762573, "z": -0.09844271838665009, "visibility": 0.9999850392341614, "presence": 0.9999991655349731}, "left knee": {"x": 0.349213570356369, "y": 0.6074161529541016, "z": 0.2743571102619171, "visibility": 0.4326839745044708, "presence": 0.9999964237213135}, "right knee": {"x": 0.2633129954338074, "y": 0.6471140384674072, "z": -0.2938137948513031, "visibility": 0.9976086616516113, "presence": 0.9999978542327881}, "left ankle": {"x": 0.3389870226383209, "y": 0.7455787658691406, "z": 0.5405202507972717, "visibility": 0.7069166898727417, "presence": 0.9999687671661377}, "right ankle": {"x": 0.22707465291023254, "y": 0.8653051853179932, "z": -0.2988834083080292, "visibility": 0.9982876181602478, "presence": 0.9999628067016602}, "left heel": {"x": 0.32589343190193176, "y": 0.7772776484489441, "z": 0.5615655779838562, "visibility": 0.7147413492202759, "presence": 0.9999279975891113}, "right heel": {"x": 0.2105124294757843, "y": 0.905149519443512, "z": -0.3020985722541809, "visibility": 0.9863699078559875, "presence": 0.9999154806137085}, "left foot index": {"x": 0.38368192315101624, "y": 0.7809534072875977, "z": 0.5204862952232361, "visibility": 0.8563761115074158, "presence": 0.9999198913574219}, "right foot index": {"x": 0.26973584294319153, "y": 0.9196793437004089, "z": -0.4180385172367096, "visibility": 0.9979203343391418, "presence": 0.9996328353881836}, "timestamp": "20240418-205257"}