{"nose": {"x": 0.35522329807281494, "y": 0.1330145299434662, "z": -0.21356387436389923, "visibility": 0.9998915195465088, "presence": 0.9999732971191406}, "left eye (inner)": {"x": 0.3516424298286438, "y": 0.11144018173217773, "z": -0.20308470726013184, "visibility": 0.9998315572738647, "presence": 0.9999690055847168}, "left eye": {"x": 0.3512398302555084, "y": 0.11031443625688553, "z": -0.2034175843000412, "visibility": 0.9998460412025452, "presence": 0.9999769926071167}, "left eye (outer)": {"x": 0.3511451482772827, "y": 0.10918810218572617, "z": -0.20341737568378448, "visibility": 0.9998853802680969, "presence": 0.9999771118164062}, "right eye (inner)": {"x": 0.34898051619529724, "y": 0.11143174767494202, "z": -0.22782263159751892, "visibility": 0.999899685382843, "presence": 0.9999468326568604}, "right eye": {"x": 0.34635427594184875, "y": 0.111054427921772, "z": -0.2280724048614502, "visibility": 0.9999228119850159, "presence": 0.9999568462371826}, "right eye (outer)": {"x": 0.34334099292755127, "y": 0.11082777380943298, "z": -0.2282160222530365, "visibility": 0.9999300241470337, "presence": 0.9999487400054932}, "left ear": {"x": 0.3336208462715149, "y": 0.11484590917825699, "z": -0.13255202770233154, "visibility": 0.9999065399169922, "presence": 0.9999877214431763}, "right ear": {"x": 0.3246784806251526, "y": 0.11580440402030945, "z": -0.245274156332016, "visibility": 0.9998475909233093, "presence": 0.9999440908432007}, "mouth (left)": {"x": 0.3490749001502991, "y": 0.15015552937984467, "z": -0.18203112483024597, "visibility": 0.9998926520347595, "presence": 0.9999955892562866}, "mouth (right)": {"x": 0.34574854373931885, "y": 0.15086062252521515, "z": -0.21655790507793427, "visibility": 0.9999170899391174, "presence": 0.9999889135360718}, "left shoulder": {"x": 0.3396708071231842, "y": 0.21255221962928772, "z": -0.02357243373990059, "visibility": 0.99998939037323, "presence": 0.9999997615814209}, "right shoulder": {"x": 0.27844345569610596, "y": 0.22518017888069153, "z": -0.2700316309928894, "visibility": 0.9999940991401672, "presence": 0.9999967813491821}, "left elbow": {"x": 0.35655495524406433, "y": 0.3032224774360657, "z": 0.08573466539382935, "visibility": 0.5314352512359619, "presence": 0.9999988079071045}, "right elbow": {"x": 0.2950109541416168, "y": 0.3663991391658783, "z": -0.31653687357902527, "visibility": 0.9967969655990601, "presence": 0.999945878982544}, "left wrist": {"x": 0.401420533657074, "y": 0.347981721162796, "z": 0.11380132287740707, "visibility": 0.8171284198760986, "presence": 0.9999974966049194}, "right wrist": {"x": 0.3649899661540985, "y": 0.4210488200187683, "z": -0.36629587411880493, "visibility": 0.9945921301841736, "presence": 0.9999939203262329}, "left pinky": {"x": 0.4196026921272278, "y": 0.36415591835975647, "z": 0.12341818958520889, "visibility": 0.83756422996521, "presence": 0.9999889135360718}, "right pinky": {"x": 0.3802996575832367, "y": 0.44550085067749023, "z": -0.41161102056503296, "visibility": 0.9920057654380798, "presence": 0.9999873638153076}, "left index": {"x": 0.4208098351955414, "y": 0.361031711101532, "z": 0.0870131179690361, "visibility": 0.8511744141578674, "presence": 0.9999855756759644}, "right index": {"x": 0.38641780614852905, "y": 0.4355528652667999, "z": -0.40686798095703125, "visibility": 0.9921708703041077, "presence": 0.9999876022338867}, "left thumb": {"x": 0.41260743141174316, "y": 0.3565465807914734, "z": 0.10131748765707016, "visibility": 0.8244931697845459, "presence": 0.9999933242797852}, "right thumb": {"x": 0.38164830207824707, "y": 0.4246539771556854, "z": -0.36701637506484985, "visibility": 0.9817448258399963, "presence": 0.9999935626983643}, "left hip": {"x": 0.2901163697242737, "y": 0.45057886838912964, "z": 0.08831357210874557, "visibility": 0.9999748468399048, "presence": 0.9999995231628418}, "right hip": {"x": 0.24576756358146667, "y": 0.4554862976074219, "z": -0.08822818100452423, "visibility": 0.999985933303833, "presence": 0.9999986886978149}, "left knee": {"x": 0.3385339081287384, "y": 0.5905789136886597, "z": 0.2523321509361267, "visibility": 0.4277568757534027, "presence": 0.9999918937683105}, "right knee": {"x": 0.2552051544189453, "y": 0.6418353319168091, "z": -0.25500020384788513, "visibility": 0.9988969564437866, "presence": 0.9999953508377075}, "left ankle": {"x": 0.34481292963027954, "y": 0.750795841217041, "z": 0.4402185082435608, "visibility": 0.8157635927200317, "presence": 0.9999639987945557}, "right ankle": {"x": 0.2315794974565506, "y": 0.8637845516204834, "z": -0.2773490250110626, "visibility": 0.9989991784095764, "presence": 0.9999336004257202}, "left heel": {"x": 0.3330742418766022, "y": 0.7875004410743713, "z": 0.4523649215698242, "visibility": 0.7792577147483826, "presence": 0.9999045133590698}, "right heel": {"x": 0.21638622879981995, "y": 0.9041697978973389, "z": -0.28236788511276245, "visibility": 0.9804474711418152, "presence": 0.9998217225074768}, "left foot index": {"x": 0.39276474714279175, "y": 0.7812387943267822, "z": 0.4102851450443268, "visibility": 0.9070948958396912, "presence": 0.9998799562454224}, "right foot index": {"x": 0.27430784702301025, "y": 0.9183846116065979, "z": -0.3885422348976135, "visibility": 0.9985395669937134, "presence": 0.9990637898445129}, "timestamp": "20240418-205247"}