{"nose": {"x": 0.32803016901016235, "y": 0.06388931721448898, "z": -0.15012404322624207, "visibility": 0.9998510479927063, "presence": 0.9999476671218872}, "left eye (inner)": {"x": 0.32205086946487427, "y": 0.04405120015144348, "z": -0.13426876068115234, "visibility": 0.9996844530105591, "presence": 0.9999469518661499}, "left eye": {"x": 0.32143232226371765, "y": 0.04343152791261673, "z": -0.1346289962530136, "visibility": 0.9997267723083496, "presence": 0.9999614953994751}, "left eye (outer)": {"x": 0.3209695518016815, "y": 0.04291108250617981, "z": -0.13464060425758362, "visibility": 0.9998038411140442, "presence": 0.9999624490737915}, "right eye (inner)": {"x": 0.3199421465396881, "y": 0.04404619708657265, "z": -0.16361290216445923, "visibility": 0.999818742275238, "presence": 0.9999048709869385}, "right eye": {"x": 0.3174360990524292, "y": 0.04430821165442467, "z": -0.16389523446559906, "visibility": 0.999863862991333, "presence": 0.9999253749847412}, "right eye (outer)": {"x": 0.3139704465866089, "y": 0.044658418744802475, "z": -0.16405197978019714, "visibility": 0.9998748898506165, "presence": 0.9999134540557861}, "left ear": {"x": 0.30538326501846313, "y": 0.05188432335853577, "z": -0.05431555584073067, "visibility": 0.999869167804718, "presence": 0.9999778270721436}, "right ear": {"x": 0.29682424664497375, "y": 0.05282606929540634, "z": -0.18817980587482452, "visibility": 0.9997496008872986, "presence": 0.9999005794525146}, "mouth (left)": {"x": 0.32349875569343567, "y": 0.0819408968091011, "z": -0.11642859131097794, "visibility": 0.9999054670333862, "presence": 0.9999905824661255}, "mouth (right)": {"x": 0.31994304060935974, "y": 0.08393600583076477, "z": -0.15724171698093414, "visibility": 0.9999244809150696, "presence": 0.9999774694442749}, "left shoulder": {"x": 0.3142746686935425, "y": 0.16198262572288513, "z": 0.0389820858836174, "visibility": 0.9999949336051941, "presence": 0.9999996423721313}, "right shoulder": {"x": 0.2542608380317688, "y": 0.16814658045768738, "z": -0.22060462832450867, "visibility": 0.999995768070221, "presence": 0.9999970197677612}, "left elbow": {"x": 0.3233373463153839, "y": 0.2810942530632019, "z": 0.11345809698104858, "visibility": 0.7529746294021606, "presence": 0.9999978542327881}, "right elbow": {"x": 0.23941877484321594, "y": 0.3145707845687866, "z": -0.2731526792049408, "visibility": 0.9981201887130737, "presence": 0.9999420642852783}, "left wrist": {"x": 0.37937694787979126, "y": 0.3390161097049713, "z": 0.06686525046825409, "visibility": 0.9309844970703125, "presence": 0.9999969005584717}, "right wrist": {"x": 0.30122894048690796, "y": 0.4068174958229065, "z": -0.32905977964401245, "visibility": 0.996080219745636, "presence": 0.9999914169311523}, "left pinky": {"x": 0.39619195461273193, "y": 0.36466118693351746, "z": 0.06411434710025787, "visibility": 0.9198309183120728, "presence": 0.9999896287918091}, "right pinky": {"x": 0.3119071125984192, "y": 0.4415869414806366, "z": -0.36887985467910767, "visibility": 0.9938350915908813, "presence": 0.9999829530715942}, "left index": {"x": 0.39796215295791626, "y": 0.3669535219669342, "z": 0.030192743986845016, "visibility": 0.9271106719970703, "presence": 0.9999876022338867}, "right index": {"x": 0.32195669412612915, "y": 0.4322647154331207, "z": -0.36889520287513733, "visibility": 0.9939109683036804, "presence": 0.999983549118042}, "left thumb": {"x": 0.38974320888519287, "y": 0.35842496156692505, "z": 0.05260271579027176, "visibility": 0.9136496186256409, "presence": 0.9999932050704956}, "right thumb": {"x": 0.31964609026908875, "y": 0.42116543650627136, "z": -0.3308185636997223, "visibility": 0.9866200685501099, "presence": 0.9999911785125732}, "left hip": {"x": 0.29313841462135315, "y": 0.43633905053138733, "z": 0.09406276792287827, "visibility": 0.9999814629554749, "presence": 0.9999990463256836}, "right hip": {"x": 0.2531408667564392, "y": 0.4395556151866913, "z": -0.09407895058393478, "visibility": 0.9999890327453613, "presence": 0.9999978542327881}, "left knee": {"x": 0.3100358843803406, "y": 0.6040995121002197, "z": 0.3106537461280823, "visibility": 0.538335919380188, "presence": 0.9999749660491943}, "right knee": {"x": 0.24765066802501678, "y": 0.6447591781616211, "z": -0.24119718372821808, "visibility": 0.9986926317214966, "presence": 0.9999829530715942}, "left ankle": {"x": 0.32903119921684265, "y": 0.7587609887123108, "z": 0.4996599555015564, "visibility": 0.8505771160125732, "presence": 0.9999386072158813}, "right ankle": {"x": 0.2154914140701294, "y": 0.8652839660644531, "z": -0.3330117464065552, "visibility": 0.9990283250808716, "presence": 0.9997851252555847}, "left heel": {"x": 0.31841549277305603, "y": 0.7950767278671265, "z": 0.5127382278442383, "visibility": 0.8062621355056763, "presence": 0.9998207688331604}, "right heel": {"x": 0.20178821682929993, "y": 0.9031311869621277, "z": -0.34437909722328186, "visibility": 0.9811471700668335, "presence": 0.9994513392448425}, "left foot index": {"x": 0.3783908486366272, "y": 0.7848217487335205, "z": 0.48152628540992737, "visibility": 0.9182512164115906, "presence": 0.9997311234474182}, "right foot index": {"x": 0.25941702723503113, "y": 0.9292231798171997, "z": -0.4556601941585541, "visibility": 0.9985037446022034, "presence": 0.99683678150177}, "timestamp": "20240418-205308"}