{"nose": {"x": 0.32860124111175537, "y": 0.13160674273967743, "z": -0.16389867663383484, "visibility": 0.9998676776885986, "presence": 0.9999669790267944}, "left eye (inner)": {"x": 0.3247494399547577, "y": 0.11404715478420258, "z": -0.15024568140506744, "visibility": 0.9997818470001221, "presence": 0.9999696016311646}, "left eye": {"x": 0.3241315484046936, "y": 0.11365566402673721, "z": -0.1505921185016632, "visibility": 0.9998119473457336, "presence": 0.9999780654907227}, "left eye (outer)": {"x": 0.32366442680358887, "y": 0.11314405500888824, "z": -0.1505763679742813, "visibility": 0.9998672008514404, "presence": 0.9999781847000122}, "right eye (inner)": {"x": 0.32253214716911316, "y": 0.11382308602333069, "z": -0.1786113828420639, "visibility": 0.999858021736145, "presence": 0.9999438524246216}, "right eye": {"x": 0.31959712505340576, "y": 0.11298279464244843, "z": -0.17888996005058289, "visibility": 0.9998897910118103, "presence": 0.9999533891677856}, "right eye (outer)": {"x": 0.31615355610847473, "y": 0.11228270083665848, "z": -0.17903470993041992, "visibility": 0.9998946189880371, "presence": 0.9999438524246216}, "left ear": {"x": 0.3078352212905884, "y": 0.11361897736787796, "z": -0.07817595452070236, "visibility": 0.9999121427536011, "presence": 0.9999861717224121}, "right ear": {"x": 0.2993353009223938, "y": 0.11445313692092896, "z": -0.20489802956581116, "visibility": 0.9997944235801697, "presence": 0.999927282333374}, "mouth (left)": {"x": 0.3226509690284729, "y": 0.1507711559534073, "z": -0.13130852580070496, "visibility": 0.9998911023139954, "presence": 0.9999922513961792}, "mouth (right)": {"x": 0.31966304779052734, "y": 0.15075422823429108, "z": -0.17094062268733978, "visibility": 0.9999006390571594, "presence": 0.9999784231185913}, "left shoulder": {"x": 0.312395840883255, "y": 0.2093299925327301, "z": 0.02224101312458515, "visibility": 0.9999934434890747, "presence": 0.9999995231628418}, "right shoulder": {"x": 0.25609034299850464, "y": 0.22582748532295227, "z": -0.24228446185588837, "visibility": 0.9999938011169434, "presence": 0.999993085861206}, "left elbow": {"x": 0.32541459798812866, "y": 0.30645740032196045, "z": 0.08818385004997253, "visibility": 0.6324753761291504, "presence": 0.999995231628418}, "right elbow": {"x": 0.2642807960510254, "y": 0.3711847960948944, "z": -0.3013264834880829, "visibility": 0.9975687861442566, "presence": 0.9998435974121094}, "left wrist": {"x": 0.36644071340560913, "y": 0.37421002984046936, "z": 0.030468126758933067, "visibility": 0.9001262187957764, "presence": 0.9999911785125732}, "right wrist": {"x": 0.3337492346763611, "y": 0.41404178738594055, "z": -0.3388074040412903, "visibility": 0.9945108294487, "presence": 0.9999779462814331}, "left pinky": {"x": 0.3788617253303528, "y": 0.39099499583244324, "z": 0.028441768139600754, "visibility": 0.8928493857383728, "presence": 0.9999696016311646}, "right pinky": {"x": 0.3540118336677551, "y": 0.4311232268810272, "z": -0.3809221684932709, "visibility": 0.9913887977600098, "presence": 0.9999614953994751}, "left index": {"x": 0.38302093744277954, "y": 0.3918863832950592, "z": -0.00403038552030921, "visibility": 0.9024385809898376, "presence": 0.9999643564224243}, "right index": {"x": 0.3597981631755829, "y": 0.4171498715877533, "z": -0.37519341707229614, "visibility": 0.9916024208068848, "presence": 0.9999619722366333}, "left thumb": {"x": 0.37525612115859985, "y": 0.38947027921676636, "z": 0.017105065286159515, "visibility": 0.8840131759643555, "presence": 0.9999810457229614}, "right thumb": {"x": 0.3559967875480652, "y": 0.4097687900066376, "z": -0.3384445905685425, "visibility": 0.9813348054885864, "presence": 0.9999786615371704}, "left hip": {"x": 0.27464526891708374, "y": 0.4608323872089386, "z": 0.09242086112499237, "visibility": 0.9999744892120361, "presence": 0.9999982118606567}, "right hip": {"x": 0.23532354831695557, "y": 0.4679344892501831, "z": -0.0924144983291626, "visibility": 0.9999836087226868, "presence": 0.9999951124191284}, "left knee": {"x": 0.3203515410423279, "y": 0.610453188419342, "z": 0.24301831424236298, "visibility": 0.5650632381439209, "presence": 0.9999760389328003}, "right knee": {"x": 0.2427658587694168, "y": 0.6597943902015686, "z": -0.24788853526115417, "visibility": 0.9988460540771484, "presence": 0.9999833106994629}, "left ankle": {"x": 0.32871872186660767, "y": 0.7697528600692749, "z": 0.41475266218185425, "visibility": 0.8837457299232483, "presence": 0.9999221563339233}, "right ankle": {"x": 0.2148246020078659, "y": 0.8836804628372192, "z": -0.2779177129268646, "visibility": 0.999099850654602, "presence": 0.9998185038566589}, "left heel": {"x": 0.3172641396522522, "y": 0.8087952733039856, "z": 0.42550674080848694, "visibility": 0.8541099429130554, "presence": 0.9997894167900085}, "right heel": {"x": 0.20068299770355225, "y": 0.9210349917411804, "z": -0.2840060591697693, "visibility": 0.982663631439209, "presence": 0.9995667338371277}, "left foot index": {"x": 0.37797096371650696, "y": 0.8008477687835693, "z": 0.3827456533908844, "visibility": 0.9371947050094604, "presence": 0.9996851682662964}, "right foot index": {"x": 0.25702422857284546, "y": 0.9394583106040955, "z": -0.3896978497505188, "visibility": 0.9986477494239807, "presence": 0.9977395534515381}, "timestamp": "20240418-205309"}