{"nose": {"x": 0.36866751313209534, "y": 0.1359102576971054, "z": -0.2843153178691864, "visibility": 0.9999552965164185, "presence": 0.9999750852584839}, "left eye (inner)": {"x": 0.36431819200515747, "y": 0.1132267639040947, "z": -0.272665411233902, "visibility": 0.9999302625656128, "presence": 0.9999724626541138}, "left eye": {"x": 0.36375588178634644, "y": 0.11181299388408661, "z": -0.2729981243610382, "visibility": 0.9999376535415649, "presence": 0.9999804496765137}, "left eye (outer)": {"x": 0.3633997142314911, "y": 0.11062441021203995, "z": -0.2729944586753845, "visibility": 0.9999560713768005, "presence": 0.9999802112579346}, "right eye (inner)": {"x": 0.3609478771686554, "y": 0.11485016345977783, "z": -0.3007240295410156, "visibility": 0.9999656081199646, "presence": 0.9999513626098633}, "right eye": {"x": 0.35782963037490845, "y": 0.11474238336086273, "z": -0.3009690046310425, "visibility": 0.999971330165863, "presence": 0.9999607801437378}, "right eye (outer)": {"x": 0.35457274317741394, "y": 0.11481107771396637, "z": -0.3011051416397095, "visibility": 0.9999746680259705, "presence": 0.9999526739120483}, "left ear": {"x": 0.3488979935646057, "y": 0.11407063901424408, "z": -0.19062268733978271, "visibility": 0.9999611973762512, "presence": 0.9999884366989136}, "right ear": {"x": 0.3367599844932556, "y": 0.11583864688873291, "z": -0.31796568632125854, "visibility": 0.999922513961792, "presence": 0.999947190284729}, "mouth (left)": {"x": 0.36338698863983154, "y": 0.15150824189186096, "z": -0.24782142043113708, "visibility": 0.9999210834503174, "presence": 0.9999957084655762}, "mouth (right)": {"x": 0.35977494716644287, "y": 0.15204280614852905, "z": -0.2866709530353546, "visibility": 0.9999377131462097, "presence": 0.9999892711639404}, "left shoulder": {"x": 0.35479339957237244, "y": 0.19623017311096191, "z": -0.07330010086297989, "visibility": 0.9999856948852539, "presence": 0.9999997615814209}, "right shoulder": {"x": 0.28159672021865845, "y": 0.20763874053955078, "z": -0.33082884550094604, "visibility": 0.9999817609786987, "presence": 0.9999961853027344}, "left elbow": {"x": 0.3740444481372833, "y": 0.31202325224876404, "z": -0.0016271488275378942, "visibility": 0.6373275518417358, "presence": 0.9999978542327881}, "right elbow": {"x": 0.25752347707748413, "y": 0.3593853712081909, "z": -0.37201741337776184, "visibility": 0.9932699799537659, "presence": 0.9999054670333862}, "left wrist": {"x": 0.4288105368614197, "y": 0.3958614468574524, "z": -0.041372135281562805, "visibility": 0.7167309522628784, "presence": 0.9999862909317017}, "right wrist": {"x": 0.32753226161003113, "y": 0.44213512539863586, "z": -0.41514167189598083, "visibility": 0.9783629179000854, "presence": 0.9999840259552002}, "left pinky": {"x": 0.4475446343421936, "y": 0.41571685671806335, "z": -0.04451494291424751, "visibility": 0.7140809297561646, "presence": 0.9999395608901978}, "right pinky": {"x": 0.3385487198829651, "y": 0.4718048870563507, "z": -0.4627744257450104, "visibility": 0.9728295207023621, "presence": 0.9999704360961914}, "left index": {"x": 0.4478827118873596, "y": 0.41333717107772827, "z": -0.0849815160036087, "visibility": 0.725125789642334, "presence": 0.9999229907989502}, "right index": {"x": 0.3486120104789734, "y": 0.45864689350128174, "z": -0.4599028527736664, "visibility": 0.9714821577072144, "presence": 0.9999735355377197}, "left thumb": {"x": 0.4386894702911377, "y": 0.40774136781692505, "z": -0.057870667427778244, "visibility": 0.7052860856056213, "presence": 0.9999654293060303}, "right thumb": {"x": 0.3456348180770874, "y": 0.4498920440673828, "z": -0.4164750576019287, "visibility": 0.943141758441925, "presence": 0.9999853372573853}, "left hip": {"x": 0.28219860792160034, "y": 0.4242557883262634, "z": 0.0930553674697876, "visibility": 0.9999769926071167, "presence": 0.9999994039535522}, "right hip": {"x": 0.24132899940013885, "y": 0.42659369111061096, "z": -0.09293017536401749, "visibility": 0.9999802708625793, "presence": 0.9999983310699463}, "left knee": {"x": 0.33071812987327576, "y": 0.5769134759902954, "z": 0.24408666789531708, "visibility": 0.42059019207954407, "presence": 0.9999887943267822}, "right knee": {"x": 0.2532666325569153, "y": 0.6206479668617249, "z": -0.2357269823551178, "visibility": 0.9963427782058716, "presence": 0.9999951124191284}, "left ankle": {"x": 0.32263076305389404, "y": 0.7428404688835144, "z": 0.438358873128891, "visibility": 0.7111184000968933, "presence": 0.9999589920043945}, "right ankle": {"x": 0.22201809287071228, "y": 0.8498585820198059, "z": -0.27504730224609375, "visibility": 0.9971920847892761, "presence": 0.999923825263977}, "left heel": {"x": 0.3096305727958679, "y": 0.7762822508811951, "z": 0.45132818818092346, "visibility": 0.714375913143158, "presence": 0.9998959302902222}, "right heel": {"x": 0.20378582179546356, "y": 0.8894364237785339, "z": -0.28227561712265015, "visibility": 0.9810028672218323, "presence": 0.9998008608818054}, "left foot index": {"x": 0.36783331632614136, "y": 0.7774196863174438, "z": 0.4050263464450836, "visibility": 0.8593460321426392, "presence": 0.9998759031295776}, "right foot index": {"x": 0.2647309899330139, "y": 0.9169435501098633, "z": -0.39977961778640747, "visibility": 0.9964326024055481, "presence": 0.9990925788879395}, "timestamp": "20240418-205304"}