{"nose": {"x": 0.4268716275691986, "y": 0.13446007668972015, "z": -0.23778705298900604, "visibility": 0.9999603033065796, "presence": 0.9999892711639404}, "left eye (inner)": {"x": 0.4254717230796814, "y": 0.11334682255983353, "z": -0.22655871510505676, "visibility": 0.9999428987503052, "presence": 0.9999873638153076}, "left eye": {"x": 0.42445239424705505, "y": 0.11163666844367981, "z": -0.2268778532743454, "visibility": 0.9999473690986633, "presence": 0.9999908208847046}, "left eye (outer)": {"x": 0.42329031229019165, "y": 0.10989954322576523, "z": -0.2268671989440918, "visibility": 0.9999647736549377, "presence": 0.9999895095825195}, "right eye (inner)": {"x": 0.4239957928657532, "y": 0.11428812891244888, "z": -0.25833889842033386, "visibility": 0.9999727606773376, "presence": 0.999980092048645}, "right eye": {"x": 0.4215410351753235, "y": 0.11342930048704147, "z": -0.2586064636707306, "visibility": 0.9999760389328003, "presence": 0.9999830722808838}, "right eye (outer)": {"x": 0.4184371829032898, "y": 0.1126939207315445, "z": -0.2587246596813202, "visibility": 0.9999789595603943, "presence": 0.99997878074646}, "left ear": {"x": 0.4075058400630951, "y": 0.10993658006191254, "z": -0.1522868573665619, "visibility": 0.9999682903289795, "presence": 0.999992847442627}, "right ear": {"x": 0.40052810311317444, "y": 0.10933928191661835, "z": -0.29190701246261597, "visibility": 0.9999226927757263, "presence": 0.9999780654907227}, "mouth (left)": {"x": 0.4161691665649414, "y": 0.15084530413150787, "z": -0.1989772468805313, "visibility": 0.9999085068702698, "presence": 0.999995231628418}, "mouth (right)": {"x": 0.41428643465042114, "y": 0.1495739072561264, "z": -0.2429969608783722, "visibility": 0.9999278783798218, "presence": 0.9999889135360718}, "left shoulder": {"x": 0.39007440209388733, "y": 0.18231552839279175, "z": -0.051359694451093674, "visibility": 0.999978244304657, "presence": 0.9999991655349731}, "right shoulder": {"x": 0.34767502546310425, "y": 0.19303207099437714, "z": -0.3250609040260315, "visibility": 0.9999610185623169, "presence": 0.9999887943267822}, "left elbow": {"x": 0.4515041410923004, "y": 0.22944685816764832, "z": -0.03305597975850105, "visibility": 0.5406672954559326, "presence": 0.9999850988388062}, "right elbow": {"x": 0.39632362127304077, "y": 0.300041526556015, "z": -0.414224773645401, "visibility": 0.9788601994514465, "presence": 0.999790370464325}, "left wrist": {"x": 0.5228298902511597, "y": 0.21358314156532288, "z": -0.1330478936433792, "visibility": 0.5328465104103088, "presence": 0.999859094619751}, "right wrist": {"x": 0.4866147041320801, "y": 0.27157720923423767, "z": -0.4601411819458008, "visibility": 0.9256062507629395, "presence": 0.9998615980148315}, "left pinky": {"x": 0.5398271679878235, "y": 0.20313945412635803, "z": -0.14509287476539612, "visibility": 0.5301588773727417, "presence": 0.9995711445808411}, "right pinky": {"x": 0.5082204341888428, "y": 0.2649300694465637, "z": -0.5105330944061279, "visibility": 0.9135024547576904, "presence": 0.99981290102005}, "left index": {"x": 0.5400400161743164, "y": 0.20120258629322052, "z": -0.16733352839946747, "visibility": 0.5381137132644653, "presence": 0.9994729161262512}, "right index": {"x": 0.5075091123580933, "y": 0.24482004344463348, "z": -0.5032888650894165, "visibility": 0.9070523381233215, "presence": 0.9998036026954651}, "left thumb": {"x": 0.5352964401245117, "y": 0.2043578326702118, "z": -0.1450759470462799, "visibility": 0.5250920653343201, "presence": 0.9997116923332214}, "right thumb": {"x": 0.5066550970077515, "y": 0.24692001938819885, "z": -0.4611572325229645, "visibility": 0.8354358673095703, "presence": 0.9998786449432373}, "left hip": {"x": 0.31183379888534546, "y": 0.4053416848182678, "z": 0.09234325587749481, "visibility": 0.9999829530715942, "presence": 0.9999996423721313}, "right hip": {"x": 0.2732061743736267, "y": 0.40986713767051697, "z": -0.09215335547924042, "visibility": 0.9999815821647644, "presence": 0.999998927116394}, "left knee": {"x": 0.3677598536014557, "y": 0.5654749274253845, "z": 0.23110702633857727, "visibility": 0.438418984413147, "presence": 0.9999959468841553}, "right knee": {"x": 0.2902352213859558, "y": 0.606844425201416, "z": -0.2362629473209381, "visibility": 0.9940235018730164, "presence": 0.9999979734420776}, "left ankle": {"x": 0.36513251066207886, "y": 0.7411890029907227, "z": 0.39349111914634705, "visibility": 0.7367900609970093, "presence": 0.999971866607666}, "right ankle": {"x": 0.25483861565589905, "y": 0.8436634540557861, "z": -0.22405914962291718, "visibility": 0.9957120418548584, "presence": 0.9999713897705078}, "left heel": {"x": 0.35165515542030334, "y": 0.7755651473999023, "z": 0.4031526446342468, "visibility": 0.7293658256530762, "presence": 0.9999294281005859}, "right heel": {"x": 0.23669812083244324, "y": 0.8802584409713745, "z": -0.2255648374557495, "visibility": 0.9712764024734497, "presence": 0.9999209642410278}, "left foot index": {"x": 0.4094288945198059, "y": 0.7721772789955139, "z": 0.34960082173347473, "visibility": 0.8631236553192139, "presence": 0.9999178647994995}, "right foot index": {"x": 0.29583677649497986, "y": 0.9139333963394165, "z": -0.3294411599636078, "visibility": 0.9935933947563171, "presence": 0.9996902942657471}, "timestamp": "20240418-205230"}