{"nose": {"x": 0.40326371788978577, "y": 0.12656599283218384, "z": -0.20786511898040771, "visibility": 0.9999485015869141, "presence": 0.9999476671218872}, "left eye (inner)": {"x": 0.39821305871009827, "y": 0.10509200394153595, "z": -0.19391222298145294, "visibility": 0.9999262094497681, "presence": 0.9999488592147827}, "left eye": {"x": 0.39763590693473816, "y": 0.10405374318361282, "z": -0.19425515830516815, "visibility": 0.9999334812164307, "presence": 0.9999654293060303}, "left eye (outer)": {"x": 0.39727944135665894, "y": 0.1030735895037651, "z": -0.19426222145557404, "visibility": 0.9999536871910095, "presence": 0.9999678134918213}, "right eye (inner)": {"x": 0.39557144045829773, "y": 0.1060306578874588, "z": -0.22116072475910187, "visibility": 0.9999608397483826, "presence": 0.9998897314071655}, "right eye": {"x": 0.3924029469490051, "y": 0.1058158129453659, "z": -0.22138524055480957, "visibility": 0.9999657869338989, "presence": 0.9999037981033325}, "right eye (outer)": {"x": 0.3887246251106262, "y": 0.10584469139575958, "z": -0.22151386737823486, "visibility": 0.9999703168869019, "presence": 0.9998791217803955}, "left ear": {"x": 0.38176843523979187, "y": 0.10727448016405106, "z": -0.11432291567325592, "visibility": 0.9999591708183289, "presence": 0.9999836683273315}, "right ear": {"x": 0.3708634376525879, "y": 0.10842662304639816, "z": -0.2367575466632843, "visibility": 0.9999063014984131, "presence": 0.9998559951782227}, "mouth (left)": {"x": 0.39608627557754517, "y": 0.1428416520357132, "z": -0.17362050712108612, "visibility": 0.9999310970306396, "presence": 0.9999935626983643}, "mouth (right)": {"x": 0.3918786644935608, "y": 0.14333704113960266, "z": -0.21119073033332825, "visibility": 0.9999478459358215, "presence": 0.9999778270721436}, "left shoulder": {"x": 0.38253697752952576, "y": 0.20359951257705688, "z": -0.006502555217593908, "visibility": 0.9999873638153076, "presence": 0.9999996423721313}, "right shoulder": {"x": 0.3172540068626404, "y": 0.20844142138957977, "z": -0.2651088237762451, "visibility": 0.9999853372573853, "presence": 0.999991774559021}, "left elbow": {"x": 0.3887370824813843, "y": 0.3068751394748688, "z": 0.04235947132110596, "visibility": 0.5965731739997864, "presence": 0.9999955892562866}, "right elbow": {"x": 0.30359888076782227, "y": 0.35373449325561523, "z": -0.3175235986709595, "visibility": 0.992878794670105, "presence": 0.9997416138648987}, "left wrist": {"x": 0.42328348755836487, "y": 0.37623485922813416, "z": -0.042801082134246826, "visibility": 0.7040798664093018, "presence": 0.9999920129776001}, "right wrist": {"x": 0.3734787106513977, "y": 0.4057278037071228, "z": -0.3610486388206482, "visibility": 0.9781232476234436, "presence": 0.9999721050262451}, "left pinky": {"x": 0.4354293942451477, "y": 0.39413732290267944, "z": -0.050896067172288895, "visibility": 0.7006092071533203, "presence": 0.9999728202819824}, "right pinky": {"x": 0.39171460270881653, "y": 0.4268267750740051, "z": -0.40560245513916016, "visibility": 0.9705020785331726, "presence": 0.99996018409729}, "left index": {"x": 0.4379177987575531, "y": 0.3941449820995331, "z": -0.08425836265087128, "visibility": 0.7108259797096252, "presence": 0.9999685287475586}, "right index": {"x": 0.39851242303848267, "y": 0.41304832696914673, "z": -0.39958006143569946, "visibility": 0.9689769148826599, "presence": 0.9999643564224243}, "left thumb": {"x": 0.4308399260044098, "y": 0.39098918437957764, "z": -0.05732860043644905, "visibility": 0.6860599517822266, "presence": 0.9999842643737793}, "right thumb": {"x": 0.39559367299079895, "y": 0.40541326999664307, "z": -0.3608962595462799, "visibility": 0.9340564608573914, "presence": 0.9999796152114868}, "left hip": {"x": 0.31776100397109985, "y": 0.43220221996307373, "z": 0.09522197395563126, "visibility": 0.9999796748161316, "presence": 0.999998927116394}, "right hip": {"x": 0.2772797644138336, "y": 0.43271222710609436, "z": -0.09506679326295853, "visibility": 0.9999848008155823, "presence": 0.9999963045120239}, "left knee": {"x": 0.3615321218967438, "y": 0.5864256620407104, "z": 0.2569589614868164, "visibility": 0.36484718322753906, "presence": 0.9999873638153076}, "right knee": {"x": 0.2848235070705414, "y": 0.6335944533348083, "z": -0.2270575314760208, "visibility": 0.9976585507392883, "presence": 0.9999896287918091}, "left ankle": {"x": 0.3673473000526428, "y": 0.7483945488929749, "z": 0.4351743757724762, "visibility": 0.6888668537139893, "presence": 0.9999535083770752}, "right ankle": {"x": 0.257957398891449, "y": 0.8568334579467773, "z": -0.26167207956314087, "visibility": 0.9976734519004822, "presence": 0.9998785257339478}, "left heel": {"x": 0.35591644048690796, "y": 0.7833588719367981, "z": 0.4478360712528229, "visibility": 0.6768185496330261, "presence": 0.999864935874939}, "right heel": {"x": 0.243829607963562, "y": 0.8981590867042542, "z": -0.26840800046920776, "visibility": 0.9768552184104919, "presence": 0.9996750354766846}, "left foot index": {"x": 0.4133886694908142, "y": 0.7780928015708923, "z": 0.4020499587059021, "visibility": 0.838911235332489, "presence": 0.999829888343811}, "right foot index": {"x": 0.2991267740726471, "y": 0.9146009683609009, "z": -0.3798653483390808, "visibility": 0.9965460896492004, "presence": 0.9984993934631348}, "timestamp": "20240418-205227"}