{"nose": {"x": 0.36736518144607544, "y": 0.30711162090301514, "z": -0.31980255246162415, "visibility": 0.9999269247055054, "presence": 0.9999676942825317}, "left eye (inner)": {"x": 0.3665952682495117, "y": 0.2904116213321686, "z": -0.3263488709926605, "visibility": 0.9998711943626404, "presence": 0.999968409538269}, "left eye": {"x": 0.3658406734466553, "y": 0.2886017858982086, "z": -0.3268979489803314, "visibility": 0.999891996383667, "presence": 0.9999814033508301}, "left eye (outer)": {"x": 0.3652426302433014, "y": 0.2866758406162262, "z": -0.32718127965927124, "visibility": 0.9999259114265442, "presence": 0.9999827146530151}, "right eye (inner)": {"x": 0.36459699273109436, "y": 0.2902618944644928, "z": -0.3578854203224182, "visibility": 0.9999239444732666, "presence": 0.9999051094055176}, "right eye": {"x": 0.3622994124889374, "y": 0.28886377811431885, "z": -0.35815197229385376, "visibility": 0.9999400973320007, "presence": 0.9998961687088013}, "right eye (outer)": {"x": 0.35970789194107056, "y": 0.2874129116535187, "z": -0.35881370306015015, "visibility": 0.9999403953552246, "presence": 0.999849796295166}, "left ear": {"x": 0.3489610552787781, "y": 0.27889710664749146, "z": -0.21358780562877655, "visibility": 0.9999499320983887, "presence": 0.9999920129776001}, "right ear": {"x": 0.3410896956920624, "y": 0.28106820583343506, "z": -0.35448023676872253, "visibility": 0.9998507499694824, "presence": 0.9997021555900574}, "mouth (left)": {"x": 0.359566867351532, "y": 0.3191593885421753, "z": -0.299998015165329, "visibility": 0.999932587146759, "presence": 0.9999861717224121}, "mouth (right)": {"x": 0.35768938064575195, "y": 0.31938767433166504, "z": -0.3370679020881653, "visibility": 0.9999387264251709, "presence": 0.9999293088912964}, "left shoulder": {"x": 0.3420731723308563, "y": 0.31786781549453735, "z": -0.09356369078159332, "visibility": 0.9999955892562866, "presence": 0.9999992847442627}, "right shoulder": {"x": 0.27796226739883423, "y": 0.3436778485774994, "z": -0.358131468296051, "visibility": 0.9999755620956421, "presence": 0.9995731711387634}, "left elbow": {"x": 0.39183542132377625, "y": 0.37211328744888306, "z": 0.0010205251164734364, "visibility": 0.8283491730690002, "presence": 0.9999961853027344}, "right elbow": {"x": 0.2364090383052826, "y": 0.4650780260562897, "z": -0.4115906357765198, "visibility": 0.9960483312606812, "presence": 0.9961250424385071}, "left wrist": {"x": 0.44299793243408203, "y": 0.44624820351600647, "z": -0.05592133477330208, "visibility": 0.9512528777122498, "presence": 0.9999964237213135}, "right wrist": {"x": 0.2971194386482239, "y": 0.5540109276771545, "z": -0.4638541638851166, "visibility": 0.9874716997146606, "presence": 0.9992135763168335}, "left pinky": {"x": 0.4631845951080322, "y": 0.445250928401947, "z": -0.06757574528455734, "visibility": 0.9418925642967224, "presence": 0.9999804496765137}, "right pinky": {"x": 0.309835821390152, "y": 0.583108127117157, "z": -0.5309103727340698, "visibility": 0.9814709424972534, "presence": 0.9987927675247192}, "left index": {"x": 0.4627149701118469, "y": 0.45241042971611023, "z": -0.1059839278459549, "visibility": 0.9482637643814087, "presence": 0.9999772310256958}, "right index": {"x": 0.31816190481185913, "y": 0.570980429649353, "z": -0.5245961546897888, "visibility": 0.9825537800788879, "presence": 0.9989386200904846}, "left thumb": {"x": 0.4528687596321106, "y": 0.45851051807403564, "z": -0.07320209592580795, "visibility": 0.9384275078773499, "presence": 0.9999898672103882}, "right thumb": {"x": 0.31551143527030945, "y": 0.5602037906646729, "z": -0.4664314389228821, "visibility": 0.9667758941650391, "presence": 0.9993869066238403}, "left hip": {"x": 0.2515411376953125, "y": 0.5139160752296448, "z": 0.08774424344301224, "visibility": 0.9999768137931824, "presence": 0.9999961853027344}, "right hip": {"x": 0.22115233540534973, "y": 0.5202691555023193, "z": -0.087832972407341, "visibility": 0.9999614357948303, "presence": 0.999921441078186}, "left knee": {"x": 0.2819598317146301, "y": 0.6827152371406555, "z": 0.003509682836011052, "visibility": 0.549756646156311, "presence": 0.9999961853027344}, "right knee": {"x": 0.3301757574081421, "y": 0.6275454759597778, "z": -0.09650377929210663, "visibility": 0.9818117022514343, "presence": 0.9998981952667236}, "left ankle": {"x": 0.22151868045330048, "y": 0.8802940249443054, "z": -0.04053965583443642, "visibility": 0.8125683069229126, "presence": 0.9998995065689087}, "right ankle": {"x": 0.318433940410614, "y": 0.779795229434967, "z": 0.03552431985735893, "visibility": 0.9898666143417358, "presence": 0.9997219443321228}, "left heel": {"x": 0.2038203775882721, "y": 0.9181325435638428, "z": -0.05124596878886223, "visibility": 0.7903265357017517, "presence": 0.9994679093360901}, "right heel": {"x": 0.2705194056034088, "y": 0.8297438025474548, "z": 0.046747446060180664, "visibility": 0.9693336486816406, "presence": 0.9996830224990845}, "left foot index": {"x": 0.26273608207702637, "y": 0.9306570291519165, "z": -0.13745729625225067, "visibility": 0.9045650959014893, "presence": 0.9984708428382874}, "right foot index": {"x": 0.31185632944107056, "y": 0.8363782167434692, "z": 0.011963004246354103, "visibility": 0.9895268678665161, "presence": 0.9989891648292542}, "timestamp": "20240418-205311"}