{"nose": {"x": 0.3469479978084564, "y": 0.0875135287642479, "z": -0.14767670631408691, "visibility": 0.9998756647109985, "presence": 0.9999587535858154}, "left eye (inner)": {"x": 0.3420203924179077, "y": 0.06594406068325043, "z": -0.1308024525642395, "visibility": 0.9998053312301636, "presence": 0.9999566078186035}, "left eye": {"x": 0.3418264389038086, "y": 0.06517043709754944, "z": -0.13112233579158783, "visibility": 0.999823272228241, "presence": 0.9999678134918213}, "left eye (outer)": {"x": 0.34182485938072205, "y": 0.0642961785197258, "z": -0.13108253479003906, "visibility": 0.9998647570610046, "presence": 0.9999679327011108}, "right eye (inner)": {"x": 0.3392704129219055, "y": 0.06650585681200027, "z": -0.16072474420070648, "visibility": 0.9998816847801208, "presence": 0.9999278783798218}, "right eye": {"x": 0.3369826674461365, "y": 0.06677901744842529, "z": -0.16099800169467926, "visibility": 0.9999101758003235, "presence": 0.9999433755874634}, "right eye (outer)": {"x": 0.33400511741638184, "y": 0.06685420125722885, "z": -0.16112038493156433, "visibility": 0.9999167323112488, "presence": 0.9999353885650635}, "left ear": {"x": 0.3263224959373474, "y": 0.07337430119514465, "z": -0.04859953746199608, "visibility": 0.9998932480812073, "presence": 0.9999804496765137}, "right ear": {"x": 0.31653013825416565, "y": 0.0749397724866867, "z": -0.18556056916713715, "visibility": 0.9998319149017334, "presence": 0.9999306201934814}, "mouth (left)": {"x": 0.3428044021129608, "y": 0.10655088722705841, "z": -0.11155007779598236, "visibility": 0.9998753070831299, "presence": 0.9999926090240479}, "mouth (right)": {"x": 0.33884307742118835, "y": 0.10652719438076019, "z": -0.15301613509655, "visibility": 0.9999033212661743, "presence": 0.9999823570251465}, "left shoulder": {"x": 0.32673925161361694, "y": 0.1848680078983307, "z": 0.04919426143169403, "visibility": 0.9999874234199524, "presence": 0.9999995231628418}, "right shoulder": {"x": 0.2730730473995209, "y": 0.1856658160686493, "z": -0.22272980213165283, "visibility": 0.9999939203262329, "presence": 0.9999961853027344}, "left elbow": {"x": 0.3402634859085083, "y": 0.28669828176498413, "z": 0.08598759025335312, "visibility": 0.41389214992523193, "presence": 0.9999922513961792}, "right elbow": {"x": 0.26664766669273376, "y": 0.3294438123703003, "z": -0.27189499139785767, "visibility": 0.9964945316314697, "presence": 0.9998860359191895}, "left wrist": {"x": 0.381594717502594, "y": 0.33540216088294983, "z": -0.02577797695994377, "visibility": 0.7612130045890808, "presence": 0.9999905824661255}, "right wrist": {"x": 0.33956387639045715, "y": 0.3788318932056427, "z": -0.3115382790565491, "visibility": 0.9935210347175598, "presence": 0.9999899864196777}, "left pinky": {"x": 0.39565494656562805, "y": 0.3530995547771454, "z": -0.037164416164159775, "visibility": 0.7987217903137207, "presence": 0.9999752044677734}, "right pinky": {"x": 0.3546300232410431, "y": 0.3997766673564911, "z": -0.351694256067276, "visibility": 0.9907278418540955, "presence": 0.9999842643737793}, "left index": {"x": 0.397116482257843, "y": 0.35062897205352783, "z": -0.06941111385822296, "visibility": 0.8137301206588745, "presence": 0.9999715089797974}, "right index": {"x": 0.3618534207344055, "y": 0.3847275674343109, "z": -0.3472979664802551, "visibility": 0.9907999634742737, "presence": 0.9999854564666748}, "left thumb": {"x": 0.3895114064216614, "y": 0.3461286425590515, "z": -0.04081455618143082, "visibility": 0.7815358638763428, "presence": 0.9999834299087524}, "right thumb": {"x": 0.35824674367904663, "y": 0.37623387575149536, "z": -0.3111813962459564, "visibility": 0.9787733554840088, "presence": 0.9999914169311523}, "left hip": {"x": 0.2988167405128479, "y": 0.43652451038360596, "z": 0.09511588513851166, "visibility": 0.9999791979789734, "presence": 0.999998927116394}, "right hip": {"x": 0.2594546973705292, "y": 0.43991851806640625, "z": -0.09508473426103592, "visibility": 0.9999894499778748, "presence": 0.9999978542327881}, "left knee": {"x": 0.3291163742542267, "y": 0.5973259210586548, "z": 0.26377302408218384, "visibility": 0.4769045412540436, "presence": 0.9999774694442749}, "right knee": {"x": 0.25422877073287964, "y": 0.6405617594718933, "z": -0.23223774135112762, "visibility": 0.999126672744751, "presence": 0.9999874830245972}, "left ankle": {"x": 0.3455154597759247, "y": 0.7521975040435791, "z": 0.4372801184654236, "visibility": 0.858303964138031, "presence": 0.9999489784240723}, "right ankle": {"x": 0.2332576960325241, "y": 0.8614054918289185, "z": -0.3006685972213745, "visibility": 0.9992448091506958, "presence": 0.999884843826294}, "left heel": {"x": 0.3342536687850952, "y": 0.7895082831382751, "z": 0.4481472074985504, "visibility": 0.8360809683799744, "presence": 0.9998462200164795}, "right heel": {"x": 0.21869215369224548, "y": 0.9010009169578552, "z": -0.31043797731399536, "visibility": 0.9847573041915894, "presence": 0.9997041821479797}, "left foot index": {"x": 0.39346030354499817, "y": 0.7797508239746094, "z": 0.4033142924308777, "visibility": 0.9292715191841125, "presence": 0.9997708201408386}, "right foot index": {"x": 0.27805739641189575, "y": 0.9190065860748291, "z": -0.4257907271385193, "visibility": 0.9988120794296265, "presence": 0.9982082843780518}, "timestamp": "20240418-205247"}