{"nose": {"x": 0.4016556739807129, "y": 0.2724132239818573, "z": -0.34839877486228943, "visibility": 0.9999691247940063, "presence": 0.9999963045120239}, "left eye (inner)": {"x": 0.3997846841812134, "y": 0.2543235719203949, "z": -0.3395937383174896, "visibility": 0.9999548196792603, "presence": 0.9999957084655762}, "left eye": {"x": 0.39953625202178955, "y": 0.2526276409626007, "z": -0.33991751074790955, "visibility": 0.9999596476554871, "presence": 0.9999969005584717}, "left eye (outer)": {"x": 0.39941999316215515, "y": 0.25070735812187195, "z": -0.3399145007133484, "visibility": 0.9999728798866272, "presence": 0.9999966621398926}, "right eye (inner)": {"x": 0.3970387279987335, "y": 0.2548545300960541, "z": -0.367057204246521, "visibility": 0.9999772906303406, "presence": 0.9999926090240479}, "right eye": {"x": 0.39401015639305115, "y": 0.2535681128501892, "z": -0.367281973361969, "visibility": 0.9999809265136719, "presence": 0.9999938011169434}, "right eye (outer)": {"x": 0.39063483476638794, "y": 0.2524031400680542, "z": -0.3673784136772156, "visibility": 0.9999831914901733, "presence": 0.9999922513961792}, "left ear": {"x": 0.3847391903400421, "y": 0.2466423660516739, "z": -0.2568950355052948, "visibility": 0.999977171421051, "presence": 0.9999977350234985}, "right ear": {"x": 0.372610867023468, "y": 0.2506028413772583, "z": -0.3806719183921814, "visibility": 0.9999467134475708, "presence": 0.9999879598617554}, "mouth (left)": {"x": 0.3956562876701355, "y": 0.2860826849937439, "z": -0.31069284677505493, "visibility": 0.9999585151672363, "presence": 0.999998927116394}, "mouth (right)": {"x": 0.3927263021469116, "y": 0.28641968965530396, "z": -0.3485031723976135, "visibility": 0.999968409538269, "presence": 0.9999973773956299}, "left shoulder": {"x": 0.3845207691192627, "y": 0.29366251826286316, "z": -0.13541588187217712, "visibility": 0.9999929666519165, "presence": 0.9999998807907104}, "right shoulder": {"x": 0.31225425004959106, "y": 0.3169078528881073, "z": -0.37089699506759644, "visibility": 0.9999895691871643, "presence": 0.9999966621398926}, "left elbow": {"x": 0.4344720244407654, "y": 0.3484939634799957, "z": -0.046279408037662506, "visibility": 0.7533565759658813, "presence": 0.9999991655349731}, "right elbow": {"x": 0.2739780843257904, "y": 0.4455106556415558, "z": -0.4219261109828949, "visibility": 0.9945718050003052, "presence": 0.9999285936355591}, "left wrist": {"x": 0.4822169244289398, "y": 0.4240363538265228, "z": -0.08141224831342697, "visibility": 0.8196723461151123, "presence": 0.9999972581863403}, "right wrist": {"x": 0.32052356004714966, "y": 0.5421929359436035, "z": -0.4871545732021332, "visibility": 0.9819789528846741, "presence": 0.9999818801879883}, "left pinky": {"x": 0.5044869184494019, "y": 0.4250360131263733, "z": -0.08920566737651825, "visibility": 0.8133459687232971, "presence": 0.9999873638153076}, "right pinky": {"x": 0.3313004672527313, "y": 0.5702744722366333, "z": -0.5396093130111694, "visibility": 0.9764941930770874, "presence": 0.9999614953994751}, "left index": {"x": 0.5039602518081665, "y": 0.4325619041919708, "z": -0.1310347616672516, "visibility": 0.8240416049957275, "presence": 0.999984622001648}, "right index": {"x": 0.3394611179828644, "y": 0.561565637588501, "z": -0.5411120653152466, "visibility": 0.975817859172821, "presence": 0.9999690055847168}, "left thumb": {"x": 0.4928950369358063, "y": 0.43883252143859863, "z": -0.09843171387910843, "visibility": 0.8084097504615784, "presence": 0.999993085861206}, "right thumb": {"x": 0.3380199372768402, "y": 0.5509341955184937, "z": -0.4915243089199066, "visibility": 0.9517081379890442, "presence": 0.9999828338623047}, "left hip": {"x": 0.30626925826072693, "y": 0.48840615153312683, "z": 0.09272702038288116, "visibility": 0.9999812245368958, "presence": 0.9999991655349731}, "right hip": {"x": 0.25865399837493896, "y": 0.5004692077636719, "z": -0.09264827519655228, "visibility": 0.9999858140945435, "presence": 0.9999973773956299}, "left knee": {"x": 0.388150691986084, "y": 0.6016262769699097, "z": 0.15728817880153656, "visibility": 0.4583040773868561, "presence": 0.9999969005584717}, "right knee": {"x": 0.31193506717681885, "y": 0.661746084690094, "z": -0.2354377806186676, "visibility": 0.998023271560669, "presence": 0.9999966621398926}, "left ankle": {"x": 0.3595737814903259, "y": 0.7477750182151794, "z": 0.3098517060279846, "visibility": 0.7147583961486816, "presence": 0.9999775886535645}, "right ankle": {"x": 0.24843673408031464, "y": 0.8634433150291443, "z": -0.20371493697166443, "visibility": 0.9983829855918884, "presence": 0.9999372959136963}, "left heel": {"x": 0.34526950120925903, "y": 0.7776539325714111, "z": 0.3192868232727051, "visibility": 0.713105320930481, "presence": 0.9999393224716187}, "right heel": {"x": 0.23043572902679443, "y": 0.9016745090484619, "z": -0.20229831337928772, "visibility": 0.9826954007148743, "presence": 0.9998540878295898}, "left foot index": {"x": 0.40495091676712036, "y": 0.7773728966712952, "z": 0.2714403569698334, "visibility": 0.864067018032074, "presence": 0.9999257326126099}, "right foot index": {"x": 0.29229286313056946, "y": 0.9098647236824036, "z": -0.28965824842453003, "visibility": 0.9977226257324219, "presence": 0.9995168447494507}, "timestamp": "20240418-205233"}