{"nose": {"x": 0.4109593331813812, "y": 0.12389037758111954, "z": -0.19144560396671295, "visibility": 0.9999565482139587, "presence": 0.9999704360961914}, "left eye (inner)": {"x": 0.4065970480442047, "y": 0.10149601101875305, "z": -0.17783944308757782, "visibility": 0.9999334216117859, "presence": 0.9999680519104004}, "left eye": {"x": 0.40629082918167114, "y": 0.10032832622528076, "z": -0.17816492915153503, "visibility": 0.9999393820762634, "presence": 0.9999786615371704}, "left eye (outer)": {"x": 0.4061553478240967, "y": 0.09905682504177094, "z": -0.17817126214504242, "visibility": 0.9999550580978394, "presence": 0.9999804496765137}, "right eye (inner)": {"x": 0.4044041037559509, "y": 0.10263770073652267, "z": -0.2058483064174652, "visibility": 0.9999693036079407, "presence": 0.9999297857284546}, "right eye": {"x": 0.40180596709251404, "y": 0.10228081047534943, "z": -0.2060691863298416, "visibility": 0.9999743700027466, "presence": 0.9999372959136963}, "right eye (outer)": {"x": 0.39828813076019287, "y": 0.10155529528856277, "z": -0.20616909861564636, "visibility": 0.9999772906303406, "presence": 0.9999204874038696}, "left ear": {"x": 0.39085090160369873, "y": 0.10286658257246017, "z": -0.10236512124538422, "visibility": 0.9999591708183289, "presence": 0.9999902248382568}, "right ear": {"x": 0.3800376355648041, "y": 0.10487574338912964, "z": -0.22913210093975067, "visibility": 0.9999297857284546, "presence": 0.9999089241027832}, "mouth (left)": {"x": 0.4053376615047455, "y": 0.14211443066596985, "z": -0.1587495058774948, "visibility": 0.9999256730079651, "presence": 0.9999964237213135}, "mouth (right)": {"x": 0.40064239501953125, "y": 0.14100885391235352, "z": -0.19730480015277863, "visibility": 0.9999482035636902, "presence": 0.9999877214431763}, "left shoulder": {"x": 0.39019495248794556, "y": 0.19732952117919922, "z": 0.0003002714947797358, "visibility": 0.9999843835830688, "presence": 0.9999997615814209}, "right shoulder": {"x": 0.32935014367103577, "y": 0.20539309084415436, "z": -0.26313725113868713, "visibility": 0.9999833106994629, "presence": 0.9999935626983643}, "left elbow": {"x": 0.4023818373680115, "y": 0.30297940969467163, "z": 0.04897585138678551, "visibility": 0.562738299369812, "presence": 0.9999972581863403}, "right elbow": {"x": 0.3129371702671051, "y": 0.34579408168792725, "z": -0.31920570135116577, "visibility": 0.9930933117866516, "presence": 0.9997416138648987}, "left wrist": {"x": 0.451973021030426, "y": 0.3549710512161255, "z": -0.03056561015546322, "visibility": 0.6414793133735657, "presence": 0.999994158744812}, "right wrist": {"x": 0.3832528591156006, "y": 0.39677661657333374, "z": -0.36654967069625854, "visibility": 0.9777998924255371, "presence": 0.9999661445617676}, "left pinky": {"x": 0.46905866265296936, "y": 0.37569528818130493, "z": -0.038029346615076065, "visibility": 0.6432912945747375, "presence": 0.9999771118164062}, "right pinky": {"x": 0.39869049191474915, "y": 0.4204442799091339, "z": -0.4116852283477783, "visibility": 0.971247136592865, "presence": 0.9999508857727051}, "left index": {"x": 0.4697090983390808, "y": 0.3670855760574341, "z": -0.0725371316075325, "visibility": 0.6514955163002014, "presence": 0.9999728202819824}, "right index": {"x": 0.4051240086555481, "y": 0.4068959951400757, "z": -0.4063282907009125, "visibility": 0.9691195487976074, "presence": 0.9999568462371826}, "left thumb": {"x": 0.46171635389328003, "y": 0.35952240228652954, "z": -0.04577956348657608, "visibility": 0.6287608742713928, "presence": 0.9999873638153076}, "right thumb": {"x": 0.40280455350875854, "y": 0.39788779616355896, "z": -0.3669557273387909, "visibility": 0.9357423186302185, "presence": 0.9999754428863525}, "left hip": {"x": 0.3204233944416046, "y": 0.4263598918914795, "z": 0.09490940719842911, "visibility": 0.9999822378158569, "presence": 0.9999990463256836}, "right hip": {"x": 0.28239959478378296, "y": 0.42448970675468445, "z": -0.09473103284835815, "visibility": 0.9999871850013733, "presence": 0.9999967813491821}, "left knee": {"x": 0.3718707859516144, "y": 0.5808851718902588, "z": 0.2622066140174866, "visibility": 0.3957558572292328, "presence": 0.9999897480010986}, "right knee": {"x": 0.2861105799674988, "y": 0.6265134811401367, "z": -0.23190858960151672, "visibility": 0.9974773526191711, "presence": 0.9999921321868896}, "left ankle": {"x": 0.36923104524612427, "y": 0.7468442320823669, "z": 0.44940271973609924, "visibility": 0.6871514916419983, "presence": 0.9999603033065796}, "right ankle": {"x": 0.2610929310321808, "y": 0.8505243062973022, "z": -0.2741377353668213, "visibility": 0.9973687529563904, "presence": 0.9999037981033325}, "left heel": {"x": 0.356710284948349, "y": 0.7804993391036987, "z": 0.4615221619606018, "visibility": 0.6853426098823547, "presence": 0.9998914003372192}, "right heel": {"x": 0.24483022093772888, "y": 0.8929846882820129, "z": -0.2807959020137787, "visibility": 0.9768059849739075, "presence": 0.9997422099113464}, "left foot index": {"x": 0.4146537780761719, "y": 0.776617705821991, "z": 0.4170912802219391, "visibility": 0.8377604484558105, "presence": 0.9998660087585449}, "right foot index": {"x": 0.30013102293014526, "y": 0.9126527309417725, "z": -0.3899347186088562, "visibility": 0.9961498379707336, "presence": 0.9988401532173157}, "timestamp": "20240418-205226"}