{"nose": {"x": 0.40733566880226135, "y": 0.12449643015861511, "z": -0.19693419337272644, "visibility": 0.9999553561210632, "presence": 0.9999606609344482}, "left eye (inner)": {"x": 0.40250787138938904, "y": 0.10260133445262909, "z": -0.18474994599819183, "visibility": 0.9999326467514038, "presence": 0.9999618530273438}, "left eye": {"x": 0.4012143015861511, "y": 0.10171029716730118, "z": -0.1850753277540207, "visibility": 0.9999390840530396, "presence": 0.9999748468399048}, "left eye (outer)": {"x": 0.40012067556381226, "y": 0.1008981317281723, "z": -0.18507660925388336, "visibility": 0.9999556541442871, "presence": 0.9999772310256958}, "right eye (inner)": {"x": 0.4004531800746918, "y": 0.10364258289337158, "z": -0.21387889981269836, "visibility": 0.9999678134918213, "presence": 0.9999184608459473}, "right eye": {"x": 0.39723464846611023, "y": 0.10363573580980301, "z": -0.21410255134105682, "visibility": 0.9999728798866272, "presence": 0.9999301433563232}, "right eye (outer)": {"x": 0.39388546347618103, "y": 0.10363553464412689, "z": -0.2142065316438675, "visibility": 0.9999760985374451, "presence": 0.9999148845672607}, "left ear": {"x": 0.38486936688423157, "y": 0.10450683534145355, "z": -0.1107126846909523, "visibility": 0.9999606013298035, "presence": 0.9999892711639404}, "right ear": {"x": 0.3761969208717346, "y": 0.10599221289157867, "z": -0.24095399677753448, "visibility": 0.9999268054962158, "presence": 0.999908447265625}, "mouth (left)": {"x": 0.4001370966434479, "y": 0.14141330122947693, "z": -0.16465052962303162, "visibility": 0.999929666519165, "presence": 0.9999961853027344}, "mouth (right)": {"x": 0.39734014868736267, "y": 0.14151181280612946, "z": -0.20473723113536835, "visibility": 0.9999502301216125, "presence": 0.9999876022338867}, "left shoulder": {"x": 0.3857787251472473, "y": 0.1976155787706375, "z": -0.006865052040666342, "visibility": 0.9999856352806091, "presence": 0.9999998807907104}, "right shoulder": {"x": 0.32191354036331177, "y": 0.20594823360443115, "z": -0.27491992712020874, "visibility": 0.9999843239784241, "presence": 0.9999942779541016}, "left elbow": {"x": 0.3951895236968994, "y": 0.30640384554862976, "z": 0.047318235039711, "visibility": 0.5834952592849731, "presence": 0.9999969005584717}, "right elbow": {"x": 0.3049944043159485, "y": 0.3472967743873596, "z": -0.33404868841171265, "visibility": 0.9932303428649902, "presence": 0.9997238516807556}, "left wrist": {"x": 0.43967047333717346, "y": 0.37118521332740784, "z": -0.0217395331710577, "visibility": 0.6685763597488403, "presence": 0.9999910593032837}, "right wrist": {"x": 0.37522608041763306, "y": 0.4041367769241333, "z": -0.38057801127433777, "visibility": 0.9787924289703369, "presence": 0.9999632835388184}, "left pinky": {"x": 0.45760345458984375, "y": 0.39192768931388855, "z": -0.026512514799833298, "visibility": 0.668483555316925, "presence": 0.9999674558639526}, "right pinky": {"x": 0.3910592198371887, "y": 0.4287565350532532, "z": -0.4262547492980957, "visibility": 0.9722816348075867, "presence": 0.9999493360519409}, "left index": {"x": 0.45780372619628906, "y": 0.3884536325931549, "z": -0.06189196556806564, "visibility": 0.6770887970924377, "presence": 0.9999607801437378}, "right index": {"x": 0.3975077271461487, "y": 0.415582537651062, "z": -0.42035382986068726, "visibility": 0.9703726172447205, "presence": 0.9999560117721558}, "left thumb": {"x": 0.44882139563560486, "y": 0.3815021514892578, "z": -0.036813654005527496, "visibility": 0.6545315384864807, "presence": 0.9999809265136719}, "right thumb": {"x": 0.39634808897972107, "y": 0.4053524136543274, "z": -0.3807255029678345, "visibility": 0.9378396272659302, "presence": 0.999974250793457}, "left hip": {"x": 0.32035955786705017, "y": 0.4284796714782715, "z": 0.09556426852941513, "visibility": 0.999981701374054, "presence": 0.9999991655349731}, "right hip": {"x": 0.28127291798591614, "y": 0.4281776547431946, "z": -0.09539487957954407, "visibility": 0.9999865889549255, "presence": 0.9999971389770508}, "left knee": {"x": 0.36726197600364685, "y": 0.5825499892234802, "z": 0.2565453052520752, "visibility": 0.3920533061027527, "presence": 0.9999923706054688}, "right knee": {"x": 0.28433775901794434, "y": 0.626549243927002, "z": -0.24451689422130585, "visibility": 0.9976113438606262, "presence": 0.9999939203262329}, "left ankle": {"x": 0.36822158098220825, "y": 0.7480563521385193, "z": 0.4407777786254883, "visibility": 0.6962913274765015, "presence": 0.9999704360961914}, "right ankle": {"x": 0.2594476640224457, "y": 0.853429913520813, "z": -0.27601128816604614, "visibility": 0.9975396990776062, "presence": 0.9999363422393799}, "left heel": {"x": 0.35614314675331116, "y": 0.7830984592437744, "z": 0.45376449823379517, "visibility": 0.6899049878120422, "presence": 0.9999184608459473}, "right heel": {"x": 0.24461331963539124, "y": 0.8952064514160156, "z": -0.28186988830566406, "visibility": 0.9775784611701965, "presence": 0.9998348951339722}, "left foot index": {"x": 0.4137524962425232, "y": 0.7785524725914001, "z": 0.4143315255641937, "visibility": 0.8431657552719116, "presence": 0.9998865127563477}, "right foot index": {"x": 0.29913240671157837, "y": 0.914180338382721, "z": -0.3927503228187561, "visibility": 0.9963875412940979, "presence": 0.9991707801818848}, "timestamp": "20240418-205226"}