{"nose": {"x": 0.4054153561592102, "y": 0.13455194234848022, "z": -0.22819337248802185, "visibility": 0.9999686479568481, "presence": 0.9999841451644897}, "left eye (inner)": {"x": 0.401674747467041, "y": 0.11143574118614197, "z": -0.21698860824108124, "visibility": 0.9999526739120483, "presence": 0.9999775886535645}, "left eye": {"x": 0.4000920355319977, "y": 0.10967989265918732, "z": -0.21727368235588074, "visibility": 0.9999582767486572, "presence": 0.9999823570251465}, "left eye (outer)": {"x": 0.39884334802627563, "y": 0.10803107172250748, "z": -0.21723592281341553, "visibility": 0.9999712705612183, "presence": 0.9999792575836182}, "right eye (inner)": {"x": 0.39975377917289734, "y": 0.11263281852006912, "z": -0.24498915672302246, "visibility": 0.9999762773513794, "presence": 0.9999698400497437}, "right eye": {"x": 0.39680927991867065, "y": 0.11184331774711609, "z": -0.24524107575416565, "visibility": 0.9999808073043823, "presence": 0.999975323677063}, "right eye (outer)": {"x": 0.39415889978408813, "y": 0.1111915186047554, "z": -0.2453596591949463, "visibility": 0.999981701374054, "presence": 0.9999704360961914}, "left ear": {"x": 0.385031133890152, "y": 0.10996164381504059, "z": -0.14046113193035126, "visibility": 0.9999760389328003, "presence": 0.9999822378158569}, "right ear": {"x": 0.37621554732322693, "y": 0.10888253152370453, "z": -0.26722949743270874, "visibility": 0.9999396800994873, "presence": 0.999968409538269}, "mouth (left)": {"x": 0.3948310613632202, "y": 0.14929792284965515, "z": -0.1922154724597931, "visibility": 0.9999311566352844, "presence": 0.9999922513961792}, "mouth (right)": {"x": 0.3942803144454956, "y": 0.14979442954063416, "z": -0.23055192828178406, "visibility": 0.9999456405639648, "presence": 0.9999847412109375}, "left shoulder": {"x": 0.37146100401878357, "y": 0.193490669131279, "z": -0.0373164527118206, "visibility": 0.9999778270721436, "presence": 0.9999978542327881}, "right shoulder": {"x": 0.3303527235984802, "y": 0.1993127465248108, "z": -0.30344435572624207, "visibility": 0.9999756813049316, "presence": 0.999990701675415}, "left elbow": {"x": 0.41524553298950195, "y": 0.24372512102127075, "z": -0.07203596085309982, "visibility": 0.5279753804206848, "presence": 0.9999600648880005}, "right elbow": {"x": 0.36560219526290894, "y": 0.30631834268569946, "z": -0.3897537887096405, "visibility": 0.9911147952079773, "presence": 0.999842643737793}, "left wrist": {"x": 0.4843747019767761, "y": 0.24557183682918549, "z": -0.22479495406150818, "visibility": 0.515950620174408, "presence": 0.9997100234031677}, "right wrist": {"x": 0.459317147731781, "y": 0.28452858328819275, "z": -0.43675461411476135, "visibility": 0.9656223654747009, "presence": 0.99992835521698}, "left pinky": {"x": 0.503799319267273, "y": 0.23868431150913239, "z": -0.24593563377857208, "visibility": 0.5160607099533081, "presence": 0.9992183446884155}, "right pinky": {"x": 0.47869712114334106, "y": 0.27717432379722595, "z": -0.4875984787940979, "visibility": 0.9577072858810425, "presence": 0.9998863935470581}, "left index": {"x": 0.5034652948379517, "y": 0.23716667294502258, "z": -0.26726335287094116, "visibility": 0.5242106318473816, "presence": 0.9991698265075684}, "right index": {"x": 0.4835147261619568, "y": 0.2617318034172058, "z": -0.479717880487442, "visibility": 0.9542898535728455, "presence": 0.9998903274536133}, "left thumb": {"x": 0.49530029296875, "y": 0.24006497859954834, "z": -0.23791567981243134, "visibility": 0.5125282406806946, "presence": 0.9995286464691162}, "right thumb": {"x": 0.4772459864616394, "y": 0.2626694440841675, "z": -0.4369937479496002, "visibility": 0.9099911451339722, "presence": 0.999934196472168}, "left hip": {"x": 0.2917711138725281, "y": 0.40998268127441406, "z": 0.0913044884800911, "visibility": 0.9999808073043823, "presence": 0.9999991655349731}, "right hip": {"x": 0.2545045018196106, "y": 0.41414591670036316, "z": -0.09108812361955643, "visibility": 0.9999803304672241, "presence": 0.9999984502792358}, "left knee": {"x": 0.3456670641899109, "y": 0.5688465237617493, "z": 0.2333945482969284, "visibility": 0.4544418156147003, "presence": 0.9999910593032837}, "right knee": {"x": 0.2680078148841858, "y": 0.6141486763954163, "z": -0.24077224731445312, "visibility": 0.9897772669792175, "presence": 0.9999978542327881}, "left ankle": {"x": 0.3399832546710968, "y": 0.7446367740631104, "z": 0.3963802456855774, "visibility": 0.751056969165802, "presence": 0.9999635219573975}, "right ankle": {"x": 0.23036327958106995, "y": 0.8451443910598755, "z": -0.26221126317977905, "visibility": 0.9924325942993164, "presence": 0.9999698400497437}, "left heel": {"x": 0.3261096477508545, "y": 0.778550386428833, "z": 0.40567365288734436, "visibility": 0.7556385397911072, "presence": 0.9999175071716309}, "right heel": {"x": 0.21066157519817352, "y": 0.8797318935394287, "z": -0.2679366171360016, "visibility": 0.9771207571029663, "presence": 0.9999120235443115}, "left foot index": {"x": 0.38609766960144043, "y": 0.7768185138702393, "z": 0.3486731946468353, "visibility": 0.8795823454856873, "presence": 0.9999089241027832}, "right foot index": {"x": 0.27214017510414124, "y": 0.9181751012802124, "z": -0.38460904359817505, "visibility": 0.9923771023750305, "presence": 0.999629020690918}, "timestamp": "20240418-205259"}