{"nose": {"x": 0.34790411591529846, "y": 0.06808245927095413, "z": -0.16616973280906677, "visibility": 0.9998810887336731, "presence": 0.9999498128890991}, "left eye (inner)": {"x": 0.34388166666030884, "y": 0.04720392823219299, "z": -0.14587785303592682, "visibility": 0.9997740387916565, "presence": 0.9999456405639648}, "left eye": {"x": 0.3445216715335846, "y": 0.04688858985900879, "z": -0.14620916545391083, "visibility": 0.9997931718826294, "presence": 0.9999552965164185}, "left eye (outer)": {"x": 0.3454137444496155, "y": 0.046656422317028046, "z": -0.14617925882339478, "visibility": 0.9998437166213989, "presence": 0.9999524354934692}, "right eye (inner)": {"x": 0.3399047255516052, "y": 0.04676462337374687, "z": -0.17657187581062317, "visibility": 0.9998654127120972, "presence": 0.9999189376831055}, "right eye": {"x": 0.3367159068584442, "y": 0.046223703771829605, "z": -0.17684903740882874, "visibility": 0.9998947381973267, "presence": 0.9999384880065918}, "right eye (outer)": {"x": 0.3328699767589569, "y": 0.04610268399119377, "z": -0.17701859772205353, "visibility": 0.9999022483825684, "presence": 0.9999281167984009}, "left ear": {"x": 0.3299378752708435, "y": 0.05772532895207405, "z": -0.04544251412153244, "visibility": 0.9998722076416016, "presence": 0.999968409538269}, "right ear": {"x": 0.3163783550262451, "y": 0.05716823413968086, "z": -0.18557362258434296, "visibility": 0.9997804760932922, "presence": 0.9999293088912964}, "mouth (left)": {"x": 0.34296751022338867, "y": 0.08730915188789368, "z": -0.12532618641853333, "visibility": 0.9998965859413147, "presence": 0.9999845027923584}, "mouth (right)": {"x": 0.33828502893447876, "y": 0.08802275359630585, "z": -0.16794970631599426, "visibility": 0.9999159574508667, "presence": 0.9999704360961914}, "left shoulder": {"x": 0.3284143805503845, "y": 0.1773391216993332, "z": 0.06245756149291992, "visibility": 0.9999879598617554, "presence": 0.9999982118606567}, "right shoulder": {"x": 0.2746407389640808, "y": 0.1744006723165512, "z": -0.2221936285495758, "visibility": 0.9999926686286926, "presence": 0.9999946355819702}, "left elbow": {"x": 0.33493930101394653, "y": 0.2904677987098694, "z": 0.08752812445163727, "visibility": 0.5362244844436646, "presence": 0.9999781847000122}, "right elbow": {"x": 0.2633972764015198, "y": 0.31821736693382263, "z": -0.288687527179718, "visibility": 0.9955369830131531, "presence": 0.9998289346694946}, "left wrist": {"x": 0.37063926458358765, "y": 0.3470141589641571, "z": -0.03322155028581619, "visibility": 0.8248806595802307, "presence": 0.9999788999557495}, "right wrist": {"x": 0.33147209882736206, "y": 0.3754531741142273, "z": -0.33266836404800415, "visibility": 0.9918153285980225, "presence": 0.9999822378158569}, "left pinky": {"x": 0.38167065382003784, "y": 0.36835888028144836, "z": -0.04557082802057266, "visibility": 0.8493652939796448, "presence": 0.9999603033065796}, "right pinky": {"x": 0.348735511302948, "y": 0.39818069338798523, "z": -0.37492257356643677, "visibility": 0.9888118505477905, "presence": 0.9999756813049316}, "left index": {"x": 0.38433852791786194, "y": 0.3638145327568054, "z": -0.07717937976121902, "visibility": 0.8619577288627625, "presence": 0.9999523162841797}, "right index": {"x": 0.35600000619888306, "y": 0.3825940787792206, "z": -0.3664436936378479, "visibility": 0.9889084100723267, "presence": 0.999977707862854}, "left thumb": {"x": 0.3779871463775635, "y": 0.3560079336166382, "z": -0.04852475970983505, "visibility": 0.8353779315948486, "presence": 0.9999687671661377}, "right thumb": {"x": 0.3519750237464905, "y": 0.37299203872680664, "z": -0.33090347051620483, "visibility": 0.9759946465492249, "presence": 0.9999861717224121}, "left hip": {"x": 0.30594199895858765, "y": 0.4436729848384857, "z": 0.09987804293632507, "visibility": 0.9999760985374451, "presence": 0.9999988079071045}, "right hip": {"x": 0.26566535234451294, "y": 0.44187474250793457, "z": -0.09987052530050278, "visibility": 0.9999866485595703, "presence": 0.9999983310699463}, "left knee": {"x": 0.3277233839035034, "y": 0.6112139225006104, "z": 0.31750452518463135, "visibility": 0.4748208522796631, "presence": 0.9999544620513916}, "right knee": {"x": 0.2526940107345581, "y": 0.6427661180496216, "z": -0.258708655834198, "visibility": 0.998450756072998, "presence": 0.999984622001648}, "left ankle": {"x": 0.34639179706573486, "y": 0.7528254985809326, "z": 0.5383946895599365, "visibility": 0.8250232934951782, "presence": 0.9999314546585083}, "right ankle": {"x": 0.23351535201072693, "y": 0.8619341254234314, "z": -0.32054755091667175, "visibility": 0.9987163543701172, "presence": 0.9998183846473694}, "left heel": {"x": 0.33527618646621704, "y": 0.7906931638717651, "z": 0.5543473362922668, "visibility": 0.7856355309486389, "presence": 0.9998000264167786}, "right heel": {"x": 0.2194313108921051, "y": 0.9017869830131531, "z": -0.3294193148612976, "visibility": 0.9768275022506714, "presence": 0.9995192289352417}, "left foot index": {"x": 0.3932052254676819, "y": 0.7797708511352539, "z": 0.5235685110092163, "visibility": 0.9060008525848389, "presence": 0.9997528195381165}, "right foot index": {"x": 0.2782546579837799, "y": 0.9173047542572021, "z": -0.44223204255104065, "visibility": 0.9980117678642273, "presence": 0.996942937374115}, "timestamp": "20240418-205245"}