{"nose": {"x": 0.5020276308059692, "y": 0.2606258690357208, "z": -0.33267897367477417, "visibility": 0.9999253153800964, "presence": 0.9999985694885254}, "left eye (inner)": {"x": 0.5024715662002563, "y": 0.2409229427576065, "z": -0.3263154923915863, "visibility": 0.9999027252197266, "presence": 0.9999983310699463}, "left eye": {"x": 0.5042194128036499, "y": 0.2393752634525299, "z": -0.32663604617118835, "visibility": 0.9999165534973145, "presence": 0.9999986886978149}, "left eye (outer)": {"x": 0.5059424638748169, "y": 0.23827442526817322, "z": -0.32659783959388733, "visibility": 0.9999442100524902, "presence": 0.9999984502792358}, "right eye (inner)": {"x": 0.49628162384033203, "y": 0.2427118867635727, "z": -0.34060943126678467, "visibility": 0.9999372363090515, "presence": 0.9999971389770508}, "right eye": {"x": 0.49310001730918884, "y": 0.24224922060966492, "z": -0.3408029079437256, "visibility": 0.9999496936798096, "presence": 0.9999974966049194}, "right eye (outer)": {"x": 0.48961248993873596, "y": 0.2414829432964325, "z": -0.34091293811798096, "visibility": 0.999955415725708, "presence": 0.9999967813491821}, "left ear": {"x": 0.5007543563842773, "y": 0.23422393202781677, "z": -0.2531352937221527, "visibility": 0.9999673366546631, "presence": 0.9999985694885254}, "right ear": {"x": 0.47924095392227173, "y": 0.23676906526088715, "z": -0.3155127763748169, "visibility": 0.9998798370361328, "presence": 0.999992847442627}, "mouth (left)": {"x": 0.5021377801895142, "y": 0.27079108357429504, "z": -0.29915720224380493, "visibility": 0.9999104142189026, "presence": 0.9999986886978149}, "mouth (right)": {"x": 0.49269166588783264, "y": 0.2724698483943939, "z": -0.31851959228515625, "visibility": 0.9999122023582458, "presence": 0.9999961853027344}, "left shoulder": {"x": 0.5108059048652649, "y": 0.2790403664112091, "z": -0.18023014068603516, "visibility": 0.9999797344207764, "presence": 0.9999998807907104}, "right shoulder": {"x": 0.43337303400039673, "y": 0.3012795150279999, "z": -0.2734982371330261, "visibility": 0.9999884366989136, "presence": 0.9999972581863403}, "left elbow": {"x": 0.5201568007469177, "y": 0.36353442072868347, "z": -0.22399809956550598, "visibility": 0.4933883547782898, "presence": 0.9999963045120239}, "right elbow": {"x": 0.4070727229118347, "y": 0.41272062063217163, "z": -0.25632789731025696, "visibility": 0.9886741638183594, "presence": 0.9999722242355347}, "left wrist": {"x": 0.513619065284729, "y": 0.4210289716720581, "z": -0.38984984159469604, "visibility": 0.6278653740882874, "presence": 0.9999996423721313}, "right wrist": {"x": 0.41681012511253357, "y": 0.5258195400238037, "z": -0.24543535709381104, "visibility": 0.9887596368789673, "presence": 0.9999947547912598}, "left pinky": {"x": 0.5066701173782349, "y": 0.4492211937904358, "z": -0.42964252829551697, "visibility": 0.6625391840934753, "presence": 0.9999985694885254}, "right pinky": {"x": 0.4158569276332855, "y": 0.5643357038497925, "z": -0.269464910030365, "visibility": 0.9890443682670593, "presence": 0.999984860420227}, "left index": {"x": 0.49795156717300415, "y": 0.43790414929389954, "z": -0.4468567371368408, "visibility": 0.6670595407485962, "presence": 0.9999986886978149}, "right index": {"x": 0.42196059226989746, "y": 0.5653226375579834, "z": -0.28436511754989624, "visibility": 0.9889587163925171, "presence": 0.9999862909317017}, "left thumb": {"x": 0.4970627725124359, "y": 0.43008655309677124, "z": -0.40022045373916626, "visibility": 0.6597800850868225, "presence": 0.9999994039535522}, "right thumb": {"x": 0.42341312766075134, "y": 0.5528309941291809, "z": -0.25168725848197937, "visibility": 0.9821699857711792, "presence": 0.9999940395355225}, "left hip": {"x": 0.4620942175388336, "y": 0.43412432074546814, "z": 0.056638091802597046, "visibility": 0.9999757409095764, "presence": 0.9999998807907104}, "right hip": {"x": 0.4249977469444275, "y": 0.44449353218078613, "z": -0.05665972828865051, "visibility": 0.9999849796295166, "presence": 0.9999996423721313}, "left knee": {"x": 0.4771939814090729, "y": 0.5548521876335144, "z": 0.18051594495773315, "visibility": 0.41495975852012634, "presence": 0.9999946355819702}, "right knee": {"x": 0.4745822548866272, "y": 0.5746888518333435, "z": -0.11305826902389526, "visibility": 0.9857208728790283, "presence": 0.999996542930603}, "left ankle": {"x": 0.44145458936691284, "y": 0.6322721838951111, "z": 0.32948043942451477, "visibility": 0.566967248916626, "presence": 0.9999815225601196}, "right ankle": {"x": 0.4758756756782532, "y": 0.7564953565597534, "z": -0.08319995552301407, "visibility": 0.9922296404838562, "presence": 0.9999630451202393}, "left heel": {"x": 0.4293808937072754, "y": 0.6335434913635254, "z": 0.34385496377944946, "visibility": 0.6601350903511047, "presence": 0.9999547004699707}, "right heel": {"x": 0.4645635187625885, "y": 0.7881501913070679, "z": -0.08146221935749054, "visibility": 0.9816365838050842, "presence": 0.9999327659606934}, "left foot index": {"x": 0.4474569261074066, "y": 0.6721381545066833, "z": 0.2946644723415375, "visibility": 0.7138006091117859, "presence": 0.9999415874481201}, "right foot index": {"x": 0.5095901489257812, "y": 0.7905169129371643, "z": -0.13611868023872375, "visibility": 0.9883304834365845, "presence": 0.9994096755981445}, "timestamp": "20240418-205900"}