{"nose": {"x": 0.5067530870437622, "y": 0.1714337170124054, "z": 0.007351638283580542, "visibility": 0.9999486804008484, "presence": 0.9999971389770508}, "left eye (inner)": {"x": 0.5049509406089783, "y": 0.15562693774700165, "z": 0.0015578832244500518, "visibility": 0.9999030828475952, "presence": 0.9999964237213135}, "left eye": {"x": 0.5033529996871948, "y": 0.1545889675617218, "z": 0.0013722849544137716, "visibility": 0.9998853206634521, "presence": 0.9999969005584717}, "left eye (outer)": {"x": 0.5009418725967407, "y": 0.1536388397216797, "z": 0.0014460848178714514, "visibility": 0.999922513961792, "presence": 0.9999959468841553}, "right eye (inner)": {"x": 0.5059317350387573, "y": 0.15580524504184723, "z": -0.015696018934249878, "visibility": 0.9999588131904602, "presence": 0.9999960660934448}, "right eye": {"x": 0.5053871870040894, "y": 0.15522079169750214, "z": -0.015925364568829536, "visibility": 0.9999619722366333, "presence": 0.9999969005584717}, "right eye (outer)": {"x": 0.5048531293869019, "y": 0.1544777899980545, "z": -0.0159541554749012, "visibility": 0.9999716281890869, "presence": 0.9999964237213135}, "left ear": {"x": 0.4892212748527527, "y": 0.1531524509191513, "z": 2.4539989681215957e-05, "visibility": 0.9999017119407654, "presence": 0.9999973773956299}, "right ear": {"x": 0.4955311417579651, "y": 0.15534700453281403, "z": -0.07905896008014679, "visibility": 0.9999175071716309, "presence": 0.9999973773956299}, "mouth (left)": {"x": 0.4999396800994873, "y": 0.18416769802570343, "z": 0.01433388888835907, "visibility": 0.9998974800109863, "presence": 0.9999958276748657}, "mouth (right)": {"x": 0.5024203062057495, "y": 0.1838494837284088, "z": -0.010156337171792984, "visibility": 0.9999253749847412, "presence": 0.9999929666519165}, "left shoulder": {"x": 0.44448351860046387, "y": 0.21077024936676025, "z": 0.05326768010854721, "visibility": 0.9999732971191406, "presence": 0.9999979734420776}, "right shoulder": {"x": 0.49428048729896545, "y": 0.22486621141433716, "z": -0.11086823791265488, "visibility": 0.9999831914901733, "presence": 0.9999959468841553}, "left elbow": {"x": 0.48482003808021545, "y": 0.2717651128768921, "z": 0.1494557410478592, "visibility": 0.3529844284057617, "presence": 0.9999599456787109}, "right elbow": {"x": 0.5436476469039917, "y": 0.2472483068704605, "z": -0.08268275111913681, "visibility": 0.9837657809257507, "presence": 0.9999240636825562}, "left wrist": {"x": 0.5272489190101624, "y": 0.25941404700279236, "z": 0.23174259066581726, "visibility": 0.36220771074295044, "presence": 0.999945878982544}, "right wrist": {"x": 0.5660842061042786, "y": 0.20600399374961853, "z": 0.027335548773407936, "visibility": 0.972016453742981, "presence": 0.9999809265136719}, "left pinky": {"x": 0.5389083623886108, "y": 0.2473718822002411, "z": 0.25117549300193787, "visibility": 0.39360514283180237, "presence": 0.9999251365661621}, "right pinky": {"x": 0.5777444243431091, "y": 0.19328469038009644, "z": 0.019749177619814873, "visibility": 0.974253237247467, "presence": 0.9999778270721436}, "left index": {"x": 0.539055347442627, "y": 0.24396900832653046, "z": 0.23570823669433594, "visibility": 0.3943621516227722, "presence": 0.9998835325241089}, "right index": {"x": 0.5709571838378906, "y": 0.18720078468322754, "z": 0.022097807377576828, "visibility": 0.972903847694397, "presence": 0.9999723434448242}, "left thumb": {"x": 0.5350178480148315, "y": 0.2516547441482544, "z": 0.22764654457569122, "visibility": 0.3965250551700592, "presence": 0.9999152421951294}, "right thumb": {"x": 0.5662258863449097, "y": 0.1908857375383377, "z": 0.028817888349294662, "visibility": 0.9592843651771545, "presence": 0.9999817609786987}, "left hip": {"x": 0.4233514666557312, "y": 0.43694961071014404, "z": 0.06234203651547432, "visibility": 0.9999808669090271, "presence": 0.9999995231628418}, "right hip": {"x": 0.4476343095302582, "y": 0.4548400044441223, "z": -0.0624769851565361, "visibility": 0.9999907612800598, "presence": 0.9999995231628418}, "left knee": {"x": 0.46157345175743103, "y": 0.511418342590332, "z": 0.2706281244754791, "visibility": 0.4815317988395691, "presence": 0.9999884366989136}, "right knee": {"x": 0.500653862953186, "y": 0.5812551975250244, "z": -0.002533592050895095, "visibility": 0.9690781831741333, "presence": 0.9999972581863403}, "left ankle": {"x": 0.44557636976242065, "y": 0.6341318488121033, "z": 0.38134104013442993, "visibility": 0.6859172582626343, "presence": 0.9999542236328125}, "right ankle": {"x": 0.4838782846927643, "y": 0.7571463584899902, "z": 0.0013735528336837888, "visibility": 0.9789881706237793, "presence": 0.9999029636383057}, "left heel": {"x": 0.4337548315525055, "y": 0.6603968143463135, "z": 0.39103326201438904, "visibility": 0.7619516849517822, "presence": 0.9998691082000732}, "right heel": {"x": 0.46814411878585815, "y": 0.7866377234458923, "z": 0.003273169044405222, "visibility": 0.9636919498443604, "presence": 0.9997815489768982}, "left foot index": {"x": 0.46829015016555786, "y": 0.631449282169342, "z": 0.4226139485836029, "visibility": 0.7717774510383606, "presence": 0.9999445676803589}, "right foot index": {"x": 0.5203976035118103, "y": 0.7891327142715454, "z": -0.003974779509007931, "visibility": 0.9789194464683533, "presence": 0.9996410608291626}, "timestamp": "20240418-205851"}