{"nose": {"x": 0.5157369375228882, "y": 0.16425153613090515, "z": -0.0002532067592255771, "visibility": 0.9999321103096008, "presence": 0.9999819993972778}, "left eye (inner)": {"x": 0.513782262802124, "y": 0.14656367897987366, "z": -0.006577224470674992, "visibility": 0.9999227523803711, "presence": 0.9999756813049316}, "left eye": {"x": 0.5113950967788696, "y": 0.1453205645084381, "z": -0.0067911953665316105, "visibility": 0.9999266862869263, "presence": 0.9999761581420898}, "left eye (outer)": {"x": 0.5092117786407471, "y": 0.14422084391117096, "z": -0.006685622967779636, "visibility": 0.9999387264251709, "presence": 0.9999648332595825}, "right eye (inner)": {"x": 0.5170310735702515, "y": 0.14696574211120605, "z": -0.023384379222989082, "visibility": 0.9999505281448364, "presence": 0.9999815225601196}, "right eye": {"x": 0.5165315270423889, "y": 0.14627288281917572, "z": -0.02363848313689232, "visibility": 0.9999647736549377, "presence": 0.9999877214431763}, "right eye (outer)": {"x": 0.5162255167961121, "y": 0.1454717516899109, "z": -0.023689037188887596, "visibility": 0.9999702572822571, "presence": 0.9999872446060181}, "left ear": {"x": 0.4987143576145172, "y": 0.14435556530952454, "z": -0.009498825296759605, "visibility": 0.9999657869338989, "presence": 0.9999727010726929}, "right ear": {"x": 0.5074418783187866, "y": 0.14678215980529785, "z": -0.08616696298122406, "visibility": 0.9999346137046814, "presence": 0.9999918937683105}, "mouth (left)": {"x": 0.5090882182121277, "y": 0.17740638554096222, "z": 0.006925518158823252, "visibility": 0.9997574687004089, "presence": 0.9999641180038452}, "mouth (right)": {"x": 0.512008786201477, "y": 0.1769033521413803, "z": -0.017035644501447678, "visibility": 0.9997941255569458, "presence": 0.9999587535858154}, "left shoulder": {"x": 0.4492464065551758, "y": 0.20687629282474518, "z": 0.03774541616439819, "visibility": 0.9999130964279175, "presence": 0.9999759197235107}, "right shoulder": {"x": 0.5074955821037292, "y": 0.22835135459899902, "z": -0.11855359375476837, "visibility": 0.9999756813049316, "presence": 0.999992847442627}, "left elbow": {"x": 0.4472923278808594, "y": 0.30857139825820923, "z": 0.14255328476428986, "visibility": 0.2700265944004059, "presence": 0.9992716908454895}, "right elbow": {"x": 0.5589461326599121, "y": 0.27847835421562195, "z": -0.09697113186120987, "visibility": 0.9744808673858643, "presence": 0.9999279975891113}, "left wrist": {"x": 0.4844444692134857, "y": 0.3341118395328522, "z": 0.2511230409145355, "visibility": 0.2821841835975647, "presence": 0.9989022016525269}, "right wrist": {"x": 0.5894705057144165, "y": 0.2054378241300583, "z": 0.007790618576109409, "visibility": 0.961796224117279, "presence": 0.9999815225601196}, "left pinky": {"x": 0.4903806149959564, "y": 0.34042391180992126, "z": 0.2755608856678009, "visibility": 0.29320114850997925, "presence": 0.9991624355316162}, "right pinky": {"x": 0.6035231351852417, "y": 0.19062253832817078, "z": -0.002793037099763751, "visibility": 0.96478271484375, "presence": 0.9999723434448242}, "left index": {"x": 0.49640050530433655, "y": 0.35100361704826355, "z": 0.25631606578826904, "visibility": 0.29472583532333374, "presence": 0.998664379119873}, "right index": {"x": 0.5971238613128662, "y": 0.18304131925106049, "z": 0.003953828476369381, "visibility": 0.9628898501396179, "presence": 0.9999663829803467}, "left thumb": {"x": 0.4968279004096985, "y": 0.35338714718818665, "z": 0.24679553508758545, "visibility": 0.2938171923160553, "presence": 0.9988094568252563}, "right thumb": {"x": 0.5908552408218384, "y": 0.18727774918079376, "z": 0.010614673607051373, "visibility": 0.9455730319023132, "presence": 0.9999791383743286}, "left hip": {"x": 0.4266499876976013, "y": 0.44145703315734863, "z": 0.05214173346757889, "visibility": 0.9999683499336243, "presence": 0.9999983310699463}, "right hip": {"x": 0.4590877592563629, "y": 0.46283453702926636, "z": -0.05231429263949394, "visibility": 0.9999880790710449, "presence": 0.9999991655349731}, "left knee": {"x": 0.4600253105163574, "y": 0.5013378262519836, "z": 0.287586510181427, "visibility": 0.406048446893692, "presence": 0.9999456405639648}, "right knee": {"x": 0.5101152062416077, "y": 0.5888923406600952, "z": 0.01886998862028122, "visibility": 0.9893521666526794, "presence": 0.9999945163726807}, "left ankle": {"x": 0.4521941542625427, "y": 0.6360198259353638, "z": 0.3946457505226135, "visibility": 0.6961942911148071, "presence": 0.9998703002929688}, "right ankle": {"x": 0.48678550124168396, "y": 0.7665315270423889, "z": 0.03323883190751076, "visibility": 0.9950290322303772, "presence": 0.9998151659965515}, "left heel": {"x": 0.44214487075805664, "y": 0.6634783148765564, "z": 0.4038521349430084, "visibility": 0.7997196912765503, "presence": 0.9996447563171387}, "right heel": {"x": 0.46936947107315063, "y": 0.798265814781189, "z": 0.0362708643078804, "visibility": 0.9906294345855713, "presence": 0.9995895028114319}, "left foot index": {"x": 0.4750637114048004, "y": 0.6321903467178345, "z": 0.43734318017959595, "visibility": 0.7697259783744812, "presence": 0.9998859167098999}, "right foot index": {"x": 0.525098443031311, "y": 0.7946869730949402, "z": 0.027286052703857422, "visibility": 0.9890595078468323, "presence": 0.9994040727615356}, "timestamp": "20240418-205844"}