{"nose": {"x": 0.518605649471283, "y": 0.26759570837020874, "z": -0.41133585572242737, "visibility": 0.9999144077301025, "presence": 0.9999998807907104}, "left eye (inner)": {"x": 0.5155491828918457, "y": 0.2489801049232483, "z": -0.40629881620407104, "visibility": 0.9998886585235596, "presence": 0.9999998807907104}, "left eye": {"x": 0.515447199344635, "y": 0.24759668111801147, "z": -0.4066010117530823, "visibility": 0.9999020099639893, "presence": 0.9999998807907104}, "left eye (outer)": {"x": 0.5157305598258972, "y": 0.24624869227409363, "z": -0.4065658450126648, "visibility": 0.9999371767044067, "presence": 0.9999998807907104}, "right eye (inner)": {"x": 0.5115880966186523, "y": 0.2507140338420868, "z": -0.42353588342666626, "visibility": 0.9999314546585083, "presence": 0.9999998807907104}, "right eye": {"x": 0.5082601308822632, "y": 0.25078240036964417, "z": -0.42376160621643066, "visibility": 0.9999433159828186, "presence": 0.9999998807907104}, "right eye (outer)": {"x": 0.5049608945846558, "y": 0.2510431408882141, "z": -0.4238813817501068, "visibility": 0.9999537467956543, "presence": 0.9999998807907104}, "left ear": {"x": 0.5068915486335754, "y": 0.24310266971588135, "z": -0.32740747928619385, "visibility": 0.9999632835388184, "presence": 0.9999998807907104}, "right ear": {"x": 0.48894834518432617, "y": 0.25060561299324036, "z": -0.40473881363868713, "visibility": 0.9998640418052673, "presence": 0.9999997615814209}, "mouth (left)": {"x": 0.5123215913772583, "y": 0.28037405014038086, "z": -0.3747806251049042, "visibility": 0.9998824596405029, "presence": 0.9999998807907104}, "mouth (right)": {"x": 0.5067038536071777, "y": 0.28295785188674927, "z": -0.3983881175518036, "visibility": 0.9998941421508789, "presence": 0.9999998807907104}, "left shoulder": {"x": 0.5223860740661621, "y": 0.29190337657928467, "z": -0.21959242224693298, "visibility": 0.9999517798423767, "presence": 1.0}, "right shoulder": {"x": 0.4409908354282379, "y": 0.3146700859069824, "z": -0.3445124328136444, "visibility": 0.9999867081642151, "presence": 1.0}, "left elbow": {"x": 0.5283392667770386, "y": 0.3875912129878998, "z": -0.14812809228897095, "visibility": 0.5982291102409363, "presence": 0.9999997615814209}, "right elbow": {"x": 0.40815386176109314, "y": 0.41482657194137573, "z": -0.2924472391605377, "visibility": 0.9911181330680847, "presence": 0.9999991655349731}, "left wrist": {"x": 0.5211256742477417, "y": 0.4485485851764679, "z": -0.18864628672599792, "visibility": 0.6761654019355774, "presence": 0.9999998807907104}, "right wrist": {"x": 0.37749290466308594, "y": 0.5132349729537964, "z": -0.26475390791893005, "visibility": 0.9856807589530945, "presence": 0.9999994039535522}, "left pinky": {"x": 0.5148066282272339, "y": 0.47511017322540283, "z": -0.20164506137371063, "visibility": 0.6849175691604614, "presence": 0.9999997615814209}, "right pinky": {"x": 0.3662225604057312, "y": 0.5380946397781372, "z": -0.282686710357666, "visibility": 0.9830419421195984, "presence": 0.999997615814209}, "left index": {"x": 0.5092018842697144, "y": 0.4625469148159027, "z": -0.2285011112689972, "visibility": 0.6888364553451538, "presence": 0.9999996423721313}, "right index": {"x": 0.36707326769828796, "y": 0.5434082746505737, "z": -0.3081274628639221, "visibility": 0.9833357334136963, "presence": 0.999996542930603}, "left thumb": {"x": 0.5086630582809448, "y": 0.45444491505622864, "z": -0.19907185435295105, "visibility": 0.6806087493896484, "presence": 0.9999997615814209}, "right thumb": {"x": 0.37225043773651123, "y": 0.5353960394859314, "z": -0.27420660853385925, "visibility": 0.9715015888214111, "presence": 0.9999986886978149}, "left hip": {"x": 0.47389334440231323, "y": 0.44939395785331726, "z": 0.05628218129277229, "visibility": 0.9999740719795227, "presence": 1.0}, "right hip": {"x": 0.43240562081336975, "y": 0.45744433999061584, "z": -0.05629627779126167, "visibility": 0.999987781047821, "presence": 1.0}, "left knee": {"x": 0.49068483710289, "y": 0.5638149976730347, "z": 0.2246364802122116, "visibility": 0.4410090446472168, "presence": 0.9999986886978149}, "right knee": {"x": 0.4877993166446686, "y": 0.5820209383964539, "z": -0.12853386998176575, "visibility": 0.987476110458374, "presence": 0.9999995231628418}, "left ankle": {"x": 0.4517696797847748, "y": 0.6258772611618042, "z": 0.45188555121421814, "visibility": 0.5683234333992004, "presence": 0.9999910593032837}, "right ankle": {"x": 0.4825548231601715, "y": 0.7623609900474548, "z": -0.08048176020383835, "visibility": 0.9918742775917053, "presence": 0.9999885559082031}, "left heel": {"x": 0.43584227561950684, "y": 0.6409838199615479, "z": 0.47229036688804626, "visibility": 0.6352169513702393, "presence": 0.9999802112579346}, "right heel": {"x": 0.4708133637905121, "y": 0.7939692735671997, "z": -0.07473193109035492, "visibility": 0.9794252514839172, "presence": 0.9999804496765137}, "left foot index": {"x": 0.45639389753341675, "y": 0.6621333360671997, "z": 0.45806580781936646, "visibility": 0.7310780882835388, "presence": 0.9999773502349854}, "right foot index": {"x": 0.5186830759048462, "y": 0.7971498966217041, "z": -0.11714524030685425, "visibility": 0.9897975921630859, "presence": 0.9998719692230225}, "timestamp": "20240418-205842"}