{"nose": {"x": 0.5071439146995544, "y": 0.17562250792980194, "z": 0.03564118966460228, "visibility": 0.9999145269393921, "presence": 0.9999983310699463}, "left eye (inner)": {"x": 0.5060529112815857, "y": 0.15893512964248657, "z": 0.029319634661078453, "visibility": 0.9999009966850281, "presence": 0.9999979734420776}, "left eye": {"x": 0.5043439865112305, "y": 0.15781055390834808, "z": 0.029115188866853714, "visibility": 0.9999017715454102, "presence": 0.9999980926513672}, "left eye (outer)": {"x": 0.5020081400871277, "y": 0.15672150254249573, "z": 0.02919570729136467, "visibility": 0.9999376535415649, "presence": 0.9999974966049194}, "right eye (inner)": {"x": 0.5075188875198364, "y": 0.15892037749290466, "z": 0.01110805757343769, "visibility": 0.9999440312385559, "presence": 0.9999979734420776}, "right eye": {"x": 0.5070277452468872, "y": 0.15822218358516693, "z": 0.010865187272429466, "visibility": 0.9999509453773499, "presence": 0.9999984502792358}, "right eye (outer)": {"x": 0.5065755248069763, "y": 0.15752962231636047, "z": 0.010837269946932793, "visibility": 0.9999621510505676, "presence": 0.9999982118606567}, "left ear": {"x": 0.48937708139419556, "y": 0.1537044644355774, "z": 0.02504993975162506, "visibility": 0.9999560713768005, "presence": 0.9999980926513672}, "right ear": {"x": 0.49704718589782715, "y": 0.15583358705043793, "z": -0.05921939015388489, "visibility": 0.9998852014541626, "presence": 0.9999985694885254}, "mouth (left)": {"x": 0.5010942816734314, "y": 0.18719246983528137, "z": 0.041839562356472015, "visibility": 0.9998577237129211, "presence": 0.9999966621398926}, "mouth (right)": {"x": 0.503170371055603, "y": 0.1872449517250061, "z": 0.015773281455039978, "visibility": 0.9998669624328613, "presence": 0.9999951124191284}, "left shoulder": {"x": 0.44402751326560974, "y": 0.21386650204658508, "z": 0.06991051137447357, "visibility": 0.9999632835388184, "presence": 0.9999979734420776}, "right shoulder": {"x": 0.4956512451171875, "y": 0.21788793802261353, "z": -0.0977211743593216, "visibility": 0.9999810457229614, "presence": 0.9999974966049194}, "left elbow": {"x": 0.474739134311676, "y": 0.2706911563873291, "z": 0.17331823706626892, "visibility": 0.3007991313934326, "presence": 0.9999608993530273}, "right elbow": {"x": 0.5576473474502563, "y": 0.25267839431762695, "z": -0.07473576813936234, "visibility": 0.9803979992866516, "presence": 0.9999536275863647}, "left wrist": {"x": 0.5129901766777039, "y": 0.25710588693618774, "z": 0.27533477544784546, "visibility": 0.32427024841308594, "presence": 0.9999581575393677}, "right wrist": {"x": 0.5548871159553528, "y": 0.15975898504257202, "z": 0.04271203652024269, "visibility": 0.9588610529899597, "presence": 0.9999927282333374}, "left pinky": {"x": 0.5248982906341553, "y": 0.24390386044979095, "z": 0.29772377014160156, "visibility": 0.3533450663089752, "presence": 0.9999364614486694}, "right pinky": {"x": 0.5607431530952454, "y": 0.13776439428329468, "z": 0.03677096962928772, "visibility": 0.959783673286438, "presence": 0.9999902248382568}, "left index": {"x": 0.526917040348053, "y": 0.25322332978248596, "z": 0.28412994742393494, "visibility": 0.35357367992401123, "presence": 0.9998971223831177}, "right index": {"x": 0.5547314882278442, "y": 0.13218705356121063, "z": 0.03293297439813614, "visibility": 0.9581552147865295, "presence": 0.9999876022338867}, "left thumb": {"x": 0.5250089168548584, "y": 0.25982388854026794, "z": 0.2721235752105713, "visibility": 0.34856951236724854, "presence": 0.9999305009841919}, "right thumb": {"x": 0.5524489283561707, "y": 0.13833323121070862, "z": 0.04172275960445404, "visibility": 0.9370243549346924, "presence": 0.9999926090240479}, "left hip": {"x": 0.42378154397010803, "y": 0.44268137216567993, "z": 0.06289287656545639, "visibility": 0.9999781250953674, "presence": 0.9999994039535522}, "right hip": {"x": 0.44883036613464355, "y": 0.4564136862754822, "z": -0.06308292597532272, "visibility": 0.9999884963035583, "presence": 0.9999994039535522}, "left knee": {"x": 0.46030253171920776, "y": 0.5066519379615784, "z": 0.2890501916408539, "visibility": 0.385152131319046, "presence": 0.9999887943267822}, "right knee": {"x": 0.5036941170692444, "y": 0.5813421607017517, "z": 0.0023029230069369078, "visibility": 0.9805570244789124, "presence": 0.9999979734420776}, "left ankle": {"x": 0.4479660093784332, "y": 0.6341572403907776, "z": 0.4064160883426666, "visibility": 0.58332359790802, "presence": 0.9999525547027588}, "right ankle": {"x": 0.4854963719844818, "y": 0.7584551572799683, "z": -0.006290840916335583, "visibility": 0.9850568771362305, "presence": 0.9999048709869385}, "left heel": {"x": 0.436096727848053, "y": 0.6608279347419739, "z": 0.41774463653564453, "visibility": 0.6984694600105286, "presence": 0.9998668432235718}, "right heel": {"x": 0.46900320053100586, "y": 0.7887907028198242, "z": -0.005379687063395977, "visibility": 0.9703834056854248, "presence": 0.9997925162315369}, "left foot index": {"x": 0.47190937399864197, "y": 0.6327230930328369, "z": 0.4467751085758209, "visibility": 0.6856507658958435, "presence": 0.9999483823776245}, "right foot index": {"x": 0.522891104221344, "y": 0.7860044836997986, "z": -0.009297030046582222, "visibility": 0.980617880821228, "presence": 0.9996784925460815}, "timestamp": "20240418-205848"}