{"nose": {"x": 0.4976167678833008, "y": 0.23358054459095, "z": -0.29155898094177246, "visibility": 0.9999971985816956, "presence": 0.9999991655349731}, "left eye (inner)": {"x": 0.49446600675582886, "y": 0.21378372609615326, "z": -0.28330910205841064, "visibility": 0.9999931454658508, "presence": 0.9999985694885254}, "left eye": {"x": 0.49482226371765137, "y": 0.21239294111728668, "z": -0.2835926413536072, "visibility": 0.999995231628418, "presence": 0.999998927116394}, "left eye (outer)": {"x": 0.4953003525733948, "y": 0.21151171624660492, "z": -0.28357845544815063, "visibility": 0.9999955892562866, "presence": 0.9999988079071045}, "right eye (inner)": {"x": 0.4912537932395935, "y": 0.215088352560997, "z": -0.3004536032676697, "visibility": 0.999996542930603, "presence": 0.9999977350234985}, "right eye": {"x": 0.48871660232543945, "y": 0.21507099270820618, "z": -0.30065101385116577, "visibility": 0.9999973773956299, "presence": 0.9999980926513672}, "right eye (outer)": {"x": 0.48579686880111694, "y": 0.2153949737548828, "z": -0.30072301626205444, "visibility": 0.9999969005584717, "presence": 0.999997615814209}, "left ear": {"x": 0.48872217535972595, "y": 0.21461738646030426, "z": -0.21439456939697266, "visibility": 0.9999970197677612, "presence": 0.9999990463256836}, "right ear": {"x": 0.47269946336746216, "y": 0.21865351498126984, "z": -0.2894136905670166, "visibility": 0.9999950528144836, "presence": 0.9999963045120239}, "mouth (left)": {"x": 0.49608081579208374, "y": 0.24694854021072388, "z": -0.26122787594795227, "visibility": 0.9999967217445374, "presence": 0.9999995231628418}, "mouth (right)": {"x": 0.4912799894809723, "y": 0.24824008345603943, "z": -0.2841663658618927, "visibility": 0.9999974370002747, "presence": 0.9999988079071045}, "left shoulder": {"x": 0.507348895072937, "y": 0.2877579927444458, "z": -0.13656142354011536, "visibility": 0.9999997019767761, "presence": 1.0}, "right shoulder": {"x": 0.431689590215683, "y": 0.31336426734924316, "z": -0.2745130956172943, "visibility": 0.9999995827674866, "presence": 0.9999995231628418}, "left elbow": {"x": 0.5209461450576782, "y": 0.37002450227737427, "z": -0.16637498140335083, "visibility": 0.9783890247344971, "presence": 0.9999988079071045}, "right elbow": {"x": 0.40027570724487305, "y": 0.423353374004364, "z": -0.2610604166984558, "visibility": 0.9994112849235535, "presence": 0.9999910593032837}, "left wrist": {"x": 0.5355657935142517, "y": 0.4180072247982025, "z": -0.31335288286209106, "visibility": 0.9902389049530029, "presence": 0.9999995231628418}, "right wrist": {"x": 0.36164385080337524, "y": 0.5122896432876587, "z": -0.25867629051208496, "visibility": 0.9903714060783386, "presence": 0.9999946355819702}, "left pinky": {"x": 0.5410248041152954, "y": 0.43398424983024597, "z": -0.3442218005657196, "visibility": 0.9820530414581299, "presence": 0.9999978542327881}, "right pinky": {"x": 0.35347437858581543, "y": 0.5395545363426208, "z": -0.28935670852661133, "visibility": 0.9736630916595459, "presence": 0.9999784231185913}, "left index": {"x": 0.536375880241394, "y": 0.429628849029541, "z": -0.3673302233219147, "visibility": 0.9855491518974304, "presence": 0.9999978542327881}, "right index": {"x": 0.3546906113624573, "y": 0.5449886322021484, "z": -0.3139031231403351, "visibility": 0.9768680930137634, "presence": 0.9999779462814331}, "left thumb": {"x": 0.5328726172447205, "y": 0.4258078336715698, "z": -0.326530396938324, "visibility": 0.9789972305297852, "presence": 0.9999990463256836}, "right thumb": {"x": 0.35872894525527954, "y": 0.5372425317764282, "z": -0.27133709192276, "visibility": 0.9603689312934875, "presence": 0.9999916553497314}, "left hip": {"x": 0.4548562467098236, "y": 0.4638596475124359, "z": 0.06488404422998428, "visibility": 0.9999963045120239, "presence": 0.9999997615814209}, "right hip": {"x": 0.4192681908607483, "y": 0.47474557161331177, "z": -0.06482098996639252, "visibility": 0.9999986290931702, "presence": 0.9999996423721313}, "left knee": {"x": 0.4748780131340027, "y": 0.5786424279212952, "z": 0.22403426468372345, "visibility": 0.7820934057235718, "presence": 0.9999959468841553}, "right knee": {"x": 0.489271342754364, "y": 0.5922074913978577, "z": -0.12167606502771378, "visibility": 0.999622642993927, "presence": 0.999997615814209}, "left ankle": {"x": 0.4354344308376312, "y": 0.6485167741775513, "z": 0.39005646109580994, "visibility": 0.7226465344429016, "presence": 0.9999854564666748}, "right ankle": {"x": 0.4655478596687317, "y": 0.7782261371612549, "z": -0.08136364817619324, "visibility": 0.999586820602417, "presence": 0.9999575614929199}, "left heel": {"x": 0.41885632276535034, "y": 0.6648406386375427, "z": 0.4018186032772064, "visibility": 0.7765039801597595, "presence": 0.999963641166687}, "right heel": {"x": 0.45146194100379944, "y": 0.8094568848609924, "z": -0.07842696458101273, "visibility": 0.9938961267471313, "presence": 0.999916672706604}, "left foot index": {"x": 0.46115440130233765, "y": 0.6812607049942017, "z": 0.3893018960952759, "visibility": 0.9154231548309326, "presence": 0.9999618530273438}, "right foot index": {"x": 0.5002506971359253, "y": 0.8141374588012695, "z": -0.12713119387626648, "visibility": 0.9996481537818909, "presence": 0.9996510744094849}, "timestamp": "20240418-205839"}