{"nose": {"x": 0.42042672634124756, "y": 0.3083677589893341, "z": 0.06830897927284241, "visibility": 0.9999721646308899, "presence": 0.9999994039535522}, "left eye (inner)": {"x": 0.4200136065483093, "y": 0.2977670133113861, "z": 0.07085400074720383, "visibility": 0.9999613165855408, "presence": 0.9999990463256836}, "left eye": {"x": 0.41822052001953125, "y": 0.29695117473602295, "z": 0.070438914000988, "visibility": 0.999965488910675, "presence": 0.999998927116394}, "left eye (outer)": {"x": 0.4162026345729828, "y": 0.2961156368255615, "z": 0.07063768059015274, "visibility": 0.9999735951423645, "presence": 0.9999984502792358}, "right eye (inner)": {"x": 0.4192386865615845, "y": 0.2972724735736847, "z": 0.022257830947637558, "visibility": 0.9999793171882629, "presence": 0.9999991655349731}, "right eye": {"x": 0.41715216636657715, "y": 0.2962358593940735, "z": 0.021798105910420418, "visibility": 0.9999850392341614, "presence": 0.9999992847442627}, "right eye (outer)": {"x": 0.41499602794647217, "y": 0.2951590120792389, "z": 0.021665312349796295, "visibility": 0.999985933303833, "presence": 0.9999991655349731}, "left ear": {"x": 0.39213716983795166, "y": 0.292213499546051, "z": 0.10988649725914001, "visibility": 0.9999865889549255, "presence": 0.9999986886978149}, "right ear": {"x": 0.3925504982471466, "y": 0.2923601269721985, "z": -0.11576113104820251, "visibility": 0.9999760389328003, "presence": 0.9999992847442627}, "mouth (left)": {"x": 0.40843334794044495, "y": 0.3140498697757721, "z": 0.09654595702886581, "visibility": 0.9999499917030334, "presence": 0.9999967813491821}, "mouth (right)": {"x": 0.40813931822776794, "y": 0.3136773109436035, "z": 0.028044046834111214, "visibility": 0.9999648332595825, "presence": 0.9999961853027344}, "left shoulder": {"x": 0.2939811944961548, "y": 0.3219395577907562, "z": 0.23118874430656433, "visibility": 0.9999828934669495, "presence": 0.9999967813491821}, "right shoulder": {"x": 0.37246620655059814, "y": 0.3182834982872009, "z": -0.23989328742027283, "visibility": 0.9999906420707703, "presence": 0.999996542930603}, "left elbow": {"x": 0.29353439807891846, "y": 0.3588337004184723, "z": 0.5123767852783203, "visibility": 0.2821839451789856, "presence": 0.9999681711196899}, "right elbow": {"x": 0.48822781443595886, "y": 0.3384198844432831, "z": -0.22554610669612885, "visibility": 0.9941850900650024, "presence": 0.9999737739562988}, "left wrist": {"x": 0.3538278341293335, "y": 0.366119384765625, "z": 0.7954965233802795, "visibility": 0.3664087951183319, "presence": 0.9999794960021973}, "right wrist": {"x": 0.5241489410400391, "y": 0.2910628020763397, "z": 0.026952706277370453, "visibility": 0.9845797419548035, "presence": 0.9999948740005493}, "left pinky": {"x": 0.376478910446167, "y": 0.3633473813533783, "z": 0.8675054311752319, "visibility": 0.40131476521492004, "presence": 0.9999688863754272}, "right pinky": {"x": 0.5300689935684204, "y": 0.27635326981544495, "z": 0.008324958384037018, "visibility": 0.9801932573318481, "presence": 0.999990701675415}, "left index": {"x": 0.383765310049057, "y": 0.35846319794654846, "z": 0.8245362043380737, "visibility": 0.40737542510032654, "presence": 0.9999454021453857}, "right index": {"x": 0.5191469192504883, "y": 0.27493172883987427, "z": 0.031096497550606728, "visibility": 0.9783824682235718, "presence": 0.9999872446060181}, "left thumb": {"x": 0.38330426812171936, "y": 0.35998523235321045, "z": 0.7860330939292908, "visibility": 0.4008839428424835, "presence": 0.9999620914459229}, "right thumb": {"x": 0.5165309906005859, "y": 0.280381441116333, "z": 0.03742010518908501, "visibility": 0.9589124321937561, "presence": 0.999992847442627}, "left hip": {"x": 0.22568416595458984, "y": 0.4526803195476532, "z": 0.16460439562797546, "visibility": 0.9999801516532898, "presence": 0.9999982118606567}, "right hip": {"x": 0.25763022899627686, "y": 0.45634734630584717, "z": -0.1647363156080246, "visibility": 0.9999901652336121, "presence": 0.9999984502792358}, "left knee": {"x": 0.3019041121006012, "y": 0.5135943293571472, "z": 0.6158061027526855, "visibility": 0.339634507894516, "presence": 0.9999768733978271}, "right knee": {"x": 0.3604399263858795, "y": 0.5295426845550537, "z": -0.0642862543463707, "visibility": 0.9928790926933289, "presence": 0.9999954700469971}, "left ankle": {"x": 0.3109804689884186, "y": 0.5862395167350769, "z": 0.9119015336036682, "visibility": 0.609273374080658, "presence": 0.9997938275337219}, "right ankle": {"x": 0.2719879150390625, "y": 0.629850447177887, "z": 0.03129167854785919, "visibility": 0.9934179782867432, "presence": 0.9997867941856384}, "left heel": {"x": 0.2978624999523163, "y": 0.6068716049194336, "z": 0.9407232999801636, "visibility": 0.6932043433189392, "presence": 0.9994476437568665}, "right heel": {"x": 0.2453787922859192, "y": 0.6460209488868713, "z": 0.0454435721039772, "visibility": 0.9700980186462402, "presence": 0.9995762705802917}, "left foot index": {"x": 0.37186089158058167, "y": 0.5996028780937195, "z": 0.9997132420539856, "visibility": 0.7471232414245605, "presence": 0.9997671246528625}, "right foot index": {"x": 0.3337831199169159, "y": 0.6564180850982666, "z": 0.03776858001947403, "visibility": 0.9906385540962219, "presence": 0.9992907047271729}, "timestamp": "20240413-005015"}