{"nose": {"x": 0.37546655535697937, "y": 0.3370048701763153, "z": -0.6550725102424622, "visibility": 0.9999527931213379, "presence": 1.0}, "left eye (inner)": {"x": 0.37312376499176025, "y": 0.3264545798301697, "z": -0.6310480237007141, "visibility": 0.9999319314956665, "presence": 1.0}, "left eye": {"x": 0.37229788303375244, "y": 0.3257100284099579, "z": -0.6314487457275391, "visibility": 0.9999354481697083, "presence": 1.0}, "left eye (outer)": {"x": 0.3716983199119568, "y": 0.3249528110027313, "z": -0.6313586235046387, "visibility": 0.9999521374702454, "presence": 0.9999998807907104}, "right eye (inner)": {"x": 0.36988383531570435, "y": 0.32639801502227783, "z": -0.683008074760437, "visibility": 0.999962568283081, "presence": 1.0}, "right eye": {"x": 0.3668714761734009, "y": 0.32562699913978577, "z": -0.6833862662315369, "visibility": 0.9999722838401794, "presence": 1.0}, "right eye (outer)": {"x": 0.3634311258792877, "y": 0.32484328746795654, "z": -0.6834359169006348, "visibility": 0.9999757409095764, "presence": 0.9999998807907104}, "left ear": {"x": 0.3499946892261505, "y": 0.3226340711116791, "z": -0.4529578387737274, "visibility": 0.9999713897705078, "presence": 1.0}, "right ear": {"x": 0.33842310309410095, "y": 0.3232884407043457, "z": -0.6853200197219849, "visibility": 0.999955415725708, "presence": 0.9999998807907104}, "mouth (left)": {"x": 0.3664626181125641, "y": 0.34497329592704773, "z": -0.5790653824806213, "visibility": 0.9998770952224731, "presence": 1.0}, "mouth (right)": {"x": 0.36299002170562744, "y": 0.34512922167778015, "z": -0.6486443877220154, "visibility": 0.9999048113822937, "presence": 1.0}, "left shoulder": {"x": 0.36176979541778564, "y": 0.3599919080734253, "z": -0.23986147344112396, "visibility": 0.9999863505363464, "presence": 1.0}, "right shoulder": {"x": 0.2355131208896637, "y": 0.3598329722881317, "z": -0.6797623038291931, "visibility": 0.999993622303009, "presence": 1.0}, "left elbow": {"x": 0.3711962103843689, "y": 0.4064685106277466, "z": -0.35563382506370544, "visibility": 0.4934968650341034, "presence": 0.9999994039535522}, "right elbow": {"x": 0.1513371467590332, "y": 0.40615132451057434, "z": -0.7819239497184753, "visibility": 0.9958118200302124, "presence": 0.9999977350234985}, "left wrist": {"x": 0.38901662826538086, "y": 0.4203290343284607, "z": -0.7632707357406616, "visibility": 0.6537660956382751, "presence": 0.9999997615814209}, "right wrist": {"x": 0.08979378640651703, "y": 0.4722767770290375, "z": -0.8873998522758484, "visibility": 0.9855214357376099, "presence": 0.9999973773956299}, "left pinky": {"x": 0.4084147810935974, "y": 0.42316335439682007, "z": -0.8382447361946106, "visibility": 0.6753880977630615, "presence": 0.9999990463256836}, "right pinky": {"x": 0.05807248130440712, "y": 0.48759961128234863, "z": -0.9629589319229126, "visibility": 0.9800846576690674, "presence": 0.9999853372573853}, "left index": {"x": 0.4061899781227112, "y": 0.41590723395347595, "z": -0.8841484189033508, "visibility": 0.6832875609397888, "presence": 0.9999991655349731}, "right index": {"x": 0.0676373690366745, "y": 0.49256041646003723, "z": -0.9974085092544556, "visibility": 0.9792042970657349, "presence": 0.9999858140945435}, "left thumb": {"x": 0.3961067795753479, "y": 0.4147454500198364, "z": -0.7937403321266174, "visibility": 0.6653445959091187, "presence": 0.9999996423721313}, "right thumb": {"x": 0.08339792490005493, "y": 0.4869288504123688, "z": -0.9042813777923584, "visibility": 0.9620074033737183, "presence": 0.9999948740005493}, "left hip": {"x": 0.27057981491088867, "y": 0.46327799558639526, "z": 0.1621125191450119, "visibility": 0.999988317489624, "presence": 0.9999998807907104}, "right hip": {"x": 0.20407328009605408, "y": 0.4681806266307831, "z": -0.16220180690288544, "visibility": 0.9999940395355225, "presence": 0.9999998807907104}, "left knee": {"x": 0.3680616617202759, "y": 0.5302749872207642, "z": 0.22016531229019165, "visibility": 0.2197224199771881, "presence": 0.9999969005584717}, "right knee": {"x": 0.29732924699783325, "y": 0.5320789813995361, "z": -0.437765896320343, "visibility": 0.9864315390586853, "presence": 0.9999988079071045}, "left ankle": {"x": 0.29348573088645935, "y": 0.5919494032859802, "z": 0.49238157272338867, "visibility": 0.46754512190818787, "presence": 0.999991774559021}, "right ankle": {"x": 0.25872498750686646, "y": 0.6354056596755981, "z": -0.34214532375335693, "visibility": 0.9844446778297424, "presence": 0.9999895095825195}, "left heel": {"x": 0.2688860297203064, "y": 0.6036945581436157, "z": 0.5069802403450012, "visibility": 0.5445992946624756, "presence": 0.9999825954437256}, "right heel": {"x": 0.23471614718437195, "y": 0.6542113423347473, "z": -0.3306438624858856, "visibility": 0.9241817593574524, "presence": 0.9999812841415405}, "left foot index": {"x": 0.3437234163284302, "y": 0.6244636178016663, "z": 0.40435314178466797, "visibility": 0.662990927696228, "presence": 0.9999880790710449}, "right foot index": {"x": 0.32667770981788635, "y": 0.6584834456443787, "z": -0.48402976989746094, "visibility": 0.9807801842689514, "presence": 0.9999520778656006}, "timestamp": "20240413-005041"}