{"nose": {"x": 0.4231679439544678, "y": 0.3188204765319824, "z": -0.4939061403274536, "visibility": 0.9999140501022339, "presence": 0.9999994039535522}, "left eye (inner)": {"x": 0.4210532307624817, "y": 0.3084578514099121, "z": -0.46997615694999695, "visibility": 0.9998746514320374, "presence": 0.999998927116394}, "left eye": {"x": 0.41901999711990356, "y": 0.3078831136226654, "z": -0.4704870581626892, "visibility": 0.9998894929885864, "presence": 0.9999990463256836}, "left eye (outer)": {"x": 0.4169284701347351, "y": 0.3072298467159271, "z": -0.4704831540584564, "visibility": 0.9999159574508667, "presence": 0.999998927116394}, "right eye (inner)": {"x": 0.4191460907459259, "y": 0.30814123153686523, "z": -0.531532347202301, "visibility": 0.9999309182167053, "presence": 0.9999988079071045}, "right eye": {"x": 0.41549623012542725, "y": 0.30727502703666687, "z": -0.5319520235061646, "visibility": 0.9999508857727051, "presence": 0.9999991655349731}, "right eye (outer)": {"x": 0.4114146828651428, "y": 0.3064022958278656, "z": -0.532243013381958, "visibility": 0.9999547600746155, "presence": 0.9999990463256836}, "left ear": {"x": 0.38973888754844666, "y": 0.30463874340057373, "z": -0.32301953434944153, "visibility": 0.9999607801437378, "presence": 0.9999995231628418}, "right ear": {"x": 0.3838185667991638, "y": 0.3049018979072571, "z": -0.605540931224823, "visibility": 0.9999246001243591, "presence": 0.9999990463256836}, "mouth (left)": {"x": 0.40876251459121704, "y": 0.3277190625667572, "z": -0.429463267326355, "visibility": 0.9997990131378174, "presence": 0.9999996423721313}, "mouth (right)": {"x": 0.40689119696617126, "y": 0.3281210660934448, "z": -0.5135751366615295, "visibility": 0.9998555183410645, "presence": 0.9999995231628418}, "left shoulder": {"x": 0.3528401553630829, "y": 0.3424147963523865, "z": -0.06955333054065704, "visibility": 0.9999765753746033, "presence": 1.0}, "right shoulder": {"x": 0.2884344756603241, "y": 0.34644922614097595, "z": -0.6415650844573975, "visibility": 0.9999873042106628, "presence": 0.9999997615814209}, "left elbow": {"x": 0.3346416652202606, "y": 0.3766446113586426, "z": 0.30450135469436646, "visibility": 0.1800871342420578, "presence": 0.9999997615814209}, "right elbow": {"x": 0.18807460367679596, "y": 0.4017173647880554, "z": -0.7067667245864868, "visibility": 0.9879501461982727, "presence": 0.9999855756759644}, "left wrist": {"x": 0.38901159167289734, "y": 0.3953205943107605, "z": 0.543721616268158, "visibility": 0.389931321144104, "presence": 0.9999996423721313}, "right wrist": {"x": 0.2725314497947693, "y": 0.4499216675758362, "z": -0.6723839640617371, "visibility": 0.9598071575164795, "presence": 0.9999994039535522}, "left pinky": {"x": 0.4040879011154175, "y": 0.39922386407852173, "z": 0.5966142416000366, "visibility": 0.43305596709251404, "presence": 0.9999988079071045}, "right pinky": {"x": 0.27874982357025146, "y": 0.4677188992500305, "z": -0.7276594638824463, "visibility": 0.9545111060142517, "presence": 0.999998927116394}, "left index": {"x": 0.4109417498111725, "y": 0.3983050584793091, "z": 0.5378774404525757, "visibility": 0.44551026821136475, "presence": 0.999997615814209}, "right index": {"x": 0.2950340211391449, "y": 0.4637795388698578, "z": -0.7121985554695129, "visibility": 0.9530043601989746, "presence": 0.9999988079071045}, "left thumb": {"x": 0.4067854881286621, "y": 0.3983422517776489, "z": 0.527647078037262, "visibility": 0.43972718715667725, "presence": 0.9999988079071045}, "right thumb": {"x": 0.2980853021144867, "y": 0.45788872241973877, "z": -0.6646219491958618, "visibility": 0.930047869682312, "presence": 0.9999992847442627}, "left hip": {"x": 0.26634636521339417, "y": 0.44632095098495483, "z": 0.20315700769424438, "visibility": 0.9999805092811584, "presence": 0.9999998807907104}, "right hip": {"x": 0.22061848640441895, "y": 0.4544515311717987, "z": -0.20297959446907043, "visibility": 0.9999896883964539, "presence": 0.9999998807907104}, "left knee": {"x": 0.3346635699272156, "y": 0.5139954686164856, "z": 0.46516820788383484, "visibility": 0.24804073572158813, "presence": 0.9999992847442627}, "right knee": {"x": 0.3254936933517456, "y": 0.529245138168335, "z": -0.3126932382583618, "visibility": 0.9932914972305298, "presence": 0.9999994039535522}, "left ankle": {"x": 0.3102376163005829, "y": 0.5846126675605774, "z": 0.7557794451713562, "visibility": 0.6212024688720703, "presence": 0.9999922513961792}, "right ankle": {"x": 0.26676714420318604, "y": 0.630236029624939, "z": -0.12138474732637405, "visibility": 0.9947264194488525, "presence": 0.9999891519546509}, "left heel": {"x": 0.29198646545410156, "y": 0.5984451174736023, "z": 0.7770201563835144, "visibility": 0.7080448269844055, "presence": 0.999976396560669}, "right heel": {"x": 0.24163416028022766, "y": 0.6473976969718933, "z": -0.10919374227523804, "visibility": 0.9758979082107544, "presence": 0.9999804496765137}, "left foot index": {"x": 0.37193697690963745, "y": 0.6000844240188599, "z": 0.7400389909744263, "visibility": 0.7623204588890076, "presence": 0.9999649524688721}, "right foot index": {"x": 0.3301693797111511, "y": 0.6569505333900452, "z": -0.1788426786661148, "visibility": 0.9921432733535767, "presence": 0.9999058246612549}, "timestamp": "20240413-005020"}