{"nose": {"x": 0.4325440526008606, "y": 0.30610978603363037, "z": -0.35338956117630005, "visibility": 0.999940812587738, "presence": 0.9999908208847046}, "left eye (inner)": {"x": 0.4292970597743988, "y": 0.29464855790138245, "z": -0.33219224214553833, "visibility": 0.9999158382415771, "presence": 0.9999885559082031}, "left eye": {"x": 0.42759793996810913, "y": 0.29397252202033997, "z": -0.33267009258270264, "visibility": 0.9999250173568726, "presence": 0.9999912977218628}, "left eye (outer)": {"x": 0.4259091019630432, "y": 0.29333698749542236, "z": -0.33263009786605835, "visibility": 0.9999407529830933, "presence": 0.9999910593032837}, "right eye (inner)": {"x": 0.4275439381599426, "y": 0.2942804992198944, "z": -0.3920671045780182, "visibility": 0.999954104423523, "presence": 0.9999818801879883}, "right eye": {"x": 0.42453402280807495, "y": 0.2935340106487274, "z": -0.3924538493156433, "visibility": 0.9999681115150452, "presence": 0.999984860420227}, "right eye (outer)": {"x": 0.4213475286960602, "y": 0.29282230138778687, "z": -0.3926675617694855, "visibility": 0.9999707341194153, "presence": 0.9999816417694092}, "left ear": {"x": 0.3989165425300598, "y": 0.29109832644462585, "z": -0.2064085453748703, "visibility": 0.9999706745147705, "presence": 0.9999967813491821}, "right ear": {"x": 0.39437127113342285, "y": 0.2911932170391083, "z": -0.4789971709251404, "visibility": 0.9999524354934692, "presence": 0.9999815225601196}, "mouth (left)": {"x": 0.4182385206222534, "y": 0.31309348344802856, "z": -0.29726263880729675, "visibility": 0.9998429417610168, "presence": 0.999997615814209}, "mouth (right)": {"x": 0.4168967008590698, "y": 0.31300684809684753, "z": -0.37856152653694153, "visibility": 0.9998854398727417, "presence": 0.9999945163726807}, "left shoulder": {"x": 0.3715323805809021, "y": 0.33130964636802673, "z": 0.018603995442390442, "visibility": 0.9999755620956421, "presence": 0.9999998807907104}, "right shoulder": {"x": 0.2998223602771759, "y": 0.33651238679885864, "z": -0.56010502576828, "visibility": 0.9999909400939941, "presence": 0.9999964237213135}, "left elbow": {"x": 0.3819807469844818, "y": 0.37649476528167725, "z": 0.25547635555267334, "visibility": 0.1829896867275238, "presence": 0.9999986886978149}, "right elbow": {"x": 0.22558067739009857, "y": 0.4023059010505676, "z": -0.6698350310325623, "visibility": 0.9953237175941467, "presence": 0.9998810291290283}, "left wrist": {"x": 0.41364938020706177, "y": 0.39772897958755493, "z": 0.30307120084762573, "visibility": 0.37773141264915466, "presence": 0.9999990463256836}, "right wrist": {"x": 0.3341832756996155, "y": 0.43728747963905334, "z": -0.6601957678794861, "visibility": 0.9894575476646423, "presence": 0.9999924898147583}, "left pinky": {"x": 0.4207562208175659, "y": 0.40654343366622925, "z": 0.32649579644203186, "visibility": 0.42645248770713806, "presence": 0.9999961853027344}, "right pinky": {"x": 0.3530271649360657, "y": 0.4518463909626007, "z": -0.7235057950019836, "visibility": 0.9844675064086914, "presence": 0.999985933303833}, "left index": {"x": 0.426161527633667, "y": 0.4025920033454895, "z": 0.2732945382595062, "visibility": 0.4385480284690857, "presence": 0.9999942779541016}, "right index": {"x": 0.3766820430755615, "y": 0.4440931975841522, "z": -0.7000638246536255, "visibility": 0.9829505681991577, "presence": 0.9999862909317017}, "left thumb": {"x": 0.4249894320964813, "y": 0.40110838413238525, "z": 0.2842405140399933, "visibility": 0.4282594621181488, "presence": 0.9999972581863403}, "right thumb": {"x": 0.3664976954460144, "y": 0.437456339597702, "z": -0.6505988240242004, "visibility": 0.9651727676391602, "presence": 0.9999926090240479}, "left hip": {"x": 0.2733381390571594, "y": 0.4455135762691498, "z": 0.20036116242408752, "visibility": 0.9999821186065674, "presence": 0.9999995231628418}, "right hip": {"x": 0.22610217332839966, "y": 0.4509510099887848, "z": -0.20023049414157867, "visibility": 0.9999908208847046, "presence": 0.9999982118606567}, "left knee": {"x": 0.37307190895080566, "y": 0.5048664808273315, "z": 0.4028458595275879, "visibility": 0.24601338803768158, "presence": 0.9999963045120239}, "right knee": {"x": 0.3247208297252655, "y": 0.5279742479324341, "z": -0.3429560661315918, "visibility": 0.9923339486122131, "presence": 0.999995231628418}, "left ankle": {"x": 0.309659868478775, "y": 0.5799418687820435, "z": 0.6143732070922852, "visibility": 0.5690715312957764, "presence": 0.9999657869338989}, "right ankle": {"x": 0.26743602752685547, "y": 0.6293250322341919, "z": -0.2224491983652115, "visibility": 0.9931145310401917, "presence": 0.9999059438705444}, "left heel": {"x": 0.2904120087623596, "y": 0.5946354269981384, "z": 0.6262586116790771, "visibility": 0.6607720851898193, "presence": 0.9998975992202759}, "right heel": {"x": 0.24133193492889404, "y": 0.6473764181137085, "z": -0.21120138466358185, "visibility": 0.9704495668411255, "presence": 0.999825656414032}, "left foot index": {"x": 0.36934879422187805, "y": 0.599852979183197, "z": 0.5764570832252502, "visibility": 0.7141858339309692, "presence": 0.9998261332511902}, "right foot index": {"x": 0.33369067311286926, "y": 0.656693160533905, "z": -0.3101516366004944, "visibility": 0.9891406893730164, "presence": 0.9993347525596619}, "timestamp": "20240413-005016"}