{"nose": {"x": 0.3891799747943878, "y": 0.3369949758052826, "z": -0.5032262206077576, "visibility": 0.9998826384544373, "presence": 0.9999996423721313}, "left eye (inner)": {"x": 0.3876582682132721, "y": 0.3262016177177429, "z": -0.4803723990917206, "visibility": 0.9998451471328735, "presence": 0.9999990463256836}, "left eye": {"x": 0.3859175741672516, "y": 0.3254149854183197, "z": -0.4807393550872803, "visibility": 0.9998520612716675, "presence": 0.9999990463256836}, "left eye (outer)": {"x": 0.38412371277809143, "y": 0.32477155327796936, "z": -0.4806157052516937, "visibility": 0.9999094009399414, "presence": 0.9999988079071045}, "right eye (inner)": {"x": 0.3853670358657837, "y": 0.3263207674026489, "z": -0.5324605703353882, "visibility": 0.9999172687530518, "presence": 0.9999991655349731}, "right eye": {"x": 0.3816733658313751, "y": 0.3254973888397217, "z": -0.5328283309936523, "visibility": 0.9999338388442993, "presence": 0.9999994039535522}, "right eye (outer)": {"x": 0.3775622844696045, "y": 0.3247168958187103, "z": -0.5328649282455444, "visibility": 0.9999470710754395, "presence": 0.9999994039535522}, "left ear": {"x": 0.35700473189353943, "y": 0.32322341203689575, "z": -0.3196130692958832, "visibility": 0.9999558329582214, "presence": 0.999998927116394}, "right ear": {"x": 0.3502001166343689, "y": 0.3233940899372101, "z": -0.5559884309768677, "visibility": 0.9998977184295654, "presence": 0.9999991655349731}, "mouth (left)": {"x": 0.37540403008461, "y": 0.3440343737602234, "z": -0.434082567691803, "visibility": 0.9998452663421631, "presence": 0.9999996423721313}, "mouth (right)": {"x": 0.3741057217121124, "y": 0.3438320457935333, "z": -0.5041975378990173, "visibility": 0.9998886585235596, "presence": 0.9999996423721313}, "left shoulder": {"x": 0.34832027554512024, "y": 0.35970163345336914, "z": -0.13180981576442719, "visibility": 0.999984622001648, "presence": 0.9999997615814209}, "right shoulder": {"x": 0.23225663602352142, "y": 0.35445937514305115, "z": -0.5826725959777832, "visibility": 0.9999909400939941, "presence": 0.9999998807907104}, "left elbow": {"x": 0.3480539619922638, "y": 0.4004276692867279, "z": -0.251807302236557, "visibility": 0.34968259930610657, "presence": 0.9999945163726807}, "right elbow": {"x": 0.14076368510723114, "y": 0.39710789918899536, "z": -0.6404001712799072, "visibility": 0.9948550462722778, "presence": 0.9999964237213135}, "left wrist": {"x": 0.370831161737442, "y": 0.415072500705719, "z": -0.6551662683486938, "visibility": 0.5545935034751892, "presence": 0.9999980926513672}, "right wrist": {"x": 0.1217990294098854, "y": 0.46666857600212097, "z": -0.691795825958252, "visibility": 0.9874014854431152, "presence": 0.9999983310699463}, "left pinky": {"x": 0.38982388377189636, "y": 0.4200367033481598, "z": -0.7302425503730774, "visibility": 0.5942501425743103, "presence": 0.9999940395355225}, "right pinky": {"x": 0.10149630904197693, "y": 0.485666960477829, "z": -0.7566415667533875, "visibility": 0.9817142486572266, "presence": 0.9999898672103882}, "left index": {"x": 0.3881564140319824, "y": 0.41297221183776855, "z": -0.7715858221054077, "visibility": 0.6048772931098938, "presence": 0.9999945163726807}, "right index": {"x": 0.11926302313804626, "y": 0.4889953136444092, "z": -0.7833569049835205, "visibility": 0.9806506037712097, "presence": 0.999991774559021}, "left thumb": {"x": 0.3793133795261383, "y": 0.41108787059783936, "z": -0.6844778060913086, "visibility": 0.5913292169570923, "presence": 0.9999972581863403}, "right thumb": {"x": 0.12917108833789825, "y": 0.4838477373123169, "z": -0.7031829357147217, "visibility": 0.9595925211906433, "presence": 0.9999966621398926}, "left hip": {"x": 0.266010046005249, "y": 0.4630970060825348, "z": 0.16145606338977814, "visibility": 0.9999869465827942, "presence": 0.9999995231628418}, "right hip": {"x": 0.20344369113445282, "y": 0.467651903629303, "z": -0.16150468587875366, "visibility": 0.9999936819076538, "presence": 0.9999996423721313}, "left knee": {"x": 0.37137889862060547, "y": 0.5284042954444885, "z": 0.23091153800487518, "visibility": 0.2287026345729828, "presence": 0.9999822378158569}, "right knee": {"x": 0.2925567328929901, "y": 0.5355030298233032, "z": -0.4057425260543823, "visibility": 0.9921505451202393, "presence": 0.9999972581863403}, "left ankle": {"x": 0.29612216353416443, "y": 0.5860503911972046, "z": 0.4922279417514801, "visibility": 0.5233100652694702, "presence": 0.9999685287475586}, "right ankle": {"x": 0.25811922550201416, "y": 0.6355640292167664, "z": -0.33075225353240967, "visibility": 0.9927343130111694, "presence": 0.9999655485153198}, "left heel": {"x": 0.27209174633026123, "y": 0.5947055816650391, "z": 0.5076841711997986, "visibility": 0.6215857863426208, "presence": 0.9999426603317261}, "right heel": {"x": 0.23233045637607574, "y": 0.6550227999687195, "z": -0.32914358377456665, "visibility": 0.9607167840003967, "presence": 0.9999399185180664}, "left foot index": {"x": 0.34951505064964294, "y": 0.6083506941795349, "z": 0.42858386039733887, "visibility": 0.7237918376922607, "presence": 0.9999673366546631}, "right foot index": {"x": 0.3282240927219391, "y": 0.6590311527252197, "z": -0.48246660828590393, "visibility": 0.9908509850502014, "presence": 0.999850869178772}, "timestamp": "20240413-005054"}