{"nose": {"x": 0.38602763414382935, "y": 0.3331093490123749, "z": -0.5811145901679993, "visibility": 0.9999212026596069, "presence": 0.9999998807907104}, "left eye (inner)": {"x": 0.3854027986526489, "y": 0.32172954082489014, "z": -0.553888738155365, "visibility": 0.999893844127655, "presence": 0.9999997615814209}, "left eye": {"x": 0.38451671600341797, "y": 0.32092615962028503, "z": -0.5542749762535095, "visibility": 0.9998946785926819, "presence": 0.9999997615814209}, "left eye (outer)": {"x": 0.38371503353118896, "y": 0.32019007205963135, "z": -0.5541663765907288, "visibility": 0.9999273419380188, "presence": 0.9999996423721313}, "right eye (inner)": {"x": 0.3821749985218048, "y": 0.3215488791465759, "z": -0.6056928038597107, "visibility": 0.9999444484710693, "presence": 0.9999997615814209}, "right eye": {"x": 0.3788461983203888, "y": 0.32072213292121887, "z": -0.6060782074928284, "visibility": 0.9999571442604065, "presence": 0.9999998807907104}, "right eye (outer)": {"x": 0.37543416023254395, "y": 0.3199200928211212, "z": -0.6061282753944397, "visibility": 0.999963641166687, "presence": 0.9999997615814209}, "left ear": {"x": 0.35905906558036804, "y": 0.3179864287376404, "z": -0.3727402985095978, "visibility": 0.999954104423523, "presence": 0.9999996423721313}, "right ear": {"x": 0.3491312861442566, "y": 0.3179338574409485, "z": -0.6100913882255554, "visibility": 0.9999259114265442, "presence": 0.9999996423721313}, "mouth (left)": {"x": 0.3746621012687683, "y": 0.3409251272678375, "z": -0.5062702298164368, "visibility": 0.999845564365387, "presence": 0.9999998807907104}, "mouth (right)": {"x": 0.37184032797813416, "y": 0.34085774421691895, "z": -0.5768271684646606, "visibility": 0.9998868107795715, "presence": 0.9999998807907104}, "left shoulder": {"x": 0.3545362055301666, "y": 0.35689494013786316, "z": -0.17917510867118835, "visibility": 0.9999852180480957, "presence": 0.9999998807907104}, "right shoulder": {"x": 0.23839668929576874, "y": 0.3547079265117645, "z": -0.6165732145309448, "visibility": 0.9999911785125732, "presence": 0.9999998807907104}, "left elbow": {"x": 0.3602510392665863, "y": 0.40100792050361633, "z": -0.33195921778678894, "visibility": 0.3490447402000427, "presence": 0.9999957084655762}, "right elbow": {"x": 0.1490197479724884, "y": 0.398726224899292, "z": -0.702935516834259, "visibility": 0.9948508739471436, "presence": 0.9999964237213135}, "left wrist": {"x": 0.3764330744743347, "y": 0.4103839099407196, "z": -0.7827087640762329, "visibility": 0.5299334526062012, "presence": 0.9999991655349731}, "right wrist": {"x": 0.10362133383750916, "y": 0.45675891637802124, "z": -0.7789204120635986, "visibility": 0.9821107983589172, "presence": 0.9999980926513672}, "left pinky": {"x": 0.3954729437828064, "y": 0.4153728485107422, "z": -0.8671193718910217, "visibility": 0.5653916597366333, "presence": 0.9999983310699463}, "right pinky": {"x": 0.07592125236988068, "y": 0.4738936126232147, "z": -0.8468062877655029, "visibility": 0.9736620783805847, "presence": 0.9999932050704956}, "left index": {"x": 0.3968256413936615, "y": 0.4089350700378418, "z": -0.9095392823219299, "visibility": 0.5749533176422119, "presence": 0.9999984502792358}, "right index": {"x": 0.08383844792842865, "y": 0.47782161831855774, "z": -0.8784544467926025, "visibility": 0.972570538520813, "presence": 0.999993085861206}, "left thumb": {"x": 0.38332265615463257, "y": 0.4070340096950531, "z": -0.8129540085792542, "visibility": 0.5593560338020325, "presence": 0.9999991655349731}, "right thumb": {"x": 0.10123946517705917, "y": 0.47259384393692017, "z": -0.7937839031219482, "visibility": 0.9444311261177063, "presence": 0.9999971389770508}, "left hip": {"x": 0.26795101165771484, "y": 0.46200865507125854, "z": 0.1669703722000122, "visibility": 0.9999839067459106, "presence": 0.9999992847442627}, "right hip": {"x": 0.19895602762699127, "y": 0.46745219826698303, "z": -0.16700787842273712, "visibility": 0.9999926686286926, "presence": 0.9999995231628418}, "left knee": {"x": 0.35634565353393555, "y": 0.5252836346626282, "z": 0.39828866720199585, "visibility": 0.2820543944835663, "presence": 0.9999905824661255}, "right knee": {"x": 0.2975255846977234, "y": 0.530805230140686, "z": -0.4710807204246521, "visibility": 0.9930106997489929, "presence": 0.9999977350234985}, "left ankle": {"x": 0.30217087268829346, "y": 0.5847139954566956, "z": 0.7945643663406372, "visibility": 0.5562440156936646, "presence": 0.9999819993972778}, "right ankle": {"x": 0.2452966421842575, "y": 0.633861243724823, "z": -0.3918492794036865, "visibility": 0.9932296276092529, "presence": 0.9999903440475464}, "left heel": {"x": 0.2780267596244812, "y": 0.5956868529319763, "z": 0.8210458159446716, "visibility": 0.6275874972343445, "presence": 0.9999667406082153}, "right heel": {"x": 0.21892334520816803, "y": 0.6533471941947937, "z": -0.39081820845603943, "visibility": 0.9604924321174622, "presence": 0.9999876022338867}, "left foot index": {"x": 0.3598203957080841, "y": 0.6061848402023315, "z": 0.7128672003746033, "visibility": 0.7402254343032837, "presence": 0.9999843835830688}, "right foot index": {"x": 0.3079923987388611, "y": 0.6573094129562378, "z": -0.5687512755393982, "visibility": 0.9917646646499634, "presence": 0.999976634979248}, "timestamp": "20240413-005101"}