{"nose": {"x": 0.3991287648677826, "y": 0.29918137192726135, "z": -0.10134454816579819, "visibility": 0.9999332427978516, "presence": 0.9999983310699463}, "left eye (inner)": {"x": 0.39757758378982544, "y": 0.2884969413280487, "z": -0.09171583503484726, "visibility": 0.9999061822891235, "presence": 0.9999977350234985}, "left eye": {"x": 0.39579957723617554, "y": 0.28778406977653503, "z": -0.09213925898075104, "visibility": 0.9999147653579712, "presence": 0.9999979734420776}, "left eye (outer)": {"x": 0.39420458674430847, "y": 0.287068247795105, "z": -0.09202161431312561, "visibility": 0.999936580657959, "presence": 0.9999973773956299}, "right eye (inner)": {"x": 0.396232932806015, "y": 0.2886916399002075, "z": -0.1464415341615677, "visibility": 0.999950647354126, "presence": 0.9999977350234985}, "right eye": {"x": 0.3936229348182678, "y": 0.2882152199745178, "z": -0.14678573608398438, "visibility": 0.9999638199806213, "presence": 0.9999982118606567}, "right eye (outer)": {"x": 0.39118194580078125, "y": 0.2877267301082611, "z": -0.14693933725357056, "visibility": 0.9999674558639526, "presence": 0.9999978542327881}, "left ear": {"x": 0.36777740716934204, "y": 0.2867107689380646, "z": -0.019142689183354378, "visibility": 0.9999673366546631, "presence": 0.9999980926513672}, "right ear": {"x": 0.3643451929092407, "y": 0.28768390417099, "z": -0.2704179883003235, "visibility": 0.9999446868896484, "presence": 0.9999980926513672}, "mouth (left)": {"x": 0.38648712635040283, "y": 0.30755698680877686, "z": -0.06264138966798782, "visibility": 0.9998713731765747, "presence": 0.999996542930603}, "mouth (right)": {"x": 0.38486701250076294, "y": 0.30753663182258606, "z": -0.13823233544826508, "visibility": 0.9999067783355713, "presence": 0.9999947547912598}, "left shoulder": {"x": 0.28640463948249817, "y": 0.3212946653366089, "z": 0.13669703900814056, "visibility": 0.9999799728393555, "presence": 0.9999979734420776}, "right shoulder": {"x": 0.3178081810474396, "y": 0.3308780789375305, "z": -0.39426809549331665, "visibility": 0.9999862909317017, "presence": 0.9999947547912598}, "left elbow": {"x": 0.32008495926856995, "y": 0.3652004301548004, "z": 0.3593251407146454, "visibility": 0.2514522671699524, "presence": 0.999956488609314}, "right elbow": {"x": 0.3998590409755707, "y": 0.37099218368530273, "z": -0.5335041284561157, "visibility": 0.9954308867454529, "presence": 0.9999148845672607}, "left wrist": {"x": 0.3865402638912201, "y": 0.3783820569515228, "z": 0.5075597763061523, "visibility": 0.39329013228416443, "presence": 0.9999241828918457}, "right wrist": {"x": 0.5059217214584351, "y": 0.33545827865600586, "z": -0.49255865812301636, "visibility": 0.9874334335327148, "presence": 0.9999244213104248}, "left pinky": {"x": 0.39515841007232666, "y": 0.37440764904022217, "z": 0.5550992488861084, "visibility": 0.4391483664512634, "presence": 0.9999126195907593}, "right pinky": {"x": 0.5425504446029663, "y": 0.32733193039894104, "z": -0.5552846789360046, "visibility": 0.9806803464889526, "presence": 0.9999071359634399}, "left index": {"x": 0.4012872874736786, "y": 0.3742871582508087, "z": 0.50965416431427, "visibility": 0.4511393904685974, "presence": 0.9998626708984375}, "right index": {"x": 0.545750617980957, "y": 0.32083478569984436, "z": -0.5174984931945801, "visibility": 0.9795607328414917, "presence": 0.9998971223831177}, "left thumb": {"x": 0.4043012857437134, "y": 0.3766763508319855, "z": 0.4943394362926483, "visibility": 0.4342755377292633, "presence": 0.9998879432678223}, "right thumb": {"x": 0.5327253341674805, "y": 0.32357147336006165, "z": -0.48141005635261536, "visibility": 0.9524134397506714, "presence": 0.999929666519165}, "left hip": {"x": 0.2114870846271515, "y": 0.448538601398468, "z": 0.18291909992694855, "visibility": 0.9999809265136719, "presence": 0.999998927116394}, "right hip": {"x": 0.21462370455265045, "y": 0.45369651913642883, "z": -0.18286408483982086, "visibility": 0.9999902248382568, "presence": 0.9999986886978149}, "left knee": {"x": 0.3029507100582123, "y": 0.5185754299163818, "z": 0.6064965128898621, "visibility": 0.24964167177677155, "presence": 0.9999932050704956}, "right knee": {"x": 0.3143448829650879, "y": 0.5287134647369385, "z": -0.13313207030296326, "visibility": 0.9928152561187744, "presence": 0.9999982118606567}, "left ankle": {"x": 0.29884347319602966, "y": 0.5882554054260254, "z": 0.9212536811828613, "visibility": 0.541890025138855, "presence": 0.9999641180038452}, "right ankle": {"x": 0.25898903608322144, "y": 0.6344175338745117, "z": -0.04209958016872406, "visibility": 0.9920237064361572, "presence": 0.999967098236084}, "left heel": {"x": 0.28292807936668396, "y": 0.6035168170928955, "z": 0.9485948085784912, "visibility": 0.6090268492698669, "presence": 0.9999098777770996}, "right heel": {"x": 0.23431043326854706, "y": 0.6530187129974365, "z": -0.031053902581334114, "visibility": 0.9599200487136841, "presence": 0.9999327659606934}, "left foot index": {"x": 0.3620546758174896, "y": 0.6021589636802673, "z": 0.9664444923400879, "visibility": 0.6958284378051758, "presence": 0.9999510049819946}, "right foot index": {"x": 0.3288734555244446, "y": 0.6592841744422913, "z": -0.07430174201726913, "visibility": 0.9904854893684387, "presence": 0.9998136162757874}, "timestamp": "20240413-005045"}