{"nose": {"x": 0.3813630938529968, "y": 0.30794253945350647, "z": -0.3069646656513214, "visibility": 0.9997532367706299, "presence": 0.9998914003372192}, "left eye (inner)": {"x": 0.3817080855369568, "y": 0.29817092418670654, "z": -0.28193655610084534, "visibility": 0.9996002316474915, "presence": 0.9998226761817932}, "left eye": {"x": 0.3812280595302582, "y": 0.2976943552494049, "z": -0.28237324953079224, "visibility": 0.999627411365509, "presence": 0.999874472618103}, "left eye (outer)": {"x": 0.38078248500823975, "y": 0.2970551550388336, "z": -0.282325804233551, "visibility": 0.9997329711914062, "presence": 0.9998675584793091}, "right eye (inner)": {"x": 0.37841796875, "y": 0.2973885238170624, "z": -0.3376302719116211, "visibility": 0.9997908473014832, "presence": 0.999738872051239}, "right eye": {"x": 0.37528473138809204, "y": 0.2962731420993805, "z": -0.33802178502082825, "visibility": 0.9998318552970886, "presence": 0.9997933506965637}, "right eye (outer)": {"x": 0.3720495402812958, "y": 0.29505252838134766, "z": -0.33817583322525024, "visibility": 0.9998394250869751, "presence": 0.9997484087944031}, "left ear": {"x": 0.3572877049446106, "y": 0.29237598180770874, "z": -0.13840094208717346, "visibility": 0.999835729598999, "presence": 0.9999425411224365}, "right ear": {"x": 0.3463466167449951, "y": 0.29059678316116333, "z": -0.3932461738586426, "visibility": 0.999722421169281, "presence": 0.9997960925102234}, "mouth (left)": {"x": 0.37052011489868164, "y": 0.3161807060241699, "z": -0.24629469215869904, "visibility": 0.9997267127037048, "presence": 0.9999779462814331}, "mouth (right)": {"x": 0.36720937490463257, "y": 0.31529825925827026, "z": -0.3224959671497345, "visibility": 0.9998155832290649, "presence": 0.9999499320983887}, "left shoulder": {"x": 0.34905022382736206, "y": 0.33629003167152405, "z": 0.020187819376587868, "visibility": 0.9999884366989136, "presence": 0.9999980926513672}, "right shoulder": {"x": 0.2478816658258438, "y": 0.32765087485313416, "z": -0.49621930718421936, "visibility": 0.9999902844429016, "presence": 0.9999762773513794}, "left elbow": {"x": 0.3433742821216583, "y": 0.39071667194366455, "z": -0.14989300072193146, "visibility": 0.48249101638793945, "presence": 0.9999411106109619}, "right elbow": {"x": 0.22243723273277283, "y": 0.39574092626571655, "z": -0.7411715388298035, "visibility": 0.9861920475959778, "presence": 0.9992839694023132}, "left wrist": {"x": 0.37243032455444336, "y": 0.3880714476108551, "z": -0.5513330698013306, "visibility": 0.6157049536705017, "presence": 0.9999221563339233}, "right wrist": {"x": 0.3433082103729248, "y": 0.38519027829170227, "z": -0.8905634880065918, "visibility": 0.8985558152198792, "presence": 0.9999260902404785}, "left pinky": {"x": 0.3835228979587555, "y": 0.3947609066963196, "z": -0.613663375377655, "visibility": 0.6441383361816406, "presence": 0.9998677968978882}, "right pinky": {"x": 0.3704455494880676, "y": 0.3874749541282654, "z": -0.9832939505577087, "visibility": 0.8830187916755676, "presence": 0.9999334812164307}, "left index": {"x": 0.38451871275901794, "y": 0.3859710991382599, "z": -0.6383732557296753, "visibility": 0.651465117931366, "presence": 0.9998699426651001}, "right index": {"x": 0.3767617642879486, "y": 0.3743872046470642, "z": -0.954784095287323, "visibility": 0.87989741563797, "presence": 0.9999431371688843}, "left thumb": {"x": 0.37722060084342957, "y": 0.385917991399765, "z": -0.5728405714035034, "visibility": 0.6288569569587708, "presence": 0.999903678894043}, "right thumb": {"x": 0.3659106194972992, "y": 0.3743594288825989, "z": -0.8845171332359314, "visibility": 0.8264803886413574, "presence": 0.9999586343765259}, "left hip": {"x": 0.259399950504303, "y": 0.449483186006546, "z": 0.18398886919021606, "visibility": 0.9999859929084778, "presence": 0.9999996423721313}, "right hip": {"x": 0.20206722617149353, "y": 0.45251765847206116, "z": -0.1839350014925003, "visibility": 0.9999929070472717, "presence": 0.9999991655349731}, "left knee": {"x": 0.31624141335487366, "y": 0.5248876214027405, "z": 0.5177818536758423, "visibility": 0.35664498805999756, "presence": 0.9999881982803345}, "right knee": {"x": 0.29859861731529236, "y": 0.5306586027145386, "z": -0.38239413499832153, "visibility": 0.993249773979187, "presence": 0.9999959468841553}, "left ankle": {"x": 0.2956836521625519, "y": 0.588994026184082, "z": 0.8501850962638855, "visibility": 0.5731623768806458, "presence": 0.9999608993530273}, "right ankle": {"x": 0.24498265981674194, "y": 0.6342840194702148, "z": -0.3520015776157379, "visibility": 0.9933408498764038, "presence": 0.9999715089797974}, "left heel": {"x": 0.2761490046977997, "y": 0.6028215885162354, "z": 0.8727285265922546, "visibility": 0.6158872842788696, "presence": 0.9999102354049683}, "right heel": {"x": 0.21801353991031647, "y": 0.6537659168243408, "z": -0.35620948672294617, "visibility": 0.9490585327148438, "presence": 0.9999439716339111}, "left foot index": {"x": 0.35866019129753113, "y": 0.6051821112632751, "z": 0.8056383728981018, "visibility": 0.7366999983787537, "presence": 0.9999185800552368}, "right foot index": {"x": 0.3091420829296112, "y": 0.6575096845626831, "z": -0.5172423720359802, "visibility": 0.9910072088241577, "presence": 0.9997875094413757}, "timestamp": "20240413-005101"}