{"nose": {"x": 0.4190952181816101, "y": 0.3226712644100189, "z": -0.6659960746765137, "visibility": 0.9998708963394165, "presence": 0.9999978542327881}, "left eye (inner)": {"x": 0.4158945679664612, "y": 0.3121454417705536, "z": -0.6431719660758972, "visibility": 0.9998296499252319, "presence": 0.9999972581863403}, "left eye": {"x": 0.4137241244316101, "y": 0.31176915764808655, "z": -0.6436586380004883, "visibility": 0.99983811378479, "presence": 0.999997615814209}, "left eye (outer)": {"x": 0.4113660156726837, "y": 0.31141379475593567, "z": -0.6435929536819458, "visibility": 0.9998809099197388, "presence": 0.9999969005584717}, "right eye (inner)": {"x": 0.413859486579895, "y": 0.3123205900192261, "z": -0.70973801612854, "visibility": 0.9999119639396667, "presence": 0.9999973773956299}, "right eye": {"x": 0.41016966104507446, "y": 0.31223204731941223, "z": -0.7101905941963196, "visibility": 0.9999343156814575, "presence": 0.9999982118606567}, "right eye (outer)": {"x": 0.40591204166412354, "y": 0.31224045157432556, "z": -0.710486650466919, "visibility": 0.9999420046806335, "presence": 0.9999979734420776}, "left ear": {"x": 0.3847808837890625, "y": 0.3119945228099823, "z": -0.47712963819503784, "visibility": 0.9999405145645142, "presence": 0.9999985694885254}, "right ear": {"x": 0.3787732422351837, "y": 0.31324446201324463, "z": -0.7845094203948975, "visibility": 0.9998989105224609, "presence": 0.9999982118606567}, "mouth (left)": {"x": 0.40689703822135925, "y": 0.33185112476348877, "z": -0.5921798944473267, "visibility": 0.9997493624687195, "presence": 0.9999988079071045}, "mouth (right)": {"x": 0.40441155433654785, "y": 0.3322133719921112, "z": -0.68354332447052, "visibility": 0.9998282194137573, "presence": 0.9999986886978149}, "left shoulder": {"x": 0.3622174859046936, "y": 0.34493303298950195, "z": -0.19481629133224487, "visibility": 0.9999746084213257, "presence": 0.9999998807907104}, "right shoulder": {"x": 0.283023864030838, "y": 0.3542100787162781, "z": -0.7909007668495178, "visibility": 0.9999887347221375, "presence": 0.9999995231628418}, "left elbow": {"x": 0.3473789095878601, "y": 0.3811970055103302, "z": 0.12628835439682007, "visibility": 0.1716497391462326, "presence": 0.9999986886978149}, "right elbow": {"x": 0.17428867518901825, "y": 0.40203332901000977, "z": -0.8264594078063965, "visibility": 0.9896891713142395, "presence": 0.9999749660491943}, "left wrist": {"x": 0.3851218521595001, "y": 0.40581169724464417, "z": 0.2881799340248108, "visibility": 0.28276753425598145, "presence": 0.9999948740005493}, "right wrist": {"x": 0.23744818568229675, "y": 0.46513253450393677, "z": -0.7837199568748474, "visibility": 0.9551798105239868, "presence": 0.9999914169311523}, "left pinky": {"x": 0.3977554440498352, "y": 0.4142567813396454, "z": 0.32800009846687317, "visibility": 0.3287027180194855, "presence": 0.9999847412109375}, "right pinky": {"x": 0.2456192970275879, "y": 0.4827404022216797, "z": -0.8473537564277649, "visibility": 0.9420124292373657, "presence": 0.9999834299087524}, "left index": {"x": 0.4057755768299103, "y": 0.40976354479789734, "z": 0.2543773651123047, "visibility": 0.33772018551826477, "presence": 0.9999693632125854}, "right index": {"x": 0.26438310742378235, "y": 0.4768216013908386, "z": -0.8405242562294006, "visibility": 0.9393630623817444, "presence": 0.9999821186065674}, "left thumb": {"x": 0.4013543725013733, "y": 0.4079529643058777, "z": 0.2649654448032379, "visibility": 0.3274247944355011, "presence": 0.9999828338623047}, "right thumb": {"x": 0.26328083872795105, "y": 0.4725281596183777, "z": -0.7789614200592041, "visibility": 0.8968990445137024, "presence": 0.9999890327453613}, "left hip": {"x": 0.27467066049575806, "y": 0.44838374853134155, "z": 0.20871180295944214, "visibility": 0.9999837875366211, "presence": 0.9999998807907104}, "right hip": {"x": 0.22366592288017273, "y": 0.4567307233810425, "z": -0.20859110355377197, "visibility": 0.999991774559021, "presence": 0.9999998807907104}, "left knee": {"x": 0.3617771565914154, "y": 0.5159841179847717, "z": 0.44214096665382385, "visibility": 0.18000510334968567, "presence": 0.9999988079071045}, "right knee": {"x": 0.3195657730102539, "y": 0.5309448838233948, "z": -0.4437398910522461, "visibility": 0.9915539026260376, "presence": 0.9999995231628418}, "left ankle": {"x": 0.30861878395080566, "y": 0.5870787501335144, "z": 0.7511085271835327, "visibility": 0.5468885898590088, "presence": 0.9999922513961792}, "right ankle": {"x": 0.26691409945487976, "y": 0.6320556402206421, "z": -0.32842913269996643, "visibility": 0.9935935139656067, "presence": 0.9999933242797852}, "left heel": {"x": 0.29075050354003906, "y": 0.6001317501068115, "z": 0.7732250690460205, "visibility": 0.6336062550544739, "presence": 0.9999796152114868}, "right heel": {"x": 0.24078316986560822, "y": 0.6511986255645752, "z": -0.32164308428764343, "visibility": 0.9620028734207153, "presence": 0.9999865293502808}, "left foot index": {"x": 0.3722974956035614, "y": 0.6029567718505859, "z": 0.7048954963684082, "visibility": 0.7178365588188171, "presence": 0.9999691247940063}, "right foot index": {"x": 0.33279892802238464, "y": 0.6566924452781677, "z": -0.4841039776802063, "visibility": 0.9914657473564148, "presence": 0.9999383687973022}, "timestamp": "20240413-005023"}