{"nose": {"x": 0.4376334547996521, "y": 0.29101821780204773, "z": -0.3325035274028778, "visibility": 0.9998455047607422, "presence": 0.9999903440475464}, "left eye (inner)": {"x": 0.4336526095867157, "y": 0.28122371435165405, "z": -0.3154270648956299, "visibility": 0.9997806549072266, "presence": 0.9999903440475464}, "left eye": {"x": 0.43092861771583557, "y": 0.2804851531982422, "z": -0.31594622135162354, "visibility": 0.9998101592063904, "presence": 0.999992847442627}, "left eye (outer)": {"x": 0.4280194342136383, "y": 0.27978411316871643, "z": -0.31594201922416687, "visibility": 0.9998587965965271, "presence": 0.9999929666519165}, "right eye (inner)": {"x": 0.43260180950164795, "y": 0.2812403440475464, "z": -0.3742431104183197, "visibility": 0.9998831152915955, "presence": 0.9999873638153076}, "right eye": {"x": 0.42928099632263184, "y": 0.2806459069252014, "z": -0.37466195225715637, "visibility": 0.9999199509620667, "presence": 0.9999908208847046}, "right eye (outer)": {"x": 0.4255811274051666, "y": 0.2801513671875, "z": -0.37494122982025146, "visibility": 0.9999274611473083, "presence": 0.9999902248382568}, "left ear": {"x": 0.3999672532081604, "y": 0.2794187068939209, "z": -0.20448864996433258, "visibility": 0.9999412894248962, "presence": 0.9999978542327881}, "right ear": {"x": 0.3981688916683197, "y": 0.28020817041397095, "z": -0.4728255867958069, "visibility": 0.9998881816864014, "presence": 0.9999932050704956}, "mouth (left)": {"x": 0.42293864488601685, "y": 0.3000224828720093, "z": -0.28100529313087463, "visibility": 0.9997991919517517, "presence": 0.9999986886978149}, "mouth (right)": {"x": 0.42134034633636475, "y": 0.2999669909477234, "z": -0.36123284697532654, "visibility": 0.9998636841773987, "presence": 0.999997615814209}, "left shoulder": {"x": 0.36598631739616394, "y": 0.3205733299255371, "z": -0.004089259076863527, "visibility": 0.9999814033508301, "presence": 1.0}, "right shoulder": {"x": 0.30641138553619385, "y": 0.32349127531051636, "z": -0.5322514176368713, "visibility": 0.9999890923500061, "presence": 0.9999996423721313}, "left elbow": {"x": 0.3366531729698181, "y": 0.37147027254104614, "z": 0.3263913691043854, "visibility": 0.19628958404064178, "presence": 0.9999996423721313}, "right elbow": {"x": 0.2341507524251938, "y": 0.3908245861530304, "z": -0.631086528301239, "visibility": 0.9959566593170166, "presence": 0.9999803304672241}, "left wrist": {"x": 0.4075717628002167, "y": 0.38746973872184753, "z": 0.49566638469696045, "visibility": 0.3623250126838684, "presence": 0.9999995231628418}, "right wrist": {"x": 0.3605739176273346, "y": 0.42371249198913574, "z": -0.6397964358329773, "visibility": 0.9919025897979736, "presence": 0.9999996423721313}, "left pinky": {"x": 0.4197574853897095, "y": 0.38990816473960876, "z": 0.5374314785003662, "visibility": 0.3972543478012085, "presence": 0.9999984502792358}, "right pinky": {"x": 0.38342583179473877, "y": 0.43839573860168457, "z": -0.7082462906837463, "visibility": 0.9863245487213135, "presence": 0.9999995231628418}, "left index": {"x": 0.4271364212036133, "y": 0.39087867736816406, "z": 0.48044511675834656, "visibility": 0.4083329141139984, "presence": 0.9999970197677612}, "right index": {"x": 0.4039643704891205, "y": 0.42741501331329346, "z": -0.6516433358192444, "visibility": 0.9852790832519531, "presence": 0.9999995231628418}, "left thumb": {"x": 0.41787397861480713, "y": 0.39043354988098145, "z": 0.478056401014328, "visibility": 0.3952264189720154, "presence": 0.9999984502792358}, "right thumb": {"x": 0.3943677246570587, "y": 0.4220014810562134, "z": -0.6227594017982483, "visibility": 0.96766597032547, "presence": 0.9999997615814209}, "left hip": {"x": 0.27320051193237305, "y": 0.4407111406326294, "z": 0.18815727531909943, "visibility": 0.9999855160713196, "presence": 0.9999997615814209}, "right hip": {"x": 0.2275332361459732, "y": 0.44490984082221985, "z": -0.18786852061748505, "visibility": 0.9999921917915344, "presence": 0.9999995231628418}, "left knee": {"x": 0.3266236484050751, "y": 0.5152364373207092, "z": 0.47873440384864807, "visibility": 0.31683024764060974, "presence": 0.9999964237213135}, "right knee": {"x": 0.30738669633865356, "y": 0.526212751865387, "z": -0.25677168369293213, "visibility": 0.9878309369087219, "presence": 0.999996542930603}, "left ankle": {"x": 0.31102582812309265, "y": 0.5861619710922241, "z": 0.7241320013999939, "visibility": 0.6423819661140442, "presence": 0.9999759197235107}, "right ankle": {"x": 0.2670220136642456, "y": 0.6292741298675537, "z": -0.1025528535246849, "visibility": 0.9910752177238464, "presence": 0.9999488592147827}, "left heel": {"x": 0.2926533818244934, "y": 0.6022956371307373, "z": 0.7408594489097595, "visibility": 0.6701787710189819, "presence": 0.9999309778213501}, "right heel": {"x": 0.24322344362735748, "y": 0.6487006545066833, "z": -0.08891764283180237, "visibility": 0.9566773772239685, "presence": 0.9999055862426758}, "left foot index": {"x": 0.3753679096698761, "y": 0.6005153059959412, "z": 0.7291024327278137, "visibility": 0.7657670974731445, "presence": 0.9999253749847412}, "right foot index": {"x": 0.3344363868236542, "y": 0.6560205817222595, "z": -0.18130627274513245, "visibility": 0.9885808229446411, "presence": 0.999634861946106}, "timestamp": "20240413-005013"}