{"nose": {"x": 0.38910043239593506, "y": 0.3068767488002777, "z": -0.01628451980650425, "visibility": 0.9999498128890991, "presence": 0.9999936819076538}, "left eye (inner)": {"x": 0.39110374450683594, "y": 0.29725247621536255, "z": -0.004394276533275843, "visibility": 0.9999310970306396, "presence": 0.9999916553497314}, "left eye": {"x": 0.3891984522342682, "y": 0.29662370681762695, "z": -0.004789809230715036, "visibility": 0.999939501285553, "presence": 0.9999924898147583}, "left eye (outer)": {"x": 0.38728415966033936, "y": 0.2959863841533661, "z": -0.004614099394530058, "visibility": 0.9999470114707947, "presence": 0.9999901056289673}, "right eye (inner)": {"x": 0.3908179998397827, "y": 0.2972680628299713, "z": -0.05938676372170448, "visibility": 0.9999542832374573, "presence": 0.9999903440475464}, "right eye": {"x": 0.3888302445411682, "y": 0.2968033254146576, "z": -0.05976707115769386, "visibility": 0.9999678134918213, "presence": 0.9999924898147583}, "right eye (outer)": {"x": 0.38692405819892883, "y": 0.2963653802871704, "z": -0.05988128110766411, "visibility": 0.9999676942825317, "presence": 0.9999910593032837}, "left ear": {"x": 0.3639548122882843, "y": 0.2934372127056122, "z": 0.07412121444940567, "visibility": 0.9999673366546631, "presence": 0.9999927282333374}, "right ear": {"x": 0.3654836416244507, "y": 0.29503247141838074, "z": -0.17790140211582184, "visibility": 0.9999440312385559, "presence": 0.9999897480010986}, "mouth (left)": {"x": 0.377579927444458, "y": 0.31480711698532104, "z": 0.02424021251499653, "visibility": 0.9997753500938416, "presence": 0.9999868869781494}, "mouth (right)": {"x": 0.37717828154563904, "y": 0.31501495838165283, "z": -0.051685698330402374, "visibility": 0.9998183846473694, "presence": 0.9999758005142212}, "left shoulder": {"x": 0.2689714729785919, "y": 0.32560309767723083, "z": 0.21418525278568268, "visibility": 0.9999606609344482, "presence": 0.9999960660934448}, "right shoulder": {"x": 0.3322455883026123, "y": 0.3286898732185364, "z": -0.282905250787735, "visibility": 0.999981701374054, "presence": 0.9999877214431763}, "left elbow": {"x": 0.2158009558916092, "y": 0.38414663076400757, "z": 0.32002559304237366, "visibility": 0.2108049988746643, "presence": 0.9999512434005737}, "right elbow": {"x": 0.417339950799942, "y": 0.3619837760925293, "z": -0.4655005633831024, "visibility": 0.9910549521446228, "presence": 0.9999510049819946}, "left wrist": {"x": 0.21539434790611267, "y": 0.4323579668998718, "z": 0.3016698956489563, "visibility": 0.31046387553215027, "presence": 0.9999756813049316}, "right wrist": {"x": 0.4949309229850769, "y": 0.3176337778568268, "z": -0.40105336904525757, "visibility": 0.9736348390579224, "presence": 0.9999563694000244}, "left pinky": {"x": 0.2102382332086563, "y": 0.44294029474258423, "z": 0.32821741700172424, "visibility": 0.35163289308547974, "presence": 0.99997878074646}, "right pinky": {"x": 0.5219042301177979, "y": 0.3053061068058014, "z": -0.4622742533683777, "visibility": 0.9669891595840454, "presence": 0.999935507774353}, "left index": {"x": 0.2196032851934433, "y": 0.4438419044017792, "z": 0.28599077463150024, "visibility": 0.3561314046382904, "presence": 0.999969482421875}, "right index": {"x": 0.5156204104423523, "y": 0.3060435652732849, "z": -0.4124433696269989, "visibility": 0.9648318886756897, "presence": 0.999931812286377}, "left thumb": {"x": 0.22200003266334534, "y": 0.43790024518966675, "z": 0.28675997257232666, "visibility": 0.3535769581794739, "presence": 0.9999711513519287}, "right thumb": {"x": 0.5056605339050293, "y": 0.30862537026405334, "z": -0.3833560645580292, "visibility": 0.9345563054084778, "presence": 0.9999563694000244}, "left hip": {"x": 0.2207983285188675, "y": 0.4537118673324585, "z": 0.18237169086933136, "visibility": 0.9999825954437256, "presence": 0.9999992847442627}, "right hip": {"x": 0.24444803595542908, "y": 0.4593639075756073, "z": -0.182603657245636, "visibility": 0.999991238117218, "presence": 0.9999991655349731}, "left knee": {"x": 0.3052354156970978, "y": 0.5158413648605347, "z": 0.5418952703475952, "visibility": 0.27434635162353516, "presence": 0.9999810457229614}, "right knee": {"x": 0.33521920442581177, "y": 0.5334476232528687, "z": -0.17717505991458893, "visibility": 0.9960317015647888, "presence": 0.9999924898147583}, "left ankle": {"x": 0.2995431125164032, "y": 0.5895034670829773, "z": 0.7575604915618896, "visibility": 0.607632040977478, "presence": 0.9999446868896484}, "right ankle": {"x": 0.26339083909988403, "y": 0.6346997618675232, "z": -0.13887867331504822, "visibility": 0.9952654838562012, "presence": 0.9999141693115234}, "left heel": {"x": 0.28684404492378235, "y": 0.6068052649497986, "z": 0.776403546333313, "visibility": 0.7257205247879028, "presence": 0.9998229146003723}, "right heel": {"x": 0.23427478969097137, "y": 0.6542467474937439, "z": -0.13297511637210846, "visibility": 0.9789638519287109, "presence": 0.9998273253440857}, "left foot index": {"x": 0.3581449091434479, "y": 0.6005195379257202, "z": 0.7839004397392273, "visibility": 0.7480770945549011, "presence": 0.9998875856399536}, "right foot index": {"x": 0.33107873797416687, "y": 0.6601083874702454, "z": -0.18855592608451843, "visibility": 0.9924207925796509, "presence": 0.9995051622390747}, "timestamp": "20240413-005052"}