{"nose": {"x": 0.4104454219341278, "y": 0.34249427914619446, "z": -0.5262209177017212, "visibility": 0.9999155402183533, "presence": 0.9999994039535522}, "left eye (inner)": {"x": 0.40915563702583313, "y": 0.3318374752998352, "z": -0.5079195499420166, "visibility": 0.9998795390129089, "presence": 0.9999988079071045}, "left eye": {"x": 0.4072466790676117, "y": 0.3311600983142853, "z": -0.5084039568901062, "visibility": 0.9998953938484192, "presence": 0.999998927116394}, "left eye (outer)": {"x": 0.40561479330062866, "y": 0.3304923474788666, "z": -0.5083684325218201, "visibility": 0.9999223351478577, "presence": 0.9999988079071045}, "right eye (inner)": {"x": 0.40633898973464966, "y": 0.33198922872543335, "z": -0.5569565296173096, "visibility": 0.9999364018440247, "presence": 0.9999984502792358}, "right eye": {"x": 0.40233132243156433, "y": 0.3315078616142273, "z": -0.5573187470436096, "visibility": 0.9999563097953796, "presence": 0.9999986886978149}, "right eye (outer)": {"x": 0.39824172854423523, "y": 0.33109089732170105, "z": -0.557422935962677, "visibility": 0.9999604821205139, "presence": 0.9999984502792358}, "left ear": {"x": 0.3802614212036133, "y": 0.32858484983444214, "z": -0.3704313337802887, "visibility": 0.9999669194221497, "presence": 0.9999992847442627}, "right ear": {"x": 0.37083733081817627, "y": 0.32982203364372253, "z": -0.5928685069084167, "visibility": 0.9999381899833679, "presence": 0.9999977350234985}, "mouth (left)": {"x": 0.3980496823787689, "y": 0.35105395317077637, "z": -0.46451103687286377, "visibility": 0.9998903274536133, "presence": 0.9999996423721313}, "mouth (right)": {"x": 0.3950006663799286, "y": 0.35121360421180725, "z": -0.5311182141304016, "visibility": 0.9999260902404785, "presence": 0.9999995231628418}, "left shoulder": {"x": 0.3714892864227295, "y": 0.3608235716819763, "z": -0.14981192350387573, "visibility": 0.9999895095825195, "presence": 1.0}, "right shoulder": {"x": 0.25860145688056946, "y": 0.36615443229675293, "z": -0.6109853386878967, "visibility": 0.9999939203262329, "presence": 0.9999997615814209}, "left elbow": {"x": 0.3793514668941498, "y": 0.3939964175224304, "z": 0.028239719569683075, "visibility": 0.2866252064704895, "presence": 0.9999996423721313}, "right elbow": {"x": 0.16877083480358124, "y": 0.4139973819255829, "z": -0.6108480095863342, "visibility": 0.9973724484443665, "presence": 0.9999935626983643}, "left wrist": {"x": 0.3932945728302002, "y": 0.41976186633110046, "z": -0.02065795101225376, "visibility": 0.5788283348083496, "presence": 0.9999998807907104}, "right wrist": {"x": 0.19601643085479736, "y": 0.47602003812789917, "z": -0.6044948697090149, "visibility": 0.9945641756057739, "presence": 0.9999988079071045}, "left pinky": {"x": 0.4069906175136566, "y": 0.42931750416755676, "z": -0.028083065524697304, "visibility": 0.5933151841163635, "presence": 0.9999991655349731}, "right pinky": {"x": 0.19194312393665314, "y": 0.4983764588832855, "z": -0.6567509174346924, "visibility": 0.9896321296691895, "presence": 0.9999940395355225}, "left index": {"x": 0.4059374928474426, "y": 0.42220133543014526, "z": -0.08028869330883026, "visibility": 0.6044347286224365, "presence": 0.999998927116394}, "right index": {"x": 0.21068404614925385, "y": 0.49717995524406433, "z": -0.6658204793930054, "visibility": 0.9890989661216736, "presence": 0.9999947547912598}, "left thumb": {"x": 0.3957987427711487, "y": 0.4190310537815094, "z": -0.041782308369874954, "visibility": 0.5869958400726318, "presence": 0.9999995231628418}, "right thumb": {"x": 0.21375174820423126, "y": 0.48944228887557983, "z": -0.6083969473838806, "visibility": 0.976273238658905, "presence": 0.9999979734420776}, "left hip": {"x": 0.2860279381275177, "y": 0.45810696482658386, "z": 0.16280342638492584, "visibility": 0.9999886155128479, "presence": 0.9999997615814209}, "right hip": {"x": 0.2230536788702011, "y": 0.4639573395252228, "z": -0.1629297435283661, "visibility": 0.9999934434890747, "presence": 0.9999995231628418}, "left knee": {"x": 0.3866153061389923, "y": 0.5266529321670532, "z": 0.19048891961574554, "visibility": 0.26578617095947266, "presence": 0.9999977350234985}, "right knee": {"x": 0.313944011926651, "y": 0.5295751690864563, "z": -0.39337995648384094, "visibility": 0.9813757538795471, "presence": 0.9999983310699463}, "left ankle": {"x": 0.31621819734573364, "y": 0.5821622610092163, "z": 0.4018852710723877, "visibility": 0.5884632468223572, "presence": 0.9999799728393555}, "right ankle": {"x": 0.2673814594745636, "y": 0.6312475800514221, "z": -0.30617833137512207, "visibility": 0.9873174428939819, "presence": 0.9999339580535889}, "left heel": {"x": 0.2891119122505188, "y": 0.592982292175293, "z": 0.4138236343860626, "visibility": 0.6133783459663391, "presence": 0.999940037727356}, "right heel": {"x": 0.24333451688289642, "y": 0.6512827277183533, "z": -0.3011742830276489, "visibility": 0.9389535188674927, "presence": 0.9998573064804077}, "left foot index": {"x": 0.37366798520088196, "y": 0.6031302809715271, "z": 0.3463355004787445, "visibility": 0.754090428352356, "presence": 0.9999253749847412}, "right foot index": {"x": 0.3340912163257599, "y": 0.6558086276054382, "z": -0.4273931682109833, "visibility": 0.9866655468940735, "presence": 0.9995248317718506}, "timestamp": "20240413-005013"}