{"nose": {"x": 0.41293713450431824, "y": 0.29754215478897095, "z": -0.29289188981056213, "visibility": 0.999862551689148, "presence": 0.9999827146530151}, "left eye (inner)": {"x": 0.4098292887210846, "y": 0.28691619634628296, "z": -0.2731694281101227, "visibility": 0.9998285174369812, "presence": 0.9999814033508301}, "left eye": {"x": 0.40826061367988586, "y": 0.28628113865852356, "z": -0.27363941073417664, "visibility": 0.9998340010643005, "presence": 0.9999849796295166}, "left eye (outer)": {"x": 0.4068952798843384, "y": 0.2856571674346924, "z": -0.27365830540657043, "visibility": 0.9998862147331238, "presence": 0.9999845027923584}, "right eye (inner)": {"x": 0.4077150821685791, "y": 0.2869873344898224, "z": -0.3342704176902771, "visibility": 0.9999004006385803, "presence": 0.9999786615371704}, "right eye": {"x": 0.4046742916107178, "y": 0.2865246534347534, "z": -0.33466270565986633, "visibility": 0.9999232888221741, "presence": 0.9999850988388062}, "right eye (outer)": {"x": 0.40131676197052, "y": 0.28607404232025146, "z": -0.33493760228157043, "visibility": 0.999933123588562, "presence": 0.9999840259552002}, "left ear": {"x": 0.3789559304714203, "y": 0.28537818789482117, "z": -0.15702833235263824, "visibility": 0.9999317526817322, "presence": 0.9999945163726807}, "right ear": {"x": 0.3739630877971649, "y": 0.286225289106369, "z": -0.4365732669830322, "visibility": 0.9998656511306763, "presence": 0.9999889135360718}, "mouth (left)": {"x": 0.400075227022171, "y": 0.30602821707725525, "z": -0.24048656225204468, "visibility": 0.9997045993804932, "presence": 0.9999961853027344}, "mouth (right)": {"x": 0.39836594462394714, "y": 0.3056974411010742, "z": -0.3236368000507355, "visibility": 0.9997736811637878, "presence": 0.9999943971633911}, "left shoulder": {"x": 0.33586567640304565, "y": 0.3225330710411072, "z": 0.04581431671977043, "visibility": 0.9999727606773376, "presence": 0.9999997615814209}, "right shoulder": {"x": 0.301891952753067, "y": 0.3277859389781952, "z": -0.5231142044067383, "visibility": 0.9999826550483704, "presence": 0.9999988079071045}, "left elbow": {"x": 0.31255072355270386, "y": 0.3755591809749603, "z": 0.3507506549358368, "visibility": 0.1996123492717743, "presence": 0.9999980926513672}, "right elbow": {"x": 0.2353716939687729, "y": 0.3961206078529358, "z": -0.6950616836547852, "visibility": 0.9912404417991638, "presence": 0.9999097585678101}, "left wrist": {"x": 0.39818793535232544, "y": 0.38669946789741516, "z": 0.545233428478241, "visibility": 0.3150104582309723, "presence": 0.9999966621398926}, "right wrist": {"x": 0.36379602551460266, "y": 0.41811132431030273, "z": -0.7722315192222595, "visibility": 0.9704970717430115, "presence": 0.9999984502792358}, "left pinky": {"x": 0.4123264253139496, "y": 0.3832654654979706, "z": 0.5935009121894836, "visibility": 0.369499146938324, "presence": 0.9999912977218628}, "right pinky": {"x": 0.3917544186115265, "y": 0.42929044365882874, "z": -0.8455549478530884, "visibility": 0.9619523882865906, "presence": 0.9999984502792358}, "left index": {"x": 0.4194967448711395, "y": 0.3796866536140442, "z": 0.5369704365730286, "visibility": 0.3805912733078003, "presence": 0.9999829530715942}, "right index": {"x": 0.41116464138031006, "y": 0.42171064019203186, "z": -0.813150942325592, "visibility": 0.9596757292747498, "presence": 0.9999984502792358}, "left thumb": {"x": 0.4166439473628998, "y": 0.3826541006565094, "z": 0.5285257697105408, "visibility": 0.37563905119895935, "presence": 0.9999901056289673}, "right thumb": {"x": 0.40249574184417725, "y": 0.41740578413009644, "z": -0.7620927691459656, "visibility": 0.9204972982406616, "presence": 0.9999990463256836}, "left hip": {"x": 0.2508825361728668, "y": 0.43819478154182434, "z": 0.19396279752254486, "visibility": 0.9999834895133972, "presence": 0.9999995231628418}, "right hip": {"x": 0.21775127947330475, "y": 0.44394662976264954, "z": -0.19377747178077698, "visibility": 0.9999917149543762, "presence": 0.9999988079071045}, "left knee": {"x": 0.3186090290546417, "y": 0.5174630284309387, "z": 0.4587428569793701, "visibility": 0.24186459183692932, "presence": 0.9999830722808838}, "right knee": {"x": 0.29993876814842224, "y": 0.5325689315795898, "z": -0.3194843530654907, "visibility": 0.9947461485862732, "presence": 0.9999916553497314}, "left ankle": {"x": 0.29813921451568604, "y": 0.5860912799835205, "z": 0.7273542881011963, "visibility": 0.5787407159805298, "presence": 0.9999421834945679}, "right ankle": {"x": 0.24735531210899353, "y": 0.6333232522010803, "z": -0.27041712403297424, "visibility": 0.9953276515007019, "presence": 0.9998949766159058}, "left heel": {"x": 0.2773318886756897, "y": 0.6025739312171936, "z": 0.7460783123970032, "visibility": 0.6767496466636658, "presence": 0.9998637437820435}, "right heel": {"x": 0.21832086145877838, "y": 0.6523292660713196, "z": -0.2664721608161926, "visibility": 0.97261643409729, "presence": 0.999808132648468}, "left foot index": {"x": 0.36225786805152893, "y": 0.6014649868011475, "z": 0.7059005498886108, "visibility": 0.7367252111434937, "presence": 0.9998903274536133}, "right foot index": {"x": 0.3147864043712616, "y": 0.6571708917617798, "z": -0.3896482586860657, "visibility": 0.9928590059280396, "presence": 0.9994296431541443}, "timestamp": "20240413-005100"}