{"nose": {"x": 0.5155940055847168, "y": 0.4390254020690918, "z": -0.4727279245853424, "visibility": 0.9999426007270813, "presence": 0.9999083280563354}, "left eye (inner)": {"x": 0.5205392837524414, "y": 0.4077756106853485, "z": -0.48007673025131226, "visibility": 0.999875545501709, "presence": 0.9999145269393921}, "left eye": {"x": 0.5246748924255371, "y": 0.40384164452552795, "z": -0.48044735193252563, "visibility": 0.9998602271080017, "presence": 0.9999361038208008}, "left eye (outer)": {"x": 0.529592752456665, "y": 0.3965895473957062, "z": -0.48035675287246704, "visibility": 0.999868631362915, "presence": 0.9999172687530518}, "right eye (inner)": {"x": 0.5136715769767761, "y": 0.40974634885787964, "z": -0.4569477438926697, "visibility": 0.9998965263366699, "presence": 0.9998199343681335}, "right eye": {"x": 0.5128604173660278, "y": 0.4105754792690277, "z": -0.4574221670627594, "visibility": 0.9999215006828308, "presence": 0.9998262524604797}, "right eye (outer)": {"x": 0.5117614269256592, "y": 0.4082559049129486, "z": -0.45772355794906616, "visibility": 0.999927818775177, "presence": 0.9997755885124207}, "left ear": {"x": 0.5587801933288574, "y": 0.3811527192592621, "z": -0.42601466178894043, "visibility": 0.9999317526817322, "presence": 0.9999368190765381}, "right ear": {"x": 0.5308147668838501, "y": 0.3929715156555176, "z": -0.31574147939682007, "visibility": 0.9998700618743896, "presence": 0.9996762275695801}, "mouth (left)": {"x": 0.5311464071273804, "y": 0.4489220380783081, "z": -0.44198161363601685, "visibility": 0.9999523162841797, "presence": 0.9999490976333618}, "mouth (right)": {"x": 0.52399080991745, "y": 0.45177242159843445, "z": -0.4134165346622467, "visibility": 0.9999308586120605, "presence": 0.9997789263725281}, "left shoulder": {"x": 0.6587668061256409, "y": 0.4539805054664612, "z": -0.34391480684280396, "visibility": 0.9999677538871765, "presence": 0.9999858140945435}, "right shoulder": {"x": 0.5209382176399231, "y": 0.5087823271751404, "z": -0.19236887991428375, "visibility": 0.9998400211334229, "presence": 0.9997215867042542}, "left elbow": {"x": 0.719985842704773, "y": 0.6469809412956238, "z": -0.48854199051856995, "visibility": 0.9871180653572083, "presence": 0.9980700612068176}, "right elbow": {"x": 0.46274200081825256, "y": 0.6307228803634644, "z": -0.3023774027824402, "visibility": 0.7536756992340088, "presence": 0.9930815100669861}, "left wrist": {"x": 0.6320887804031372, "y": 0.6435861587524414, "z": -0.7516067624092102, "visibility": 0.9778239130973816, "presence": 0.9999500513076782}, "right wrist": {"x": 0.40311455726623535, "y": 0.6009448170661926, "z": -0.609341025352478, "visibility": 0.822441816329956, "presence": 0.9976730942726135}, "left pinky": {"x": 0.6077214479446411, "y": 0.6696180701255798, "z": -0.8207167387008667, "visibility": 0.9740877747535706, "presence": 0.9998754262924194}, "right pinky": {"x": 0.38016995787620544, "y": 0.5791124701499939, "z": -0.6799930930137634, "visibility": 0.8177010416984558, "presence": 0.9962528944015503}, "left index": {"x": 0.5946788787841797, "y": 0.639617919921875, "z": -0.8274954557418823, "visibility": 0.9743990302085876, "presence": 0.9999262094497681}, "right index": {"x": 0.3840976357460022, "y": 0.5687105059623718, "z": -0.6896414756774902, "visibility": 0.8258915543556213, "presence": 0.9976248145103455}, "left thumb": {"x": 0.6010626554489136, "y": 0.6353573203086853, "z": -0.7574504613876343, "visibility": 0.9511198401451111, "presence": 0.9999538660049438}, "right thumb": {"x": 0.3950480818748474, "y": 0.5715775489807129, "z": -0.6247387528419495, "visibility": 0.8078708648681641, "presence": 0.9987291693687439}, "left hip": {"x": 0.6911022067070007, "y": 0.7731007933616638, "z": -0.023877015337347984, "visibility": 0.9958210587501526, "presence": 0.9980790615081787}, "right hip": {"x": 0.6040700674057007, "y": 0.7924246191978455, "z": 0.0235980823636055, "visibility": 0.9957767128944397, "presence": 0.9966235160827637}, "left knee": {"x": 0.7790685892105103, "y": 0.9833863377571106, "z": -0.1826488971710205, "visibility": 0.336089551448822, "presence": 0.6163612008094788}, "right knee": {"x": 0.5240477323532104, "y": 0.9947007894515991, "z": 0.026224082335829735, "visibility": 0.27747270464897156, "presence": 0.19437147676944733}, "left ankle": {"x": 0.7917490601539612, "y": 1.2330334186553955, "z": -0.012714405544102192, "visibility": 0.041727498173713684, "presence": 0.22569958865642548}, "right ankle": {"x": 0.5212962627410889, "y": 1.0361156463623047, "z": 0.397935152053833, "visibility": 0.020359370857477188, "presence": 0.16676484048366547}, "left heel": {"x": 0.7926269173622131, "y": 1.2539410591125488, "z": 0.0009038018179126084, "visibility": 0.030623771250247955, "presence": 0.11209677904844284}, "right heel": {"x": 0.5393059253692627, "y": 1.1147807836532593, "z": 0.43569105863571167, "visibility": 0.025201093405485153, "presence": 0.305207759141922}, "left foot index": {"x": 0.7852725982666016, "y": 1.3419361114501953, "z": -0.1256672590970993, "visibility": 0.03705354034900665, "presence": 0.13585293292999268}, "right foot index": {"x": 0.5339547395706177, "y": 1.1538053750991821, "z": 0.399679958820343, "visibility": 0.017216013744473457, "presence": 0.3185068368911743}, "timestamp": "20240418-205439"}