{"nose": {"x": 0.5882636308670044, "y": 0.295102596282959, "z": -0.40002959966659546, "visibility": 0.9999760985374451, "presence": 0.9999890327453613}, "left eye (inner)": {"x": 0.5969763994216919, "y": 0.2639724612236023, "z": -0.40536803007125854, "visibility": 0.9999591708183289, "presence": 0.9999847412109375}, "left eye": {"x": 0.6033995747566223, "y": 0.261782169342041, "z": -0.40573644638061523, "visibility": 0.9999546408653259, "presence": 0.9999876022338867}, "left eye (outer)": {"x": 0.6087297201156616, "y": 0.2605826258659363, "z": -0.40563756227493286, "visibility": 0.999957799911499, "presence": 0.9999840259552002}, "right eye (inner)": {"x": 0.5876477956771851, "y": 0.2681822180747986, "z": -0.3839183449745178, "visibility": 0.9999595284461975, "presence": 0.9999655485153198}, "right eye": {"x": 0.5854439735412598, "y": 0.2695064842700958, "z": -0.3843441903591156, "visibility": 0.9999644756317139, "presence": 0.9999637603759766}, "right eye (outer)": {"x": 0.5831425189971924, "y": 0.27066782116889954, "z": -0.3845790922641754, "visibility": 0.9999648928642273, "presence": 0.9999474287033081}, "left ear": {"x": 0.6356858611106873, "y": 0.2666807472705841, "z": -0.3200087249279022, "visibility": 0.9999759197235107, "presence": 0.9999871253967285}, "right ear": {"x": 0.5963559150695801, "y": 0.27658870816230774, "z": -0.21062135696411133, "visibility": 0.9999222159385681, "presence": 0.9999220371246338}, "mouth (left)": {"x": 0.601415753364563, "y": 0.3201013207435608, "z": -0.36759093403816223, "visibility": 0.9999771118164062, "presence": 0.9999935626983643}, "mouth (right)": {"x": 0.5910172462463379, "y": 0.3247362971305847, "z": -0.3420006036758423, "visibility": 0.9999614357948303, "presence": 0.9999710321426392}, "left shoulder": {"x": 0.7217728495597839, "y": 0.40817689895629883, "z": -0.2575452923774719, "visibility": 0.9999744892120361, "presence": 0.9999945163726807}, "right shoulder": {"x": 0.5786510705947876, "y": 0.43031761050224304, "z": -0.06378499418497086, "visibility": 0.9997657537460327, "presence": 0.9998745918273926}, "left elbow": {"x": 0.769748330116272, "y": 0.6039931178092957, "z": -0.41737136244773865, "visibility": 0.9897069931030273, "presence": 0.9995880722999573}, "right elbow": {"x": 0.5015603303909302, "y": 0.5368903875350952, "z": -0.1335485875606537, "visibility": 0.7737262845039368, "presence": 0.9980435371398926}, "left wrist": {"x": 0.6936149597167969, "y": 0.5655588507652283, "z": -0.7293421626091003, "visibility": 0.9894435405731201, "presence": 0.999990701675415}, "right wrist": {"x": 0.4277077317237854, "y": 0.4955866038799286, "z": -0.4488216042518616, "visibility": 0.8888042569160461, "presence": 0.9980266690254211}, "left pinky": {"x": 0.6689006686210632, "y": 0.5739568471908569, "z": -0.8069037199020386, "visibility": 0.9866752624511719, "presence": 0.9999676942825317}, "right pinky": {"x": 0.4045693278312683, "y": 0.4561142921447754, "z": -0.5202425718307495, "visibility": 0.8971241116523743, "presence": 0.9953565001487732}, "left index": {"x": 0.6578194499015808, "y": 0.5395144820213318, "z": -0.8159909248352051, "visibility": 0.9867433905601501, "presence": 0.9999810457229614}, "right index": {"x": 0.40913158655166626, "y": 0.4444628059864044, "z": -0.5438514351844788, "visibility": 0.9041000008583069, "presence": 0.9970288872718811}, "left thumb": {"x": 0.6624895334243774, "y": 0.541357159614563, "z": -0.7371494770050049, "visibility": 0.973875880241394, "presence": 0.9999899864196777}, "right thumb": {"x": 0.41922035813331604, "y": 0.45534735918045044, "z": -0.47166189551353455, "visibility": 0.8930710554122925, "presence": 0.9985576272010803}, "left hip": {"x": 0.7176056504249573, "y": 0.7678065896034241, "z": -0.039935849606990814, "visibility": 0.9966001510620117, "presence": 0.9988816380500793}, "right hip": {"x": 0.6254143714904785, "y": 0.7814594507217407, "z": 0.039734724909067154, "visibility": 0.9952866435050964, "presence": 0.9983914494514465}, "left knee": {"x": 0.7978135943412781, "y": 0.9925453066825867, "z": -0.30561262369155884, "visibility": 0.453203409910202, "presence": 0.6130010485649109}, "right knee": {"x": 0.5240570306777954, "y": 1.0032024383544922, "z": -0.20551466941833496, "visibility": 0.21917012333869934, "presence": 0.3642832934856415}, "left ankle": {"x": 0.7881423234939575, "y": 1.271362066268921, "z": -0.04862029477953911, "visibility": 0.08677016198635101, "presence": 0.14231829345226288}, "right ankle": {"x": 0.5719088315963745, "y": 1.2158366441726685, "z": 0.07881303131580353, "visibility": 0.01876698061823845, "presence": 0.1549438089132309}, "left heel": {"x": 0.7886644601821899, "y": 1.2989002466201782, "z": -0.02691095508635044, "visibility": 0.06023666262626648, "presence": 0.09262774884700775}, "right heel": {"x": 0.5855903029441833, "y": 1.243958592414856, "z": 0.10501042753458023, "visibility": 0.026688091456890106, "presence": 0.2190691977739334}, "left foot index": {"x": 0.752525269985199, "y": 1.3688175678253174, "z": -0.15741050243377686, "visibility": 0.08130278438329697, "presence": 0.18034183979034424}, "right foot index": {"x": 0.5720124244689941, "y": 1.3002408742904663, "z": 0.008276299573481083, "visibility": 0.01694527640938759, "presence": 0.24413751065731049}, "timestamp": "20240418-205449"}