{"nose": {"x": 0.4938191771507263, "y": 0.2829003632068634, "z": -0.3190423548221588, "visibility": 0.9999661445617676, "presence": 0.9999736547470093}, "left eye (inner)": {"x": 0.5034517049789429, "y": 0.254386842250824, "z": -0.3137345314025879, "visibility": 0.9999292492866516, "presence": 0.9999731779098511}, "left eye": {"x": 0.5092176198959351, "y": 0.2531875967979431, "z": -0.3141878545284271, "visibility": 0.9999293088912964, "presence": 0.99997878074646}, "left eye (outer)": {"x": 0.5153421759605408, "y": 0.2522422969341278, "z": -0.3140990138053894, "visibility": 0.9999374747276306, "presence": 0.9999741315841675}, "right eye (inner)": {"x": 0.4943796694278717, "y": 0.2584976851940155, "z": -0.2901410162448883, "visibility": 0.9999271631240845, "presence": 0.9999505281448364}, "right eye": {"x": 0.49312177300453186, "y": 0.2594304084777832, "z": -0.29053109884262085, "visibility": 0.9999421834945679, "presence": 0.9999531507492065}, "right eye (outer)": {"x": 0.4919849932193756, "y": 0.2599349021911621, "z": -0.290723979473114, "visibility": 0.9999388456344604, "presence": 0.9999418258666992}, "left ear": {"x": 0.5411999225616455, "y": 0.26161035895347595, "z": -0.2314058244228363, "visibility": 0.9999665021896362, "presence": 0.9999774694442749}, "right ear": {"x": 0.5054067373275757, "y": 0.2678734064102173, "z": -0.12161260843276978, "visibility": 0.9998724460601807, "presence": 0.9999105930328369}, "mouth (left)": {"x": 0.509743332862854, "y": 0.309059739112854, "z": -0.28359097242355347, "visibility": 0.9999720454216003, "presence": 0.9999809265136719}, "mouth (right)": {"x": 0.49819445610046387, "y": 0.3111085891723633, "z": -0.25460928678512573, "visibility": 0.9999504685401917, "presence": 0.9999395608901978}, "left shoulder": {"x": 0.6271006464958191, "y": 0.39275282621383667, "z": -0.19454585015773773, "visibility": 0.9999769926071167, "presence": 0.999990701675415}, "right shoulder": {"x": 0.49456295371055603, "y": 0.4329715371131897, "z": 0.0178131852298975, "visibility": 0.9998242855072021, "presence": 0.9998735189437866}, "left elbow": {"x": 0.6915513277053833, "y": 0.5548933744430542, "z": -0.3455668091773987, "visibility": 0.9882684350013733, "presence": 0.9992225170135498}, "right elbow": {"x": 0.42495569586753845, "y": 0.5314133763313293, "z": -0.04629622399806976, "visibility": 0.7440804839134216, "presence": 0.9980030655860901}, "left wrist": {"x": 0.6223883032798767, "y": 0.5491132736206055, "z": -0.6574915647506714, "visibility": 0.992853045463562, "presence": 0.999974250793457}, "right wrist": {"x": 0.3574241101741791, "y": 0.49860844016075134, "z": -0.2859576344490051, "visibility": 0.9210498929023743, "presence": 0.9997608065605164}, "left pinky": {"x": 0.6050478219985962, "y": 0.5707191228866577, "z": -0.7404346466064453, "visibility": 0.9917383193969727, "presence": 0.9999387264251709}, "right pinky": {"x": 0.33081549406051636, "y": 0.49183356761932373, "z": -0.29039376974105835, "visibility": 0.9184646606445312, "presence": 0.999589741230011}, "left index": {"x": 0.586597204208374, "y": 0.5495887994766235, "z": -0.7476369738578796, "visibility": 0.9919970035552979, "presence": 0.9999560117721558}, "right index": {"x": 0.336026132106781, "y": 0.4742145240306854, "z": -0.36004313826560974, "visibility": 0.9239121675491333, "presence": 0.9997201561927795}, "left thumb": {"x": 0.5909630656242371, "y": 0.5492805242538452, "z": -0.6663440465927124, "visibility": 0.9832432866096497, "presence": 0.9999716281890869}, "right thumb": {"x": 0.3486524522304535, "y": 0.48047709465026855, "z": -0.2814636826515198, "visibility": 0.9160391092300415, "presence": 0.99985671043396}, "left hip": {"x": 0.6610795259475708, "y": 0.7459864020347595, "z": -0.05044792965054512, "visibility": 0.9964948296546936, "presence": 0.995542585849762}, "right hip": {"x": 0.5792948603630066, "y": 0.7782831192016602, "z": 0.05003676563501358, "visibility": 0.9951956272125244, "presence": 0.9924138188362122}, "left knee": {"x": 0.7521948218345642, "y": 0.9773684740066528, "z": -0.19511041045188904, "visibility": 0.43687307834625244, "presence": 0.4682852029800415}, "right knee": {"x": 0.5208117365837097, "y": 0.9917528629302979, "z": 0.17058640718460083, "visibility": 0.17847317457199097, "presence": 0.17655427753925323}, "left ankle": {"x": 0.7815527319908142, "y": 1.2318241596221924, "z": -0.04925011098384857, "visibility": 0.13010960817337036, "presence": 0.1791125386953354}, "right ankle": {"x": 0.5302665829658508, "y": 1.2220404148101807, "z": 0.49853986501693726, "visibility": 0.028854195028543472, "presence": 0.09474640339612961}, "left heel": {"x": 0.7885740399360657, "y": 1.2608908414840698, "z": -0.04211849346756935, "visibility": 0.08354151248931885, "presence": 0.10268645733594894}, "right heel": {"x": 0.5336991548538208, "y": 1.2557666301727295, "z": 0.52606201171875, "visibility": 0.0346989631652832, "presence": 0.1546809822320938}, "left foot index": {"x": 0.7756362557411194, "y": 1.329698920249939, "z": -0.21263444423675537, "visibility": 0.12995009124279022, "presence": 0.16201533377170563}, "right foot index": {"x": 0.5286953449249268, "y": 1.2948471307754517, "z": 0.4257965087890625, "visibility": 0.02440175972878933, "presence": 0.1978229582309723}, "timestamp": "20240418-205453"}