{"nose": {"x": 0.5954651832580566, "y": 0.2801767885684967, "z": -0.36741939187049866, "visibility": 0.9999792575836182, "presence": 0.9999912977218628}, "left eye (inner)": {"x": 0.6040601134300232, "y": 0.24540455639362335, "z": -0.3670361340045929, "visibility": 0.9999638795852661, "presence": 0.999988317489624}, "left eye": {"x": 0.6101959347724915, "y": 0.24292317032814026, "z": -0.367375910282135, "visibility": 0.9999542832374573, "presence": 0.999990701675415}, "left eye (outer)": {"x": 0.6158226728439331, "y": 0.2410036325454712, "z": -0.3672608733177185, "visibility": 0.9999604821205139, "presence": 0.999988317489624}, "right eye (inner)": {"x": 0.5943878293037415, "y": 0.25191062688827515, "z": -0.3454320430755615, "visibility": 0.9999692440032959, "presence": 0.9999717473983765}, "right eye": {"x": 0.5922157764434814, "y": 0.2535555958747864, "z": -0.34586042165756226, "visibility": 0.9999710917472839, "presence": 0.9999691247940063}, "right eye (outer)": {"x": 0.5898577570915222, "y": 0.2548378109931946, "z": -0.34608644247055054, "visibility": 0.9999751448631287, "presence": 0.9999545812606812}, "left ear": {"x": 0.6443601846694946, "y": 0.24405811727046967, "z": -0.2774030864238739, "visibility": 0.9999716281890869, "presence": 0.9999908208847046}, "right ear": {"x": 0.6029034852981567, "y": 0.25875696539878845, "z": -0.1811608523130417, "visibility": 0.9999443292617798, "presence": 0.9999309778213501}, "mouth (left)": {"x": 0.6099668145179749, "y": 0.3017664849758148, "z": -0.32722875475883484, "visibility": 0.9999788999557495, "presence": 0.999994158744812}, "mouth (right)": {"x": 0.5989599227905273, "y": 0.3083075284957886, "z": -0.3014385998249054, "visibility": 0.9999697804450989, "presence": 0.9999711513519287}, "left shoulder": {"x": 0.7296326756477356, "y": 0.3784877359867096, "z": -0.20929460227489471, "visibility": 0.9999740123748779, "presence": 0.999995231628418}, "right shoulder": {"x": 0.5869647264480591, "y": 0.41152602434158325, "z": -0.039263442158699036, "visibility": 0.9998739957809448, "presence": 0.9998666048049927}, "left elbow": {"x": 0.7855309247970581, "y": 0.5803816318511963, "z": -0.35154348611831665, "visibility": 0.9904228448867798, "presence": 0.9995386600494385}, "right elbow": {"x": 0.5153230428695679, "y": 0.5262935161590576, "z": -0.07961533963680267, "visibility": 0.7498556971549988, "presence": 0.9973700046539307}, "left wrist": {"x": 0.7045227289199829, "y": 0.5311608910560608, "z": -0.623006284236908, "visibility": 0.990373432636261, "presence": 0.9999905824661255}, "right wrist": {"x": 0.43777984380722046, "y": 0.4759899079799652, "z": -0.33403480052948, "visibility": 0.8728511929512024, "presence": 0.9962208867073059}, "left pinky": {"x": 0.67540442943573, "y": 0.5415544509887695, "z": -0.6943768262863159, "visibility": 0.9860621690750122, "presence": 0.9999665021896362}, "right pinky": {"x": 0.4035317897796631, "y": 0.43532803654670715, "z": -0.39151886105537415, "visibility": 0.8789361715316772, "presence": 0.9907631278038025}, "left index": {"x": 0.6681708097457886, "y": 0.5064861178398132, "z": -0.7049852013587952, "visibility": 0.9860917329788208, "presence": 0.9999804496765137}, "right index": {"x": 0.40503329038619995, "y": 0.41603952646255493, "z": -0.41178828477859497, "visibility": 0.8843480944633484, "presence": 0.9936679005622864}, "left thumb": {"x": 0.6741207242012024, "y": 0.5090215802192688, "z": -0.6325720548629761, "visibility": 0.9714463949203491, "presence": 0.9999897480010986}, "right thumb": {"x": 0.41875043511390686, "y": 0.43944355845451355, "z": -0.3527267575263977, "visibility": 0.8714650273323059, "presence": 0.9969595670700073}, "left hip": {"x": 0.7319751977920532, "y": 0.7432560324668884, "z": -0.03411608189344406, "visibility": 0.995497465133667, "presence": 0.9978359341621399}, "right hip": {"x": 0.6421816349029541, "y": 0.7597804665565491, "z": 0.0338798388838768, "visibility": 0.9956628084182739, "presence": 0.9971246123313904}, "left knee": {"x": 0.8184458017349243, "y": 0.987772524356842, "z": -0.15801578760147095, "visibility": 0.3129396438598633, "presence": 0.4501856863498688}, "right knee": {"x": 0.5567196607589722, "y": 0.9992086887359619, "z": -0.12994210422039032, "visibility": 0.26696449518203735, "presence": 0.28622880578041077}, "left ankle": {"x": 0.8175969123840332, "y": 1.2684048414230347, "z": 0.08761085569858551, "visibility": 0.041977621614933014, "presence": 0.0970001220703125}, "right ankle": {"x": 0.6043998003005981, "y": 1.244748830795288, "z": 0.0705542117357254, "visibility": 0.01773718185722828, "presence": 0.0972289964556694}, "left heel": {"x": 0.821931004524231, "y": 1.2970248460769653, "z": 0.10807164758443832, "visibility": 0.0334305576980114, "presence": 0.06485717743635178}, "right heel": {"x": 0.6147980093955994, "y": 1.2728815078735352, "z": 0.08817262947559357, "visibility": 0.024666789919137955, "presence": 0.12882691621780396}, "left foot index": {"x": 0.7881324291229248, "y": 1.3743891716003418, "z": -0.0035565458238124847, "visibility": 0.04021906480193138, "presence": 0.12984469532966614}, "right foot index": {"x": 0.6056367754936218, "y": 1.330148696899414, "z": -0.012683093547821045, "visibility": 0.016201134771108627, "presence": 0.1237218827009201}, "timestamp": "20240418-205436"}