{"nose": {"x": 0.5321454405784607, "y": 0.29519927501678467, "z": -0.36730897426605225, "visibility": 0.9999578595161438, "presence": 0.9999268054962158}, "left eye (inner)": {"x": 0.5386494994163513, "y": 0.26416900753974915, "z": -0.36491498351097107, "visibility": 0.9999377131462097, "presence": 0.999934196472168}, "left eye": {"x": 0.5435751676559448, "y": 0.26226091384887695, "z": -0.3653542399406433, "visibility": 0.9999276995658875, "presence": 0.9999517202377319}, "left eye (outer)": {"x": 0.5484771728515625, "y": 0.26093003153800964, "z": -0.36526840925216675, "visibility": 0.9999427795410156, "presence": 0.9999414682388306}, "right eye (inner)": {"x": 0.531743049621582, "y": 0.26825788617134094, "z": -0.34350451827049255, "visibility": 0.9999333620071411, "presence": 0.9998418092727661}, "right eye": {"x": 0.531067430973053, "y": 0.2687859535217285, "z": -0.3439314663410187, "visibility": 0.9999363422393799, "presence": 0.9998365640640259}, "right eye (outer)": {"x": 0.530148446559906, "y": 0.26931941509246826, "z": -0.34416696429252625, "visibility": 0.9999417662620544, "presence": 0.999776303768158}, "left ear": {"x": 0.5779930353164673, "y": 0.2659316658973694, "z": -0.2895970642566681, "visibility": 0.9999626278877258, "presence": 0.9999607801437378}, "right ear": {"x": 0.5463343858718872, "y": 0.27645617723464966, "z": -0.1903209388256073, "visibility": 0.9998674392700195, "presence": 0.9996459484100342}, "mouth (left)": {"x": 0.5467532873153687, "y": 0.3183436989784241, "z": -0.3324095904827118, "visibility": 0.9999659061431885, "presence": 0.9999518394470215}, "mouth (right)": {"x": 0.5380655527114868, "y": 0.3242127001285553, "z": -0.3062869906425476, "visibility": 0.9999338984489441, "presence": 0.9997584223747253}, "left shoulder": {"x": 0.6705480813980103, "y": 0.3958701193332672, "z": -0.2302784025669098, "visibility": 0.9999684691429138, "presence": 0.9999874830245972}, "right shoulder": {"x": 0.5336843132972717, "y": 0.43359825015068054, "z": -0.06581089645624161, "visibility": 0.9997332096099854, "presence": 0.9994314312934875}, "left elbow": {"x": 0.7256119251251221, "y": 0.5871511101722717, "z": -0.3763453960418701, "visibility": 0.988270103931427, "presence": 0.9991348385810852}, "right elbow": {"x": 0.45893317461013794, "y": 0.5501206517219543, "z": -0.10039170831441879, "visibility": 0.7571055889129639, "presence": 0.9938400387763977}, "left wrist": {"x": 0.6421209573745728, "y": 0.5608976483345032, "z": -0.6620591878890991, "visibility": 0.9849816560745239, "presence": 0.9999877214431763}, "right wrist": {"x": 0.3827695846557617, "y": 0.5099217891693115, "z": -0.33386898040771484, "visibility": 0.8716815710067749, "presence": 0.9981708526611328}, "left pinky": {"x": 0.6157111525535583, "y": 0.5712230205535889, "z": -0.7310193777084351, "visibility": 0.9808011054992676, "presence": 0.9999645948410034}, "right pinky": {"x": 0.35609859228134155, "y": 0.48081210255622864, "z": -0.38865262269973755, "visibility": 0.8697114586830139, "presence": 0.9963817596435547}, "left index": {"x": 0.6066886186599731, "y": 0.5397884845733643, "z": -0.7361739873886108, "visibility": 0.9805773496627808, "presence": 0.9999773502349854}, "right index": {"x": 0.35779961943626404, "y": 0.4612691104412079, "z": -0.4083053171634674, "visibility": 0.8763885498046875, "presence": 0.9973879456520081}, "left thumb": {"x": 0.6130315065383911, "y": 0.541682779788971, "z": -0.6684025526046753, "visibility": 0.9623962044715881, "presence": 0.9999872446060181}, "right thumb": {"x": 0.3688362240791321, "y": 0.47325316071510315, "z": -0.35186612606048584, "visibility": 0.8614204525947571, "presence": 0.9987699389457703}, "left hip": {"x": 0.6882590651512146, "y": 0.7558599710464478, "z": -0.03494484722614288, "visibility": 0.9965006709098816, "presence": 0.9980124235153198}, "right hip": {"x": 0.598838210105896, "y": 0.7739882469177246, "z": 0.03465855121612549, "visibility": 0.9949221611022949, "presence": 0.995530903339386}, "left knee": {"x": 0.7815148830413818, "y": 0.983001172542572, "z": -0.15905281901359558, "visibility": 0.35724496841430664, "presence": 0.755433976650238}, "right knee": {"x": 0.521970272064209, "y": 0.9923630356788635, "z": 0.08549609780311584, "visibility": 0.185316264629364, "presence": 0.2845970392227173}, "left ankle": {"x": 0.7854906916618347, "y": 1.2579025030136108, "z": 0.007899048738181591, "visibility": 0.0828971192240715, "presence": 0.37125054001808167}, "right ankle": {"x": 0.5274929404258728, "y": 1.1620652675628662, "z": 0.4459535479545593, "visibility": 0.014952692203223705, "presence": 0.20261840522289276}, "left heel": {"x": 0.7841792106628418, "y": 1.2913892269134521, "z": 0.02045339159667492, "visibility": 0.062236685305833817, "presence": 0.19575774669647217}, "right heel": {"x": 0.5340743064880371, "y": 1.184432864189148, "z": 0.48086071014404297, "visibility": 0.023181846365332603, "presence": 0.30935028195381165}, "left foot index": {"x": 0.7751703858375549, "y": 1.3610553741455078, "z": -0.10530608892440796, "visibility": 0.07568947225809097, "presence": 0.18606165051460266}, "right foot index": {"x": 0.5251115560531616, "y": 1.2411308288574219, "z": 0.4272335171699524, "visibility": 0.013852707110345364, "presence": 0.300892174243927}, "timestamp": "20240418-205500"}