{"nose": {"x": 0.4615008234977722, "y": 0.44239890575408936, "z": -0.25617313385009766, "visibility": 0.9999300837516785, "presence": 0.9994261264801025}, "left eye (inner)": {"x": 0.4673307538032532, "y": 0.4123437702655792, "z": -0.2624180316925049, "visibility": 0.9998847842216492, "presence": 0.9992745518684387}, "left eye": {"x": 0.4714147448539734, "y": 0.41035088896751404, "z": -0.26282015442848206, "visibility": 0.9998829364776611, "presence": 0.9992897510528564}, "left eye (outer)": {"x": 0.47557997703552246, "y": 0.4084586203098297, "z": -0.26279109716415405, "visibility": 0.9998819828033447, "presence": 0.9989588260650635}, "right eye (inner)": {"x": 0.4634682536125183, "y": 0.4126979410648346, "z": -0.2381420135498047, "visibility": 0.9999001026153564, "presence": 0.9993942975997925}, "right eye": {"x": 0.46361055970191956, "y": 0.41188451647758484, "z": -0.2385941445827484, "visibility": 0.9999263286590576, "presence": 0.9995796084403992}, "right eye (outer)": {"x": 0.4635564684867859, "y": 0.4110872149467468, "z": -0.2389405071735382, "visibility": 0.999925971031189, "presence": 0.9996161460876465}, "left ear": {"x": 0.5046492218971252, "y": 0.40372419357299805, "z": -0.2452118843793869, "visibility": 0.9999549388885498, "presence": 0.9988514184951782}, "right ear": {"x": 0.4847234785556793, "y": 0.4101184010505676, "z": -0.13722294569015503, "visibility": 0.9998825788497925, "presence": 0.9996856451034546}, "mouth (left)": {"x": 0.4776645302772522, "y": 0.4639838635921478, "z": -0.2453666627407074, "visibility": 0.9999455809593201, "presence": 0.9996955394744873}, "mouth (right)": {"x": 0.4712091088294983, "y": 0.46700504422187805, "z": -0.216334730386734, "visibility": 0.999926745891571, "presence": 0.9996570348739624}, "left shoulder": {"x": 0.5926183462142944, "y": 0.4944949746131897, "z": -0.23695865273475647, "visibility": 0.999942421913147, "presence": 0.9997997879981995}, "right shoulder": {"x": 0.4720798432826996, "y": 0.5330367088317871, "z": -0.07762704789638519, "visibility": 0.9998094439506531, "presence": 0.999943733215332}, "left elbow": {"x": 0.6315370202064514, "y": 0.6985861659049988, "z": -0.3211246132850647, "visibility": 0.9710933566093445, "presence": 0.9738563895225525}, "right elbow": {"x": 0.4003905653953552, "y": 0.6139264702796936, "z": -0.2308853566646576, "visibility": 0.7723527550697327, "presence": 0.9986283779144287}, "left wrist": {"x": 0.536920428276062, "y": 0.6421747803688049, "z": -0.40822654962539673, "visibility": 0.9726946353912354, "presence": 0.9997853636741638}, "right wrist": {"x": 0.34900087118148804, "y": 0.6030975580215454, "z": -0.5597901344299316, "visibility": 0.8666742444038391, "presence": 0.9999110698699951}, "left pinky": {"x": 0.5063289403915405, "y": 0.6388931274414062, "z": -0.4427253305912018, "visibility": 0.9739076495170593, "presence": 0.9996845722198486}, "right pinky": {"x": 0.3332902491092682, "y": 0.6259881258010864, "z": -0.6294634938240051, "visibility": 0.8714647889137268, "presence": 0.9997736811637878}, "left index": {"x": 0.5047030448913574, "y": 0.614593505859375, "z": -0.44835180044174194, "visibility": 0.9740800857543945, "presence": 0.9997705817222595}, "right index": {"x": 0.35406357049942017, "y": 0.6117291450500488, "z": -0.6272462010383606, "visibility": 0.877233624458313, "presence": 0.9998666048049927}, "left thumb": {"x": 0.512200653553009, "y": 0.6170326471328735, "z": -0.40938669443130493, "visibility": 0.952552855014801, "presence": 0.9998382329940796}, "right thumb": {"x": 0.36907732486724854, "y": 0.6083030104637146, "z": -0.5716970562934875, "visibility": 0.8682748079299927, "presence": 0.9999392032623291}, "left hip": {"x": 0.640150785446167, "y": 0.7839608788490295, "z": -0.043710578233003616, "visibility": 0.9975132942199707, "presence": 0.9909942746162415}, "right hip": {"x": 0.5662320256233215, "y": 0.7999364137649536, "z": 0.04335010051727295, "visibility": 0.9967507719993591, "presence": 0.995303750038147}, "left knee": {"x": 0.7221135497093201, "y": 0.9796574115753174, "z": -0.1229671835899353, "visibility": 0.6428804397583008, "presence": 0.5266229510307312}, "right knee": {"x": 0.5507193803787231, "y": 0.9335135817527771, "z": 0.14166775345802307, "visibility": 0.2112896889448166, "presence": 0.44572004675865173}, "left ankle": {"x": 0.7578969597816467, "y": 1.2210551500320435, "z": -0.014735216274857521, "visibility": 0.2180289924144745, "presence": 0.1739427149295807}, "right ankle": {"x": 0.5625276565551758, "y": 0.9338073134422302, "z": 0.4553004205226898, "visibility": 0.026438681408762932, "presence": 0.3722253739833832}, "left heel": {"x": 0.7611194849014282, "y": 1.2421241998672485, "z": -0.011944287456572056, "visibility": 0.12297817319631577, "presence": 0.07478350400924683}, "right heel": {"x": 0.5839837789535522, "y": 1.0141100883483887, "z": 0.4824525713920593, "visibility": 0.037342675030231476, "presence": 0.48218992352485657}, "left foot index": {"x": 0.7491716146469116, "y": 1.323440670967102, "z": -0.11051080375909805, "visibility": 0.1847810000181198, "presence": 0.07980704307556152}, "right foot index": {"x": 0.5458350777626038, "y": 0.9888581037521362, "z": 0.47708505392074585, "visibility": 0.023735107854008675, "presence": 0.4465373754501343}, "timestamp": "20240418-205506"}