{"nose": {"x": 0.6079089045524597, "y": 0.29142653942108154, "z": -0.38055750727653503, "visibility": 0.9999847412109375, "presence": 0.9999959468841553}, "left eye (inner)": {"x": 0.6175028085708618, "y": 0.2594200074672699, "z": -0.3767252266407013, "visibility": 0.9999740719795227, "presence": 0.9999939203262329}, "left eye": {"x": 0.6247374415397644, "y": 0.257490336894989, "z": -0.3770766258239746, "visibility": 0.9999673962593079, "presence": 0.9999948740005493}, "left eye (outer)": {"x": 0.6307583451271057, "y": 0.25584855675697327, "z": -0.3769829273223877, "visibility": 0.9999722838401794, "presence": 0.999993085861206}, "right eye (inner)": {"x": 0.6056727766990662, "y": 0.2650488018989563, "z": -0.3549686670303345, "visibility": 0.999977171421051, "presence": 0.9999855756759644}, "right eye": {"x": 0.6031029224395752, "y": 0.26665905117988586, "z": -0.35538479685783386, "visibility": 0.9999779462814331, "presence": 0.9999837875366211}, "right eye (outer)": {"x": 0.6002548336982727, "y": 0.26816728711128235, "z": -0.35560840368270874, "visibility": 0.9999805688858032, "presence": 0.999975323677063}, "left ear": {"x": 0.6568230986595154, "y": 0.2601117789745331, "z": -0.2819446921348572, "visibility": 0.9999799132347107, "presence": 0.9999936819076538}, "right ear": {"x": 0.6108366250991821, "y": 0.2747570276260376, "z": -0.18677662312984467, "visibility": 0.9999523162841797, "presence": 0.9999574422836304}, "mouth (left)": {"x": 0.6227448582649231, "y": 0.31633204221725464, "z": -0.3403729796409607, "visibility": 0.9999844431877136, "presence": 0.9999969005584717}, "mouth (right)": {"x": 0.6116989850997925, "y": 0.32295480370521545, "z": -0.3122822940349579, "visibility": 0.9999760985374451, "presence": 0.9999843835830688}, "left shoulder": {"x": 0.7405081987380981, "y": 0.4145490825176239, "z": -0.2247714102268219, "visibility": 0.9999778270721436, "presence": 0.999996542930603}, "right shoulder": {"x": 0.5948573350906372, "y": 0.43008676171302795, "z": -0.053358741104602814, "visibility": 0.9998362064361572, "presence": 0.9999135732650757}, "left elbow": {"x": 0.7864324450492859, "y": 0.623187243938446, "z": -0.3717147707939148, "visibility": 0.9912850260734558, "presence": 0.999671459197998}, "right elbow": {"x": 0.5197674036026001, "y": 0.5626416802406311, "z": -0.176950603723526, "visibility": 0.697778582572937, "presence": 0.9978818297386169}, "left wrist": {"x": 0.7022101283073425, "y": 0.5608863234519958, "z": -0.6595903635025024, "visibility": 0.9926454424858093, "presence": 0.9999939203262329}, "right wrist": {"x": 0.4711579382419586, "y": 0.5096259713172913, "z": -0.5085403919219971, "visibility": 0.8354273438453674, "presence": 0.997428834438324}, "left pinky": {"x": 0.6720913052558899, "y": 0.5616903901100159, "z": -0.7252879738807678, "visibility": 0.989555835723877, "presence": 0.9999741315841675}, "right pinky": {"x": 0.4443739056587219, "y": 0.48818016052246094, "z": -0.57924884557724, "visibility": 0.8540383577346802, "presence": 0.9926562309265137}, "left index": {"x": 0.6651352643966675, "y": 0.5296255946159363, "z": -0.7324717044830322, "visibility": 0.9896200895309448, "presence": 0.999987006187439}, "right index": {"x": 0.44938263297080994, "y": 0.47585952281951904, "z": -0.5952022075653076, "visibility": 0.862132728099823, "presence": 0.9956223368644714}, "left thumb": {"x": 0.671816349029541, "y": 0.533279299736023, "z": -0.6647791862487793, "visibility": 0.9785029292106628, "presence": 0.9999938011169434}, "right thumb": {"x": 0.46074777841567993, "y": 0.4780804216861725, "z": -0.5268458127975464, "visibility": 0.8496049642562866, "presence": 0.9979433417320251}, "left hip": {"x": 0.7367023229598999, "y": 0.7786087989807129, "z": -0.03240387886762619, "visibility": 0.9963124990463257, "presence": 0.9995067119598389}, "right hip": {"x": 0.6430557370185852, "y": 0.7874888777732849, "z": 0.03219522535800934, "visibility": 0.9958718419075012, "presence": 0.9993131160736084}, "left knee": {"x": 0.8146211504936218, "y": 1.0015279054641724, "z": -0.24982436001300812, "visibility": 0.27039989829063416, "presence": 0.6928719878196716}, "right knee": {"x": 0.546291708946228, "y": 1.0068385601043701, "z": -0.19605708122253418, "visibility": 0.21917417645454407, "presence": 0.3754587769508362}, "left ankle": {"x": 0.7723532319068909, "y": 1.2495726346969604, "z": -0.007663596421480179, "visibility": 0.031811948865652084, "presence": 0.2571597099304199}, "right ankle": {"x": 0.6056404709815979, "y": 1.106972575187683, "z": 0.13770268857479095, "visibility": 0.012970293872058392, "presence": 0.2738933265209198}, "left heel": {"x": 0.7699819803237915, "y": 1.2637742757797241, "z": 0.018702242523431778, "visibility": 0.026894278824329376, "presence": 0.1776912659406662}, "right heel": {"x": 0.6200937032699585, "y": 1.1085376739501953, "z": 0.17157012224197388, "visibility": 0.01947607845067978, "presence": 0.41180339455604553}, "left foot index": {"x": 0.7347916960716248, "y": 1.3367270231246948, "z": -0.03941603749990463, "visibility": 0.030763862654566765, "presence": 0.22835370898246765}, "right foot index": {"x": 0.6123449802398682, "y": 1.178892970085144, "z": 0.14522702991962433, "visibility": 0.012009859085083008, "presence": 0.37044498324394226}, "timestamp": "20240418-205437"}