{"nose": {"x": 0.5158745050430298, "y": 0.44356366991996765, "z": -0.4538063406944275, "visibility": 0.9999804496765137, "presence": 0.9999619722366333}, "left eye (inner)": {"x": 0.5206652879714966, "y": 0.40904316306114197, "z": -0.4592459201812744, "visibility": 0.9999569654464722, "presence": 0.9999384880065918}, "left eye": {"x": 0.5258053541183472, "y": 0.4052670896053314, "z": -0.45961087942123413, "visibility": 0.9999561309814453, "presence": 0.9999364614486694}, "left eye (outer)": {"x": 0.5306912064552307, "y": 0.40141406655311584, "z": -0.45954447984695435, "visibility": 0.9999557137489319, "presence": 0.9998980760574341}, "right eye (inner)": {"x": 0.5128193497657776, "y": 0.4132976531982422, "z": -0.43575721979141235, "visibility": 0.9999617338180542, "presence": 0.9999464750289917}, "right eye": {"x": 0.5119965076446533, "y": 0.4129279553890228, "z": -0.4362364411354065, "visibility": 0.9999713897705078, "presence": 0.9999620914459229}, "right eye (outer)": {"x": 0.5109370350837708, "y": 0.4127197563648224, "z": -0.43656620383262634, "visibility": 0.9999692440032959, "presence": 0.9999629259109497}, "left ear": {"x": 0.5585073232650757, "y": 0.3868253827095032, "z": -0.4012328088283539, "visibility": 0.9999792575836182, "presence": 0.9998605251312256}, "right ear": {"x": 0.5273714065551758, "y": 0.40684667229652405, "z": -0.29370415210723877, "visibility": 0.9999398589134216, "presence": 0.9999630451202393}, "mouth (left)": {"x": 0.5326979160308838, "y": 0.4590457081794739, "z": -0.42388445138931274, "visibility": 0.999981701374054, "presence": 0.9999620914459229}, "mouth (right)": {"x": 0.5237218737602234, "y": 0.4653189778327942, "z": -0.3951391577720642, "visibility": 0.9999710917472839, "presence": 0.9999531507492065}, "left shoulder": {"x": 0.6598773002624512, "y": 0.475300669670105, "z": -0.31978243589401245, "visibility": 0.9999822378158569, "presence": 0.9999527931213379}, "right shoulder": {"x": 0.5170948505401611, "y": 0.5055176019668579, "z": -0.18224039673805237, "visibility": 0.9998372197151184, "presence": 0.9999911785125732}, "left elbow": {"x": 0.7188838720321655, "y": 0.6671239137649536, "z": -0.41197729110717773, "visibility": 0.993538498878479, "presence": 0.9949147701263428}, "right elbow": {"x": 0.46347776055336, "y": 0.6562359929084778, "z": -0.24060842394828796, "visibility": 0.7456443309783936, "presence": 0.9998248219490051}, "left wrist": {"x": 0.6232384443283081, "y": 0.6703499555587769, "z": -0.588966965675354, "visibility": 0.9951075911521912, "presence": 0.999901533126831}, "right wrist": {"x": 0.5101059675216675, "y": 0.7509416341781616, "z": -0.49509143829345703, "visibility": 0.8724629282951355, "presence": 0.9999618530273438}, "left pinky": {"x": 0.5951780080795288, "y": 0.700465202331543, "z": -0.649267315864563, "visibility": 0.9948473572731018, "presence": 0.9997548460960388}, "right pinky": {"x": 0.4973987936973572, "y": 0.7876639366149902, "z": -0.5515353083610535, "visibility": 0.8961589336395264, "presence": 0.9998160004615784}, "left index": {"x": 0.5853433609008789, "y": 0.6659955382347107, "z": -0.655410885810852, "visibility": 0.9950987696647644, "presence": 0.9998559951782227}, "right index": {"x": 0.5029462575912476, "y": 0.765949010848999, "z": -0.56251060962677, "visibility": 0.9026598930358887, "presence": 0.9998906850814819}, "left thumb": {"x": 0.5902368426322937, "y": 0.6609799265861511, "z": -0.5920602083206177, "visibility": 0.9898359179496765, "presence": 0.9999115467071533}, "right thumb": {"x": 0.506758451461792, "y": 0.7526425719261169, "z": -0.5036460757255554, "visibility": 0.8970476388931274, "presence": 0.9999561309814453}, "left hip": {"x": 0.6899211406707764, "y": 0.7796334028244019, "z": -0.02985190786421299, "visibility": 0.9963125586509705, "presence": 0.989474356174469}, "right hip": {"x": 0.602371096611023, "y": 0.7974626421928406, "z": 0.029446866363286972, "visibility": 0.9955272674560547, "presence": 0.9961687922477722}, "left knee": {"x": 0.7680705785751343, "y": 0.9797529578208923, "z": -0.2510398030281067, "visibility": 0.403268039226532, "presence": 0.22486592829227448}, "right knee": {"x": 0.5199384689331055, "y": 0.9938732385635376, "z": 0.05842553824186325, "visibility": 0.29086387157440186, "presence": 0.2173113226890564}, "left ankle": {"x": 0.7838026881217957, "y": 1.2355830669403076, "z": -0.06859464943408966, "visibility": 0.06679119169712067, "presence": 0.052557528018951416}, "right ankle": {"x": 0.5293534398078918, "y": 1.182652235031128, "z": 0.3858358561992645, "visibility": 0.03278100863099098, "presence": 0.03105003945529461}, "left heel": {"x": 0.784631609916687, "y": 1.2568143606185913, "z": -0.053333379328250885, "visibility": 0.04610809311270714, "presence": 0.027351999655365944}, "right heel": {"x": 0.536902904510498, "y": 1.2072467803955078, "z": 0.4171987473964691, "visibility": 0.036940351128578186, "presence": 0.061020199209451675}, "left foot index": {"x": 0.7763141393661499, "y": 1.3491579294204712, "z": -0.1673993617296219, "visibility": 0.06589081883430481, "presence": 0.03148495405912399}, "right foot index": {"x": 0.5241360664367676, "y": 1.2584810256958008, "z": 0.3601202666759491, "visibility": 0.027857543900609016, "presence": 0.06138100475072861}, "timestamp": "20240418-205444"}