{"nose": {"x": 0.5196870565414429, "y": 0.440365731716156, "z": -0.475455105304718, "visibility": 0.9999426603317261, "presence": 0.9999638795852661}, "left eye (inner)": {"x": 0.524278461933136, "y": 0.4092439115047455, "z": -0.4836731553077698, "visibility": 0.9998705983161926, "presence": 0.9999434947967529}, "left eye": {"x": 0.5287587642669678, "y": 0.40570542216300964, "z": -0.48395127058029175, "visibility": 0.9998525381088257, "presence": 0.9999462366104126}, "left eye (outer)": {"x": 0.5334831476211548, "y": 0.40231555700302124, "z": -0.4838482439517975, "visibility": 0.9998612403869629, "presence": 0.9999169111251831}, "right eye (inner)": {"x": 0.516783595085144, "y": 0.41192564368247986, "z": -0.46188825368881226, "visibility": 0.9998977780342102, "presence": 0.9999321699142456}, "right eye": {"x": 0.5156391859054565, "y": 0.4112461507320404, "z": -0.46239009499549866, "visibility": 0.9999232292175293, "presence": 0.9999445676803589}, "right eye (outer)": {"x": 0.5143141746520996, "y": 0.4107130765914917, "z": -0.46269187331199646, "visibility": 0.9999327063560486, "presence": 0.9999353885650635}, "left ear": {"x": 0.5615371465682983, "y": 0.3901421129703522, "z": -0.4342566132545471, "visibility": 0.9999271035194397, "presence": 0.9999078512191772}, "right ear": {"x": 0.5303073525428772, "y": 0.4060003459453583, "z": -0.32560300827026367, "visibility": 0.9998815655708313, "presence": 0.9999330043792725}, "mouth (left)": {"x": 0.5358102321624756, "y": 0.45772573351860046, "z": -0.44299858808517456, "visibility": 0.999953031539917, "presence": 0.9999678134918213}, "mouth (right)": {"x": 0.5272446274757385, "y": 0.46117398142814636, "z": -0.4169723093509674, "visibility": 0.9999391436576843, "presence": 0.9999396800994873}, "left shoulder": {"x": 0.663672924041748, "y": 0.47216495871543884, "z": -0.3340927064418793, "visibility": 0.9999676942825317, "presence": 0.9999756813049316}, "right shoulder": {"x": 0.5190734267234802, "y": 0.5105771422386169, "z": -0.1951400190591812, "visibility": 0.9998759031295776, "presence": 0.9999760389328003}, "left elbow": {"x": 0.7227498292922974, "y": 0.6762949228286743, "z": -0.46490874886512756, "visibility": 0.9877300262451172, "presence": 0.9955188035964966}, "right elbow": {"x": 0.4652782082557678, "y": 0.6318348050117493, "z": -0.3554476499557495, "visibility": 0.777489185333252, "presence": 0.9989339709281921}, "left wrist": {"x": 0.6311891078948975, "y": 0.6665067672729492, "z": -0.7054007053375244, "visibility": 0.9761068224906921, "presence": 0.9998352527618408}, "right wrist": {"x": 0.48691892623901367, "y": 0.6548035740852356, "z": -0.7306808829307556, "visibility": 0.8158189058303833, "presence": 0.9995797276496887}, "left pinky": {"x": 0.6065829992294312, "y": 0.6879979968070984, "z": -0.7751142382621765, "visibility": 0.9718559980392456, "presence": 0.9996585845947266}, "right pinky": {"x": 0.4927920699119568, "y": 0.6882091760635376, "z": -0.8170403242111206, "visibility": 0.807413637638092, "presence": 0.9990633130073547}, "left index": {"x": 0.5946277379989624, "y": 0.6515883207321167, "z": -0.7794479727745056, "visibility": 0.9721669554710388, "presence": 0.9998188614845276}, "right index": {"x": 0.5090650320053101, "y": 0.6585747003555298, "z": -0.8145818710327148, "visibility": 0.8158150315284729, "presence": 0.9995504021644592}, "left thumb": {"x": 0.6013734340667725, "y": 0.6491243839263916, "z": -0.7094900012016296, "visibility": 0.9470669627189636, "presence": 0.9998705387115479}, "right thumb": {"x": 0.5095121264457703, "y": 0.6469850540161133, "z": -0.7418332099914551, "visibility": 0.7968853712081909, "presence": 0.9997416138648987}, "left hip": {"x": 0.6931235790252686, "y": 0.7809224724769592, "z": -0.02364853210747242, "visibility": 0.9957612156867981, "presence": 0.9973905682563782}, "right hip": {"x": 0.6042627692222595, "y": 0.795684814453125, "z": 0.023363146930933, "visibility": 0.9962291121482849, "presence": 0.9983862638473511}, "left knee": {"x": 0.7798921465873718, "y": 0.9842431545257568, "z": -0.20473189651966095, "visibility": 0.3255007266998291, "presence": 0.3667324185371399}, "right knee": {"x": 0.5241292119026184, "y": 0.9941049218177795, "z": -0.024440769106149673, "visibility": 0.2925906777381897, "presence": 0.30325236916542053}, "left ankle": {"x": 0.7950037121772766, "y": 1.232908844947815, "z": -0.0318947397172451, "visibility": 0.035413503646850586, "presence": 0.11673367768526077}, "right ankle": {"x": 0.5288044810295105, "y": 1.2118171453475952, "z": 0.27213186025619507, "visibility": 0.02154628373682499, "presence": 0.09913778305053711}, "left heel": {"x": 0.7966489195823669, "y": 1.252678394317627, "z": -0.020211046561598778, "visibility": 0.026264948770403862, "presence": 0.06260012090206146}, "right heel": {"x": 0.5353868007659912, "y": 1.2529277801513672, "z": 0.2991219758987427, "visibility": 0.025828992947936058, "presence": 0.1677614152431488}, "left foot index": {"x": 0.7851134538650513, "y": 1.3491588830947876, "z": -0.16339051723480225, "visibility": 0.03156649321317673, "presence": 0.0851653516292572}, "right foot index": {"x": 0.5256707668304443, "y": 1.2712846994400024, "z": 0.2124442607164383, "visibility": 0.01810593716800213, "presence": 0.1630709171295166}, "timestamp": "20240418-205439"}