{"nose": {"x": 0.6614119410514832, "y": 0.25154462456703186, "z": -0.4018934369087219, "visibility": 0.9999770522117615, "presence": 0.9999750852584839}, "left eye (inner)": {"x": 0.6712774038314819, "y": 0.21840713918209076, "z": -0.3901098668575287, "visibility": 0.9999456405639648, "presence": 0.9999610185623169}, "left eye": {"x": 0.6766849756240845, "y": 0.21644079685211182, "z": -0.3905199468135834, "visibility": 0.9999454617500305, "presence": 0.9999675750732422}, "left eye (outer)": {"x": 0.6845351457595825, "y": 0.21442954242229462, "z": -0.390455037355423, "visibility": 0.9999462366104126, "presence": 0.9999589920043945}, "right eye (inner)": {"x": 0.6600192785263062, "y": 0.2227315753698349, "z": -0.37030622363090515, "visibility": 0.9999534487724304, "presence": 0.9999204874038696}, "right eye": {"x": 0.6581183671951294, "y": 0.22361423075199127, "z": -0.37070372700691223, "visibility": 0.9999655485153198, "presence": 0.9999219179153442}, "right eye (outer)": {"x": 0.6557785272598267, "y": 0.2246379256248474, "z": -0.3709319233894348, "visibility": 0.9999587535858154, "presence": 0.9998937845230103}, "left ear": {"x": 0.7117940783500671, "y": 0.22181330621242523, "z": -0.2734389901161194, "visibility": 0.9999741911888123, "presence": 0.9999645948410034}, "right ear": {"x": 0.6678498983383179, "y": 0.23316146433353424, "z": -0.18273481726646423, "visibility": 0.9999086856842041, "presence": 0.9998461008071899}, "mouth (left)": {"x": 0.6768351793289185, "y": 0.27766433358192444, "z": -0.35189831256866455, "visibility": 0.9999778270721436, "presence": 0.9999864101409912}, "mouth (right)": {"x": 0.6635195016860962, "y": 0.2802416682243347, "z": -0.3283667266368866, "visibility": 0.9999613165855408, "presence": 0.9999488592147827}, "left shoulder": {"x": 0.7934142351150513, "y": 0.372134268283844, "z": -0.19759008288383484, "visibility": 0.9999772310256958, "presence": 0.9999911785125732}, "right shoulder": {"x": 0.6400976777076721, "y": 0.40603095293045044, "z": -0.05797857791185379, "visibility": 0.9997853636741638, "presence": 0.999850869178772}, "left elbow": {"x": 0.8600692749023438, "y": 0.5415428280830383, "z": -0.3277899920940399, "visibility": 0.9942173361778259, "presence": 0.9996744394302368}, "right elbow": {"x": 0.5744497776031494, "y": 0.5427997708320618, "z": -0.20837850868701935, "visibility": 0.7008132934570312, "presence": 0.9971709847450256}, "left wrist": {"x": 0.7889906167984009, "y": 0.5787046551704407, "z": -0.6477714776992798, "visibility": 0.9952081441879272, "presence": 0.9999666213989258}, "right wrist": {"x": 0.5306299924850464, "y": 0.4863743185997009, "z": -0.6340329051017761, "visibility": 0.9272783994674683, "presence": 0.9992762207984924}, "left pinky": {"x": 0.772713840007782, "y": 0.6008085012435913, "z": -0.7323582172393799, "visibility": 0.9958113431930542, "presence": 0.9998679161071777}, "right pinky": {"x": 0.5057736039161682, "y": 0.46741870045661926, "z": -0.7237484455108643, "visibility": 0.9510565400123596, "presence": 0.9986629486083984}, "left index": {"x": 0.7572428584098816, "y": 0.5771030187606812, "z": -0.7549341917037964, "visibility": 0.9962735176086426, "presence": 0.999923825263977}, "right index": {"x": 0.5154659748077393, "y": 0.4458102285861969, "z": -0.7414276003837585, "visibility": 0.9555200338363647, "presence": 0.9992788434028625}, "left thumb": {"x": 0.7589139342308044, "y": 0.5736822485923767, "z": -0.6616064310073853, "visibility": 0.9927726984024048, "presence": 0.9999576807022095}, "right thumb": {"x": 0.5290125608444214, "y": 0.4566430449485779, "z": -0.653890073299408, "visibility": 0.9496187567710876, "presence": 0.9996123909950256}, "left hip": {"x": 0.785333514213562, "y": 0.7572640180587769, "z": -0.021724695339798927, "visibility": 0.9951550364494324, "presence": 0.9980581402778625}, "right hip": {"x": 0.6914831399917603, "y": 0.7727530598640442, "z": 0.021537572145462036, "visibility": 0.9936782121658325, "presence": 0.9970352649688721}, "left knee": {"x": 0.8686814308166504, "y": 0.9929201602935791, "z": -0.2783382833003998, "visibility": 0.2208825796842575, "presence": 0.4096706807613373}, "right knee": {"x": 0.6071739196777344, "y": 0.9956892132759094, "z": -0.24085482954978943, "visibility": 0.2255939096212387, "presence": 0.26805973052978516}, "left ankle": {"x": 0.87321537733078, "y": 1.3025388717651367, "z": -0.036565475165843964, "visibility": 0.02556374855339527, "presence": 0.09470847994089127}, "right ankle": {"x": 0.6380466818809509, "y": 1.2594358921051025, "z": 0.027670089155435562, "visibility": 0.026112008839845657, "presence": 0.08251787722110748}, "left heel": {"x": 0.8713954091072083, "y": 1.3352736234664917, "z": -0.020239343866705894, "visibility": 0.023558521643280983, "presence": 0.06529857963323593}, "right heel": {"x": 0.6454143524169922, "y": 1.2949838638305664, "z": 0.05058229714632034, "visibility": 0.033620115369558334, "presence": 0.11656128615140915}, "left foot index": {"x": 0.8563495874404907, "y": 1.4127591848373413, "z": -0.17655234038829803, "visibility": 0.028339019045233727, "presence": 0.13237053155899048}, "right foot index": {"x": 0.6315250992774963, "y": 1.3496952056884766, "z": -0.07715941965579987, "visibility": 0.0216700229793787, "presence": 0.1366719752550125}, "timestamp": "20240418-205519"}