{"nose": {"x": 0.5528243184089661, "y": 0.3956894278526306, "z": -0.5598641633987427, "visibility": 0.9999861717224121, "presence": 0.9999595880508423}, "left eye (inner)": {"x": 0.5595974326133728, "y": 0.36116573214530945, "z": -0.5659294724464417, "visibility": 0.9999766945838928, "presence": 0.9999427795410156}, "left eye": {"x": 0.5653738975524902, "y": 0.35715925693511963, "z": -0.5662709474563599, "visibility": 0.9999707937240601, "presence": 0.9999487400054932}, "left eye (outer)": {"x": 0.5720782279968262, "y": 0.35311636328697205, "z": -0.5661970973014832, "visibility": 0.9999771118164062, "presence": 0.9999256134033203}, "right eye (inner)": {"x": 0.5487123727798462, "y": 0.3664669394493103, "z": -0.5479735732078552, "visibility": 0.9999778270721436, "presence": 0.9999104738235474}, "right eye": {"x": 0.5465431809425354, "y": 0.36614659428596497, "z": -0.548450767993927, "visibility": 0.9999771118164062, "presence": 0.999919056892395}, "right eye (outer)": {"x": 0.5443934202194214, "y": 0.36557361483573914, "z": -0.5487524271011353, "visibility": 0.9999801516532898, "presence": 0.999893069267273}, "left ear": {"x": 0.5998340249061584, "y": 0.3430119752883911, "z": -0.48580941557884216, "visibility": 0.9999850392341614, "presence": 0.9999271631240845}, "right ear": {"x": 0.5586889386177063, "y": 0.36296263337135315, "z": -0.40565747022628784, "visibility": 0.9999487996101379, "presence": 0.9998832941055298}, "mouth (left)": {"x": 0.5702992677688599, "y": 0.41316863894462585, "z": -0.5183466076850891, "visibility": 0.9999877214431763, "presence": 0.9999635219573975}, "mouth (right)": {"x": 0.5588799715042114, "y": 0.4195750653743744, "z": -0.49763423204421997, "visibility": 0.9999792575836182, "presence": 0.9999182224273682}, "left shoulder": {"x": 0.6905454397201538, "y": 0.44846832752227783, "z": -0.3729390501976013, "visibility": 0.9999810457229614, "presence": 0.9999738931655884}, "right shoulder": {"x": 0.5455387830734253, "y": 0.48378118872642517, "z": -0.2626979947090149, "visibility": 0.9998700618743896, "presence": 0.9999439716339111}, "left elbow": {"x": 0.7592881917953491, "y": 0.6462655663490295, "z": -0.4748883843421936, "visibility": 0.9935295581817627, "presence": 0.9974103569984436}, "right elbow": {"x": 0.48472023010253906, "y": 0.6722567677497864, "z": -0.31090742349624634, "visibility": 0.7521052956581116, "presence": 0.9972038269042969}, "left wrist": {"x": 0.6649388670921326, "y": 0.6392111778259277, "z": -0.7056829929351807, "visibility": 0.9925627708435059, "presence": 0.999775230884552}, "right wrist": {"x": 0.5692806839942932, "y": 0.7218086123466492, "z": -0.6371519565582275, "visibility": 0.7691535949707031, "presence": 0.9921173453330994}, "left pinky": {"x": 0.6383507251739502, "y": 0.6717427372932434, "z": -0.774640679359436, "visibility": 0.9892186522483826, "presence": 0.9994016885757446}, "right pinky": {"x": 0.5890825986862183, "y": 0.731608510017395, "z": -0.6441963911056519, "visibility": 0.7740950584411621, "presence": 0.9824105501174927}, "left index": {"x": 0.6282073855400085, "y": 0.6314989328384399, "z": -0.7823808193206787, "visibility": 0.9892420172691345, "presence": 0.9996718168258667}, "right index": {"x": 0.6000425815582275, "y": 0.7097651958465576, "z": -0.6214215755462646, "visibility": 0.7813013792037964, "presence": 0.9900325536727905}, "left thumb": {"x": 0.6356485486030579, "y": 0.625804603099823, "z": -0.7096248865127563, "visibility": 0.9765711426734924, "presence": 0.9997923970222473}, "right thumb": {"x": 0.5964921712875366, "y": 0.7000097632408142, "z": -0.5873199105262756, "visibility": 0.7621283531188965, "presence": 0.9939233660697937}, "left hip": {"x": 0.7169985771179199, "y": 0.7705426812171936, "z": -0.023539260029792786, "visibility": 0.9964701533317566, "presence": 0.9981251358985901}, "right hip": {"x": 0.6251258850097656, "y": 0.7900716066360474, "z": 0.023318368941545486, "visibility": 0.9962983727455139, "presence": 0.9987071752548218}, "left knee": {"x": 0.7956713438034058, "y": 0.9849096536636353, "z": -0.21860697865486145, "visibility": 0.37296998500823975, "presence": 0.5415328145027161}, "right knee": {"x": 0.5309869647026062, "y": 0.9982577562332153, "z": -0.15754899382591248, "visibility": 0.2948026657104492, "presence": 0.6261619925498962}, "left ankle": {"x": 0.8089116811752319, "y": 1.2537941932678223, "z": 0.032054316252470016, "visibility": 0.06252456456422806, "presence": 0.18736569583415985}, "right ankle": {"x": 0.5747631788253784, "y": 1.2248542308807373, "z": 0.06891510635614395, "visibility": 0.023044664412736893, "presence": 0.16170556843280792}, "left heel": {"x": 0.811419665813446, "y": 1.2776274681091309, "z": 0.053386084735393524, "visibility": 0.040824297815561295, "presence": 0.11845877766609192}, "right heel": {"x": 0.5892546772956848, "y": 1.257365107536316, "z": 0.08853782713413239, "visibility": 0.028274819254875183, "presence": 0.1997336894273758}, "left foot index": {"x": 0.7984470725059509, "y": 1.364471197128296, "z": -0.07415993511676788, "visibility": 0.05640235170722008, "presence": 0.12573160231113434}, "right foot index": {"x": 0.5738998055458069, "y": 1.318957805633545, "z": -0.029024401679635048, "visibility": 0.01989411562681198, "presence": 0.1149730533361435}, "timestamp": "20240418-205435"}