{"nose": {"x": 0.5847926735877991, "y": 0.34424370527267456, "z": -0.43199166655540466, "visibility": 0.9999831914901733, "presence": 0.9999896287918091}, "left eye (inner)": {"x": 0.5908474326133728, "y": 0.3118952214717865, "z": -0.4315826892852783, "visibility": 0.9999638795852661, "presence": 0.9999799728393555}, "left eye": {"x": 0.5965317487716675, "y": 0.30864012241363525, "z": -0.43192631006240845, "visibility": 0.9999629855155945, "presence": 0.9999799728393555}, "left eye (outer)": {"x": 0.6024402379989624, "y": 0.3057524859905243, "z": -0.43183833360671997, "visibility": 0.9999672770500183, "presence": 0.9999707937240601}, "right eye (inner)": {"x": 0.5830565690994263, "y": 0.31635668873786926, "z": -0.4075815677642822, "visibility": 0.9999665021896362, "presence": 0.9999752044677734}, "right eye": {"x": 0.5815680027008057, "y": 0.3170211613178253, "z": -0.40798479318618774, "visibility": 0.9999715089797974, "presence": 0.9999791383743286}, "right eye (outer)": {"x": 0.5797795653343201, "y": 0.3177747428417206, "z": -0.40823912620544434, "visibility": 0.999967634677887, "presence": 0.9999756813049316}, "left ear": {"x": 0.6320913434028625, "y": 0.2984621822834015, "z": -0.3585966229438782, "visibility": 0.9999825954437256, "presence": 0.9999631643295288}, "right ear": {"x": 0.596267819404602, "y": 0.3197302222251892, "z": -0.24777284264564514, "visibility": 0.9999119639396667, "presence": 0.9999700784683228}, "mouth (left)": {"x": 0.6035282015800476, "y": 0.36425086855888367, "z": -0.3967640697956085, "visibility": 0.9999843835830688, "presence": 0.9999910593032837}, "mouth (right)": {"x": 0.5929141640663147, "y": 0.37063106894493103, "z": -0.3674883544445038, "visibility": 0.9999688863754272, "presence": 0.9999802112579346}, "left shoulder": {"x": 0.7373932600021362, "y": 0.4252921938896179, "z": -0.29198044538497925, "visibility": 0.9999809265136719, "presence": 0.9999874830245972}, "right shoulder": {"x": 0.5939866900444031, "y": 0.4572904407978058, "z": -0.13154298067092896, "visibility": 0.9997625946998596, "presence": 0.9999829530715942}, "left elbow": {"x": 0.8025233149528503, "y": 0.5949326157569885, "z": -0.4185594916343689, "visibility": 0.9951061606407166, "presence": 0.9987378716468811}, "right elbow": {"x": 0.5347036123275757, "y": 0.6175496578216553, "z": -0.24365106225013733, "visibility": 0.700041651725769, "presence": 0.9995323419570923}, "left wrist": {"x": 0.7218771576881409, "y": 0.6363640427589417, "z": -0.6549043655395508, "visibility": 0.9968342781066895, "presence": 0.9998968839645386}, "right wrist": {"x": 0.5289276838302612, "y": 0.6630723476409912, "z": -0.5887702703475952, "visibility": 0.8572253584861755, "presence": 0.9998846054077148}, "left pinky": {"x": 0.7021111249923706, "y": 0.6727018356323242, "z": -0.7262137532234192, "visibility": 0.9967188239097595, "presence": 0.9996121525764465}, "right pinky": {"x": 0.5431237816810608, "y": 0.7006725072860718, "z": -0.6719371676445007, "visibility": 0.8902479410171509, "presence": 0.999609649181366}, "left index": {"x": 0.6872206330299377, "y": 0.6417263150215149, "z": -0.7380822896957397, "visibility": 0.9970351457595825, "presence": 0.9997971653938293}, "right index": {"x": 0.5560578107833862, "y": 0.6790006160736084, "z": -0.6858177781105042, "visibility": 0.8991506099700928, "presence": 0.9998134970664978}, "left thumb": {"x": 0.6922386288642883, "y": 0.6326792240142822, "z": -0.6617551445960999, "visibility": 0.9940263032913208, "presence": 0.9998812675476074}, "right thumb": {"x": 0.5558230876922607, "y": 0.6669525504112244, "z": -0.6054700613021851, "visibility": 0.8903852701187134, "presence": 0.9999109506607056}, "left hip": {"x": 0.7551180720329285, "y": 0.7566400170326233, "z": -0.029925283044576645, "visibility": 0.9962490797042847, "presence": 0.996853768825531}, "right hip": {"x": 0.6646677255630493, "y": 0.7838261723518372, "z": 0.029701396822929382, "visibility": 0.995483934879303, "presence": 0.9981948733329773}, "left knee": {"x": 0.8341085314750671, "y": 0.9837520122528076, "z": -0.26171207427978516, "visibility": 0.23146750032901764, "presence": 0.2063838541507721}, "right knee": {"x": 0.5779352188110352, "y": 0.9961152672767639, "z": -0.17101803421974182, "visibility": 0.24313749372959137, "presence": 0.29302239418029785}, "left ankle": {"x": 0.8490151166915894, "y": 1.2607641220092773, "z": -0.04698355868458748, "visibility": 0.0189338531345129, "presence": 0.05584171786904335}, "right ankle": {"x": 0.625024676322937, "y": 1.253047227859497, "z": 0.005214796867221594, "visibility": 0.02297738380730152, "presence": 0.07383344322443008}, "left heel": {"x": 0.8497586250305176, "y": 1.2864595651626587, "z": -0.032433897256851196, "visibility": 0.019770145416259766, "presence": 0.03800973296165466}, "right heel": {"x": 0.6369590163230896, "y": 1.2839449644088745, "z": 0.03497945889830589, "visibility": 0.030922528356313705, "presence": 0.09925627708435059}, "left foot index": {"x": 0.8420019149780273, "y": 1.3681824207305908, "z": -0.16119113564491272, "visibility": 0.020841002464294434, "presence": 0.07151678949594498}, "right foot index": {"x": 0.6265408396720886, "y": 1.3441625833511353, "z": -0.0711505115032196, "visibility": 0.019014732912182808, "presence": 0.10067768394947052}, "timestamp": "20240418-205517"}