{"nose": {"x": 0.567669689655304, "y": 0.3946027457714081, "z": -0.30687958002090454, "visibility": 0.9999570846557617, "presence": 0.9999737739562988}, "left eye (inner)": {"x": 0.5727025270462036, "y": 0.36027395725250244, "z": -0.3067649006843567, "visibility": 0.9999169111251831, "presence": 0.9999637603759766}, "left eye": {"x": 0.5782593488693237, "y": 0.3561001718044281, "z": -0.30712777376174927, "visibility": 0.9998986721038818, "presence": 0.9999676942825317}, "left eye (outer)": {"x": 0.5840772986412048, "y": 0.352397620677948, "z": -0.3070092797279358, "visibility": 0.9999083280563354, "presence": 0.9999536275863647}, "right eye (inner)": {"x": 0.5649061799049377, "y": 0.3658209443092346, "z": -0.28418219089508057, "visibility": 0.9999370574951172, "presence": 0.999942421913147}, "right eye": {"x": 0.5632342100143433, "y": 0.36569657921791077, "z": -0.28461939096450806, "visibility": 0.999948263168335, "presence": 0.9999475479125977}, "right eye (outer)": {"x": 0.5611057281494141, "y": 0.3652154803276062, "z": -0.2848894000053406, "visibility": 0.9999538064002991, "presence": 0.9999345541000366}, "left ear": {"x": 0.611691951751709, "y": 0.34260624647140503, "z": -0.2286224663257599, "visibility": 0.9999415874481201, "presence": 0.9999585151672363}, "right ear": {"x": 0.5732148885726929, "y": 0.3586868345737457, "z": -0.1273077428340912, "visibility": 0.9999062418937683, "presence": 0.9999197721481323}, "mouth (left)": {"x": 0.5841137766838074, "y": 0.41388723254203796, "z": -0.2702196538448334, "visibility": 0.9999611377716064, "presence": 0.999980092048645}, "mouth (right)": {"x": 0.5726502537727356, "y": 0.417238712310791, "z": -0.24332857131958008, "visibility": 0.9999521970748901, "presence": 0.9999409914016724}, "left shoulder": {"x": 0.700977623462677, "y": 0.424671471118927, "z": -0.175283282995224, "visibility": 0.9999604225158691, "presence": 0.9999861717224121}, "right shoulder": {"x": 0.5602520108222961, "y": 0.4800548255443573, "z": -0.0086804935708642, "visibility": 0.9998883605003357, "presence": 0.9999321699142456}, "left elbow": {"x": 0.7369236946105957, "y": 0.6327573657035828, "z": -0.3428613543510437, "visibility": 0.9854826331138611, "presence": 0.9980065226554871}, "right elbow": {"x": 0.49370574951171875, "y": 0.595112144947052, "z": -0.1277392953634262, "visibility": 0.7849459052085876, "presence": 0.997607946395874}, "left wrist": {"x": 0.6418893337249756, "y": 0.564182460308075, "z": -0.6073863506317139, "visibility": 0.9701897501945496, "presence": 0.9999730587005615}, "right wrist": {"x": 0.470893532037735, "y": 0.560907244682312, "z": -0.5076053142547607, "visibility": 0.882847785949707, "presence": 0.9996531009674072}, "left pinky": {"x": 0.6124641299247742, "y": 0.5636944770812988, "z": -0.6715608239173889, "visibility": 0.9574246406555176, "presence": 0.9999377727508545}, "right pinky": {"x": 0.4459112584590912, "y": 0.5436480641365051, "z": -0.5746402144432068, "visibility": 0.8809127807617188, "presence": 0.9994183778762817}, "left index": {"x": 0.6057988405227661, "y": 0.5361059904098511, "z": -0.6748857498168945, "visibility": 0.9561883211135864, "presence": 0.9999631643295288}, "right index": {"x": 0.4496525228023529, "y": 0.5270678997039795, "z": -0.5787338018417358, "visibility": 0.8862688541412354, "presence": 0.9996305704116821}, "left thumb": {"x": 0.6117435693740845, "y": 0.5390405058860779, "z": -0.6110070943832397, "visibility": 0.9330192804336548, "presence": 0.999977707862854}, "right thumb": {"x": 0.4613484740257263, "y": 0.5351002812385559, "z": -0.515110969543457, "visibility": 0.8728660345077515, "presence": 0.9998045563697815}, "left hip": {"x": 0.7252858877182007, "y": 0.7674715518951416, "z": -0.035902563482522964, "visibility": 0.995563268661499, "presence": 0.9974109530448914}, "right hip": {"x": 0.6373017430305481, "y": 0.7862294316291809, "z": 0.03559144586324692, "visibility": 0.995880663394928, "presence": 0.997776210308075}, "left knee": {"x": 0.8141957521438599, "y": 0.9796802997589111, "z": -0.17623208463191986, "visibility": 0.30828991532325745, "presence": 0.4506116509437561}, "right knee": {"x": 0.5337315797805786, "y": 0.9921748042106628, "z": -0.09356333315372467, "visibility": 0.30798768997192383, "presence": 0.26050540804862976}, "left ankle": {"x": 0.8299039006233215, "y": 1.2491061687469482, "z": -0.04404836148023605, "visibility": 0.0274418406188488, "presence": 0.08837570995092392}, "right ankle": {"x": 0.5598832964897156, "y": 1.1331819295883179, "z": 0.19272929430007935, "visibility": 0.025420043617486954, "presence": 0.17111781239509583}, "left heel": {"x": 0.8334165811538696, "y": 1.2814462184906006, "z": -0.04808690771460533, "visibility": 0.02264571003615856, "presence": 0.0447361133992672}, "right heel": {"x": 0.5734468698501587, "y": 1.147189974784851, "z": 0.22144225239753723, "visibility": 0.030749298632144928, "presence": 0.26342636346817017}, "left foot index": {"x": 0.8199370503425598, "y": 1.3603203296661377, "z": -0.16583169996738434, "visibility": 0.026290064677596092, "presence": 0.06489522010087967}, "right foot index": {"x": 0.5589985847473145, "y": 1.2042990922927856, "z": 0.16381649672985077, "visibility": 0.02080652303993702, "presence": 0.22591423988342285}, "timestamp": "20240418-205522"}