{"nose": {"x": 0.5799267888069153, "y": 0.35332173109054565, "z": -0.3460598289966583, "visibility": 0.9999686479568481, "presence": 0.9999972581863403}, "left eye (inner)": {"x": 0.5869138240814209, "y": 0.31642866134643555, "z": -0.34526559710502625, "visibility": 0.9999497532844543, "presence": 0.9999957084655762}, "left eye": {"x": 0.5923975706100464, "y": 0.3128586411476135, "z": -0.34560099244117737, "visibility": 0.9999300241470337, "presence": 0.9999960660934448}, "left eye (outer)": {"x": 0.5982998013496399, "y": 0.31009238958358765, "z": -0.3454931378364563, "visibility": 0.9999452233314514, "presence": 0.9999943971633911}, "right eye (inner)": {"x": 0.5773105621337891, "y": 0.32228201627731323, "z": -0.3233203589916229, "visibility": 0.9999551773071289, "presence": 0.999991774559021}, "right eye": {"x": 0.5753175616264343, "y": 0.3228969871997833, "z": -0.3237549662590027, "visibility": 0.9999513030052185, "presence": 0.999991774559021}, "right eye (outer)": {"x": 0.5729215741157532, "y": 0.32315391302108765, "z": -0.3240066468715668, "visibility": 0.9999654293060303, "presence": 0.9999886751174927}, "left ear": {"x": 0.6285873651504517, "y": 0.3086285889148712, "z": -0.2556193172931671, "visibility": 0.9999639987945557, "presence": 0.9999946355819702}, "right ear": {"x": 0.5849582552909851, "y": 0.32406893372535706, "z": -0.156475231051445, "visibility": 0.999932050704956, "presence": 0.9999839067459106}, "mouth (left)": {"x": 0.5950944423675537, "y": 0.3747371733188629, "z": -0.3042241334915161, "visibility": 0.9999785423278809, "presence": 0.9999973773956299}, "mouth (right)": {"x": 0.5844041705131531, "y": 0.38139545917510986, "z": -0.2783319652080536, "visibility": 0.9999691247940063, "presence": 0.9999897480010986}, "left shoulder": {"x": 0.7176536321640015, "y": 0.41555196046829224, "z": -0.19027510285377502, "visibility": 0.9999691843986511, "presence": 0.9999964237213135}, "right shoulder": {"x": 0.5752957463264465, "y": 0.46260562539100647, "z": -0.024072233587503433, "visibility": 0.9999472498893738, "presence": 0.9999680519104004}, "left elbow": {"x": 0.7458025217056274, "y": 0.6380307078361511, "z": -0.3302749991416931, "visibility": 0.9893426299095154, "presence": 0.9992049336433411}, "right elbow": {"x": 0.5275965332984924, "y": 0.598481297492981, "z": -0.115558922290802, "visibility": 0.9325006604194641, "presence": 0.9985274076461792}, "left wrist": {"x": 0.6652868986129761, "y": 0.5719370245933533, "z": -0.5539909601211548, "visibility": 0.9866927266120911, "presence": 0.9999891519546509}, "right wrist": {"x": 0.4761705994606018, "y": 0.5461347103118896, "z": -0.4528420567512512, "visibility": 0.9584032893180847, "presence": 0.99931800365448}, "left pinky": {"x": 0.6335230469703674, "y": 0.5797412991523743, "z": -0.5877300500869751, "visibility": 0.9796966314315796, "presence": 0.9999709129333496}, "right pinky": {"x": 0.445645809173584, "y": 0.5214962959289551, "z": -0.5186192393302917, "visibility": 0.9537757635116577, "presence": 0.9986571073532104}, "left index": {"x": 0.6318480968475342, "y": 0.5366211533546448, "z": -0.5761680006980896, "visibility": 0.9794338941574097, "presence": 0.9999841451644897}, "right index": {"x": 0.44962042570114136, "y": 0.49969232082366943, "z": -0.5298337936401367, "visibility": 0.9567539691925049, "presence": 0.9991243481636047}, "left thumb": {"x": 0.6397509574890137, "y": 0.5370117425918579, "z": -0.5512992143630981, "visibility": 0.9544584155082703, "presence": 0.9999914169311523}, "right thumb": {"x": 0.464395135641098, "y": 0.511143147945404, "z": -0.4676702618598938, "visibility": 0.944466233253479, "presence": 0.9995477795600891}, "left hip": {"x": 0.7282726168632507, "y": 0.759936511516571, "z": -0.040123991668224335, "visibility": 0.9931306838989258, "presence": 0.9993040561676025}, "right hip": {"x": 0.6426775455474854, "y": 0.7796837091445923, "z": 0.03991002216935158, "visibility": 0.9955326318740845, "presence": 0.9993258714675903}, "left knee": {"x": 0.806000828742981, "y": 0.9881829023361206, "z": -0.1719127595424652, "visibility": 0.6757420897483826, "presence": 0.6986071467399597}, "right knee": {"x": 0.547363817691803, "y": 1.0088651180267334, "z": -0.10432585328817368, "visibility": 0.45924749970436096, "presence": 0.37553730607032776}, "left ankle": {"x": 0.7994307279586792, "y": 1.2307804822921753, "z": 0.04074658825993538, "visibility": 0.18634995818138123, "presence": 0.17236389219760895}, "right ankle": {"x": 0.6417428255081177, "y": 0.9691935181617737, "z": 0.1835135519504547, "visibility": 0.021613476797938347, "presence": 0.38478219509124756}, "left heel": {"x": 0.8011637926101685, "y": 1.255219578742981, "z": 0.050505079329013824, "visibility": 0.10038720816373825, "presence": 0.093056321144104}, "right heel": {"x": 0.6609374284744263, "y": 0.9912189841270447, "z": 0.2159031331539154, "visibility": 0.025769254192709923, "presence": 0.5296101570129395}, "left foot index": {"x": 0.7730163931846619, "y": 1.3214558362960815, "z": -0.027471741661429405, "visibility": 0.17142954468727112, "presence": 0.10986324399709702}, "right foot index": {"x": 0.6638340950012207, "y": 1.0536478757858276, "z": 0.18834879994392395, "visibility": 0.023069065064191818, "presence": 0.4503641128540039}, "timestamp": "20240418-205433"}