{"nose": {"x": 0.4740132689476013, "y": 0.3864342272281647, "z": -0.3602316975593567, "visibility": 0.9999122619628906, "presence": 0.9997385144233704}, "left eye (inner)": {"x": 0.4801195561885834, "y": 0.35487908124923706, "z": -0.3619840741157532, "visibility": 0.9998201131820679, "presence": 0.9997193217277527}, "left eye": {"x": 0.4844096601009369, "y": 0.3537580668926239, "z": -0.36245083808898926, "visibility": 0.9998393058776855, "presence": 0.9997953772544861}, "left eye (outer)": {"x": 0.4899713099002838, "y": 0.3516969084739685, "z": -0.3624022305011749, "visibility": 0.9998384118080139, "presence": 0.9997518658638}, "right eye (inner)": {"x": 0.47420501708984375, "y": 0.3574884235858917, "z": -0.34135228395462036, "visibility": 0.9998075366020203, "presence": 0.9994792342185974}, "right eye": {"x": 0.47360721230506897, "y": 0.3572406768798828, "z": -0.3418021500110626, "visibility": 0.9998657703399658, "presence": 0.9995293617248535}, "right eye (outer)": {"x": 0.4727885127067566, "y": 0.3568098247051239, "z": -0.3420686423778534, "visibility": 0.9998470544815063, "presence": 0.9994400143623352}, "left ear": {"x": 0.5191190838813782, "y": 0.3525417149066925, "z": -0.3166653513908386, "visibility": 0.9999465942382812, "presence": 0.9998518228530884}, "right ear": {"x": 0.490748792886734, "y": 0.36188727617263794, "z": -0.22065511345863342, "visibility": 0.9997736811637878, "presence": 0.9993903636932373}, "mouth (left)": {"x": 0.48907631635665894, "y": 0.4061546325683594, "z": -0.3373801112174988, "visibility": 0.9999403357505798, "presence": 0.9998685121536255}, "mouth (right)": {"x": 0.4805024266242981, "y": 0.4082462787628174, "z": -0.3120439350605011, "visibility": 0.999885082244873, "presence": 0.9995498061180115}, "left shoulder": {"x": 0.6118615865707397, "y": 0.4503122568130493, "z": -0.2776044011116028, "visibility": 0.99996417760849, "presence": 0.999968409538269}, "right shoulder": {"x": 0.48643001914024353, "y": 0.5171979665756226, "z": -0.11767078936100006, "visibility": 0.9996870756149292, "presence": 0.9996028542518616}, "left elbow": {"x": 0.6905642747879028, "y": 0.5821595788002014, "z": -0.3964126706123352, "visibility": 0.981430172920227, "presence": 0.9974154233932495}, "right elbow": {"x": 0.42360466718673706, "y": 0.6258077621459961, "z": -0.14085549116134644, "visibility": 0.678886353969574, "presence": 0.9967436790466309}, "left wrist": {"x": 0.617216944694519, "y": 0.6299291253089905, "z": -0.6127922534942627, "visibility": 0.9857222437858582, "presence": 0.9999127388000488}, "right wrist": {"x": 0.3377198278903961, "y": 0.6123449802398682, "z": -0.3092396855354309, "visibility": 0.888897180557251, "presence": 0.9983539581298828}, "left pinky": {"x": 0.6004282236099243, "y": 0.6585099101066589, "z": -0.669706404209137, "visibility": 0.9872632026672363, "presence": 0.9998074173927307}, "right pinky": {"x": 0.3082471191883087, "y": 0.5998207330703735, "z": -0.3531140685081482, "visibility": 0.901124894618988, "presence": 0.9960748553276062}, "left index": {"x": 0.5845641493797302, "y": 0.6418459415435791, "z": -0.6754762530326843, "visibility": 0.987734317779541, "presence": 0.9998610019683838}, "right index": {"x": 0.31115618348121643, "y": 0.5921561121940613, "z": -0.37037748098373413, "visibility": 0.9071879982948303, "presence": 0.9968782663345337}, "left thumb": {"x": 0.5886371731758118, "y": 0.6351665258407593, "z": -0.6184431314468384, "visibility": 0.9761499762535095, "presence": 0.9999138116836548}, "right thumb": {"x": 0.3250133991241455, "y": 0.6034899950027466, "z": -0.3250071406364441, "visibility": 0.8986867666244507, "presence": 0.9985743761062622}, "left hip": {"x": 0.6649371981620789, "y": 0.7658795118331909, "z": -0.041290752589702606, "visibility": 0.9963288307189941, "presence": 0.997734546661377}, "right hip": {"x": 0.5883321166038513, "y": 0.7901095151901245, "z": 0.040876924991607666, "visibility": 0.9945644736289978, "presence": 0.996452808380127}, "left knee": {"x": 0.7437307834625244, "y": 0.9852616786956787, "z": -0.11437823623418808, "visibility": 0.46484464406967163, "presence": 0.8565888404846191}, "right knee": {"x": 0.563240647315979, "y": 0.9656279683113098, "z": 0.2622201442718506, "visibility": 0.1573246866464615, "presence": 0.5624387860298157}, "left ankle": {"x": 0.7663776874542236, "y": 1.2015953063964844, "z": 0.04445195943117142, "visibility": 0.13643169403076172, "presence": 0.3352689743041992}, "right ankle": {"x": 0.5347297191619873, "y": 1.0261516571044922, "z": 0.5973128080368042, "visibility": 0.025086017325520515, "presence": 0.22640573978424072}, "left heel": {"x": 0.7747067213058472, "y": 1.2209875583648682, "z": 0.05571262910962105, "visibility": 0.09391216188669205, "presence": 0.14785055816173553}, "right heel": {"x": 0.5346415638923645, "y": 1.060143232345581, "z": 0.6290045976638794, "visibility": 0.03640131652355194, "presence": 0.31977078318595886}, "left foot index": {"x": 0.7625221014022827, "y": 1.2985732555389404, "z": -0.04771388694643974, "visibility": 0.12635046243667603, "presence": 0.14564982056617737}, "right foot index": {"x": 0.5226814150810242, "y": 1.1265041828155518, "z": 0.6005013585090637, "visibility": 0.022447098046541214, "presence": 0.32025784254074097}, "timestamp": "20240418-205503"}