{"nose": {"x": 0.5031557083129883, "y": 0.46342816948890686, "z": -0.45819106698036194, "visibility": 0.9999548196792603, "presence": 0.9999504089355469}, "left eye (inner)": {"x": 0.5085687637329102, "y": 0.43047887086868286, "z": -0.4656260907649994, "visibility": 0.9999085068702698, "presence": 0.9999361038208008}, "left eye": {"x": 0.5136982798576355, "y": 0.42766469717025757, "z": -0.4659666419029236, "visibility": 0.999896228313446, "presence": 0.9999489784240723}, "left eye (outer)": {"x": 0.5189557671546936, "y": 0.42433616518974304, "z": -0.4659109115600586, "visibility": 0.9999088048934937, "presence": 0.9999328851699829}, "right eye (inner)": {"x": 0.502295196056366, "y": 0.4333648383617401, "z": -0.44511842727661133, "visibility": 0.9999207854270935, "presence": 0.9998886585235596}, "right eye": {"x": 0.5016553401947021, "y": 0.43329671025276184, "z": -0.44557103514671326, "visibility": 0.9999349117279053, "presence": 0.9999003410339355}, "right eye (outer)": {"x": 0.500602126121521, "y": 0.4333779513835907, "z": -0.4458552300930023, "visibility": 0.9999445080757141, "presence": 0.9998756647109985}, "left ear": {"x": 0.545831024646759, "y": 0.4107477068901062, "z": -0.41185325384140015, "visibility": 0.9999439716339111, "presence": 0.9999535083770752}, "right ear": {"x": 0.5189715027809143, "y": 0.42838138341903687, "z": -0.3190050721168518, "visibility": 0.9998809099197388, "presence": 0.9998751878738403}, "mouth (left)": {"x": 0.5191402435302734, "y": 0.4793083071708679, "z": -0.42830175161361694, "visibility": 0.9999645352363586, "presence": 0.9999698400497437}, "mouth (right)": {"x": 0.5111115574836731, "y": 0.4871695637702942, "z": -0.40363845229148865, "visibility": 0.999950647354126, "presence": 0.9999160766601562}, "left shoulder": {"x": 0.6477197408676147, "y": 0.4996086657047272, "z": -0.3211270570755005, "visibility": 0.9999740719795227, "presence": 0.9999879598617554}, "right shoulder": {"x": 0.5050326585769653, "y": 0.5325228571891785, "z": -0.2192705124616623, "visibility": 0.9998989105224609, "presence": 0.9999358654022217}, "left elbow": {"x": 0.7015427350997925, "y": 0.6979758143424988, "z": -0.40281620621681213, "visibility": 0.9918986558914185, "presence": 0.9986562728881836}, "right elbow": {"x": 0.4339071214199066, "y": 0.6906224489212036, "z": -0.2703706622123718, "visibility": 0.8568950295448303, "presence": 0.9979344606399536}, "left wrist": {"x": 0.6184500455856323, "y": 0.6951791048049927, "z": -0.5874758958816528, "visibility": 0.988475501537323, "presence": 0.9999312162399292}, "right wrist": {"x": 0.49553585052490234, "y": 0.7573924660682678, "z": -0.46337246894836426, "visibility": 0.8716171383857727, "presence": 0.9913637638092041}, "left pinky": {"x": 0.5945690870285034, "y": 0.7166488766670227, "z": -0.6459279656410217, "visibility": 0.9848389029502869, "presence": 0.9998155236244202}, "right pinky": {"x": 0.5050324201583862, "y": 0.7847102880477905, "z": -0.5183600783348083, "visibility": 0.8533258438110352, "presence": 0.9774385094642639}, "left index": {"x": 0.5814554691314697, "y": 0.6844606399536133, "z": -0.6510344743728638, "visibility": 0.9850886464118958, "presence": 0.9998888969421387}, "right index": {"x": 0.5216437578201294, "y": 0.7667770981788635, "z": -0.5178312659263611, "visibility": 0.8620812296867371, "presence": 0.9861560463905334}, "left thumb": {"x": 0.5868958830833435, "y": 0.6825031042098999, "z": -0.5903404951095581, "visibility": 0.9683135151863098, "presence": 0.9999275207519531}, "right thumb": {"x": 0.5212975740432739, "y": 0.7573774456977844, "z": -0.46897822618484497, "visibility": 0.8442096710205078, "presence": 0.9923189282417297}, "left hip": {"x": 0.674056887626648, "y": 0.8029220700263977, "z": -0.022389238700270653, "visibility": 0.9955989718437195, "presence": 0.9959986209869385}, "right hip": {"x": 0.5861436128616333, "y": 0.8182260394096375, "z": 0.022058306261897087, "visibility": 0.9956622123718262, "presence": 0.9953896999359131}, "left knee": {"x": 0.7593420147895813, "y": 0.9831187129020691, "z": -0.2568739950656891, "visibility": 0.37826287746429443, "presence": 0.5566145181655884}, "right knee": {"x": 0.517624020576477, "y": 1.0039539337158203, "z": -0.009501142427325249, "visibility": 0.2786474823951721, "presence": 0.2705633342266083}, "left ankle": {"x": 0.7691787481307983, "y": 1.2373822927474976, "z": -0.06083114072680473, "visibility": 0.04491781070828438, "presence": 0.18124589323997498}, "right ankle": {"x": 0.5374420881271362, "y": 1.2385984659194946, "z": 0.2821651101112366, "visibility": 0.02289549447596073, "presence": 0.05347011610865593}, "left heel": {"x": 0.7691666483879089, "y": 1.2601392269134521, "z": -0.04552071914076805, "visibility": 0.03188121318817139, "presence": 0.10112825036048889}, "right heel": {"x": 0.5428078174591064, "y": 1.267292857170105, "z": 0.30933883786201477, "visibility": 0.027698930352926254, "presence": 0.09310208261013031}, "left foot index": {"x": 0.7591156363487244, "y": 1.3556748628616333, "z": -0.17674753069877625, "visibility": 0.041819944977760315, "presence": 0.1000082790851593}, "right foot index": {"x": 0.5405166149139404, "y": 1.3228344917297363, "z": 0.22556862235069275, "visibility": 0.020052656531333923, "presence": 0.09071196615695953}, "timestamp": "20240418-205452"}