{"nose": {"x": 0.48550599813461304, "y": 0.3027878403663635, "z": -0.29178643226623535, "visibility": 0.9999622702598572, "presence": 0.9999034404754639}, "left eye (inner)": {"x": 0.49304232001304626, "y": 0.2749985158443451, "z": -0.28934207558631897, "visibility": 0.9999219179153442, "presence": 0.9999034404754639}, "left eye": {"x": 0.4978484511375427, "y": 0.2735100984573364, "z": -0.289811909198761, "visibility": 0.9999204874038696, "presence": 0.9999278783798218}, "left eye (outer)": {"x": 0.5026189684867859, "y": 0.27258384227752686, "z": -0.289730966091156, "visibility": 0.9999298453330994, "presence": 0.9999173879623413}, "right eye (inner)": {"x": 0.48636311292648315, "y": 0.2795587182044983, "z": -0.265983521938324, "visibility": 0.9999216198921204, "presence": 0.9998114705085754}, "right eye": {"x": 0.4856818616390228, "y": 0.28023889660835266, "z": -0.2664014995098114, "visibility": 0.9999378323554993, "presence": 0.9998237490653992}, "right eye (outer)": {"x": 0.4847836494445801, "y": 0.2806631326675415, "z": -0.2666052281856537, "visibility": 0.9999361634254456, "presence": 0.9997896552085876}, "left ear": {"x": 0.5326802730560303, "y": 0.27904847264289856, "z": -0.2267850935459137, "visibility": 0.9999619722366333, "presence": 0.9999418258666992}, "right ear": {"x": 0.5018382668495178, "y": 0.285617858171463, "z": -0.11820318549871445, "visibility": 0.9998688101768494, "presence": 0.9997227787971497}, "mouth (left)": {"x": 0.5006224513053894, "y": 0.3284130394458771, "z": -0.26315730810165405, "visibility": 0.9999700784683228, "presence": 0.9999544620513916}, "mouth (right)": {"x": 0.4909597337245941, "y": 0.330837607383728, "z": -0.23446035385131836, "visibility": 0.9999487996101379, "presence": 0.9998424053192139}, "left shoulder": {"x": 0.6225956678390503, "y": 0.39989644289016724, "z": -0.1939205378293991, "visibility": 0.9999761581420898, "presence": 0.9999872446060181}, "right shoulder": {"x": 0.49120384454727173, "y": 0.44765159487724304, "z": 0.00762529019266367, "visibility": 0.9998388290405273, "presence": 0.9997848868370056}, "left elbow": {"x": 0.6876257061958313, "y": 0.5560947060585022, "z": -0.3328562378883362, "visibility": 0.9890802502632141, "presence": 0.9992820620536804}, "right elbow": {"x": 0.42341238260269165, "y": 0.5379939079284668, "z": -0.010712379589676857, "visibility": 0.769411027431488, "presence": 0.998451828956604}, "left wrist": {"x": 0.6176120638847351, "y": 0.5633286833763123, "z": -0.6011573076248169, "visibility": 0.9919587969779968, "presence": 0.9999833106994629}, "right wrist": {"x": 0.3351348042488098, "y": 0.5086766481399536, "z": -0.22459571063518524, "visibility": 0.9113789200782776, "presence": 0.9996275901794434}, "left pinky": {"x": 0.5984556078910828, "y": 0.5898661613464355, "z": -0.676873505115509, "visibility": 0.9904143810272217, "presence": 0.9999591112136841}, "right pinky": {"x": 0.3023276925086975, "y": 0.4998050332069397, "z": -0.27487069368362427, "visibility": 0.9056330919265747, "presence": 0.9991872906684875}, "left index": {"x": 0.5821776986122131, "y": 0.5657996535301208, "z": -0.6844316720962524, "visibility": 0.9906728267669678, "presence": 0.9999685287475586}, "right index": {"x": 0.30532488226890564, "y": 0.4887546896934509, "z": -0.30062729120254517, "visibility": 0.9116834998130798, "presence": 0.9993384480476379}, "left thumb": {"x": 0.5872602462768555, "y": 0.5625873804092407, "z": -0.6103956699371338, "visibility": 0.9804172515869141, "presence": 0.9999809265136719}, "right thumb": {"x": 0.3195955157279968, "y": 0.497086763381958, "z": -0.24566981196403503, "visibility": 0.9017041325569153, "presence": 0.9996960163116455}, "left hip": {"x": 0.6606283187866211, "y": 0.7436089515686035, "z": -0.04300885647535324, "visibility": 0.9963791370391846, "presence": 0.9962031245231628}, "right hip": {"x": 0.5815463662147522, "y": 0.7787432074546814, "z": 0.04257034510374069, "visibility": 0.9953514337539673, "presence": 0.9931488633155823}, "left knee": {"x": 0.7507928013801575, "y": 0.9773169755935669, "z": -0.1612105667591095, "visibility": 0.44015806913375854, "presence": 0.6686378121376038}, "right knee": {"x": 0.5552654266357422, "y": 1.0000361204147339, "z": 0.1961296796798706, "visibility": 0.2005239874124527, "presence": 0.35084933042526245}, "left ankle": {"x": 0.7780970335006714, "y": 1.2317389249801636, "z": 0.001599870971404016, "visibility": 0.12020779401063919, "presence": 0.23283140361309052}, "right ankle": {"x": 0.5410295724868774, "y": 1.2235249280929565, "z": 0.4966021478176117, "visibility": 0.027336809784173965, "presence": 0.10307274758815765}, "left heel": {"x": 0.7857481241226196, "y": 1.260119915008545, "z": 0.009496553801000118, "visibility": 0.07902418822050095, "presence": 0.12373842298984528}, "right heel": {"x": 0.5430675745010376, "y": 1.2572095394134521, "z": 0.5216174125671387, "visibility": 0.033083729445934296, "presence": 0.15312038362026215}, "left foot index": {"x": 0.7735620737075806, "y": 1.3280668258666992, "z": -0.14451582729816437, "visibility": 0.11715474724769592, "presence": 0.1709659993648529}, "right foot index": {"x": 0.5326420068740845, "y": 1.2951219081878662, "z": 0.4366588592529297, "visibility": 0.02327699027955532, "presence": 0.18130901455879211}, "timestamp": "20240418-205452"}