{"nose": {"x": 0.5399082899093628, "y": 0.31928345561027527, "z": -0.45477867126464844, "visibility": 0.999972403049469, "presence": 0.9999434947967529}, "left eye (inner)": {"x": 0.5488194823265076, "y": 0.2875043749809265, "z": -0.4484342634677887, "visibility": 0.9999599456787109, "presence": 0.9999310970306396}, "left eye": {"x": 0.5549361705780029, "y": 0.2862176299095154, "z": -0.4488547742366791, "visibility": 0.9999546408653259, "presence": 0.9999488592147827}, "left eye (outer)": {"x": 0.5608143210411072, "y": 0.2854364514350891, "z": -0.44877657294273376, "visibility": 0.9999640583992004, "presence": 0.9999344348907471}, "right eye (inner)": {"x": 0.5393213629722595, "y": 0.29221221804618835, "z": -0.4296683371067047, "visibility": 0.9999547004699707, "presence": 0.9998193383216858}, "right eye": {"x": 0.5373756885528564, "y": 0.2933776080608368, "z": -0.4300735890865326, "visibility": 0.9999560117721558, "presence": 0.9998034834861755}, "right eye (outer)": {"x": 0.5352745652198792, "y": 0.2943342328071594, "z": -0.43034157156944275, "visibility": 0.9999566674232483, "presence": 0.9996999502182007}, "left ear": {"x": 0.5867177248001099, "y": 0.2881016433238983, "z": -0.3489234745502472, "visibility": 0.999977171421051, "presence": 0.9999566078186035}, "right ear": {"x": 0.5484338998794556, "y": 0.3006729483604431, "z": -0.26591068506240845, "visibility": 0.9998928904533386, "presence": 0.9995112419128418}, "mouth (left)": {"x": 0.5535327792167664, "y": 0.34204477071762085, "z": -0.41274863481521606, "visibility": 0.9999766945838928, "presence": 0.9999679327011108}, "mouth (right)": {"x": 0.5440441370010376, "y": 0.3484746217727661, "z": -0.3906819224357605, "visibility": 0.9999499917030334, "presence": 0.9997984766960144}, "left shoulder": {"x": 0.6733705997467041, "y": 0.42568448185920715, "z": -0.2829892933368683, "visibility": 0.999976396560669, "presence": 0.999988317489624}, "right shoulder": {"x": 0.5350037217140198, "y": 0.4675307869911194, "z": -0.14867740869522095, "visibility": 0.9996799230575562, "presence": 0.9992374181747437}, "left elbow": {"x": 0.7238305807113647, "y": 0.6200506687164307, "z": -0.43841028213500977, "visibility": 0.9895948767662048, "presence": 0.9989867806434631}, "right elbow": {"x": 0.4733526110649109, "y": 0.5781660676002502, "z": -0.29972729086875916, "visibility": 0.6705324053764343, "presence": 0.9867701530456543}, "left wrist": {"x": 0.6372593641281128, "y": 0.6007805466651917, "z": -0.7234689593315125, "visibility": 0.9899783730506897, "presence": 0.9999547004699707}, "right wrist": {"x": 0.41755133867263794, "y": 0.5207377672195435, "z": -0.6581597924232483, "visibility": 0.8271666169166565, "presence": 0.9691054821014404}, "left pinky": {"x": 0.6112401485443115, "y": 0.6157548427581787, "z": -0.7981953024864197, "visibility": 0.9876692891120911, "presence": 0.9998679161071777}, "right pinky": {"x": 0.4008767008781433, "y": 0.5306897163391113, "z": -0.7390316724777222, "visibility": 0.8434342741966248, "presence": 0.9450575709342957}, "left index": {"x": 0.6015680432319641, "y": 0.585002601146698, "z": -0.8071821928024292, "visibility": 0.9876577258110046, "presence": 0.9999285936355591}, "right index": {"x": 0.40248242020606995, "y": 0.5104584097862244, "z": -0.7527270913124084, "visibility": 0.8503980040550232, "presence": 0.9666998982429504}, "left thumb": {"x": 0.6077405214309692, "y": 0.5849775075912476, "z": -0.7308455109596252, "visibility": 0.9753238558769226, "presence": 0.9999568462371826}, "right thumb": {"x": 0.4137471318244934, "y": 0.5089368224143982, "z": -0.6770840883255005, "visibility": 0.8380981683731079, "presence": 0.9807196259498596}, "left hip": {"x": 0.685321033000946, "y": 0.769722580909729, "z": -0.02223803661763668, "visibility": 0.9966184496879578, "presence": 0.9995046854019165}, "right hip": {"x": 0.5981415510177612, "y": 0.7867574691772461, "z": 0.022022835910320282, "visibility": 0.9942746758460999, "presence": 0.9987903237342834}, "left knee": {"x": 0.7725386619567871, "y": 0.9875172972679138, "z": -0.15104438364505768, "visibility": 0.34716102480888367, "presence": 0.8130995035171509}, "right knee": {"x": 0.5148321390151978, "y": 0.99434494972229, "z": -0.0984082967042923, "visibility": 0.16376663744449615, "presence": 0.33822065591812134}, "left ankle": {"x": 0.7791650891304016, "y": 1.2482588291168213, "z": 0.06900399923324585, "visibility": 0.07775135338306427, "presence": 0.4164920151233673}, "right ankle": {"x": 0.5218238830566406, "y": 1.0245709419250488, "z": 0.1887231320142746, "visibility": 0.014877282083034515, "presence": 0.37907910346984863}, "left heel": {"x": 0.7778611779212952, "y": 1.2756201028823853, "z": 0.08641590178012848, "visibility": 0.0577901266515255, "presence": 0.25352466106414795}, "right heel": {"x": 0.5428404808044434, "y": 1.1002402305603027, "z": 0.25631478428840637, "visibility": 0.023536071181297302, "presence": 0.5538502931594849}, "left foot index": {"x": 0.7674563527107239, "y": 1.3469600677490234, "z": -0.03536355122923851, "visibility": 0.074836365878582, "presence": 0.27884751558303833}, "right foot index": {"x": 0.5365194082260132, "y": 1.170297384262085, "z": 0.239408940076828, "visibility": 0.014012331143021584, "presence": 0.5336477756500244}, "timestamp": "20240418-205500"}