{"nose": {"x": 0.4978950023651123, "y": 0.43541669845581055, "z": -0.3615797162055969, "visibility": 0.9999637603759766, "presence": 0.9999885559082031}, "left eye (inner)": {"x": 0.5018357038497925, "y": 0.40185174345970154, "z": -0.357538104057312, "visibility": 0.9999324083328247, "presence": 0.9999855756759644}, "left eye": {"x": 0.5061224699020386, "y": 0.3973630368709564, "z": -0.3578842282295227, "visibility": 0.9999094605445862, "presence": 0.9999880790710449}, "left eye (outer)": {"x": 0.511527419090271, "y": 0.39257749915122986, "z": -0.3577985465526581, "visibility": 0.9999248385429382, "presence": 0.9999847412109375}, "right eye (inner)": {"x": 0.4946499764919281, "y": 0.4086163341999054, "z": -0.3381112813949585, "visibility": 0.999942421913147, "presence": 0.9999668598175049}, "right eye": {"x": 0.4934224486351013, "y": 0.40969279408454895, "z": -0.33851274847984314, "visibility": 0.9999530911445618, "presence": 0.9999645948410034}, "right eye (outer)": {"x": 0.4917079508304596, "y": 0.41127946972846985, "z": -0.338762104511261, "visibility": 0.9999604821205139, "presence": 0.9999480247497559}, "left ear": {"x": 0.5399259328842163, "y": 0.37965333461761475, "z": -0.26799970865249634, "visibility": 0.9999600648880005, "presence": 0.999987006187439}, "right ear": {"x": 0.5053614974021912, "y": 0.4054930806159973, "z": -0.1832982748746872, "visibility": 0.9998977780342102, "presence": 0.999925971031189}, "mouth (left)": {"x": 0.5137938261032104, "y": 0.4519180655479431, "z": -0.32290881872177124, "visibility": 0.9999529719352722, "presence": 0.9999911785125732}, "mouth (right)": {"x": 0.5062161684036255, "y": 0.46080246567726135, "z": -0.30014699697494507, "visibility": 0.9999439716339111, "presence": 0.9999587535858154}, "left shoulder": {"x": 0.6342568397521973, "y": 0.47190091013908386, "z": -0.2026197910308838, "visibility": 0.9999755024909973, "presence": 0.9999945163726807}, "right shoulder": {"x": 0.5030843615531921, "y": 0.5211760997772217, "z": -0.08058514446020126, "visibility": 0.9998618960380554, "presence": 0.9998611211776733}, "left elbow": {"x": 0.6997820138931274, "y": 0.6170430779457092, "z": -0.35010719299316406, "visibility": 0.9874634742736816, "presence": 0.9992590546607971}, "right elbow": {"x": 0.46860432624816895, "y": 0.6480515599250793, "z": -0.1975134313106537, "visibility": 0.7633289694786072, "presence": 0.9940282106399536}, "left wrist": {"x": 0.6330264210700989, "y": 0.6447497606277466, "z": -0.5794349908828735, "visibility": 0.9800843000411987, "presence": 0.9999791383743286}, "right wrist": {"x": 0.45764026045799255, "y": 0.6535670161247253, "z": -0.5256434679031372, "visibility": 0.873724102973938, "presence": 0.9943364262580872}, "left pinky": {"x": 0.6123149394989014, "y": 0.6629372239112854, "z": -0.6423652768135071, "visibility": 0.9734339714050293, "presence": 0.9999381303787231}, "right pinky": {"x": 0.43891412019729614, "y": 0.6688143610954285, "z": -0.6004613041877747, "visibility": 0.8696548342704773, "presence": 0.9897345304489136}, "left index": {"x": 0.6026293039321899, "y": 0.6362333297729492, "z": -0.6516838073730469, "visibility": 0.9731541275978088, "presence": 0.9999676942825317}, "right index": {"x": 0.44341811537742615, "y": 0.6537714004516602, "z": -0.6105642318725586, "visibility": 0.8790906667709351, "presence": 0.9938969016075134}, "left thumb": {"x": 0.605901837348938, "y": 0.6340174078941345, "z": -0.5856764316558838, "visibility": 0.9545327425003052, "presence": 0.9999805688858032}, "right thumb": {"x": 0.451791375875473, "y": 0.6575619578361511, "z": -0.5412423014640808, "visibility": 0.8582947850227356, "presence": 0.9964489936828613}, "left hip": {"x": 0.6503608226776123, "y": 0.785797655582428, "z": -0.02822013571858406, "visibility": 0.9966248273849487, "presence": 0.9980188608169556}, "right hip": {"x": 0.5726585984230042, "y": 0.7985494136810303, "z": 0.0280404482036829, "visibility": 0.9954929351806641, "presence": 0.9965247511863708}, "left knee": {"x": 0.7217158675193787, "y": 0.9855862855911255, "z": -0.14583085477352142, "visibility": 0.5760577917098999, "presence": 0.6866244077682495}, "right knee": {"x": 0.527328372001648, "y": 0.9915586709976196, "z": -0.10060884058475494, "visibility": 0.23812668025493622, "presence": 0.3352983593940735}, "left ankle": {"x": 0.7189995050430298, "y": 1.2112407684326172, "z": 0.07010330259799957, "visibility": 0.1454489827156067, "presence": 0.24486218392848969}, "right ankle": {"x": 0.5786792039871216, "y": 1.1146584749221802, "z": 0.2365715503692627, "visibility": 0.03195458650588989, "presence": 0.2630969285964966}, "left heel": {"x": 0.7247694730758667, "y": 1.2315062284469604, "z": 0.09218855202198029, "visibility": 0.10947594046592712, "presence": 0.1542067527770996}, "right heel": {"x": 0.5872891545295715, "y": 1.1193270683288574, "z": 0.27195295691490173, "visibility": 0.05671302601695061, "presence": 0.39079904556274414}, "left foot index": {"x": 0.6927486658096313, "y": 1.3044239282608032, "z": 0.006934246513992548, "visibility": 0.12429382652044296, "presence": 0.2116995006799698}, "right foot index": {"x": 0.592581033706665, "y": 1.1845777034759521, "z": 0.21324379742145538, "visibility": 0.03608314320445061, "presence": 0.4100094139575958}, "timestamp": "20240418-205509"}