{"nose": {"x": 0.5447157621383667, "y": 0.4538189768791199, "z": -0.5096192359924316, "visibility": 0.9999610781669617, "presence": 0.999966025352478}, "left eye (inner)": {"x": 0.5495874285697937, "y": 0.42119675874710083, "z": -0.5150741338729858, "visibility": 0.9999285340309143, "presence": 0.9999316930770874}, "left eye": {"x": 0.5551451444625854, "y": 0.41637709736824036, "z": -0.5153788924217224, "visibility": 0.9999197721481323, "presence": 0.9999293088912964}, "left eye (outer)": {"x": 0.5603834986686707, "y": 0.41235703229904175, "z": -0.5152785778045654, "visibility": 0.9999227523803711, "presence": 0.9998857975006104}, "right eye (inner)": {"x": 0.5417149662971497, "y": 0.42510417103767395, "z": -0.49080318212509155, "visibility": 0.9999333620071411, "presence": 0.9999288320541382}, "right eye": {"x": 0.5403966307640076, "y": 0.42438164353370667, "z": -0.49123746156692505, "visibility": 0.9999452829360962, "presence": 0.9999425411224365}, "right eye (outer)": {"x": 0.5384300947189331, "y": 0.4234618842601776, "z": -0.4915908873081207, "visibility": 0.9999467730522156, "presence": 0.9999344348907471}, "left ear": {"x": 0.5875693559646606, "y": 0.39825358986854553, "z": -0.43108734488487244, "visibility": 0.9999563097953796, "presence": 0.9998483657836914}, "right ear": {"x": 0.5504679679870605, "y": 0.41598087549209595, "z": -0.32625430822372437, "visibility": 0.9998923540115356, "presence": 0.999929666519165}, "mouth (left)": {"x": 0.5599678158760071, "y": 0.4693039059638977, "z": -0.4687683582305908, "visibility": 0.999961256980896, "presence": 0.9999639987945557}, "mouth (right)": {"x": 0.5492328405380249, "y": 0.47318628430366516, "z": -0.44046884775161743, "visibility": 0.9999431371688843, "presence": 0.9999405145645142}, "left shoulder": {"x": 0.6789098381996155, "y": 0.476898729801178, "z": -0.3626701831817627, "visibility": 0.9999629259109497, "presence": 0.9999566078186035}, "right shoulder": {"x": 0.5344584584236145, "y": 0.5042826533317566, "z": -0.21130673587322235, "visibility": 0.9998244047164917, "presence": 0.9999783039093018}, "left elbow": {"x": 0.7230424284934998, "y": 0.6844660043716431, "z": -0.5012950301170349, "visibility": 0.9841066598892212, "presence": 0.9947256445884705}, "right elbow": {"x": 0.4847404956817627, "y": 0.6423675417900085, "z": -0.3473919630050659, "visibility": 0.8004567623138428, "presence": 0.9994366765022278}, "left wrist": {"x": 0.6360994577407837, "y": 0.6663418412208557, "z": -0.7745299935340881, "visibility": 0.9796262383460999, "presence": 0.9998915195465088}, "right wrist": {"x": 0.508374810218811, "y": 0.6873483657836914, "z": -0.7330504655838013, "visibility": 0.8724480867385864, "presence": 0.9998084902763367}, "left pinky": {"x": 0.6107627749443054, "y": 0.683314859867096, "z": -0.8495157957077026, "visibility": 0.9743644595146179, "presence": 0.9997671246528625}, "right pinky": {"x": 0.5112096667289734, "y": 0.727121114730835, "z": -0.8221057057380676, "visibility": 0.8781879544258118, "presence": 0.9994097948074341}, "left index": {"x": 0.6004911661148071, "y": 0.6464518904685974, "z": -0.8568795323371887, "visibility": 0.9744306802749634, "presence": 0.9998854398727417}, "right index": {"x": 0.5254602432250977, "y": 0.6958986520767212, "z": -0.8236053586006165, "visibility": 0.885319709777832, "presence": 0.9997251629829407}, "left thumb": {"x": 0.6071344614028931, "y": 0.6448116302490234, "z": -0.7804471850395203, "visibility": 0.9503800272941589, "presence": 0.9999245405197144}, "right thumb": {"x": 0.5245635509490967, "y": 0.6791234612464905, "z": -0.7453762292861938, "visibility": 0.870794415473938, "presence": 0.9998540878295898}, "left hip": {"x": 0.6923812627792358, "y": 0.7948399782180786, "z": -0.03471304103732109, "visibility": 0.9957583546638489, "presence": 0.9979287385940552}, "right hip": {"x": 0.603323757648468, "y": 0.8043185472488403, "z": 0.03440104052424431, "visibility": 0.995234489440918, "presence": 0.9989562034606934}, "left knee": {"x": 0.7688413858413696, "y": 0.9806901812553406, "z": -0.30493929982185364, "visibility": 0.5476604700088501, "presence": 0.5794667601585388}, "right knee": {"x": 0.5182665586471558, "y": 0.9981323480606079, "z": -0.10698352009057999, "visibility": 0.24052967131137848, "presence": 0.5229575037956238}, "left ankle": {"x": 0.7948822975158691, "y": 1.2322256565093994, "z": -0.10789705812931061, "visibility": 0.1257186084985733, "presence": 0.1738343983888626}, "right ankle": {"x": 0.553714394569397, "y": 1.1182153224945068, "z": 0.2297854721546173, "visibility": 0.029347291216254234, "presence": 0.2711201310157776}, "left heel": {"x": 0.7996611595153809, "y": 1.2551130056381226, "z": -0.09223413467407227, "visibility": 0.07545606046915054, "presence": 0.1007465273141861}, "right heel": {"x": 0.5691220164299011, "y": 1.1392086744308472, "z": 0.26229187846183777, "visibility": 0.034907106310129166, "presence": 0.4214928448200226}, "left foot index": {"x": 0.7855735421180725, "y": 1.3476262092590332, "z": -0.2173575460910797, "visibility": 0.11666601151227951, "presence": 0.1403590440750122}, "right foot index": {"x": 0.5511236190795898, "y": 1.1970164775848389, "z": 0.19614949822425842, "visibility": 0.024829832836985588, "presence": 0.41942793130874634}, "timestamp": "20240418-205448"}