{"nose": {"x": 0.5739301443099976, "y": 0.32628005743026733, "z": -0.2594371438026428, "visibility": 0.9999752640724182, "presence": 0.9999867677688599}, "left eye (inner)": {"x": 0.5814334154129028, "y": 0.29040801525115967, "z": -0.2593565285205841, "visibility": 0.9999567866325378, "presence": 0.9999839067459106}, "left eye": {"x": 0.5856519937515259, "y": 0.2881096601486206, "z": -0.2596856355667114, "visibility": 0.9999450445175171, "presence": 0.9999860525131226}, "left eye (outer)": {"x": 0.5915737748146057, "y": 0.2852645814418793, "z": -0.25953006744384766, "visibility": 0.9999523162841797, "presence": 0.9999814033508301}, "right eye (inner)": {"x": 0.572351336479187, "y": 0.2970229685306549, "z": -0.23532256484031677, "visibility": 0.9999635815620422, "presence": 0.9999715089797974}, "right eye": {"x": 0.5714206695556641, "y": 0.2977287173271179, "z": -0.2357371598482132, "visibility": 0.9999659657478333, "presence": 0.999971866607666}, "right eye (outer)": {"x": 0.5700001120567322, "y": 0.29824596643447876, "z": -0.2359546720981598, "visibility": 0.9999710321426392, "presence": 0.9999631643295288}, "left ear": {"x": 0.6231558918952942, "y": 0.28135138750076294, "z": -0.18496409058570862, "visibility": 0.9999657273292542, "presence": 0.9999837875366211}, "right ear": {"x": 0.5841306447982788, "y": 0.29966244101524353, "z": -0.07642364501953125, "visibility": 0.9999362230300903, "presence": 0.999950647354126}, "mouth (left)": {"x": 0.5899855494499207, "y": 0.34603333473205566, "z": -0.22390636801719666, "visibility": 0.9999748468399048, "presence": 0.9999891519546509}, "mouth (right)": {"x": 0.5792106986045837, "y": 0.35322582721710205, "z": -0.1952887922525406, "visibility": 0.9999645948410034, "presence": 0.9999593496322632}, "left shoulder": {"x": 0.7140257358551025, "y": 0.38620567321777344, "z": -0.136534184217453, "visibility": 0.9999706745147705, "presence": 0.999990701675415}, "right shoulder": {"x": 0.5771088600158691, "y": 0.4351077079772949, "z": 0.04949106276035309, "visibility": 0.9998857378959656, "presence": 0.9999099969863892}, "left elbow": {"x": 0.7682838439941406, "y": 0.5996788740158081, "z": -0.28675466775894165, "visibility": 0.9890362024307251, "presence": 0.9981375932693481}, "right elbow": {"x": 0.5187362432479858, "y": 0.5459280610084534, "z": -0.010451746173202991, "visibility": 0.7626087069511414, "presence": 0.997277557849884}, "left wrist": {"x": 0.6843608617782593, "y": 0.5495592951774597, "z": -0.5581565499305725, "visibility": 0.988361656665802, "presence": 0.999980092048645}, "right wrist": {"x": 0.4476260244846344, "y": 0.4992251992225647, "z": -0.2941809296607971, "visibility": 0.8694191575050354, "presence": 0.998968243598938}, "left pinky": {"x": 0.655408501625061, "y": 0.5576847791671753, "z": -0.6179047226905823, "visibility": 0.983109176158905, "presence": 0.9999496936798096}, "right pinky": {"x": 0.41332584619522095, "y": 0.48981112241744995, "z": -0.3519260287284851, "visibility": 0.8712069988250732, "presence": 0.9978464841842651}, "left index": {"x": 0.6478453874588013, "y": 0.5213713049888611, "z": -0.6230465769767761, "visibility": 0.983122706413269, "presence": 0.9999713897705078}, "right index": {"x": 0.4169740080833435, "y": 0.47346484661102295, "z": -0.3677096664905548, "visibility": 0.8758842945098877, "presence": 0.9985764026641846}, "left thumb": {"x": 0.6536788940429688, "y": 0.522662878036499, "z": -0.5624850988388062, "visibility": 0.9653957486152649, "presence": 0.9999837875366211}, "right thumb": {"x": 0.43152937293052673, "y": 0.4791126251220703, "z": -0.3116471767425537, "visibility": 0.8600400686264038, "presence": 0.9992983341217041}, "left hip": {"x": 0.7256470918655396, "y": 0.7523295879364014, "z": -0.039374567568302155, "visibility": 0.9955333471298218, "presence": 0.9972757697105408}, "right hip": {"x": 0.6384679675102234, "y": 0.7709442973136902, "z": 0.039139702916145325, "visibility": 0.9960720539093018, "presence": 0.9969308972358704}, "left knee": {"x": 0.809704601764679, "y": 0.9826713800430298, "z": -0.13421796262264252, "visibility": 0.34997475147247314, "presence": 0.5193831324577332}, "right knee": {"x": 0.5481597781181335, "y": 0.9991417527198792, "z": -0.043115489184856415, "visibility": 0.28755518794059753, "presence": 0.2360311597585678}, "left ankle": {"x": 0.816729724407196, "y": 1.2053139209747314, "z": 0.05395621061325073, "visibility": 0.04735402762889862, "presence": 0.10121877491474152}, "right ankle": {"x": 0.6300681829452515, "y": 0.9978023767471313, "z": 0.26522296667099, "visibility": 0.01770358346402645, "presence": 0.2603394389152527}, "left heel": {"x": 0.8232768177986145, "y": 1.2361215353012085, "z": 0.07177112251520157, "visibility": 0.03615756705403328, "presence": 0.0591658279299736}, "right heel": {"x": 0.6450366377830505, "y": 1.0033565759658813, "z": 0.2979773283004761, "visibility": 0.024881185963749886, "presence": 0.3920626640319824}, "left foot index": {"x": 0.787192165851593, "y": 1.2804546356201172, "z": -0.015568609349429607, "visibility": 0.04386431723833084, "presence": 0.08929164707660675}, "right foot index": {"x": 0.6408564448356628, "y": 1.0941802263259888, "z": 0.26483649015426636, "visibility": 0.015539268031716347, "presence": 0.37630152702331543}, "timestamp": "20240418-205436"}