{"nose": {"x": 0.535618782043457, "y": 0.4802606701850891, "z": -0.5139901041984558, "visibility": 0.9999659657478333, "presence": 0.999880313873291}, "left eye (inner)": {"x": 0.5389705300331116, "y": 0.4458899199962616, "z": -0.5227242112159729, "visibility": 0.9999440312385559, "presence": 0.9998414516448975}, "left eye": {"x": 0.5429341793060303, "y": 0.44180330634117126, "z": -0.5230405926704407, "visibility": 0.999930739402771, "presence": 0.999848484992981}, "left eye (outer)": {"x": 0.5476619601249695, "y": 0.43777143955230713, "z": -0.5229343175888062, "visibility": 0.9999434947967529, "presence": 0.9997701048851013}, "right eye (inner)": {"x": 0.5322282910346985, "y": 0.45009374618530273, "z": -0.49840250611305237, "visibility": 0.9999485611915588, "presence": 0.9998162388801575}, "right eye": {"x": 0.5311354398727417, "y": 0.4498966336250305, "z": -0.4988940358161926, "visibility": 0.9999518394470215, "presence": 0.9998530149459839}, "right eye (outer)": {"x": 0.5298327803611755, "y": 0.44984322786331177, "z": -0.4992033541202545, "visibility": 0.9999614953994751, "presence": 0.9998328685760498}, "left ear": {"x": 0.5758106112480164, "y": 0.4239071309566498, "z": -0.466064453125, "visibility": 0.9999592900276184, "presence": 0.999749481678009}, "right ear": {"x": 0.5459824204444885, "y": 0.4440390169620514, "z": -0.3550165593624115, "visibility": 0.9999046921730042, "presence": 0.999832034111023}, "mouth (left)": {"x": 0.5512843132019043, "y": 0.4940485954284668, "z": -0.48192888498306274, "visibility": 0.9999722838401794, "presence": 0.9999006986618042}, "mouth (right)": {"x": 0.5426568984985352, "y": 0.5008996725082397, "z": -0.4523051381111145, "visibility": 0.9999575614929199, "presence": 0.9998087286949158}, "left shoulder": {"x": 0.679247260093689, "y": 0.5044118165969849, "z": -0.37247008085250854, "visibility": 0.9999752044677734, "presence": 0.9999340772628784}, "right shoulder": {"x": 0.5371745824813843, "y": 0.5343570113182068, "z": -0.2090015858411789, "visibility": 0.9998654127120972, "presence": 0.9999611377716064}, "left elbow": {"x": 0.7305997610092163, "y": 0.6989863514900208, "z": -0.47169679403305054, "visibility": 0.9931173920631409, "presence": 0.9975934624671936}, "right elbow": {"x": 0.4879130721092224, "y": 0.6688880324363708, "z": -0.15809118747711182, "visibility": 0.83194500207901, "presence": 0.9997448325157166}, "left wrist": {"x": 0.6375983953475952, "y": 0.7072122097015381, "z": -0.6487327218055725, "visibility": 0.9915692806243896, "presence": 0.9998784065246582}, "right wrist": {"x": 0.49984779953956604, "y": 0.7904956340789795, "z": -0.29063281416893005, "visibility": 0.8826221823692322, "presence": 0.9991493225097656}, "left pinky": {"x": 0.6134054064750671, "y": 0.7325911521911621, "z": -0.7037054300308228, "visibility": 0.9871209859848022, "presence": 0.9996442794799805}, "right pinky": {"x": 0.5183462500572205, "y": 0.8155559301376343, "z": -0.33139050006866455, "visibility": 0.8724324107170105, "presence": 0.9958145022392273}, "left index": {"x": 0.60350501537323, "y": 0.7006617188453674, "z": -0.7065479159355164, "visibility": 0.9869877696037292, "presence": 0.999779999256134}, "right index": {"x": 0.5251160860061646, "y": 0.8040785789489746, "z": -0.35048991441726685, "visibility": 0.8804196119308472, "presence": 0.9967628717422485}, "left thumb": {"x": 0.6078664660453796, "y": 0.6962394118309021, "z": -0.6493615508079529, "visibility": 0.9729992747306824, "presence": 0.9998760223388672}, "right thumb": {"x": 0.5205793380737305, "y": 0.7964558005332947, "z": -0.3024972677230835, "visibility": 0.8652360439300537, "presence": 0.9985222220420837}, "left hip": {"x": 0.6980386972427368, "y": 0.7930630445480347, "z": -0.03218664601445198, "visibility": 0.9966481328010559, "presence": 0.9969363212585449}, "right hip": {"x": 0.6115308403968811, "y": 0.8046294450759888, "z": 0.03193717449903488, "visibility": 0.9961352944374084, "presence": 0.9987788796424866}, "left knee": {"x": 0.7843998670578003, "y": 0.9830322265625, "z": -0.21499904990196228, "visibility": 0.3959592878818512, "presence": 0.4201255440711975}, "right knee": {"x": 0.5204555988311768, "y": 1.0001466274261475, "z": -0.08359362185001373, "visibility": 0.2905750274658203, "presence": 0.6108583211898804}, "left ankle": {"x": 0.8028692007064819, "y": 1.227109670639038, "z": 0.006931575480848551, "visibility": 0.05076860636472702, "presence": 0.09139421582221985}, "right ankle": {"x": 0.5388118624687195, "y": 1.1805773973464966, "z": 0.15145684778690338, "visibility": 0.017649957910180092, "presence": 0.10454373061656952}, "left heel": {"x": 0.8047372698783875, "y": 1.2479941844940186, "z": 0.02601487934589386, "visibility": 0.03682085499167442, "presence": 0.05746399611234665}, "right heel": {"x": 0.5497424602508545, "y": 1.2030248641967773, "z": 0.17435869574546814, "visibility": 0.02582963928580284, "presence": 0.1570378690958023}, "left foot index": {"x": 0.7866671681404114, "y": 1.3344923257827759, "z": -0.08705038577318192, "visibility": 0.04618362709879875, "presence": 0.08326321840286255}, "right foot index": {"x": 0.5373682379722595, "y": 1.2614582777023315, "z": 0.08972307294607162, "visibility": 0.015618492849171162, "presence": 0.12620089948177338}, "timestamp": "20240418-205451"}