{"nose": {"x": 0.664546549320221, "y": 0.26128432154655457, "z": -0.42429423332214355, "visibility": 0.9999754428863525, "presence": 0.9999724626541138}, "left eye (inner)": {"x": 0.6730065941810608, "y": 0.2283019870519638, "z": -0.41102057695388794, "visibility": 0.9999407529830933, "presence": 0.999954342842102}, "left eye": {"x": 0.6791879534721375, "y": 0.22647811472415924, "z": -0.4114558696746826, "visibility": 0.9999415874481201, "presence": 0.9999620914459229}, "left eye (outer)": {"x": 0.6862008571624756, "y": 0.22499004006385803, "z": -0.41142353415489197, "visibility": 0.9999436736106873, "presence": 0.9999520778656006}, "right eye (inner)": {"x": 0.6633901596069336, "y": 0.2320253849029541, "z": -0.39154455065727234, "visibility": 0.9999480843544006, "presence": 0.9999033212661743}, "right eye": {"x": 0.6612724661827087, "y": 0.23310737311840057, "z": -0.3919059634208679, "visibility": 0.9999608397483826, "presence": 0.9999032020568848}, "right eye (outer)": {"x": 0.6588068008422852, "y": 0.2343984991312027, "z": -0.3921360969543457, "visibility": 0.9999520182609558, "presence": 0.9998660087585449}, "left ear": {"x": 0.7122853994369507, "y": 0.23019403219223022, "z": -0.28277823328971863, "visibility": 0.999972939491272, "presence": 0.9999597072601318}, "right ear": {"x": 0.6696909070014954, "y": 0.24218341708183289, "z": -0.1982080042362213, "visibility": 0.9998879432678223, "presence": 0.9998114705085754}, "mouth (left)": {"x": 0.6789832711219788, "y": 0.2875448763370514, "z": -0.37365785241127014, "visibility": 0.999976634979248, "presence": 0.9999874830245972}, "mouth (right)": {"x": 0.6666956543922424, "y": 0.2904544472694397, "z": -0.3507542312145233, "visibility": 0.9999579191207886, "presence": 0.9999517202377319}, "left shoulder": {"x": 0.7968908548355103, "y": 0.38363808393478394, "z": -0.22432510554790497, "visibility": 0.9999772906303406, "presence": 0.9999915361404419}, "right shoulder": {"x": 0.6413742303848267, "y": 0.4133394956588745, "z": -0.07883336395025253, "visibility": 0.9997768998146057, "presence": 0.9998519420623779}, "left elbow": {"x": 0.8645925521850586, "y": 0.5638408660888672, "z": -0.39579519629478455, "visibility": 0.994316577911377, "presence": 0.9994558691978455}, "right elbow": {"x": 0.5748234987258911, "y": 0.5461128950119019, "z": -0.2693745493888855, "visibility": 0.6639044880867004, "presence": 0.9961632490158081}, "left wrist": {"x": 0.7833343744277954, "y": 0.5855726003646851, "z": -0.7335934042930603, "visibility": 0.9956651329994202, "presence": 0.9999686479568481}, "right wrist": {"x": 0.5353244543075562, "y": 0.5135939121246338, "z": -0.7008731365203857, "visibility": 0.9229868650436401, "presence": 0.9987123012542725}, "left pinky": {"x": 0.7648128867149353, "y": 0.6051231026649475, "z": -0.8188685178756714, "visibility": 0.9962010383605957, "presence": 0.9998798370361328}, "right pinky": {"x": 0.5125795602798462, "y": 0.4969610571861267, "z": -0.7984496355056763, "visibility": 0.9504352807998657, "presence": 0.9975695013999939}, "left index": {"x": 0.7496766448020935, "y": 0.5803050994873047, "z": -0.8333718180656433, "visibility": 0.9966268539428711, "presence": 0.999935507774353}, "right index": {"x": 0.523306667804718, "y": 0.47446170449256897, "z": -0.8156935572624207, "visibility": 0.9550133943557739, "presence": 0.9987819790840149}, "left thumb": {"x": 0.7517920136451721, "y": 0.5785086154937744, "z": -0.7443801164627075, "visibility": 0.9934046864509583, "presence": 0.9999635219573975}, "right thumb": {"x": 0.5339398980140686, "y": 0.4834173917770386, "z": -0.7232937216758728, "visibility": 0.9490388035774231, "presence": 0.9993487000465393}, "left hip": {"x": 0.784437358379364, "y": 0.7681459188461304, "z": -0.022007623687386513, "visibility": 0.9955426454544067, "presence": 0.9983183145523071}, "right hip": {"x": 0.6895161271095276, "y": 0.7750092148780823, "z": 0.021816473454236984, "visibility": 0.993990957736969, "presence": 0.9973914623260498}, "left knee": {"x": 0.8665933609008789, "y": 0.9979966878890991, "z": -0.3020489811897278, "visibility": 0.20592111349105835, "presence": 0.4026021659374237}, "right knee": {"x": 0.6012030839920044, "y": 0.9974347352981567, "z": -0.2566799223423004, "visibility": 0.20360319316387177, "presence": 0.23361946642398834}, "left ankle": {"x": 0.8539868593215942, "y": 1.317412257194519, "z": -0.07696489244699478, "visibility": 0.02358148992061615, "presence": 0.10353240370750427}, "right ankle": {"x": 0.6369286775588989, "y": 1.2909573316574097, "z": -0.00757558923214674, "visibility": 0.02413758635520935, "presence": 0.08107030391693115}, "left heel": {"x": 0.8498543500900269, "y": 1.351139783859253, "z": -0.06310257315635681, "visibility": 0.02226090431213379, "presence": 0.06929349899291992}, "right heel": {"x": 0.6454201936721802, "y": 1.3300447463989258, "z": 0.01269749365746975, "visibility": 0.032095011323690414, "presence": 0.1070358008146286}, "left foot index": {"x": 0.8354498744010925, "y": 1.429709553718567, "z": -0.21490700542926788, "visibility": 0.02609841153025627, "presence": 0.14073708653450012}, "right foot index": {"x": 0.6288439035415649, "y": 1.3884762525558472, "z": -0.1232476681470871, "visibility": 0.019876662641763687, "presence": 0.11924166232347488}, "timestamp": "20240418-205519"}