{"nose": {"x": 0.4773445725440979, "y": 0.3139001131057739, "z": -0.28687670826911926, "visibility": 0.9999215006828308, "presence": 0.99989914894104}, "left eye (inner)": {"x": 0.4881228804588318, "y": 0.28504058718681335, "z": -0.2805987596511841, "visibility": 0.9998465180397034, "presence": 0.9998904466629028}, "left eye": {"x": 0.49264225363731384, "y": 0.2844473421573639, "z": -0.2810664176940918, "visibility": 0.9998627305030823, "presence": 0.9999171495437622}, "left eye (outer)": {"x": 0.49866169691085815, "y": 0.28375759720802307, "z": -0.2810208797454834, "visibility": 0.999865710735321, "presence": 0.9999008178710938}, "right eye (inner)": {"x": 0.48034635186195374, "y": 0.28865373134613037, "z": -0.2612883448600769, "visibility": 0.9998297095298767, "presence": 0.9997979998588562}, "right eye": {"x": 0.479140043258667, "y": 0.2894037663936615, "z": -0.2617202401161194, "visibility": 0.9998774528503418, "presence": 0.9998131394386292}, "right eye (outer)": {"x": 0.47783780097961426, "y": 0.2897338271141052, "z": -0.2619550824165344, "visibility": 0.9998590350151062, "presence": 0.9997764229774475}, "left ear": {"x": 0.5239654779434204, "y": 0.29033926129341125, "z": -0.20837059617042542, "visibility": 0.9999556541442871, "presence": 0.9999363422393799}, "right ear": {"x": 0.49642080068588257, "y": 0.2956845164299011, "z": -0.11960502713918686, "visibility": 0.9997849464416504, "presence": 0.9997349381446838}, "mouth (left)": {"x": 0.49370962381362915, "y": 0.3370777368545532, "z": -0.2559371292591095, "visibility": 0.9999465942382812, "presence": 0.9999575614929199}, "mouth (right)": {"x": 0.4850614666938782, "y": 0.34163621068000793, "z": -0.2327752411365509, "visibility": 0.9998936653137207, "presence": 0.9998615980148315}, "left shoulder": {"x": 0.6192774772644043, "y": 0.40829330682754517, "z": -0.17182651162147522, "visibility": 0.9999635219573975, "presence": 0.9999865293502808}, "right shoulder": {"x": 0.48923009634017944, "y": 0.46884673833847046, "z": -0.018615547567605972, "visibility": 0.9996522068977356, "presence": 0.9998219609260559}, "left elbow": {"x": 0.6917381286621094, "y": 0.5604246854782104, "z": -0.29342809319496155, "visibility": 0.9805234670639038, "presence": 0.9987088441848755}, "right elbow": {"x": 0.42431291937828064, "y": 0.5837014317512512, "z": -0.10882794857025146, "visibility": 0.6792716979980469, "presence": 0.9968318343162537}, "left wrist": {"x": 0.620305597782135, "y": 0.5812689661979675, "z": -0.5377367734909058, "visibility": 0.9878897666931152, "presence": 0.9999642372131348}, "right wrist": {"x": 0.35085636377334595, "y": 0.545786440372467, "z": -0.3804152309894562, "visibility": 0.9069459438323975, "presence": 0.9992953538894653}, "left pinky": {"x": 0.6008504033088684, "y": 0.6048411726951599, "z": -0.6006920337677002, "visibility": 0.989274263381958, "presence": 0.9999175071716309}, "right pinky": {"x": 0.32346633076667786, "y": 0.5387905836105347, "z": -0.4417315423488617, "visibility": 0.918184220790863, "presence": 0.9986448884010315}, "left index": {"x": 0.5860555768013, "y": 0.5825068354606628, "z": -0.6077609062194824, "visibility": 0.989696204662323, "presence": 0.9999434947967529}, "right index": {"x": 0.328959196805954, "y": 0.5293856859207153, "z": -0.45620471239089966, "visibility": 0.9236049652099609, "presence": 0.9990793466567993}, "left thumb": {"x": 0.5901303887367249, "y": 0.5800046920776367, "z": -0.544251561164856, "visibility": 0.9801315069198608, "presence": 0.9999642372131348}, "right thumb": {"x": 0.3428512215614319, "y": 0.5388379096984863, "z": -0.39778265357017517, "visibility": 0.9168422818183899, "presence": 0.9995542168617249}, "left hip": {"x": 0.6636717319488525, "y": 0.7534765601158142, "z": -0.0378546379506588, "visibility": 0.997012734413147, "presence": 0.9984596967697144}, "right hip": {"x": 0.5842003226280212, "y": 0.7788240313529968, "z": 0.03741993382573128, "visibility": 0.9953354001045227, "presence": 0.9971766471862793}, "left knee": {"x": 0.7384592294692993, "y": 0.9862329363822937, "z": -0.11138148605823517, "visibility": 0.5413520336151123, "presence": 0.8147783279418945}, "right knee": {"x": 0.5593658685684204, "y": 0.9461426734924316, "z": 0.19557347893714905, "visibility": 0.14822997152805328, "presence": 0.45179063081741333}, "left ankle": {"x": 0.7600454688072205, "y": 1.2139371633529663, "z": 0.07312466949224472, "visibility": 0.18708352744579315, "presence": 0.3440454304218292}, "right ankle": {"x": 0.5371583700180054, "y": 1.0657038688659668, "z": 0.5399175882339478, "visibility": 0.02807372249662876, "presence": 0.21289776265621185}, "left heel": {"x": 0.7638023495674133, "y": 1.2396501302719116, "z": 0.08850423991680145, "visibility": 0.12456472963094711, "presence": 0.1729857176542282}, "right heel": {"x": 0.5372036695480347, "y": 1.0752192735671997, "z": 0.5723345875740051, "visibility": 0.040775466710329056, "presence": 0.3112828731536865}, "left foot index": {"x": 0.7602499127388, "y": 1.3110548257827759, "z": -0.02079727314412594, "visibility": 0.1703919619321823, "presence": 0.1641295701265335}, "right foot index": {"x": 0.5228166580200195, "y": 1.0824428796768188, "z": 0.5326803922653198, "visibility": 0.025561321526765823, "presence": 0.2766314446926117}, "timestamp": "20240418-205503"}