{"nose": {"x": 0.5128254890441895, "y": 0.47072291374206543, "z": -0.5276347994804382, "visibility": 0.9999521374702454, "presence": 0.999914288520813}, "left eye (inner)": {"x": 0.517427384853363, "y": 0.4399102032184601, "z": -0.5346893668174744, "visibility": 0.9999030232429504, "presence": 0.9998564720153809}, "left eye": {"x": 0.5217466354370117, "y": 0.43705180287361145, "z": -0.5350147485733032, "visibility": 0.999889075756073, "presence": 0.9998626708984375}, "left eye (outer)": {"x": 0.5270329713821411, "y": 0.4336460530757904, "z": -0.5349258780479431, "visibility": 0.9999024271965027, "presence": 0.9997952580451965}, "right eye (inner)": {"x": 0.5115505456924438, "y": 0.44170844554901123, "z": -0.5116063952445984, "visibility": 0.9999172687530518, "presence": 0.999843955039978}, "right eye": {"x": 0.510809063911438, "y": 0.4411168694496155, "z": -0.5120698809623718, "visibility": 0.999932050704956, "presence": 0.9998809099197388}, "right eye (outer)": {"x": 0.5095888376235962, "y": 0.4405151307582855, "z": -0.5123717784881592, "visibility": 0.9999430179595947, "presence": 0.9998713731765747}, "left ear": {"x": 0.5557039976119995, "y": 0.41873010993003845, "z": -0.47081226110458374, "visibility": 0.9999393820762634, "presence": 0.999782145023346}, "right ear": {"x": 0.529554545879364, "y": 0.43442845344543457, "z": -0.3662838637828827, "visibility": 0.9998761415481567, "presence": 0.9998935461044312}, "mouth (left)": {"x": 0.5273960828781128, "y": 0.4874139130115509, "z": -0.49356144666671753, "visibility": 0.9999624490737915, "presence": 0.9999518394470215}, "mouth (right)": {"x": 0.5209071636199951, "y": 0.49319425225257874, "z": -0.4656192660331726, "visibility": 0.9999483227729797, "presence": 0.9999222755432129}, "left shoulder": {"x": 0.6586254835128784, "y": 0.5019223690032959, "z": -0.3725970387458801, "visibility": 0.9999728202819824, "presence": 0.9999538660049438}, "right shoulder": {"x": 0.5119261145591736, "y": 0.5370146036148071, "z": -0.23752889037132263, "visibility": 0.9998950362205505, "presence": 0.9999809265136719}, "left elbow": {"x": 0.7097187638282776, "y": 0.7001651525497437, "z": -0.4865261912345886, "visibility": 0.9918335676193237, "presence": 0.9959540367126465}, "right elbow": {"x": 0.4416472017765045, "y": 0.6923232078552246, "z": -0.2900284230709076, "visibility": 0.85490882396698, "presence": 0.9992994070053101}, "left wrist": {"x": 0.6214686036109924, "y": 0.6976808309555054, "z": -0.6864367723464966, "visibility": 0.9883233904838562, "presence": 0.9996716976165771}, "right wrist": {"x": 0.49894633889198303, "y": 0.7662929892539978, "z": -0.5457882285118103, "visibility": 0.8951603174209595, "presence": 0.9994162321090698}, "left pinky": {"x": 0.5961290597915649, "y": 0.7208038568496704, "z": -0.7528079748153687, "visibility": 0.984492838382721, "presence": 0.9992502331733704}, "right pinky": {"x": 0.5190204381942749, "y": 0.7934305667877197, "z": -0.6134568452835083, "visibility": 0.8813824653625488, "presence": 0.9984942674636841}, "left index": {"x": 0.5841608643531799, "y": 0.6896977424621582, "z": -0.7572321891784668, "visibility": 0.9846919178962708, "presence": 0.999594509601593}, "right index": {"x": 0.5285326838493347, "y": 0.7779637575149536, "z": -0.6134860515594482, "visibility": 0.8889103531837463, "presence": 0.9992427825927734}, "left thumb": {"x": 0.5886430740356445, "y": 0.6873846054077148, "z": -0.6890512704849243, "visibility": 0.9674983620643616, "presence": 0.9997228980064392}, "right thumb": {"x": 0.5245953798294067, "y": 0.7671890258789062, "z": -0.5524846911430359, "visibility": 0.8708964586257935, "presence": 0.9995573163032532}, "left hip": {"x": 0.6799802780151367, "y": 0.8044334650039673, "z": -0.026506837457418442, "visibility": 0.995638370513916, "presence": 0.9952551126480103}, "right hip": {"x": 0.5915390253067017, "y": 0.8182274103164673, "z": 0.026230255141854286, "visibility": 0.9958889484405518, "presence": 0.9980348944664001}, "left knee": {"x": 0.765313982963562, "y": 0.9832594990730286, "z": -0.26367807388305664, "visibility": 0.3530668318271637, "presence": 0.30091971158981323}, "right knee": {"x": 0.5178927779197693, "y": 1.003005027770996, "z": -0.12735269963741302, "visibility": 0.28100165724754333, "presence": 0.49122354388237}, "left ankle": {"x": 0.7667897343635559, "y": 1.2296040058135986, "z": 0.01987456902861595, "visibility": 0.041387706995010376, "presence": 0.11979895085096359}, "right ankle": {"x": 0.5310946106910706, "y": 1.2364672422409058, "z": 0.13287046551704407, "visibility": 0.021756749600172043, "presence": 0.08569498360157013}, "left heel": {"x": 0.7658505439758301, "y": 1.2473515272140503, "z": 0.04783201217651367, "visibility": 0.030790235847234726, "presence": 0.08921705931425095}, "right heel": {"x": 0.5409154891967773, "y": 1.268000602722168, "z": 0.15796475112438202, "visibility": 0.02748284488916397, "presence": 0.13466274738311768}, "left foot index": {"x": 0.7575898170471191, "y": 1.347737431526184, "z": -0.08396070450544357, "visibility": 0.038457419723272324, "presence": 0.14083491265773773}, "right foot index": {"x": 0.5283012390136719, "y": 1.3223588466644287, "z": 0.052692901343107224, "visibility": 0.019156591966748238, "presence": 0.1362600028514862}, "timestamp": "20240418-205451"}