{"nose": {"x": 0.6281336545944214, "y": 0.27809977531433105, "z": -0.3719285726547241, "visibility": 0.9999765157699585, "presence": 0.9999905824661255}, "left eye (inner)": {"x": 0.6391679644584656, "y": 0.2440897673368454, "z": -0.3600526452064514, "visibility": 0.9999604821205139, "presence": 0.9999843835830688}, "left eye": {"x": 0.6443232893943787, "y": 0.2430359274148941, "z": -0.36043044924736023, "visibility": 0.9999566674232483, "presence": 0.9999866485595703}, "left eye (outer)": {"x": 0.6517617702484131, "y": 0.24139519035816193, "z": -0.3603419363498688, "visibility": 0.9999600648880005, "presence": 0.9999829530715942}, "right eye (inner)": {"x": 0.627374529838562, "y": 0.25018611550331116, "z": -0.3413831889629364, "visibility": 0.9999596476554871, "presence": 0.9999688863754272}, "right eye": {"x": 0.6252509355545044, "y": 0.25130635499954224, "z": -0.341767817735672, "visibility": 0.9999639987945557, "presence": 0.9999692440032959}, "right eye (outer)": {"x": 0.6226879954338074, "y": 0.2525554299354553, "z": -0.34197551012039185, "visibility": 0.9999610781669617, "presence": 0.9999579191207886}, "left ear": {"x": 0.677511990070343, "y": 0.24882657825946808, "z": -0.24201151728630066, "visibility": 0.9999781250953674, "presence": 0.9999853372573853}, "right ear": {"x": 0.6323383450508118, "y": 0.26022931933403015, "z": -0.15762367844581604, "visibility": 0.9999009966850281, "presence": 0.9999421834945679}, "mouth (left)": {"x": 0.6439829468727112, "y": 0.30205830931663513, "z": -0.3222946524620056, "visibility": 0.9999765157699585, "presence": 0.9999945163726807}, "mouth (right)": {"x": 0.6297651529312134, "y": 0.30477726459503174, "z": -0.30054304003715515, "visibility": 0.9999501705169678, "presence": 0.9999798536300659}, "left shoulder": {"x": 0.763940155506134, "y": 0.39330750703811646, "z": -0.1716078817844391, "visibility": 0.9999764561653137, "presence": 0.9999934434890747}, "right shoulder": {"x": 0.611721932888031, "y": 0.4274337887763977, "z": -0.04096544533967972, "visibility": 0.9997420907020569, "presence": 0.9999136924743652}, "left elbow": {"x": 0.8175035715103149, "y": 0.5736640691757202, "z": -0.31530407071113586, "visibility": 0.9923364520072937, "presence": 0.9993997812271118}, "right elbow": {"x": 0.5540371537208557, "y": 0.5633209943771362, "z": -0.19742533564567566, "visibility": 0.7150535583496094, "presence": 0.9962339997291565}, "left wrist": {"x": 0.7562538385391235, "y": 0.5842844843864441, "z": -0.629178524017334, "visibility": 0.9927370548248291, "presence": 0.9999603033065796}, "right wrist": {"x": 0.5203837752342224, "y": 0.5291310548782349, "z": -0.6236722469329834, "visibility": 0.8561065196990967, "presence": 0.9985209107398987}, "left pinky": {"x": 0.7374182939529419, "y": 0.6021813154220581, "z": -0.7027135491371155, "visibility": 0.9917480945587158, "presence": 0.9998716115951538}, "right pinky": {"x": 0.4938817620277405, "y": 0.5026482939720154, "z": -0.718842625617981, "visibility": 0.8726190328598022, "presence": 0.9975236058235168}, "left index": {"x": 0.7231103777885437, "y": 0.5758456587791443, "z": -0.7174967527389526, "visibility": 0.9921691417694092, "presence": 0.9999288320541382}, "right index": {"x": 0.5020169019699097, "y": 0.4811320900917053, "z": -0.7356953024864197, "visibility": 0.8786018490791321, "presence": 0.9987300038337708}, "left thumb": {"x": 0.7244647145271301, "y": 0.5748466849327087, "z": -0.6403862237930298, "visibility": 0.9846901893615723, "presence": 0.999957799911499}, "right thumb": {"x": 0.5140384435653687, "y": 0.4958357810974121, "z": -0.6454591751098633, "visibility": 0.8678128123283386, "presence": 0.9992737174034119}, "left hip": {"x": 0.7620407342910767, "y": 0.7600599527359009, "z": -0.02303246594965458, "visibility": 0.9956044554710388, "presence": 0.9965733289718628}, "right hip": {"x": 0.6656914949417114, "y": 0.7775112390518188, "z": 0.022791925817728043, "visibility": 0.9935154318809509, "presence": 0.9955803751945496}, "left knee": {"x": 0.8471978902816772, "y": 0.9917437434196472, "z": -0.2667796015739441, "visibility": 0.3123318552970886, "presence": 0.3035474717617035}, "right knee": {"x": 0.5763183832168579, "y": 0.9996582865715027, "z": -0.2456551343202591, "visibility": 0.19760704040527344, "presence": 0.19674107432365417}, "left ankle": {"x": 0.839985728263855, "y": 1.3021212816238403, "z": -0.0030604226049035788, "visibility": 0.054550591856241226, "presence": 0.06648087501525879}, "right ankle": {"x": 0.6320847272872925, "y": 1.2795555591583252, "z": -0.008070536889135838, "visibility": 0.019222529605031013, "presence": 0.06560060381889343}, "left heel": {"x": 0.8397809267044067, "y": 1.3350828886032104, "z": 0.018218163400888443, "visibility": 0.04165348410606384, "presence": 0.046061694622039795}, "right heel": {"x": 0.6433595418930054, "y": 1.3153027296066284, "z": 0.011637641116976738, "visibility": 0.026502544060349464, "presence": 0.09002119302749634}, "left foot index": {"x": 0.8166269063949585, "y": 1.4079077243804932, "z": -0.1408870667219162, "visibility": 0.05665084347128868, "presence": 0.10618807375431061}, "right foot index": {"x": 0.6284186840057373, "y": 1.3687552213668823, "z": -0.12106917798519135, "visibility": 0.01691451482474804, "presence": 0.10632777214050293}, "timestamp": "20240418-205456"}