{"nose": {"x": 0.5380469560623169, "y": 0.46679845452308655, "z": -0.5125257968902588, "visibility": 0.9999552965164185, "presence": 0.9999558925628662}, "left eye (inner)": {"x": 0.5428775548934937, "y": 0.43550926446914673, "z": -0.5118082761764526, "visibility": 0.999928891658783, "presence": 0.9999350309371948}, "left eye": {"x": 0.5478948354721069, "y": 0.4319588840007782, "z": -0.5121140480041504, "visibility": 0.9999098181724548, "presence": 0.9999436140060425}, "left eye (outer)": {"x": 0.5530726909637451, "y": 0.4285559356212616, "z": -0.5120120048522949, "visibility": 0.9999275207519531, "presence": 0.99991774559021}, "right eye (inner)": {"x": 0.5346572995185852, "y": 0.43817001581192017, "z": -0.4939972460269928, "visibility": 0.9999372959136963, "presence": 0.999893307685852}, "right eye": {"x": 0.5335034728050232, "y": 0.4374368488788605, "z": -0.4944891929626465, "visibility": 0.9999420642852783, "presence": 0.9999035596847534}, "right eye (outer)": {"x": 0.5321154594421387, "y": 0.43668514490127563, "z": -0.4947843551635742, "visibility": 0.9999526143074036, "presence": 0.9998779296875}, "left ear": {"x": 0.5801931023597717, "y": 0.4156350791454315, "z": -0.44589686393737793, "visibility": 0.9999479055404663, "presence": 0.9999191761016846}, "right ear": {"x": 0.5476668477058411, "y": 0.4307255744934082, "z": -0.3437221348285675, "visibility": 0.9998885989189148, "presence": 0.9998646974563599}, "mouth (left)": {"x": 0.5539944767951965, "y": 0.48235180974006653, "z": -0.4703652262687683, "visibility": 0.9999639987945557, "presence": 0.9999704360961914}, "mouth (right)": {"x": 0.5439947843551636, "y": 0.4869481325149536, "z": -0.4492174983024597, "visibility": 0.999946653842926, "presence": 0.9999147653579712}, "left shoulder": {"x": 0.6828126311302185, "y": 0.4966770112514496, "z": -0.3763689696788788, "visibility": 0.9999639391899109, "presence": 0.9999847412109375}, "right shoulder": {"x": 0.5362600088119507, "y": 0.5300881862640381, "z": -0.212479829788208, "visibility": 0.999875009059906, "presence": 0.999946117401123}, "left elbow": {"x": 0.7288202047348022, "y": 0.7124916315078735, "z": -0.5381433963775635, "visibility": 0.9879893660545349, "presence": 0.9978263974189758}, "right elbow": {"x": 0.47614651918411255, "y": 0.6533344984054565, "z": -0.3349025845527649, "visibility": 0.7839140892028809, "presence": 0.9983021020889282}, "left wrist": {"x": 0.6301981806755066, "y": 0.695242166519165, "z": -0.7881959080696106, "visibility": 0.9746789336204529, "presence": 0.999900221824646}, "right wrist": {"x": 0.4632660746574402, "y": 0.701208770275116, "z": -0.7019577026367188, "visibility": 0.8278875350952148, "presence": 0.9966039657592773}, "left pinky": {"x": 0.603114664554596, "y": 0.7177995443344116, "z": -0.8588210940361023, "visibility": 0.9672143459320068, "presence": 0.9997290968894958}, "right pinky": {"x": 0.46101659536361694, "y": 0.7343865036964417, "z": -0.7825655341148376, "visibility": 0.8211857080459595, "presence": 0.9914877414703369}, "left index": {"x": 0.5936402082443237, "y": 0.6838381290435791, "z": -0.8650377988815308, "visibility": 0.9667530059814453, "presence": 0.9998534917831421}, "right index": {"x": 0.4713766574859619, "y": 0.698210597038269, "z": -0.7903777956962585, "visibility": 0.8292883038520813, "presence": 0.9952625036239624}, "left thumb": {"x": 0.598712682723999, "y": 0.6802603602409363, "z": -0.7928153872489929, "visibility": 0.9367185235023499, "presence": 0.9999102354049683}, "right thumb": {"x": 0.4764938950538635, "y": 0.6861501932144165, "z": -0.7171767950057983, "visibility": 0.8050020933151245, "presence": 0.9974455833435059}, "left hip": {"x": 0.7020996809005737, "y": 0.8104385137557983, "z": -0.0369267538189888, "visibility": 0.99625164270401, "presence": 0.9994421601295471}, "right hip": {"x": 0.6144911050796509, "y": 0.8275417685508728, "z": 0.03667499125003815, "visibility": 0.9959167242050171, "presence": 0.9995081424713135}, "left knee": {"x": 0.7939016819000244, "y": 0.9831637144088745, "z": -0.320756733417511, "visibility": 0.28398242592811584, "presence": 0.654673159122467}, "right knee": {"x": 0.5214861035346985, "y": 1.0037128925323486, "z": -0.14451223611831665, "visibility": 0.2112334966659546, "presence": 0.43602681159973145}, "left ankle": {"x": 0.7984204292297363, "y": 1.2379018068313599, "z": -0.11374684423208237, "visibility": 0.026150241494178772, "presence": 0.21618488430976868}, "right ankle": {"x": 0.5866352319717407, "y": 1.0724653005599976, "z": 0.19351401925086975, "visibility": 0.014715342782437801, "presence": 0.4062334895133972}, "left heel": {"x": 0.7984504103660583, "y": 1.2591925859451294, "z": -0.097020223736763, "visibility": 0.022128866985440254, "presence": 0.1239301860332489}, "right heel": {"x": 0.602996826171875, "y": 1.0718252658843994, "z": 0.22582337260246277, "visibility": 0.021145600825548172, "presence": 0.5597327351570129}, "left foot index": {"x": 0.7858946323394775, "y": 1.348059892654419, "z": -0.21915261447429657, "visibility": 0.02565196342766285, "presence": 0.14946109056472778}, "right foot index": {"x": 0.6083252429962158, "y": 1.1383304595947266, "z": 0.16588032245635986, "visibility": 0.012700711376965046, "presence": 0.5402100682258606}, "timestamp": "20240418-205459"}