{"nose": {"x": 0.6634284853935242, "y": 0.2673203647136688, "z": -0.40932273864746094, "visibility": 0.9999765753746033, "presence": 0.9999791383743286}, "left eye (inner)": {"x": 0.6717842817306519, "y": 0.23476433753967285, "z": -0.397895485162735, "visibility": 0.9999443292617798, "presence": 0.9999691247940063}, "left eye": {"x": 0.6781536340713501, "y": 0.23284310102462769, "z": -0.39831891655921936, "visibility": 0.9999451041221619, "presence": 0.9999752044677734}, "left eye (outer)": {"x": 0.6853375434875488, "y": 0.23120619356632233, "z": -0.39826491475105286, "visibility": 0.9999474883079529, "presence": 0.9999696016311646}, "right eye (inner)": {"x": 0.6612807512283325, "y": 0.23875528573989868, "z": -0.37839898467063904, "visibility": 0.9999508261680603, "presence": 0.999923825263977}, "right eye": {"x": 0.6588243246078491, "y": 0.24000930786132812, "z": -0.3787685036659241, "visibility": 0.9999624490737915, "presence": 0.9999191761016846}, "right eye (outer)": {"x": 0.6560993790626526, "y": 0.2414039820432663, "z": -0.3789755702018738, "visibility": 0.999954104423523, "presence": 0.9998821020126343}, "left ear": {"x": 0.709107518196106, "y": 0.23544210195541382, "z": -0.2782612144947052, "visibility": 0.9999746084213257, "presence": 0.9999759197235107}, "right ear": {"x": 0.6655299067497253, "y": 0.24798975884914398, "z": -0.19002221524715424, "visibility": 0.9998905062675476, "presence": 0.9998248219490051}, "mouth (left)": {"x": 0.677815854549408, "y": 0.2932523190975189, "z": -0.35856765508651733, "visibility": 0.9999779462814331, "presence": 0.999990701675415}, "mouth (right)": {"x": 0.6651307344436646, "y": 0.2970200777053833, "z": -0.33598077297210693, "visibility": 0.9999598860740662, "presence": 0.9999563694000244}, "left shoulder": {"x": 0.7942783832550049, "y": 0.39318394660949707, "z": -0.2101341187953949, "visibility": 0.9999780058860779, "presence": 0.9999932050704956}, "right shoulder": {"x": 0.6394376158714294, "y": 0.4152112603187561, "z": -0.05761248990893364, "visibility": 0.9997682571411133, "presence": 0.9997867941856384}, "left elbow": {"x": 0.8608044385910034, "y": 0.5878969430923462, "z": -0.3603113889694214, "visibility": 0.9945452809333801, "presence": 0.9994743466377258}, "right elbow": {"x": 0.5772749781608582, "y": 0.5497393012046814, "z": -0.19789908826351166, "visibility": 0.6464836001396179, "presence": 0.9930844306945801}, "left wrist": {"x": 0.7805823087692261, "y": 0.5870601534843445, "z": -0.7037266492843628, "visibility": 0.9959356188774109, "presence": 0.9999696016311646}, "right wrist": {"x": 0.5383946299552917, "y": 0.5151147842407227, "z": -0.5930622220039368, "visibility": 0.9085885882377625, "presence": 0.9949594736099243}, "left pinky": {"x": 0.7551850080490112, "y": 0.6085110902786255, "z": -0.7845839262008667, "visibility": 0.9963868260383606, "presence": 0.999889612197876}, "right pinky": {"x": 0.5128965973854065, "y": 0.5050472617149353, "z": -0.6804991960525513, "visibility": 0.9419286251068115, "presence": 0.9911994338035583}, "left index": {"x": 0.7430214285850525, "y": 0.580052375793457, "z": -0.7942441701889038, "visibility": 0.9967920780181885, "presence": 0.9999417066574097}, "right index": {"x": 0.525921642780304, "y": 0.48043444752693176, "z": -0.6989375352859497, "visibility": 0.9475706815719604, "presence": 0.9952167272567749}, "left thumb": {"x": 0.7466870546340942, "y": 0.5779380798339844, "z": -0.7112332582473755, "visibility": 0.9937023520469666, "presence": 0.9999675750732422}, "right thumb": {"x": 0.5377902388572693, "y": 0.4890654683113098, "z": -0.6144629120826721, "visibility": 0.9407353401184082, "presence": 0.9972755312919617}, "left hip": {"x": 0.7827556133270264, "y": 0.7750262022018433, "z": -0.02221188321709633, "visibility": 0.9954360723495483, "presence": 0.997448742389679}, "right hip": {"x": 0.6850056052207947, "y": 0.780179500579834, "z": 0.022017372772097588, "visibility": 0.9936812520027161, "presence": 0.9958598017692566}, "left knee": {"x": 0.8649172782897949, "y": 1.0045973062515259, "z": -0.24760711193084717, "visibility": 0.19710306823253632, "presence": 0.3624619245529175}, "right knee": {"x": 0.5935793519020081, "y": 1.0000603199005127, "z": -0.24903516471385956, "visibility": 0.19932997226715088, "presence": 0.20743970572948456}, "left ankle": {"x": 0.8455500602722168, "y": 1.321714997291565, "z": 0.01557275839149952, "visibility": 0.022102363407611847, "presence": 0.07535368949174881}, "right ankle": {"x": 0.6374987959861755, "y": 1.2953554391860962, "z": -0.022829530760645866, "visibility": 0.023473838344216347, "presence": 0.0702454075217247}, "left heel": {"x": 0.8438388705253601, "y": 1.35269033908844, "z": 0.03543057292699814, "visibility": 0.021087205037474632, "presence": 0.055314451456069946}, "right heel": {"x": 0.6474283337593079, "y": 1.330548644065857, "z": -0.003796557430177927, "visibility": 0.031168492510914803, "presence": 0.09904985129833221}, "left foot index": {"x": 0.8193032145500183, "y": 1.430733561515808, "z": -0.10170461982488632, "visibility": 0.02461334317922592, "presence": 0.11886242032051086}, "right foot index": {"x": 0.6321264505386353, "y": 1.3901090621948242, "z": -0.1299837976694107, "visibility": 0.01942531019449234, "presence": 0.09917338937520981}, "timestamp": "20240418-205520"}