{"nose": {"x": 0.6003614664077759, "y": 0.2846355140209198, "z": -0.3361296057701111, "visibility": 0.9999708533287048, "presence": 0.999962568283081}, "left eye (inner)": {"x": 0.6101954579353333, "y": 0.25167855620384216, "z": -0.32856467366218567, "visibility": 0.9999471306800842, "presence": 0.9999523162841797}, "left eye": {"x": 0.6154536604881287, "y": 0.24953660368919373, "z": -0.3289763629436493, "visibility": 0.999936580657959, "presence": 0.9999607801437378}, "left eye (outer)": {"x": 0.6219851970672607, "y": 0.24713079631328583, "z": -0.3289493918418884, "visibility": 0.999943733215332, "presence": 0.9999488592147827}, "right eye (inner)": {"x": 0.5990444421768188, "y": 0.2578587532043457, "z": -0.31048285961151123, "visibility": 0.9999565482139587, "presence": 0.9998911619186401}, "right eye": {"x": 0.5970134139060974, "y": 0.2592131793498993, "z": -0.31090718507766724, "visibility": 0.9999622702598572, "presence": 0.9998795986175537}, "right eye (outer)": {"x": 0.594756007194519, "y": 0.26019182801246643, "z": -0.31118232011795044, "visibility": 0.9999650716781616, "presence": 0.9998251795768738}, "left ear": {"x": 0.6495062112808228, "y": 0.25169646739959717, "z": -0.23893705010414124, "visibility": 0.9999641180038452, "presence": 0.9999582767486572}, "right ear": {"x": 0.6048000454902649, "y": 0.26573705673217773, "z": -0.15723921358585358, "visibility": 0.9999253153800964, "presence": 0.9997132420539856}, "mouth (left)": {"x": 0.6145707368850708, "y": 0.30640700459480286, "z": -0.299297034740448, "visibility": 0.999972403049469, "presence": 0.9999716281890869}, "mouth (right)": {"x": 0.6039738059043884, "y": 0.3154180347919464, "z": -0.2783413231372833, "visibility": 0.9999595284461975, "presence": 0.9998645782470703}, "left shoulder": {"x": 0.732698380947113, "y": 0.38053596019744873, "z": -0.20843322575092316, "visibility": 0.999966561794281, "presence": 0.9999864101409912}, "right shoulder": {"x": 0.5891321301460266, "y": 0.4190220832824707, "z": -0.06867454946041107, "visibility": 0.9997693300247192, "presence": 0.9995827078819275}, "left elbow": {"x": 0.7758206129074097, "y": 0.5903445482254028, "z": -0.3738207221031189, "visibility": 0.9853222370147705, "presence": 0.99861741065979}, "right elbow": {"x": 0.5080037713050842, "y": 0.531951367855072, "z": -0.20113816857337952, "visibility": 0.7215373516082764, "presence": 0.9920864701271057}, "left wrist": {"x": 0.693487286567688, "y": 0.5461997985839844, "z": -0.6505400538444519, "visibility": 0.9825875759124756, "presence": 0.9999840259552002}, "right wrist": {"x": 0.4319944381713867, "y": 0.45535120368003845, "z": -0.49351373314857483, "visibility": 0.8876487016677856, "presence": 0.9946081638336182}, "left pinky": {"x": 0.6655569076538086, "y": 0.5459324717521667, "z": -0.7163503170013428, "visibility": 0.9757837057113647, "presence": 0.9999352693557739}, "right pinky": {"x": 0.398398756980896, "y": 0.420576810836792, "z": -0.5563722252845764, "visibility": 0.8944792151451111, "presence": 0.984703004360199}, "left index": {"x": 0.6548467874526978, "y": 0.5169647932052612, "z": -0.7202128767967224, "visibility": 0.9751700162887573, "presence": 0.9999641180038452}, "right index": {"x": 0.40248817205429077, "y": 0.3950826823711395, "z": -0.5636523962020874, "visibility": 0.9002293944358826, "presence": 0.9913511276245117}, "left thumb": {"x": 0.6588528752326965, "y": 0.5242916941642761, "z": -0.6550123691558838, "visibility": 0.9610689282417297, "presence": 0.999982476234436}, "right thumb": {"x": 0.4195837080478668, "y": 0.4155707061290741, "z": -0.5085641741752625, "visibility": 0.8913145661354065, "presence": 0.9962879419326782}, "left hip": {"x": 0.7310281991958618, "y": 0.7547898888587952, "z": -0.03164193779230118, "visibility": 0.9965642690658569, "presence": 0.9995512366294861}, "right hip": {"x": 0.6400017142295837, "y": 0.7734063863754272, "z": 0.031376369297504425, "visibility": 0.9959582686424255, "presence": 0.9992085099220276}, "left knee": {"x": 0.8261452913284302, "y": 0.9884878396987915, "z": -0.23294636607170105, "visibility": 0.2987077832221985, "presence": 0.640686571598053}, "right knee": {"x": 0.5322153568267822, "y": 0.993184506893158, "z": -0.13654199242591858, "visibility": 0.2407664805650711, "presence": 0.2456856369972229}, "left ankle": {"x": 0.801941990852356, "y": 1.1836652755737305, "z": -0.019510583952069283, "visibility": 0.03645475581288338, "presence": 0.26851317286491394}, "right ankle": {"x": 0.6067440509796143, "y": 1.0156046152114868, "z": 0.16970688104629517, "visibility": 0.016500266268849373, "presence": 0.35538673400878906}, "left heel": {"x": 0.7991788983345032, "y": 1.198432207107544, "z": 0.005409018602222204, "visibility": 0.030956337228417397, "presence": 0.158578559756279}, "right heel": {"x": 0.6253510117530823, "y": 1.0033421516418457, "z": 0.20717234909534454, "visibility": 0.023303896188735962, "presence": 0.48667529225349426}, "left foot index": {"x": 0.7776074409484863, "y": 1.2667008638381958, "z": -0.035220950841903687, "visibility": 0.03284186124801636, "presence": 0.17242534458637238}, "right foot index": {"x": 0.6179305911064148, "y": 1.06533682346344, "z": 0.20112434029579163, "visibility": 0.014140849001705647, "presence": 0.39188775420188904}, "timestamp": "20240418-205523"}