{"nose": {"x": 0.6198056936264038, "y": 0.3600321114063263, "z": -0.4350042939186096, "visibility": 0.9999751448631287, "presence": 0.9999569654464722}, "left eye (inner)": {"x": 0.627591609954834, "y": 0.32323649525642395, "z": -0.4341448247432709, "visibility": 0.9999497532844543, "presence": 0.9999212026596069}, "left eye": {"x": 0.6338553428649902, "y": 0.31961700320243835, "z": -0.4344998300075531, "visibility": 0.9999473094940186, "presence": 0.999932050704956}, "left eye (outer)": {"x": 0.6397573351860046, "y": 0.3168710768222809, "z": -0.4344068467617035, "visibility": 0.9999524354934692, "presence": 0.9999082088470459}, "right eye (inner)": {"x": 0.6162266731262207, "y": 0.3296877145767212, "z": -0.41000908613204956, "visibility": 0.999954104423523, "presence": 0.9998511075973511}, "right eye": {"x": 0.613637387752533, "y": 0.3309926986694336, "z": -0.41041484475135803, "visibility": 0.9999628663063049, "presence": 0.9998542070388794}, "right eye (outer)": {"x": 0.6112465262413025, "y": 0.3318769931793213, "z": -0.41068515181541443, "visibility": 0.9999579787254333, "presence": 0.9998049139976501}, "left ear": {"x": 0.6687349081039429, "y": 0.31379351019859314, "z": -0.3598925769329071, "visibility": 0.9999752044677734, "presence": 0.9999215602874756}, "right ear": {"x": 0.6260918378829956, "y": 0.3340887725353241, "z": -0.2414100170135498, "visibility": 0.9998977184295654, "presence": 0.9997662901878357}, "mouth (left)": {"x": 0.6365975141525269, "y": 0.38257038593292236, "z": -0.3959192931652069, "visibility": 0.9999765753746033, "presence": 0.9999761581420898}, "mouth (right)": {"x": 0.624925971031189, "y": 0.387983500957489, "z": -0.3667358458042145, "visibility": 0.9999561905860901, "presence": 0.9999074935913086}, "left shoulder": {"x": 0.769744873046875, "y": 0.4153374135494232, "z": -0.28406909108161926, "visibility": 0.9999780058860779, "presence": 0.9999860525131226}, "right shoulder": {"x": 0.6196111440658569, "y": 0.4750407636165619, "z": -0.12299547344446182, "visibility": 0.9997905492782593, "presence": 0.9998481273651123}, "left elbow": {"x": 0.833032488822937, "y": 0.5744608640670776, "z": -0.41883760690689087, "visibility": 0.9946200847625732, "presence": 0.9989770650863647}, "right elbow": {"x": 0.5929545760154724, "y": 0.6227855086326599, "z": -0.26195260882377625, "visibility": 0.7024555802345276, "presence": 0.9965639710426331}, "left wrist": {"x": 0.7597810626029968, "y": 0.6251676082611084, "z": -0.6959723234176636, "visibility": 0.9954570531845093, "presence": 0.9999022483825684}, "right wrist": {"x": 0.5794026255607605, "y": 0.5609257817268372, "z": -0.6431060433387756, "visibility": 0.8462710976600647, "presence": 0.9989803433418274}, "left pinky": {"x": 0.7389312982559204, "y": 0.6558172702789307, "z": -0.769586443901062, "visibility": 0.9951542019844055, "presence": 0.9996546506881714}, "right pinky": {"x": 0.5614087581634521, "y": 0.5487159490585327, "z": -0.7296692728996277, "visibility": 0.8813527822494507, "presence": 0.9981936812400818}, "left index": {"x": 0.7294312715530396, "y": 0.6236703991889954, "z": -0.7818576693534851, "visibility": 0.9955605268478394, "presence": 0.9998206496238708}, "right index": {"x": 0.5637099146842957, "y": 0.5151064991950989, "z": -0.7378941774368286, "visibility": 0.889720618724823, "presence": 0.9990746974945068}, "left thumb": {"x": 0.7330161333084106, "y": 0.617557942867279, "z": -0.7041469216346741, "visibility": 0.9913010597229004, "presence": 0.9998953342437744}, "right thumb": {"x": 0.5740765333175659, "y": 0.5147029161453247, "z": -0.6595792174339294, "visibility": 0.87796550989151, "presence": 0.9994768500328064}, "left hip": {"x": 0.7774926424026489, "y": 0.7798874974250793, "z": -0.03596819192171097, "visibility": 0.9947302341461182, "presence": 0.998839795589447}, "right hip": {"x": 0.6877758502960205, "y": 0.8031025528907776, "z": 0.03569774702191353, "visibility": 0.9939691424369812, "presence": 0.9986421465873718}, "left knee": {"x": 0.8589297533035278, "y": 0.9813551902770996, "z": -0.26436832547187805, "visibility": 0.2359922230243683, "presence": 0.39633598923683167}, "right knee": {"x": 0.6016800403594971, "y": 0.9953262209892273, "z": -0.15546658635139465, "visibility": 0.25366511940956116, "presence": 0.22801266610622406}, "left ankle": {"x": 0.8770929574966431, "y": 1.2539945840835571, "z": -0.07829893380403519, "visibility": 0.02967069484293461, "presence": 0.0861167386174202}, "right ankle": {"x": 0.6674617528915405, "y": 1.154261589050293, "z": 0.1094503402709961, "visibility": 0.03556108847260475, "presence": 0.18912576138973236}, "left heel": {"x": 0.8808773159980774, "y": 1.2853938341140747, "z": -0.06539016962051392, "visibility": 0.024573074653744698, "presence": 0.05177665129303932}, "right heel": {"x": 0.6836618185043335, "y": 1.1700384616851807, "z": 0.13422629237174988, "visibility": 0.03969762474298477, "presence": 0.2746753990650177}, "left foot index": {"x": 0.8609321713447571, "y": 1.3549222946166992, "z": -0.20945274829864502, "visibility": 0.03044935129582882, "presence": 0.09786489605903625}, "right foot index": {"x": 0.6782889366149902, "y": 1.2276556491851807, "z": 0.043448854237794876, "visibility": 0.029626213014125824, "presence": 0.2905021011829376}, "timestamp": "20240418-205514"}