{"nose": {"x": 0.5668347477912903, "y": 0.3947997987270355, "z": -0.463742733001709, "visibility": 0.9999848008155823, "presence": 0.9999854564666748}, "left eye (inner)": {"x": 0.5733415484428406, "y": 0.36283159255981445, "z": -0.46344083547592163, "visibility": 0.9999703168869019, "presence": 0.9999756813049316}, "left eye": {"x": 0.5789283514022827, "y": 0.35962483286857605, "z": -0.46377772092819214, "visibility": 0.9999693632125854, "presence": 0.9999760389328003}, "left eye (outer)": {"x": 0.5856704711914062, "y": 0.3561817705631256, "z": -0.4636785387992859, "visibility": 0.9999731779098511, "presence": 0.9999637603759766}, "right eye (inner)": {"x": 0.5632654428482056, "y": 0.3672512173652649, "z": -0.44442859292030334, "visibility": 0.9999695420265198, "presence": 0.9999688863754272}, "right eye": {"x": 0.5614091753959656, "y": 0.3674052059650421, "z": -0.4448779225349426, "visibility": 0.9999740719795227, "presence": 0.9999731779098511}, "right eye (outer)": {"x": 0.5597060918807983, "y": 0.3675592243671417, "z": -0.4451623857021332, "visibility": 0.9999722838401794, "presence": 0.9999672174453735}, "left ear": {"x": 0.6118279695510864, "y": 0.3487851023674011, "z": -0.3860887289047241, "visibility": 0.9999851584434509, "presence": 0.9999542236328125}, "right ear": {"x": 0.5750485062599182, "y": 0.3664146065711975, "z": -0.29874202609062195, "visibility": 0.9999375939369202, "presence": 0.9999600648880005}, "mouth (left)": {"x": 0.584492564201355, "y": 0.41211581230163574, "z": -0.4258553981781006, "visibility": 0.9999856948852539, "presence": 0.9999808073043823}, "mouth (right)": {"x": 0.5727003216743469, "y": 0.41718199849128723, "z": -0.40350812673568726, "visibility": 0.9999728798866272, "presence": 0.9999610185623169}, "left shoulder": {"x": 0.7105181217193604, "y": 0.45043665170669556, "z": -0.3043397068977356, "visibility": 0.9999797940254211, "presence": 0.9999765157699585}, "right shoulder": {"x": 0.5726715922355652, "y": 0.4895170032978058, "z": -0.17582184076309204, "visibility": 0.9997767806053162, "presence": 0.9999735355377197}, "left elbow": {"x": 0.7859057784080505, "y": 0.6235083937644958, "z": -0.4158894121646881, "visibility": 0.9921537637710571, "presence": 0.9980865716934204}, "right elbow": {"x": 0.5182897448539734, "y": 0.645809531211853, "z": -0.23202280700206757, "visibility": 0.7642441987991333, "presence": 0.9994198083877563}, "left wrist": {"x": 0.6983086466789246, "y": 0.6609878540039062, "z": -0.6167397499084473, "visibility": 0.9944431781768799, "presence": 0.9999071359634399}, "right wrist": {"x": 0.5431326031684875, "y": 0.7236959934234619, "z": -0.458373486995697, "visibility": 0.8528494834899902, "presence": 0.9992413520812988}, "left pinky": {"x": 0.6745067238807678, "y": 0.695382833480835, "z": -0.6770468950271606, "visibility": 0.9933561682701111, "presence": 0.9996891021728516}, "right pinky": {"x": 0.5520559549331665, "y": 0.7580706477165222, "z": -0.5183634161949158, "visibility": 0.8586877584457397, "presence": 0.9970225691795349}, "left index": {"x": 0.660567581653595, "y": 0.664412796497345, "z": -0.6839196681976318, "visibility": 0.9935781955718994, "presence": 0.999833345413208}, "right index": {"x": 0.5666541457176208, "y": 0.7412858605384827, "z": -0.5280903577804565, "visibility": 0.8646823763847351, "presence": 0.9983117580413818}, "left thumb": {"x": 0.666502833366394, "y": 0.655605673789978, "z": -0.6202900409698486, "visibility": 0.986739456653595, "presence": 0.9999047517776489}, "right thumb": {"x": 0.5618287324905396, "y": 0.724301815032959, "z": -0.4690602421760559, "visibility": 0.8564241528511047, "presence": 0.9992111921310425}, "left hip": {"x": 0.74151211977005, "y": 0.7636048793792725, "z": -0.025894522666931152, "visibility": 0.9971553087234497, "presence": 0.9960899353027344}, "right hip": {"x": 0.6524800062179565, "y": 0.7884663939476013, "z": 0.025699416175484657, "visibility": 0.9958788156509399, "presence": 0.9980364441871643}, "left knee": {"x": 0.8097230792045593, "y": 0.9833250045776367, "z": -0.17784835398197174, "visibility": 0.4389803409576416, "presence": 0.27074891328811646}, "right knee": {"x": 0.551871657371521, "y": 0.994057297706604, "z": -0.11661503463983536, "visibility": 0.23196277022361755, "presence": 0.34546026587486267}, "left ankle": {"x": 0.8257887959480286, "y": 1.2340532541275024, "z": 0.023837516084313393, "visibility": 0.10102734714746475, "presence": 0.05392912030220032}, "right ankle": {"x": 0.5865861177444458, "y": 1.1938673257827759, "z": 0.11092505604028702, "visibility": 0.024188438430428505, "presence": 0.08068719506263733}, "left heel": {"x": 0.828029453754425, "y": 1.2571684122085571, "z": 0.04093952849507332, "visibility": 0.06694582104682922, "presence": 0.0326349139213562}, "right heel": {"x": 0.5989233255386353, "y": 1.2181791067123413, "z": 0.1321706473827362, "visibility": 0.0331132747232914, "presence": 0.11848592013120651}, "left foot index": {"x": 0.8111025094985962, "y": 1.3391033411026, "z": -0.07293757796287537, "visibility": 0.09944799542427063, "presence": 0.048212360590696335}, "right foot index": {"x": 0.5811014175415039, "y": 1.276533603668213, "z": 0.04874054342508316, "visibility": 0.0205985214561224, "presence": 0.0944223627448082}, "timestamp": "20240418-205455"}