{"nose": {"x": 0.5247203707695007, "y": 0.3226543962955475, "z": -0.40340957045555115, "visibility": 0.9999665021896362, "presence": 0.9999841451644897}, "left eye (inner)": {"x": 0.5341570377349854, "y": 0.29209306836128235, "z": -0.3957434296607971, "visibility": 0.9999390840530396, "presence": 0.9999829530715942}, "left eye": {"x": 0.540621817111969, "y": 0.2907949388027191, "z": -0.39619946479797363, "visibility": 0.9999399781227112, "presence": 0.9999874830245972}, "left eye (outer)": {"x": 0.5468887090682983, "y": 0.290544331073761, "z": -0.396145761013031, "visibility": 0.9999470710754395, "presence": 0.9999841451644897}, "right eye (inner)": {"x": 0.5243147611618042, "y": 0.29559627175331116, "z": -0.3761165142059326, "visibility": 0.9999351501464844, "presence": 0.9999562501907349}, "right eye": {"x": 0.5220156908035278, "y": 0.2964610755443573, "z": -0.3765159547328949, "visibility": 0.9999464750289917, "presence": 0.9999531507492065}, "right eye (outer)": {"x": 0.5194637179374695, "y": 0.2970407009124756, "z": -0.3767586648464203, "visibility": 0.9999458193778992, "presence": 0.9999316930770874}, "left ear": {"x": 0.5722519755363464, "y": 0.2950308918952942, "z": -0.29358330368995667, "visibility": 0.999974250793457, "presence": 0.9999891519546509}, "right ear": {"x": 0.5295978784561157, "y": 0.3024958670139313, "z": -0.20745880901813507, "visibility": 0.9998836517333984, "presence": 0.9998924732208252}, "mouth (left)": {"x": 0.5388092994689941, "y": 0.3461384177207947, "z": -0.3614735007286072, "visibility": 0.9999731183052063, "presence": 0.9999885559082031}, "mouth (right)": {"x": 0.5272385478019714, "y": 0.3499315679073334, "z": -0.3378799557685852, "visibility": 0.9999499320983887, "presence": 0.9999451637268066}, "left shoulder": {"x": 0.6488361358642578, "y": 0.4318576455116272, "z": -0.23153312504291534, "visibility": 0.9999768733978271, "presence": 0.9999947547912598}, "right shoulder": {"x": 0.5110013484954834, "y": 0.4589352607727051, "z": -0.07330271601676941, "visibility": 0.9997944831848145, "presence": 0.9997383952140808}, "left elbow": {"x": 0.6944690942764282, "y": 0.6268525719642639, "z": -0.37254855036735535, "visibility": 0.9858339428901672, "presence": 0.9994553923606873}, "right elbow": {"x": 0.4382937550544739, "y": 0.5742397308349609, "z": -0.1819385439157486, "visibility": 0.6846488118171692, "presence": 0.9943479895591736}, "left wrist": {"x": 0.6259194612503052, "y": 0.5869174003601074, "z": -0.6502134203910828, "visibility": 0.9919341802597046, "presence": 0.9999839067459106}, "right wrist": {"x": 0.39002177119255066, "y": 0.5388752818107605, "z": -0.5022911429405212, "visibility": 0.9115874767303467, "presence": 0.9967669248580933}, "left pinky": {"x": 0.6016758680343628, "y": 0.6025134325027466, "z": -0.7227264642715454, "visibility": 0.991878092288971, "presence": 0.9999592304229736}, "right pinky": {"x": 0.3759811222553253, "y": 0.5154485702514648, "z": -0.5739657282829285, "visibility": 0.9272851943969727, "presence": 0.9950425624847412}, "left index": {"x": 0.5911276936531067, "y": 0.5732085704803467, "z": -0.7317296266555786, "visibility": 0.9921560883522034, "presence": 0.999974250793457}, "right index": {"x": 0.3796498775482178, "y": 0.5008241534233093, "z": -0.5879001021385193, "visibility": 0.9324357509613037, "presence": 0.9967371821403503}, "left thumb": {"x": 0.5964335203170776, "y": 0.5738161206245422, "z": -0.6578851938247681, "visibility": 0.9846023321151733, "presence": 0.9999845027923584}, "right thumb": {"x": 0.38682955503463745, "y": 0.5122302770614624, "z": -0.5203413963317871, "visibility": 0.9281630516052246, "presence": 0.9981789588928223}, "left hip": {"x": 0.6601017713546753, "y": 0.7722207903862, "z": -0.041591349989175797, "visibility": 0.9970768690109253, "presence": 0.9984737038612366}, "right hip": {"x": 0.5767951607704163, "y": 0.795210599899292, "z": 0.04126724600791931, "visibility": 0.9954395890235901, "presence": 0.9960178732872009}, "left knee": {"x": 0.7425593137741089, "y": 0.989497721195221, "z": -0.2106936275959015, "visibility": 0.5305453538894653, "presence": 0.7508509755134583}, "right knee": {"x": 0.5167815685272217, "y": 1.0045228004455566, "z": 0.10508254915475845, "visibility": 0.1617213487625122, "presence": 0.18476752936840057}, "left ankle": {"x": 0.7593938112258911, "y": 1.2682021856307983, "z": -0.06884889304637909, "visibility": 0.1664990931749344, "presence": 0.22225335240364075}, "right ankle": {"x": 0.5302436947822571, "y": 1.173211693763733, "z": 0.48701533675193787, "visibility": 0.030059335753321648, "presence": 0.11751075834035873}, "left heel": {"x": 0.7623621225357056, "y": 1.3021177053451538, "z": -0.06126350909471512, "visibility": 0.10591482371091843, "presence": 0.10560721158981323}, "right heel": {"x": 0.5352651476860046, "y": 1.1872905492782593, "z": 0.5246031284332275, "visibility": 0.03724583610892296, "presence": 0.21244417130947113}, "left foot index": {"x": 0.750775933265686, "y": 1.3696706295013428, "z": -0.21919803321361542, "visibility": 0.1697496771812439, "presence": 0.12635457515716553}, "right foot index": {"x": 0.5356960296630859, "y": 1.2365474700927734, "z": 0.468822181224823, "visibility": 0.026104917749762535, "presence": 0.26844272017478943}, "timestamp": "20240418-205446"}