{"nose": {"x": 0.6049326658248901, "y": 0.3053083121776581, "z": -0.40313172340393066, "visibility": 0.9999839067459106, "presence": 0.9999865293502808}, "left eye (inner)": {"x": 0.6139177083969116, "y": 0.27169325947761536, "z": -0.3986380100250244, "visibility": 0.9999626278877258, "presence": 0.9999746084213257}, "left eye": {"x": 0.6197246313095093, "y": 0.26956111192703247, "z": -0.3989803194999695, "visibility": 0.9999626874923706, "presence": 0.9999761581420898}, "left eye (outer)": {"x": 0.6264106631278992, "y": 0.26793935894966125, "z": -0.3988977074623108, "visibility": 0.999964714050293, "presence": 0.999966025352478}, "right eye (inner)": {"x": 0.6028890013694763, "y": 0.2782128155231476, "z": -0.37502583861351013, "visibility": 0.9999668002128601, "presence": 0.9999608993530273}, "right eye": {"x": 0.6002198457717896, "y": 0.2804241180419922, "z": -0.37541627883911133, "visibility": 0.9999741315841675, "presence": 0.9999645948410034}, "right eye (outer)": {"x": 0.5976492166519165, "y": 0.2821910083293915, "z": -0.37565943598747253, "visibility": 0.9999687075614929, "presence": 0.999954342842102}, "left ear": {"x": 0.6531895399093628, "y": 0.27057498693466187, "z": -0.2991976737976074, "visibility": 0.9999826550483704, "presence": 0.9999659061431885}, "right ear": {"x": 0.6113450527191162, "y": 0.2891697287559509, "z": -0.19281017780303955, "visibility": 0.9999234676361084, "presence": 0.9999444484710693}, "mouth (left)": {"x": 0.6239908933639526, "y": 0.32634642720222473, "z": -0.3589309751987457, "visibility": 0.9999849200248718, "presence": 0.9999901056289673}, "mouth (right)": {"x": 0.6103552579879761, "y": 0.3349505066871643, "z": -0.3308396637439728, "visibility": 0.9999725222587585, "presence": 0.9999728202819824}, "left shoulder": {"x": 0.7462419271469116, "y": 0.41293206810951233, "z": -0.22358591854572296, "visibility": 0.9999828338623047, "presence": 0.9999884366989136}, "right shoulder": {"x": 0.6039108633995056, "y": 0.43730634450912476, "z": -0.04993504285812378, "visibility": 0.9998100399971008, "presence": 0.999954342842102}, "left elbow": {"x": 0.8047024011611938, "y": 0.6125847101211548, "z": -0.3484795093536377, "visibility": 0.9955488443374634, "presence": 0.9989357590675354}, "right elbow": {"x": 0.546775221824646, "y": 0.5807260870933533, "z": -0.1930793821811676, "visibility": 0.6580073833465576, "presence": 0.9985474944114685}, "left wrist": {"x": 0.7127499580383301, "y": 0.5978785753250122, "z": -0.6157056093215942, "visibility": 0.9968980550765991, "presence": 0.9999418258666992}, "right wrist": {"x": 0.5271557569503784, "y": 0.6055972576141357, "z": -0.5767537355422974, "visibility": 0.8896486759185791, "presence": 0.9991681575775146}, "left pinky": {"x": 0.68751060962677, "y": 0.6197970509529114, "z": -0.6885889172554016, "visibility": 0.9970815181732178, "presence": 0.9998217225074768}, "right pinky": {"x": 0.523725152015686, "y": 0.6257985234260559, "z": -0.6727328300476074, "visibility": 0.9278404712677002, "presence": 0.9979947805404663}, "left index": {"x": 0.6765708923339844, "y": 0.5884323716163635, "z": -0.6999239921569824, "visibility": 0.9973968863487244, "presence": 0.9999042749404907}, "right index": {"x": 0.5344781279563904, "y": 0.5962427854537964, "z": -0.6834256649017334, "visibility": 0.9354271292686462, "presence": 0.9989903569221497}, "left thumb": {"x": 0.6826924085617065, "y": 0.5857948660850525, "z": -0.6228413581848145, "visibility": 0.9947453737258911, "presence": 0.9999417066574097}, "right thumb": {"x": 0.5357674360275269, "y": 0.5908195972442627, "z": -0.5958997011184692, "visibility": 0.9280716776847839, "presence": 0.9994438290596008}, "left hip": {"x": 0.7553279399871826, "y": 0.768636167049408, "z": -0.027279477566480637, "visibility": 0.995842456817627, "presence": 0.9954397082328796}, "right hip": {"x": 0.6629636883735657, "y": 0.7845048904418945, "z": 0.02707735262811184, "visibility": 0.9944762587547302, "presence": 0.9965724945068359}, "left knee": {"x": 0.8404496312141418, "y": 1.0003437995910645, "z": -0.2530010938644409, "visibility": 0.20489899814128876, "presence": 0.2060060203075409}, "right knee": {"x": 0.5762882828712463, "y": 0.9958634972572327, "z": -0.24469196796417236, "visibility": 0.21341291069984436, "presence": 0.23311398923397064}, "left ankle": {"x": 0.8338408470153809, "y": 1.2919964790344238, "z": -0.04245646297931671, "visibility": 0.01848786324262619, "presence": 0.042133014649152756}, "right ankle": {"x": 0.6198064088821411, "y": 1.268481969833374, "z": -0.021931283175945282, "visibility": 0.021068157628178596, "presence": 0.058083657175302505}, "left heel": {"x": 0.836471676826477, "y": 1.322945475578308, "z": -0.02482171729207039, "visibility": 0.019067514687776566, "presence": 0.030447285622358322}, "right heel": {"x": 0.6312001943588257, "y": 1.301862120628357, "z": -0.003606511279940605, "visibility": 0.02890131063759327, "presence": 0.08246689289808273}, "left foot index": {"x": 0.8230999708175659, "y": 1.402122974395752, "z": -0.16417595744132996, "visibility": 0.021440403535962105, "presence": 0.06839390099048615}, "right foot index": {"x": 0.6225638389587402, "y": 1.3662211894989014, "z": -0.13532471656799316, "visibility": 0.01801230013370514, "presence": 0.09080605208873749}, "timestamp": "20240418-205520"}