{"nose": {"x": 0.5797969102859497, "y": 0.3647378385066986, "z": -0.011910553090274334, "visibility": 0.9999511241912842, "presence": 0.9999998807907104}, "left eye (inner)": {"x": 0.5794937610626221, "y": 0.3501298725605011, "z": -0.02883191406726837, "visibility": 0.999940812587738, "presence": 0.9999998807907104}, "left eye": {"x": 0.580755889415741, "y": 0.34853512048721313, "z": -0.02898758463561535, "visibility": 0.9999353289604187, "presence": 0.9999998807907104}, "left eye (outer)": {"x": 0.5820476412773132, "y": 0.3472004234790802, "z": -0.02893841452896595, "visibility": 0.9999540448188782, "presence": 0.9999997615814209}, "right eye (inner)": {"x": 0.5787736177444458, "y": 0.3505118787288666, "z": -0.0028033640701323748, "visibility": 0.9999450445175171, "presence": 0.9999998807907104}, "right eye": {"x": 0.5794079899787903, "y": 0.34939056634902954, "z": -0.0029961199034005404, "visibility": 0.9999456405639648, "presence": 0.9999997615814209}, "right eye (outer)": {"x": 0.5800671577453613, "y": 0.3483642339706421, "z": -0.0030353853944689035, "visibility": 0.9999516606330872, "presence": 0.9999997615814209}, "left ear": {"x": 0.5926839709281921, "y": 0.34083473682403564, "z": -0.07229211926460266, "visibility": 0.9999585747718811, "presence": 0.9999996423721313}, "right ear": {"x": 0.5904244780540466, "y": 0.34168171882629395, "z": 0.04631311446428299, "visibility": 0.9998164772987366, "presence": 0.9999995231628418}, "mouth (left)": {"x": 0.5869980454444885, "y": 0.37074965238571167, "z": -0.023399177938699722, "visibility": 0.999819815158844, "presence": 0.9999990463256836}, "mouth (right)": {"x": 0.5863529443740845, "y": 0.3712770342826843, "z": 0.00966963917016983, "visibility": 0.9997177720069885, "presence": 0.9999978542327881}, "left shoulder": {"x": 0.6090108156204224, "y": 0.37076207995414734, "z": -0.1349266767501831, "visibility": 0.9999854564666748, "presence": 0.9999988079071045}, "right shoulder": {"x": 0.6198250651359558, "y": 0.36984783411026, "z": 0.1235089898109436, "visibility": 0.9997127056121826, "presence": 0.999992847442627}, "left elbow": {"x": 0.5764802098274231, "y": 0.4338044822216034, "z": -0.13601864874362946, "visibility": 0.9454448819160461, "presence": 0.9999895095825195}, "right elbow": {"x": 0.6371066570281982, "y": 0.4310545325279236, "z": 0.11962327361106873, "visibility": 0.28784528374671936, "presence": 0.9999611377716064}, "left wrist": {"x": 0.551175594329834, "y": 0.4497300386428833, "z": -0.039327092468738556, "visibility": 0.8682213425636292, "presence": 0.9999836683273315}, "right wrist": {"x": 0.6252133250236511, "y": 0.468735933303833, "z": 0.03001033514738083, "visibility": 0.34353113174438477, "presence": 0.9999709129333496}, "left pinky": {"x": 0.5444806814193726, "y": 0.45685669779777527, "z": -0.04430532827973366, "visibility": 0.849810004234314, "presence": 0.9999613761901855}, "right pinky": {"x": 0.6220712065696716, "y": 0.47826075553894043, "z": 0.025233279913663864, "visibility": 0.3446723520755768, "presence": 0.999961256980896}, "left index": {"x": 0.5442103147506714, "y": 0.45358806848526, "z": -0.04048644006252289, "visibility": 0.8433798551559448, "presence": 0.9999457597732544}, "right index": {"x": 0.6194574236869812, "y": 0.4810526669025421, "z": 0.012243893928825855, "visibility": 0.3489023447036743, "presence": 0.9999480247497559}, "left thumb": {"x": 0.5483438372612, "y": 0.45069122314453125, "z": -0.033655181527137756, "visibility": 0.7788619995117188, "presence": 0.9999663829803467}, "right thumb": {"x": 0.6205384731292725, "y": 0.47710418701171875, "z": 0.02057046815752983, "visibility": 0.32750052213668823, "presence": 0.9999657869338989}, "left hip": {"x": 0.6803714632987976, "y": 0.5027891993522644, "z": -0.08284955471754074, "visibility": 0.999864399433136, "presence": 0.9999994039535522}, "right hip": {"x": 0.6670070290565491, "y": 0.49573132395744324, "z": 0.08266397565603256, "visibility": 0.9996871948242188, "presence": 0.9999995231628418}, "left knee": {"x": 0.69583660364151, "y": 0.6400681138038635, "z": -0.134979709982872, "visibility": 0.8996645212173462, "presence": 0.9999971389770508}, "right knee": {"x": 0.6103683114051819, "y": 0.5101537704467773, "z": 0.14426320791244507, "visibility": 0.19104929268360138, "presence": 0.9999973773956299}, "left ankle": {"x": 0.7725187540054321, "y": 0.7040666341781616, "z": -0.18747106194496155, "visibility": 0.8625258207321167, "presence": 0.9999525547027588}, "right ankle": {"x": 0.5553396940231323, "y": 0.5319239497184753, "z": 0.19403798878192902, "visibility": 0.21962697803974152, "presence": 0.9999958276748657}, "left heel": {"x": 0.789903998374939, "y": 0.7089137434959412, "z": -0.19635356962680817, "visibility": 0.7409919500350952, "presence": 0.9997262358665466}, "right heel": {"x": 0.5557524561882019, "y": 0.550882875919342, "z": 0.19894525408744812, "visibility": 0.3079277575016022, "presence": 0.9999969005584717}, "left foot index": {"x": 0.7624000906944275, "y": 0.7666009068489075, "z": -0.24658335745334625, "visibility": 0.8846201300621033, "presence": 0.9997727274894714}, "right foot index": {"x": 0.5081043243408203, "y": 0.4927239716053009, "z": 0.21308884024620056, "visibility": 0.3367737829685211, "presence": 0.999991774559021}, "timestamp": "20240418-205648"}