{"nose": {"x": 0.5779754519462585, "y": 0.33868852257728577, "z": -0.05132622271776199, "visibility": 0.9999483227729797, "presence": 0.9999866485595703}, "left eye (inner)": {"x": 0.5778955817222595, "y": 0.3217991292476654, "z": -0.07023212313652039, "visibility": 0.9999368190765381, "presence": 0.9999827146530151}, "left eye": {"x": 0.5792083740234375, "y": 0.3201182186603546, "z": -0.07043197005987167, "visibility": 0.9999319314956665, "presence": 0.9999852180480957}, "left eye (outer)": {"x": 0.5806030035018921, "y": 0.31840941309928894, "z": -0.07041129469871521, "visibility": 0.9999521374702454, "presence": 0.9999797344207764}, "right eye (inner)": {"x": 0.5769102573394775, "y": 0.3219277858734131, "z": -0.043452609330415726, "visibility": 0.9999392628669739, "presence": 0.9999732971191406}, "right eye": {"x": 0.5773734450340271, "y": 0.3206065595149994, "z": -0.0436599962413311, "visibility": 0.9999398589134216, "presence": 0.9999744892120361}, "right eye (outer)": {"x": 0.5777822136878967, "y": 0.31937235593795776, "z": -0.043753404170274734, "visibility": 0.9999455809593201, "presence": 0.9999675750732422}, "left ear": {"x": 0.5911598801612854, "y": 0.3108827471733093, "z": -0.11532504111528397, "visibility": 0.9999581575393677, "presence": 0.9999805688858032}, "right ear": {"x": 0.5883256793022156, "y": 0.3122023344039917, "z": 0.006219212897121906, "visibility": 0.9997969269752502, "presence": 0.9999562501907349}, "mouth (left)": {"x": 0.5859268307685852, "y": 0.3430955708026886, "z": -0.0635099709033966, "visibility": 0.9998449087142944, "presence": 0.9999620914459229}, "mouth (right)": {"x": 0.5846149325370789, "y": 0.3436298668384552, "z": -0.02917087823152542, "visibility": 0.9997348189353943, "presence": 0.9998964071273804}, "left shoulder": {"x": 0.6174287796020508, "y": 0.3387717008590698, "z": -0.1574532389640808, "visibility": 0.9999865889549255, "presence": 0.9999855756759644}, "right shoulder": {"x": 0.603394091129303, "y": 0.35108277201652527, "z": 0.08567433059215546, "visibility": 0.9997472763061523, "presence": 0.9999033212661743}, "left elbow": {"x": 0.6044512987136841, "y": 0.40285855531692505, "z": -0.2305205762386322, "visibility": 0.955012857913971, "presence": 0.9998986721038818}, "right elbow": {"x": 0.5841730237007141, "y": 0.3840917944908142, "z": 0.0761680006980896, "visibility": 0.35419732332229614, "presence": 0.9998699426651001}, "left wrist": {"x": 0.5628048777580261, "y": 0.4234008491039276, "z": -0.19585759937763214, "visibility": 0.9229300022125244, "presence": 0.9999589920043945}, "right wrist": {"x": 0.5482743978500366, "y": 0.4008246660232544, "z": -0.024360258132219315, "visibility": 0.42270228266716003, "presence": 0.9998986721038818}, "left pinky": {"x": 0.5566961765289307, "y": 0.4296689033508301, "z": -0.21367965638637543, "visibility": 0.9146048426628113, "presence": 0.9998958110809326}, "right pinky": {"x": 0.5424483418464661, "y": 0.40373751521110535, "z": -0.033228978514671326, "visibility": 0.42293864488601685, "presence": 0.9998002648353577}, "left index": {"x": 0.5537142753601074, "y": 0.4231903553009033, "z": -0.20616008341312408, "visibility": 0.9130457043647766, "presence": 0.9998865127563477}, "right index": {"x": 0.5393852591514587, "y": 0.39431458711624146, "z": -0.046606071293354034, "visibility": 0.42821088433265686, "presence": 0.99978107213974}, "left thumb": {"x": 0.5581772327423096, "y": 0.4199959933757782, "z": -0.1905273050069809, "visibility": 0.8564425706863403, "presence": 0.999931812286377}, "right thumb": {"x": 0.538750171661377, "y": 0.39276865124702454, "z": -0.03454425185918808, "visibility": 0.4014524221420288, "presence": 0.9998819828033447}, "left hip": {"x": 0.6905710101127625, "y": 0.4742746651172638, "z": -0.0846387967467308, "visibility": 0.9998429417610168, "presence": 0.9999934434890747}, "right hip": {"x": 0.6686199307441711, "y": 0.4780617654323578, "z": 0.08444085717201233, "visibility": 0.99964839220047, "presence": 0.9999939203262329}, "left knee": {"x": 0.6976460218429565, "y": 0.6098021864891052, "z": -0.17165155708789825, "visibility": 0.8782789707183838, "presence": 0.9999768733978271}, "right knee": {"x": 0.6393624544143677, "y": 0.5669062733650208, "z": 0.19003038108348846, "visibility": 0.21108360588550568, "presence": 0.9999227523803711}, "left ankle": {"x": 0.7659176588058472, "y": 0.6957961320877075, "z": -0.22801996767520905, "visibility": 0.8373636603355408, "presence": 0.9996435642242432}, "right ankle": {"x": 0.6586277484893799, "y": 0.6022483110427856, "z": 0.30552637577056885, "visibility": 0.22379431128501892, "presence": 0.9998844861984253}, "left heel": {"x": 0.7828881144523621, "y": 0.7075996398925781, "z": -0.23702894151210785, "visibility": 0.7049874067306519, "presence": 0.9982566237449646}, "right heel": {"x": 0.6730329990386963, "y": 0.6125155091285706, "z": 0.3134521543979645, "visibility": 0.2864095866680145, "presence": 0.9999251365661621}, "left foot index": {"x": 0.7582919597625732, "y": 0.7609636783599854, "z": -0.3161320388317108, "visibility": 0.8679375052452087, "presence": 0.9975704550743103}, "right foot index": {"x": 0.6261456608772278, "y": 0.6245424747467041, "z": 0.3071726858615875, "visibility": 0.3329688012599945, "presence": 0.9998447895050049}, "timestamp": "20240418-205647"}