{"nose": {"x": 0.8970961570739746, "y": 0.2951674461364746, "z": -0.1906326711177826, "visibility": 0.9998028874397278, "presence": 0.999987006187439}, "left eye (inner)": {"x": 0.9000927805900574, "y": 0.2777113914489746, "z": -0.18813090026378632, "visibility": 0.9997230172157288, "presence": 0.9999707937240601}, "left eye": {"x": 0.9029269814491272, "y": 0.2757018804550171, "z": -0.18830150365829468, "visibility": 0.9997463822364807, "presence": 0.9999772310256958}, "left eye (outer)": {"x": 0.9056931734085083, "y": 0.2739768326282501, "z": -0.18820373713970184, "visibility": 0.9997516870498657, "presence": 0.9999721050262451}, "right eye (inner)": {"x": 0.8974791765213013, "y": 0.2796412408351898, "z": -0.17637501657009125, "visibility": 0.9997594356536865, "presence": 0.9999483823776245}, "right eye": {"x": 0.8973475098609924, "y": 0.27908408641815186, "z": -0.1765727549791336, "visibility": 0.9997966885566711, "presence": 0.9999529123306274}, "right eye (outer)": {"x": 0.8970161080360413, "y": 0.27836620807647705, "z": -0.1767023354768753, "visibility": 0.9997936487197876, "presence": 0.9999419450759888}, "left ear": {"x": 0.921480119228363, "y": 0.27186426520347595, "z": -0.14196652173995972, "visibility": 0.9998823404312134, "presence": 0.999985933303833}, "right ear": {"x": 0.9068551659584045, "y": 0.27425429224967957, "z": -0.08470902591943741, "visibility": 0.999700665473938, "presence": 0.9999411106109619}, "mouth (left)": {"x": 0.904516875743866, "y": 0.3068055510520935, "z": -0.16868765652179718, "visibility": 0.9994205236434937, "presence": 0.9999924898147583}, "mouth (right)": {"x": 0.8994471430778503, "y": 0.3083745241165161, "z": -0.1537628322839737, "visibility": 0.9992156028747559, "presence": 0.9999691247940063}, "left shoulder": {"x": 0.9700273275375366, "y": 0.33128589391708374, "z": -0.11793553084135056, "visibility": 0.999976634979248, "presence": 0.999985933303833}, "right shoulder": {"x": 0.886280357837677, "y": 0.3387652635574341, "z": -0.028578119352459908, "visibility": 0.9996631741523743, "presence": 0.9997777342796326}, "left elbow": {"x": 0.9971022009849548, "y": 0.4342506527900696, "z": -0.24348632991313934, "visibility": 0.972317636013031, "presence": 0.9924023151397705}, "right elbow": {"x": 0.8393876552581787, "y": 0.33253222703933716, "z": -0.16017991304397583, "visibility": 0.4545191824436188, "presence": 0.9968276619911194}, "left wrist": {"x": 0.9461227059364319, "y": 0.37968945503234863, "z": -0.40427669882774353, "visibility": 0.929931104183197, "presence": 0.9999833106994629}, "right wrist": {"x": 0.850507915019989, "y": 0.2529692053794861, "z": -0.3479236662387848, "visibility": 0.5363098978996277, "presence": 0.9997492432594299}, "left pinky": {"x": 0.9287832379341125, "y": 0.3805001974105835, "z": -0.4431391656398773, "visibility": 0.9241004586219788, "presence": 0.9999871253967285}, "right pinky": {"x": 0.8494231700897217, "y": 0.2340841442346573, "z": -0.3942677080631256, "visibility": 0.5477972626686096, "presence": 0.9997945427894592}, "left index": {"x": 0.9280895590782166, "y": 0.3642716407775879, "z": -0.4423757493495941, "visibility": 0.9182906746864319, "presence": 0.9999921321868896}, "right index": {"x": 0.8538112044334412, "y": 0.2308812290430069, "z": -0.3829364478588104, "visibility": 0.5411266684532166, "presence": 0.9998785257339478}, "left thumb": {"x": 0.9322267770767212, "y": 0.3662896156311035, "z": -0.40540969371795654, "visibility": 0.8813852667808533, "presence": 0.9999933242797852}, "right thumb": {"x": 0.856167733669281, "y": 0.24160751700401306, "z": -0.35076579451560974, "visibility": 0.5278652906417847, "presence": 0.9999138116836548}, "left hip": {"x": 0.9548516869544983, "y": 0.529579758644104, "z": -0.04175348952412605, "visibility": 0.9992307424545288, "presence": 0.9990978240966797}, "right hip": {"x": 0.9080535769462585, "y": 0.5409466624259949, "z": 0.0415085032582283, "visibility": 0.9987285733222961, "presence": 0.9986818432807922}, "left knee": {"x": 0.9534281492233276, "y": 0.6522729396820068, "z": -0.3156079351902008, "visibility": 0.9798084497451782, "presence": 0.9993520379066467}, "right knee": {"x": 0.8517932891845703, "y": 0.6662242412567139, "z": 0.1028062105178833, "visibility": 0.6473334431648254, "presence": 0.9910647869110107}, "left ankle": {"x": 0.9973253011703491, "y": 0.8105462789535522, "z": -0.34172025322914124, "visibility": 0.9812937378883362, "presence": 0.997175931930542}, "right ankle": {"x": 0.8787568807601929, "y": 0.7716952562332153, "z": 0.38150253891944885, "visibility": 0.7167209982872009, "presence": 0.9947392344474792}, "left heel": {"x": 1.0047320127487183, "y": 0.8349735736846924, "z": -0.35099655389785767, "visibility": 0.954559862613678, "presence": 0.9902258515357971}, "right heel": {"x": 0.8908467292785645, "y": 0.7934686541557312, "z": 0.4069520831108093, "visibility": 0.7635294795036316, "presence": 0.9969856142997742}, "left foot index": {"x": 0.9771575927734375, "y": 0.8582563400268555, "z": -0.47193339467048645, "visibility": 0.9826287627220154, "presence": 0.9926323294639587}, "right foot index": {"x": 0.8439512848854065, "y": 0.7931378483772278, "z": 0.35216066241264343, "visibility": 0.7825591564178467, "presence": 0.9957923889160156}, "timestamp": "20240418-205536"}