{"nose": {"x": 0.8612715005874634, "y": 0.28748759627342224, "z": -0.07009284943342209, "visibility": 0.9984623193740845, "presence": 0.9999573230743408}, "left eye (inner)": {"x": 0.8644098043441772, "y": 0.2696782052516937, "z": -0.07843766361474991, "visibility": 0.9981744885444641, "presence": 0.9999423027038574}, "left eye": {"x": 0.866361141204834, "y": 0.2675513029098511, "z": -0.07858211547136307, "visibility": 0.9980736970901489, "presence": 0.9999552965164185}, "left eye (outer)": {"x": 0.8678463101387024, "y": 0.26577645540237427, "z": -0.07848838716745377, "visibility": 0.9981448650360107, "presence": 0.9999518394470215}, "right eye (inner)": {"x": 0.8630645871162415, "y": 0.27051040530204773, "z": -0.0606546550989151, "visibility": 0.998521625995636, "presence": 0.9998956918716431}, "right eye": {"x": 0.8637957572937012, "y": 0.2691298723220825, "z": -0.06089092046022415, "visibility": 0.9986802339553833, "presence": 0.9999048709869385}, "right eye (outer)": {"x": 0.8645110130310059, "y": 0.267500638961792, "z": -0.0610119067132473, "visibility": 0.9987881779670715, "presence": 0.9998910427093506}, "left ear": {"x": 0.8800013065338135, "y": 0.2638092041015625, "z": -0.08608515560626984, "visibility": 0.998943030834198, "presence": 0.9999840259552002}, "right ear": {"x": 0.8767948150634766, "y": 0.2650448977947235, "z": -0.0032107981387525797, "visibility": 0.9983501434326172, "presence": 0.999929666519165}, "mouth (left)": {"x": 0.8682836294174194, "y": 0.2961752712726593, "z": -0.0681242123246193, "visibility": 0.9903587698936462, "presence": 0.9999850988388062}, "mouth (right)": {"x": 0.8661952018737793, "y": 0.29692360758781433, "z": -0.04568105563521385, "visibility": 0.9870505332946777, "presence": 0.9999368190765381}, "left shoulder": {"x": 0.9348087906837463, "y": 0.3153897821903229, "z": -0.08972082287073135, "visibility": 0.9997668266296387, "presence": 0.9999897480010986}, "right shoulder": {"x": 0.8658406138420105, "y": 0.33424293994903564, "z": 0.053163692355155945, "visibility": 0.9962905645370483, "presence": 0.9998838901519775}, "left elbow": {"x": 0.9591780304908752, "y": 0.3976820707321167, "z": -0.1524975299835205, "visibility": 0.8428782820701599, "presence": 0.9992735981941223}, "right elbow": {"x": 0.8168460130691528, "y": 0.3141614496707916, "z": 0.06397301703691483, "visibility": 0.2910670340061188, "presence": 0.9998272061347961}, "left wrist": {"x": 0.9008010625839233, "y": 0.36720412969589233, "z": -0.17177560925483704, "visibility": 0.7208034992218018, "presence": 0.9999991655349731}, "right wrist": {"x": 0.8449217081069946, "y": 0.24382425844669342, "z": 0.10871712863445282, "visibility": 0.3346913456916809, "presence": 0.9999717473983765}, "left pinky": {"x": 0.8820670247077942, "y": 0.3646208941936493, "z": -0.18482521176338196, "visibility": 0.7232043147087097, "presence": 0.9999988079071045}, "right pinky": {"x": 0.8496545553207397, "y": 0.2231987863779068, "z": 0.11261121928691864, "visibility": 0.33781448006629944, "presence": 0.9999465942382812}, "left index": {"x": 0.8826448917388916, "y": 0.3523320257663727, "z": -0.1769781857728958, "visibility": 0.7167367339134216, "presence": 0.9999990463256836}, "right index": {"x": 0.8522809743881226, "y": 0.22289098799228668, "z": 0.12994132936000824, "visibility": 0.3314523696899414, "presence": 0.9999469518661499}, "left thumb": {"x": 0.8872910141944885, "y": 0.35368311405181885, "z": -0.1661062389612198, "visibility": 0.6719613671302795, "presence": 0.9999994039535522}, "right thumb": {"x": 0.8519202470779419, "y": 0.2317356914281845, "z": 0.11603369563817978, "visibility": 0.32886868715286255, "presence": 0.999971866607666}, "left hip": {"x": 0.9441038966178894, "y": 0.5172063708305359, "z": -0.054504960775375366, "visibility": 0.9981346726417542, "presence": 0.9999675750732422}, "right hip": {"x": 0.896026074886322, "y": 0.5297437310218811, "z": 0.054410673677921295, "visibility": 0.9964097142219543, "presence": 0.999958872795105}, "left knee": {"x": 0.935681164264679, "y": 0.6387476325035095, "z": -0.2449706345796585, "visibility": 0.9226270914077759, "presence": 0.9999878406524658}, "right knee": {"x": 0.8445728421211243, "y": 0.651121199131012, "z": 0.039539456367492676, "visibility": 0.40093886852264404, "presence": 0.9999265670776367}, "left ankle": {"x": 0.9674734473228455, "y": 0.7827797532081604, "z": -0.2596196234226227, "visibility": 0.8590864539146423, "presence": 0.999854564666748}, "right ankle": {"x": 0.8924970030784607, "y": 0.7459287643432617, "z": 0.2326260805130005, "visibility": 0.44720223546028137, "presence": 0.9998631477355957}, "left heel": {"x": 0.9767194390296936, "y": 0.8076119422912598, "z": -0.25761517882347107, "visibility": 0.8098639249801636, "presence": 0.9992918968200684}, "right heel": {"x": 0.908510148525238, "y": 0.7582780718803406, "z": 0.2546168267726898, "visibility": 0.56291663646698, "presence": 0.9998775720596313}, "left foot index": {"x": 0.9500538110733032, "y": 0.8416503071784973, "z": -0.35207417607307434, "visibility": 0.81181800365448, "presence": 0.9978379607200623}, "right foot index": {"x": 0.8641877174377441, "y": 0.7901378870010376, "z": 0.2295619696378708, "visibility": 0.4758286476135254, "presence": 0.9995636343955994}, "timestamp": "20240418-205557"}