{"nose": {"x": 0.8164846897125244, "y": 0.2870933413505554, "z": -0.18648818135261536, "visibility": 0.9999625086784363, "presence": 0.9999983310699463}, "left eye (inner)": {"x": 0.8191693425178528, "y": 0.2709723711013794, "z": -0.1925099939107895, "visibility": 0.9999449253082275, "presence": 0.9999973773956299}, "left eye": {"x": 0.8212350606918335, "y": 0.26936864852905273, "z": -0.192689910531044, "visibility": 0.9999445676803589, "presence": 0.9999977350234985}, "left eye (outer)": {"x": 0.8235692977905273, "y": 0.2676391899585724, "z": -0.19264478981494904, "visibility": 0.9999529719352722, "presence": 0.9999970197677612}, "right eye (inner)": {"x": 0.8170169591903687, "y": 0.2717260420322418, "z": -0.17413057386875153, "visibility": 0.9999475479125977, "presence": 0.9999958276748657}, "right eye": {"x": 0.817123293876648, "y": 0.2711198329925537, "z": -0.1743370145559311, "visibility": 0.9999518990516663, "presence": 0.9999963045120239}, "right eye (outer)": {"x": 0.8170543909072876, "y": 0.2705616354942322, "z": -0.17441293597221375, "visibility": 0.9999518990516663, "presence": 0.9999953508377075}, "left ear": {"x": 0.8366525173187256, "y": 0.2627315819263458, "z": -0.18288394808769226, "visibility": 0.9999698400497437, "presence": 0.999997615814209}, "right ear": {"x": 0.8278290629386902, "y": 0.2670815587043762, "z": -0.09563541412353516, "visibility": 0.9998869299888611, "presence": 0.9999943971633911}, "mouth (left)": {"x": 0.8246596455574036, "y": 0.2974002957344055, "z": -0.1775839924812317, "visibility": 0.9998713135719299, "presence": 0.9999988079071045}, "mouth (right)": {"x": 0.8211150765419006, "y": 0.2979184091091156, "z": -0.1541839838027954, "visibility": 0.9998056888580322, "presence": 0.9999966621398926}, "left shoulder": {"x": 0.8849380612373352, "y": 0.30861350893974304, "z": -0.1873217672109604, "visibility": 0.9999889731407166, "presence": 0.9999983310699463}, "right shoulder": {"x": 0.8272112011909485, "y": 0.34306588768959045, "z": -0.006532133556902409, "visibility": 0.9998473525047302, "presence": 0.9999929666519165}, "left elbow": {"x": 0.9236741662025452, "y": 0.3849026560783386, "z": -0.28743353486061096, "visibility": 0.9864171743392944, "presence": 0.9998489618301392}, "right elbow": {"x": 0.8072153329849243, "y": 0.4320157766342163, "z": 0.00239941687323153, "visibility": 0.7520439624786377, "presence": 0.9999198913574219}, "left wrist": {"x": 0.8631962537765503, "y": 0.40204116702079773, "z": -0.39003556966781616, "visibility": 0.9754952788352966, "presence": 0.9999992847442627}, "right wrist": {"x": 0.7677107453346252, "y": 0.5001900792121887, "z": -0.09659500420093536, "visibility": 0.8240068554878235, "presence": 0.9999552965164185}, "left pinky": {"x": 0.8458865880966187, "y": 0.41234856843948364, "z": -0.4233056306838989, "visibility": 0.9730092883110046, "presence": 0.9999984502792358}, "right pinky": {"x": 0.7545040845870972, "y": 0.5215430855751038, "z": -0.11225514113903046, "visibility": 0.8138945698738098, "presence": 0.9998844861984253}, "left index": {"x": 0.8449339866638184, "y": 0.3968849182128906, "z": -0.4196763038635254, "visibility": 0.9723724126815796, "presence": 0.999998927116394}, "right index": {"x": 0.7527475953102112, "y": 0.5234934687614441, "z": -0.13315045833587646, "visibility": 0.8168119788169861, "presence": 0.9998898506164551}, "left thumb": {"x": 0.8493346571922302, "y": 0.39521971344947815, "z": -0.38882848620414734, "visibility": 0.9570655822753906, "presence": 0.9999994039535522}, "right thumb": {"x": 0.7584527730941772, "y": 0.5168605446815491, "z": -0.1090177521109581, "visibility": 0.8021541237831116, "presence": 0.9999514818191528}, "left hip": {"x": 0.9129982590675354, "y": 0.48719334602355957, "z": -0.05467236787080765, "visibility": 0.9995877742767334, "presence": 0.9999741315841675}, "right hip": {"x": 0.8684136867523193, "y": 0.4987926781177521, "z": 0.05448959395289421, "visibility": 0.99918133020401, "presence": 0.999981164932251}, "left knee": {"x": 0.9121829271316528, "y": 0.6186745762825012, "z": -0.227885901927948, "visibility": 0.9827633500099182, "presence": 0.9999697208404541}, "right knee": {"x": 0.8275192379951477, "y": 0.6065713763237, "z": -0.0047299000434577465, "visibility": 0.7799630165100098, "presence": 0.9998984336853027}, "left ankle": {"x": 0.9458730816841125, "y": 0.7632577419281006, "z": -0.18315356969833374, "visibility": 0.9814651012420654, "presence": 0.9995070695877075}, "right ankle": {"x": 0.8427575826644897, "y": 0.7354409694671631, "z": 0.11662495881319046, "visibility": 0.7965920567512512, "presence": 0.9994534850120544}, "left heel": {"x": 0.9523941874504089, "y": 0.781420111656189, "z": -0.18343976140022278, "visibility": 0.8879990577697754, "presence": 0.9976418018341064}, "right heel": {"x": 0.8537095189094543, "y": 0.7587989568710327, "z": 0.12524454295635223, "visibility": 0.7781757712364197, "presence": 0.9994136095046997}, "left foot index": {"x": 0.9424493312835693, "y": 0.8211562037467957, "z": -0.27895525097846985, "visibility": 0.979387104511261, "presence": 0.9949777722358704}, "right foot index": {"x": 0.8110207319259644, "y": 0.7743333578109741, "z": 0.0740881934762001, "visibility": 0.8425637483596802, "presence": 0.9979631900787354}, "timestamp": "20240418-205811"}