{"nose": {"x": 0.836620032787323, "y": 0.3017994463443756, "z": -0.11561839282512665, "visibility": 0.9999672770500183, "presence": 0.9999935626983643}, "left eye (inner)": {"x": 0.8387234807014465, "y": 0.28328973054885864, "z": -0.12811638414859772, "visibility": 0.9999527931213379, "presence": 0.9999890327453613}, "left eye": {"x": 0.8404418230056763, "y": 0.28151607513427734, "z": -0.12829886376857758, "visibility": 0.9999521970748901, "presence": 0.9999903440475464}, "left eye (outer)": {"x": 0.8422130942344666, "y": 0.2796277701854706, "z": -0.12825430929660797, "visibility": 0.9999551177024841, "presence": 0.9999871253967285}, "right eye (inner)": {"x": 0.8374426960945129, "y": 0.2836384177207947, "z": -0.10460218042135239, "visibility": 0.9999609589576721, "presence": 0.9999862909317017}, "right eye": {"x": 0.8379800915718079, "y": 0.28223225474357605, "z": -0.10481058806180954, "visibility": 0.9999653697013855, "presence": 0.99998939037323}, "right eye (outer)": {"x": 0.8384408354759216, "y": 0.2805974781513214, "z": -0.10488158464431763, "visibility": 0.99996417760849, "presence": 0.9999884366989136}, "left ear": {"x": 0.8564150333404541, "y": 0.27529066801071167, "z": -0.14967504143714905, "visibility": 0.9999762177467346, "presence": 0.9999923706054688}, "right ear": {"x": 0.8524482250213623, "y": 0.27684885263442993, "z": -0.04103948920965195, "visibility": 0.9999250173568726, "presence": 0.9999915361404419}, "mouth (left)": {"x": 0.846141517162323, "y": 0.31080156564712524, "z": -0.11949605494737625, "visibility": 0.9999096989631653, "presence": 0.9999972581863403}, "mouth (right)": {"x": 0.8434261083602905, "y": 0.3123279809951782, "z": -0.08964648842811584, "visibility": 0.9998816847801208, "presence": 0.999994158744812}, "left shoulder": {"x": 0.9018181562423706, "y": 0.3162980377674103, "z": -0.18709604442119598, "visibility": 0.9999899864196777, "presence": 0.9999969005584717}, "right shoulder": {"x": 0.8643364310264587, "y": 0.35998716950416565, "z": 0.04372211545705795, "visibility": 0.9998076558113098, "presence": 0.9999940395355225}, "left elbow": {"x": 0.9284525513648987, "y": 0.3993305265903473, "z": -0.2939474880695343, "visibility": 0.98807692527771, "presence": 0.9997072815895081}, "right elbow": {"x": 0.8637212514877319, "y": 0.4580838978290558, "z": 0.07038804888725281, "visibility": 0.7415192127227783, "presence": 0.999942421913147}, "left wrist": {"x": 0.8642728328704834, "y": 0.4124549925327301, "z": -0.37135079503059387, "visibility": 0.9715477824211121, "presence": 0.9999974966049194}, "right wrist": {"x": 0.821265697479248, "y": 0.5330517888069153, "z": 0.007251099683344364, "visibility": 0.8337099552154541, "presence": 0.9999861717224121}, "left pinky": {"x": 0.8503597974777222, "y": 0.42315229773521423, "z": -0.4017515480518341, "visibility": 0.9682517647743225, "presence": 0.9999953508377075}, "right pinky": {"x": 0.8045250177383423, "y": 0.5532974004745483, "z": 0.0012255798792466521, "visibility": 0.8284856081008911, "presence": 0.9999655485153198}, "left index": {"x": 0.8463565111160278, "y": 0.4078696072101593, "z": -0.39252790808677673, "visibility": 0.9668356776237488, "presence": 0.999996542930603}, "right index": {"x": 0.8067020177841187, "y": 0.5535041093826294, "z": -0.019336866214871407, "visibility": 0.8312371969223022, "presence": 0.9999654293060303}, "left thumb": {"x": 0.8504090905189514, "y": 0.4063175916671753, "z": -0.3676210045814514, "visibility": 0.9473174810409546, "presence": 0.9999980926513672}, "right thumb": {"x": 0.8103035092353821, "y": 0.5458658933639526, "z": -0.0043195076286792755, "visibility": 0.8081241846084595, "presence": 0.999984860420227}, "left hip": {"x": 0.955448567867279, "y": 0.5037054419517517, "z": -0.0727577731013298, "visibility": 0.9987186193466187, "presence": 0.9999722242355347}, "right hip": {"x": 0.9173987507820129, "y": 0.5132097601890564, "z": 0.07260207831859589, "visibility": 0.9968563914299011, "presence": 0.9999843835830688}, "left knee": {"x": 0.950675904750824, "y": 0.6380296945571899, "z": -0.20313413441181183, "visibility": 0.9924651384353638, "presence": 0.9999648332595825}, "right knee": {"x": 0.87398761510849, "y": 0.6194409132003784, "z": 0.0868440717458725, "visibility": 0.7772300243377686, "presence": 0.999915361404419}, "left ankle": {"x": 0.9890182018280029, "y": 0.79526686668396, "z": -0.17460383474826813, "visibility": 0.9863480925559998, "presence": 0.9991077780723572}, "right ankle": {"x": 0.8879099488258362, "y": 0.7527664303779602, "z": 0.18197181820869446, "visibility": 0.7486183047294617, "presence": 0.998898983001709}, "left heel": {"x": 0.9952164888381958, "y": 0.8163192868232727, "z": -0.1753925085067749, "visibility": 0.9356446266174316, "presence": 0.9948896169662476}, "right heel": {"x": 0.9001417756080627, "y": 0.7820848226547241, "z": 0.1883728802204132, "visibility": 0.7537054419517517, "presence": 0.9986577033996582}, "left foot index": {"x": 0.9752359986305237, "y": 0.8469105958938599, "z": -0.2543974816799164, "visibility": 0.9890543222427368, "presence": 0.9913615584373474}, "right foot index": {"x": 0.8514683842658997, "y": 0.7881698608398438, "z": 0.15333645045757294, "visibility": 0.8124316930770874, "presence": 0.9964163303375244}, "timestamp": "20240418-205822"}