{"nose": {"x": 0.569442868232727, "y": 0.3397197723388672, "z": -0.019200284034013748, "visibility": 0.9999494552612305, "presence": 0.9999933242797852}, "left eye (inner)": {"x": 0.5683199167251587, "y": 0.32274430990219116, "z": -0.03790907561779022, "visibility": 0.9999406337738037, "presence": 0.9999916553497314}, "left eye": {"x": 0.569699764251709, "y": 0.32105815410614014, "z": -0.038086120039224625, "visibility": 0.9999383687973022, "presence": 0.9999922513961792}, "left eye (outer)": {"x": 0.5710137486457825, "y": 0.3196698725223541, "z": -0.03805048018693924, "visibility": 0.999954879283905, "presence": 0.9999889135360718}, "right eye (inner)": {"x": 0.5676160454750061, "y": 0.322344571352005, "z": -0.012019006535410881, "visibility": 0.9999476671218872, "presence": 0.9999895095825195}, "right eye": {"x": 0.5683386325836182, "y": 0.3207389712333679, "z": -0.012240160256624222, "visibility": 0.9999492168426514, "presence": 0.9999905824661255}, "right eye (outer)": {"x": 0.5690566897392273, "y": 0.3192645311355591, "z": -0.01233251765370369, "visibility": 0.9999558925628662, "presence": 0.999988317489624}, "left ear": {"x": 0.5810087323188782, "y": 0.3120010495185852, "z": -0.08657996356487274, "visibility": 0.9999637603759766, "presence": 0.9999892711639404}, "right ear": {"x": 0.5792160630226135, "y": 0.31219181418418884, "z": 0.031186610460281372, "visibility": 0.9998586773872375, "presence": 0.9999864101409912}, "mouth (left)": {"x": 0.577343761920929, "y": 0.34405094385147095, "z": -0.032201509922742844, "visibility": 0.9998548030853271, "presence": 0.999969482421875}, "mouth (right)": {"x": 0.5764249563217163, "y": 0.3444434702396393, "z": 0.0007291368674486876, "visibility": 0.9997902512550354, "presence": 0.9999343156814575}, "left shoulder": {"x": 0.6059799194335938, "y": 0.34153854846954346, "z": -0.14791078865528107, "visibility": 0.9999781250953674, "presence": 0.9999730587005615}, "right shoulder": {"x": 0.5998004674911499, "y": 0.34380438923835754, "z": 0.11026805639266968, "visibility": 0.9997597336769104, "presence": 0.9999097585678101}, "left elbow": {"x": 0.5882588624954224, "y": 0.40553924441337585, "z": -0.12642988562583923, "visibility": 0.9663228392601013, "presence": 0.9998308420181274}, "right elbow": {"x": 0.5796151161193848, "y": 0.39174383878707886, "z": 0.11020060628652573, "visibility": 0.3806176781654358, "presence": 0.9998723268508911}, "left wrist": {"x": 0.5535810589790344, "y": 0.42249399423599243, "z": 0.0045974343083798885, "visibility": 0.9226916432380676, "presence": 0.9999302625656128}, "right wrist": {"x": 0.5591069459915161, "y": 0.3855244219303131, "z": 0.024406757205724716, "visibility": 0.4644365906715393, "presence": 0.9999243021011353}, "left pinky": {"x": 0.5459952354431152, "y": 0.42623135447502136, "z": 0.003720242530107498, "visibility": 0.9085580110549927, "presence": 0.9998242259025574}, "right pinky": {"x": 0.5549947023391724, "y": 0.3921157121658325, "z": 0.01969277672469616, "visibility": 0.46588701009750366, "presence": 0.9998286962509155}, "left index": {"x": 0.5471045970916748, "y": 0.4190973937511444, "z": 0.007592222187668085, "visibility": 0.9065865874290466, "presence": 0.9997898936271667}, "right index": {"x": 0.5559641718864441, "y": 0.3873986601829529, "z": 0.010093199089169502, "visibility": 0.4729970693588257, "presence": 0.9998204112052917}, "left thumb": {"x": 0.5498601198196411, "y": 0.4196288585662842, "z": 0.01099450420588255, "visibility": 0.8641068339347839, "presence": 0.9998759031295776}, "right thumb": {"x": 0.55744469165802, "y": 0.3849426805973053, "z": 0.016201578080654144, "visibility": 0.45033401250839233, "presence": 0.9999032020568848}, "left hip": {"x": 0.6761406660079956, "y": 0.4702705442905426, "z": -0.08506059646606445, "visibility": 0.9997155666351318, "presence": 0.9999703168869019}, "right hip": {"x": 0.6553977131843567, "y": 0.4702666699886322, "z": 0.08487619459629059, "visibility": 0.999361515045166, "presence": 0.9999778270721436}, "left knee": {"x": 0.6907088160514832, "y": 0.6125550866127014, "z": -0.16348135471343994, "visibility": 0.8533933162689209, "presence": 0.9998927116394043}, "right knee": {"x": 0.6112051606178284, "y": 0.519382655620575, "z": 0.19373847544193268, "visibility": 0.21456235647201538, "presence": 0.9997960925102234}, "left ankle": {"x": 0.7570840716362, "y": 0.7031064629554749, "z": -0.22487035393714905, "visibility": 0.807435929775238, "presence": 0.9987265467643738}, "right ankle": {"x": 0.6401897072792053, "y": 0.6078911423683167, "z": 0.2760442793369293, "visibility": 0.21934978663921356, "presence": 0.9995313882827759}, "left heel": {"x": 0.7726879119873047, "y": 0.7117986083030701, "z": -0.23439155519008636, "visibility": 0.6437228322029114, "presence": 0.9947535991668701}, "right heel": {"x": 0.653315544128418, "y": 0.6209137439727783, "z": 0.2833372950553894, "visibility": 0.28560855984687805, "presence": 0.9996706247329712}, "left foot index": {"x": 0.7444096803665161, "y": 0.7633165717124939, "z": -0.3086438477039337, "visibility": 0.8296804428100586, "presence": 0.9928668737411499}, "right foot index": {"x": 0.6183848977088928, "y": 0.6502023339271545, "z": 0.27577489614486694, "visibility": 0.3250182867050171, "presence": 0.9994114637374878}, "timestamp": "20240418-205751"}