{"nose": {"x": 0.8700594305992126, "y": 0.38031649589538574, "z": 0.19168147444725037, "visibility": 0.9984569549560547, "presence": 0.9999425411224365}, "left eye (inner)": {"x": 0.869371771812439, "y": 0.3655737042427063, "z": 0.17260372638702393, "visibility": 0.9980837106704712, "presence": 0.9999399185180664}, "left eye": {"x": 0.869647741317749, "y": 0.3645223081111908, "z": 0.17244300246238708, "visibility": 0.9983519315719604, "presence": 0.9999433755874634}, "left eye (outer)": {"x": 0.8697628974914551, "y": 0.36364755034446716, "z": 0.1724260151386261, "visibility": 0.998496949672699, "presence": 0.9999170303344727}, "right eye (inner)": {"x": 0.8711128830909729, "y": 0.3649880588054657, "z": 0.19233080744743347, "visibility": 0.998182475566864, "presence": 0.9999074935913086}, "right eye": {"x": 0.8728476166725159, "y": 0.36354416608810425, "z": 0.19213774800300598, "visibility": 0.9985390305519104, "presence": 0.9999054670333862}, "right eye (outer)": {"x": 0.8746706247329712, "y": 0.3620016872882843, "z": 0.19204485416412354, "visibility": 0.9985020160675049, "presence": 0.9998617172241211}, "left ear": {"x": 0.8769339919090271, "y": 0.3607669770717621, "z": 0.0977550819516182, "visibility": 0.999432384967804, "presence": 0.99989914894104}, "right ear": {"x": 0.8833702802658081, "y": 0.3570042550563812, "z": 0.1879955232143402, "visibility": 0.9980680346488953, "presence": 0.9997385144233704}, "mouth (left)": {"x": 0.874774694442749, "y": 0.38698604702949524, "z": 0.1691812127828598, "visibility": 0.9951720833778381, "presence": 0.9992541670799255}, "mouth (right)": {"x": 0.8776986002922058, "y": 0.3866899609565735, "z": 0.19416353106498718, "visibility": 0.9932887554168701, "presence": 0.9981970191001892}, "left shoulder": {"x": 0.8794659376144409, "y": 0.39961281418800354, "z": 0.012562497518956661, "visibility": 0.9998046159744263, "presence": 0.9984980821609497}, "right shoulder": {"x": 0.9379422664642334, "y": 0.3798240125179291, "z": 0.19075927138328552, "visibility": 0.9973211288452148, "presence": 0.9939124584197998}, "left elbow": {"x": 0.8397612571716309, "y": 0.46594297885894775, "z": 0.035190559923648834, "visibility": 0.8899896144866943, "presence": 0.9912490844726562}, "right elbow": {"x": 0.9727789163589478, "y": 0.4483315646648407, "z": 0.17933966219425201, "visibility": 0.05876358598470688, "presence": 0.9223939180374146}, "left wrist": {"x": 0.8404553532600403, "y": 0.4706137776374817, "z": 0.17983050644397736, "visibility": 0.7731301188468933, "presence": 0.988515317440033}, "right wrist": {"x": 0.9673435091972351, "y": 0.49996235966682434, "z": 0.14697879552841187, "visibility": 0.06788907200098038, "presence": 0.965532124042511}, "left pinky": {"x": 0.8371078372001648, "y": 0.4756835401058197, "z": 0.19413352012634277, "visibility": 0.7691448330879211, "presence": 0.9789435267448425}, "right pinky": {"x": 0.9645032286643982, "y": 0.5128569006919861, "z": 0.1558310091495514, "visibility": 0.08399182558059692, "presence": 0.9703907370567322}, "left index": {"x": 0.8417731523513794, "y": 0.47138598561286926, "z": 0.19674915075302124, "visibility": 0.7630904316902161, "presence": 0.9751303791999817}, "right index": {"x": 0.9595144391059875, "y": 0.5132451057434082, "z": 0.1751973032951355, "visibility": 0.08596086502075195, "presence": 0.9656110405921936}, "left thumb": {"x": 0.8438792824745178, "y": 0.4705654978752136, "z": 0.18621660768985748, "visibility": 0.7245379090309143, "presence": 0.9821386337280273}, "right thumb": {"x": 0.9594663977622986, "y": 0.5069459676742554, "z": 0.14920559525489807, "visibility": 0.0940091535449028, "presence": 0.9758708477020264}, "left hip": {"x": 0.9586859345436096, "y": 0.5433511734008789, "z": -0.06706508249044418, "visibility": 0.9973574876785278, "presence": 0.9789974093437195}, "right hip": {"x": 0.982365071773529, "y": 0.5242694616317749, "z": 0.066715769469738, "visibility": 0.9942546486854553, "presence": 0.9781729578971863}, "left knee": {"x": 0.9642484784126282, "y": 0.7057721614837646, "z": -0.07273797690868378, "visibility": 0.9530404210090637, "presence": 0.981400728225708}, "right knee": {"x": 0.9198070168495178, "y": 0.6138256788253784, "z": 0.1660141944885254, "visibility": 0.33668503165245056, "presence": 0.9702862501144409}, "left ankle": {"x": 1.0340057611465454, "y": 0.7580257654190063, "z": -0.1326536387205124, "visibility": 0.8144235014915466, "presence": 0.5798267722129822}, "right ankle": {"x": 0.9251946210861206, "y": 0.7603795528411865, "z": 0.11949249356985092, "visibility": 0.4166119694709778, "presence": 0.467816561460495}, "left heel": {"x": 1.0628138780593872, "y": 0.7678987383842468, "z": -0.14165210723876953, "visibility": 0.6939840912818909, "presence": 0.2689729928970337}, "right heel": {"x": 0.933996856212616, "y": 0.7892389297485352, "z": 0.12949395179748535, "visibility": 0.5508620142936707, "presence": 0.47993239760398865}, "left foot index": {"x": 1.0233253240585327, "y": 0.7979294657707214, "z": -0.1643492728471756, "visibility": 0.7264308929443359, "presence": 0.40483689308166504}, "right foot index": {"x": 0.8881898522377014, "y": 0.7851608395576477, "z": 0.14212413132190704, "visibility": 0.39733991026878357, "presence": 0.463283509016037}, "timestamp": "20240418-205528"}