{"nose": {"x": 0.8190252780914307, "y": 0.29540619254112244, "z": -0.02567457966506481, "visibility": 0.9999297261238098, "presence": 0.999988317489624}, "left eye (inner)": {"x": 0.8197712302207947, "y": 0.27603259682655334, "z": -0.043244242668151855, "visibility": 0.9998864531517029, "presence": 0.999988317489624}, "left eye": {"x": 0.8213042616844177, "y": 0.2743144631385803, "z": -0.04340805113315582, "visibility": 0.9998842477798462, "presence": 0.9999909400939941}, "left eye (outer)": {"x": 0.822813093662262, "y": 0.2725926339626312, "z": -0.04338933527469635, "visibility": 0.9998912811279297, "presence": 0.9999897480010986}, "right eye (inner)": {"x": 0.8188782334327698, "y": 0.2760639190673828, "z": -0.017568202689290047, "visibility": 0.9999072551727295, "presence": 0.9999783039093018}, "right eye": {"x": 0.8194751143455505, "y": 0.27482426166534424, "z": -0.017770910635590553, "visibility": 0.9999208450317383, "presence": 0.9999802112579346}, "right eye (outer)": {"x": 0.8201001882553101, "y": 0.27348455786705017, "z": -0.017824603244662285, "visibility": 0.9999201893806458, "presence": 0.9999755620956421}, "left ear": {"x": 0.8355882167816162, "y": 0.2654947340488434, "z": -0.08659223467111588, "visibility": 0.9999375343322754, "presence": 0.999994158744812}, "right ear": {"x": 0.8332337737083435, "y": 0.26920467615127563, "z": 0.030803389847278595, "visibility": 0.999829888343811, "presence": 0.9999775886535645}, "mouth (left)": {"x": 0.8274085521697998, "y": 0.30329450964927673, "z": -0.03662591055035591, "visibility": 0.9997928738594055, "presence": 0.9999949932098389}, "mouth (right)": {"x": 0.8259758949279785, "y": 0.30489856004714966, "z": -0.0041742874309420586, "visibility": 0.9997967481613159, "presence": 0.9999840259552002}, "left shoulder": {"x": 0.8765503764152527, "y": 0.30932891368865967, "z": -0.14678703248500824, "visibility": 0.9999867081642151, "presence": 0.9999990463256836}, "right shoulder": {"x": 0.8487748503684998, "y": 0.3414405286312103, "z": 0.11187352240085602, "visibility": 0.999828040599823, "presence": 0.9999843835830688}, "left elbow": {"x": 0.8909651637077332, "y": 0.395887553691864, "z": -0.2318487912416458, "visibility": 0.9769763350486755, "presence": 0.9999788999557495}, "right elbow": {"x": 0.8863189220428467, "y": 0.4191863536834717, "z": 0.139137402176857, "visibility": 0.6398646831512451, "presence": 0.9999173879623413}, "left wrist": {"x": 0.832585871219635, "y": 0.40353846549987793, "z": -0.2613619863986969, "visibility": 0.9569109082221985, "presence": 0.9999992847442627}, "right wrist": {"x": 0.8807049989700317, "y": 0.5109482407569885, "z": 0.08579989522695541, "visibility": 0.6945688724517822, "presence": 0.9999537467956543}, "left pinky": {"x": 0.8184143304824829, "y": 0.4130919575691223, "z": -0.28588080406188965, "visibility": 0.9548142552375793, "presence": 0.9999980926513672}, "right pinky": {"x": 0.8796682953834534, "y": 0.53840571641922, "z": 0.08446106314659119, "visibility": 0.6839836239814758, "presence": 0.9999293088912964}, "left index": {"x": 0.8171236515045166, "y": 0.39577022194862366, "z": -0.2713703215122223, "visibility": 0.9538993835449219, "presence": 0.9999982118606567}, "right index": {"x": 0.8740153908729553, "y": 0.5354518294334412, "z": 0.06890872865915298, "visibility": 0.6856406927108765, "presence": 0.9999192953109741}, "left thumb": {"x": 0.8214992880821228, "y": 0.3952552378177643, "z": -0.2538847327232361, "visibility": 0.9403182864189148, "presence": 0.9999990463256836}, "right thumb": {"x": 0.8746590614318848, "y": 0.5223898887634277, "z": 0.07666091620922089, "visibility": 0.6740058064460754, "presence": 0.9999518394470215}, "left hip": {"x": 0.9409872889518738, "y": 0.4741138517856598, "z": -0.07584288716316223, "visibility": 0.9997377395629883, "presence": 0.9999939203262329}, "right hip": {"x": 0.9072800874710083, "y": 0.480914443731308, "z": 0.0757441595196724, "visibility": 0.9994785785675049, "presence": 0.9999927282333374}, "left knee": {"x": 0.9401430487632751, "y": 0.6212698817253113, "z": -0.18318086862564087, "visibility": 0.990882933139801, "presence": 0.9999796152114868}, "right knee": {"x": 0.8787123560905457, "y": 0.604850172996521, "z": 0.09622132778167725, "visibility": 0.7622264623641968, "presence": 0.9999450445175171}, "left ankle": {"x": 0.9784892201423645, "y": 0.7745110988616943, "z": -0.1742464005947113, "visibility": 0.9778941869735718, "presence": 0.9996740818023682}, "right ankle": {"x": 0.8675996661186218, "y": 0.743295431137085, "z": 0.20439481735229492, "visibility": 0.7853282690048218, "presence": 0.9992295503616333}, "left heel": {"x": 0.990073561668396, "y": 0.7901099324226379, "z": -0.1765517145395279, "visibility": 0.8871853947639465, "presence": 0.9982544779777527}, "right heel": {"x": 0.8770216703414917, "y": 0.7732670307159424, "z": 0.19180437922477722, "visibility": 0.7583169341087341, "presence": 0.9990599751472473}, "left foot index": {"x": 0.9656192064285278, "y": 0.8385058641433716, "z": -0.2617466151714325, "visibility": 0.9762691259384155, "presence": 0.9977972507476807}, "right foot index": {"x": 0.8329727053642273, "y": 0.7798086404800415, "z": 0.1980711817741394, "visibility": 0.8322823643684387, "presence": 0.9981630444526672}, "timestamp": "20240418-205719"}