{"nose": {"x": 0.8811924457550049, "y": 0.24681688845157623, "z": -0.2718767821788788, "visibility": 0.999855101108551, "presence": 0.9998528957366943}, "left eye (inner)": {"x": 0.8845944404602051, "y": 0.23198302090168, "z": -0.27085965871810913, "visibility": 0.9997960329055786, "presence": 0.9998132586479187}, "left eye": {"x": 0.8872683644294739, "y": 0.23097571730613708, "z": -0.2710898220539093, "visibility": 0.9998114705085754, "presence": 0.9998680353164673}, "left eye (outer)": {"x": 0.8905503153800964, "y": 0.22970692813396454, "z": -0.2710374593734741, "visibility": 0.9998211860656738, "presence": 0.9998550415039062}, "right eye (inner)": {"x": 0.881532609462738, "y": 0.2324838489294052, "z": -0.2561853528022766, "visibility": 0.9997929930686951, "presence": 0.9995439648628235}, "right eye": {"x": 0.8809938430786133, "y": 0.23219722509384155, "z": -0.2564184367656708, "visibility": 0.9998236894607544, "presence": 0.9995580315589905}, "right eye (outer)": {"x": 0.8802279829978943, "y": 0.2319464087486267, "z": -0.2565727233886719, "visibility": 0.9997907876968384, "presence": 0.999420166015625}, "left ear": {"x": 0.9052010774612427, "y": 0.22657543420791626, "z": -0.21588397026062012, "visibility": 0.9999145865440369, "presence": 0.9999144077301025}, "right ear": {"x": 0.8924866914749146, "y": 0.23092490434646606, "z": -0.14676669239997864, "visibility": 0.9996212124824524, "presence": 0.999220609664917}, "mouth (left)": {"x": 0.889194667339325, "y": 0.2600257396697998, "z": -0.24615401029586792, "visibility": 0.9997075796127319, "presence": 0.9999613761901855}, "mouth (right)": {"x": 0.8848413825035095, "y": 0.2602456212043762, "z": -0.2276262491941452, "visibility": 0.9995949864387512, "presence": 0.9997692704200745}, "left shoulder": {"x": 0.9552408456802368, "y": 0.285038024187088, "z": -0.16430923342704773, "visibility": 0.9999701380729675, "presence": 0.9999902248382568}, "right shoulder": {"x": 0.8703291416168213, "y": 0.3115309476852417, "z": -0.058263882994651794, "visibility": 0.9993873834609985, "presence": 0.9994219541549683}, "left elbow": {"x": 0.9885271191596985, "y": 0.36966976523399353, "z": -0.2446068674325943, "visibility": 0.9693506956100464, "presence": 0.9995654225349426}, "right elbow": {"x": 0.8436227440834045, "y": 0.4008781909942627, "z": -0.12424914538860321, "visibility": 0.670735776424408, "presence": 0.9939236044883728}, "left wrist": {"x": 0.9576479196548462, "y": 0.39047378301620483, "z": -0.4087951183319092, "visibility": 0.9389321208000183, "presence": 0.9999809265136719}, "right wrist": {"x": 0.8298694491386414, "y": 0.3846832811832428, "z": -0.3255881369113922, "visibility": 0.7288329601287842, "presence": 0.9987026453018188}, "left pinky": {"x": 0.9490050673484802, "y": 0.4055778980255127, "z": -0.45338279008865356, "visibility": 0.9373270273208618, "presence": 0.9999645948410034}, "right pinky": {"x": 0.8230906128883362, "y": 0.38650622963905334, "z": -0.3713056743144989, "visibility": 0.7239852547645569, "presence": 0.9988333582878113}, "left index": {"x": 0.9439664483070374, "y": 0.3845880627632141, "z": -0.46396932005882263, "visibility": 0.9355645179748535, "presence": 0.9999769926071167}, "right index": {"x": 0.8240706324577332, "y": 0.3722388744354248, "z": -0.3854755163192749, "visibility": 0.7203142642974854, "presence": 0.9990981817245483}, "left thumb": {"x": 0.9448539018630981, "y": 0.38364943861961365, "z": -0.4152775704860687, "visibility": 0.917426586151123, "presence": 0.9999852180480957}, "right thumb": {"x": 0.8282418847084045, "y": 0.37225252389907837, "z": -0.33830389380455017, "visibility": 0.7033706903457642, "presence": 0.9994128942489624}, "left hip": {"x": 0.9491631984710693, "y": 0.4904082417488098, "z": -0.03501765802502632, "visibility": 0.998478889465332, "presence": 0.9999459981918335}, "right hip": {"x": 0.8981183767318726, "y": 0.4938894510269165, "z": 0.034904997795820236, "visibility": 0.9963644742965698, "presence": 0.9998840093612671}, "left knee": {"x": 0.958186686038971, "y": 0.6319301128387451, "z": -0.21082989871501923, "visibility": 0.9869393110275269, "presence": 0.9998995065689087}, "right knee": {"x": 0.8563370704650879, "y": 0.6217413544654846, "z": -0.05823419615626335, "visibility": 0.7514915466308594, "presence": 0.9991068243980408}, "left ankle": {"x": 0.9803516864776611, "y": 0.799251914024353, "z": -0.13324734568595886, "visibility": 0.9891815781593323, "presence": 0.9995943903923035}, "right ankle": {"x": 0.8780622482299805, "y": 0.7264823913574219, "z": 0.1819077432155609, "visibility": 0.7079418301582336, "presence": 0.9994102716445923}, "left heel": {"x": 0.9829647541046143, "y": 0.822242796421051, "z": -0.13215427100658417, "visibility": 0.9272952079772949, "presence": 0.9984734654426575}, "right heel": {"x": 0.8902936577796936, "y": 0.7379710078239441, "z": 0.20332910120487213, "visibility": 0.7129368185997009, "presence": 0.9995736479759216}, "left foot index": {"x": 0.967327356338501, "y": 0.8552436232566833, "z": -0.27210572361946106, "visibility": 0.9871219992637634, "presence": 0.9963622689247131}, "right foot index": {"x": 0.8569532036781311, "y": 0.7872684001922607, "z": 0.12756411731243134, "visibility": 0.7695119976997375, "presence": 0.9987003803253174}, "timestamp": "20240418-205615"}