{"nose": {"x": 0.8414485454559326, "y": 0.3498101532459259, "z": 0.17041641473770142, "visibility": 0.9998705387115479, "presence": 0.9999983310699463}, "left eye (inner)": {"x": 0.8402602076530457, "y": 0.3363845944404602, "z": 0.146856889128685, "visibility": 0.9998170733451843, "presence": 0.9999971389770508}, "left eye": {"x": 0.8395918011665344, "y": 0.3358927071094513, "z": 0.14671975374221802, "visibility": 0.9998242855072021, "presence": 0.9999974966049194}, "left eye (outer)": {"x": 0.8381653428077698, "y": 0.3356587886810303, "z": 0.1467096507549286, "visibility": 0.999832272529602, "presence": 0.9999964237213135}, "right eye (inner)": {"x": 0.8425947427749634, "y": 0.3340684771537781, "z": 0.16011929512023926, "visibility": 0.9998562932014465, "presence": 0.9999964237213135}, "right eye": {"x": 0.8439935445785522, "y": 0.331955224275589, "z": 0.159888356924057, "visibility": 0.9998776912689209, "presence": 0.9999970197677612}, "right eye (outer)": {"x": 0.8450201153755188, "y": 0.3300114870071411, "z": 0.159806489944458, "visibility": 0.9998772144317627, "presence": 0.9999959468841553}, "left ear": {"x": 0.8486537933349609, "y": 0.3315439522266388, "z": 0.061144303530454636, "visibility": 0.999914288520813, "presence": 0.9999974966049194}, "right ear": {"x": 0.8529581427574158, "y": 0.3270677924156189, "z": 0.12184441089630127, "visibility": 0.99976646900177, "presence": 0.999995231628418}, "mouth (left)": {"x": 0.8444326519966125, "y": 0.3575137257575989, "z": 0.14531560242176056, "visibility": 0.9995146989822388, "presence": 0.9999914169311523}, "mouth (right)": {"x": 0.8474025726318359, "y": 0.35560277104377747, "z": 0.16161423921585083, "visibility": 0.9993853569030762, "presence": 0.9999802112579346}, "left shoulder": {"x": 0.8541527986526489, "y": 0.37185099720954895, "z": -0.01695159077644348, "visibility": 0.9999812245368958, "presence": 0.9999959468841553}, "right shoulder": {"x": 0.9061183333396912, "y": 0.3595374524593353, "z": 0.13291282951831818, "visibility": 0.9997626543045044, "presence": 0.9999887943267822}, "left elbow": {"x": 0.8229497671127319, "y": 0.4502975046634674, "z": 0.04232272505760193, "visibility": 0.8903261423110962, "presence": 0.9999663829803467}, "right elbow": {"x": 0.944044291973114, "y": 0.4431210458278656, "z": 0.10906364023685455, "visibility": 0.41145381331443787, "presence": 0.9998764991760254}, "left wrist": {"x": 0.816823422908783, "y": 0.45461776852607727, "z": 0.208976149559021, "visibility": 0.7456966042518616, "presence": 0.9999512434005737}, "right wrist": {"x": 0.9477862119674683, "y": 0.5395444631576538, "z": 0.06443449854850769, "visibility": 0.40998390316963196, "presence": 0.9997252821922302}, "left pinky": {"x": 0.8129793405532837, "y": 0.4569260776042938, "z": 0.2244696468114853, "visibility": 0.7366719245910645, "presence": 0.9998672008514404}, "right pinky": {"x": 0.9493362307548523, "y": 0.5634194016456604, "z": 0.06078852340579033, "visibility": 0.40658801794052124, "presence": 0.9995286464691162}, "left index": {"x": 0.8169587254524231, "y": 0.44956761598587036, "z": 0.22209127247333527, "visibility": 0.7320097088813782, "presence": 0.9997861981391907}, "right index": {"x": 0.9460908770561218, "y": 0.5672386884689331, "z": 0.0505816712975502, "visibility": 0.4059268832206726, "presence": 0.9992830157279968}, "left thumb": {"x": 0.8187408447265625, "y": 0.45001569390296936, "z": 0.21302497386932373, "visibility": 0.6967967748641968, "presence": 0.9998732805252075}, "right thumb": {"x": 0.9455299973487854, "y": 0.557321310043335, "z": 0.05601884052157402, "visibility": 0.40035170316696167, "presence": 0.9996002316474915}, "left hip": {"x": 0.9368577599525452, "y": 0.5324914455413818, "z": -0.07819814234972, "visibility": 0.9993594884872437, "presence": 0.9999973773956299}, "right hip": {"x": 0.9554347395896912, "y": 0.5133601427078247, "z": 0.07803800702095032, "visibility": 0.9988878965377808, "presence": 0.9999982118606567}, "left knee": {"x": 0.9345489740371704, "y": 0.6808452606201172, "z": -0.07863917946815491, "visibility": 0.9868091344833374, "presence": 0.9999865293502808}, "right knee": {"x": 0.887958288192749, "y": 0.6126991510391235, "z": 0.19255317747592926, "visibility": 0.4424639046192169, "presence": 0.9999806880950928}, "left ankle": {"x": 1.001981258392334, "y": 0.7899749875068665, "z": -0.11786859482526779, "visibility": 0.9670655131340027, "presence": 0.9995318651199341}, "right ankle": {"x": 0.8898019194602966, "y": 0.7540030479431152, "z": 0.1816084384918213, "visibility": 0.5916363596916199, "presence": 0.9997103810310364}, "left heel": {"x": 1.0343416929244995, "y": 0.812368631362915, "z": -0.12362644821405411, "visibility": 0.8890479207038879, "presence": 0.9978717565536499}, "right heel": {"x": 0.9010758399963379, "y": 0.7858221530914307, "z": 0.1850951761007309, "visibility": 0.6589798927307129, "presence": 0.9996358156204224}, "left foot index": {"x": 0.987010657787323, "y": 0.855042040348053, "z": -0.1673697978258133, "visibility": 0.9559378623962402, "presence": 0.9975583553314209}, "right foot index": {"x": 0.8537123799324036, "y": 0.7806545495986938, "z": 0.20024310052394867, "visibility": 0.6360796689987183, "presence": 0.9991148114204407}, "timestamp": "20240418-205606"}