{"nose": {"x": 0.8008334040641785, "y": 0.30211228132247925, "z": 0.017239853739738464, "visibility": 0.9999675154685974, "presence": 0.9999974966049194}, "left eye (inner)": {"x": 0.8012751340866089, "y": 0.2844600975513458, "z": -0.0017991731874644756, "visibility": 0.9999548196792603, "presence": 0.9999978542327881}, "left eye": {"x": 0.8026033043861389, "y": 0.2824563980102539, "z": -0.0019574370235204697, "visibility": 0.9999560713768005, "presence": 0.9999983310699463}, "left eye (outer)": {"x": 0.8039147257804871, "y": 0.28060778975486755, "z": -0.0019122163066640496, "visibility": 0.9999635219573975, "presence": 0.9999982118606567}, "right eye (inner)": {"x": 0.8002290725708008, "y": 0.28489452600479126, "z": 0.020749175921082497, "visibility": 0.9999566674232483, "presence": 0.999995231628418}, "right eye": {"x": 0.8006250858306885, "y": 0.2833804786205292, "z": 0.020531844347715378, "visibility": 0.9999604821205139, "presence": 0.9999951124191284}, "right eye (outer)": {"x": 0.8008604049682617, "y": 0.2818391025066376, "z": 0.02050955593585968, "visibility": 0.9999608397483826, "presence": 0.9999935626983643}, "left ear": {"x": 0.8139311075210571, "y": 0.2742869555950165, "z": -0.0541163869202137, "visibility": 0.9999788999557495, "presence": 0.9999991655349731}, "right ear": {"x": 0.8123589754104614, "y": 0.2750376760959625, "z": 0.04926124960184097, "visibility": 0.9999194145202637, "presence": 0.9999939203262329}, "mouth (left)": {"x": 0.8095930218696594, "y": 0.3084453046321869, "z": 0.0033904106821864843, "visibility": 0.9999135732650757, "presence": 0.9999972581863403}, "mouth (right)": {"x": 0.8083382844924927, "y": 0.31060099601745605, "z": 0.03184924274682999, "visibility": 0.9998561143875122, "presence": 0.9999886751174927}, "left shoulder": {"x": 0.8414487242698669, "y": 0.30526742339134216, "z": -0.11418973654508591, "visibility": 0.9999920725822449, "presence": 0.9999991655349731}, "right shoulder": {"x": 0.83456951379776, "y": 0.3247189521789551, "z": 0.12215955555438995, "visibility": 0.9998290538787842, "presence": 0.9999748468399048}, "left elbow": {"x": 0.8402283191680908, "y": 0.3890799283981323, "z": -0.19145216047763824, "visibility": 0.9910025596618652, "presence": 0.9999860525131226}, "right elbow": {"x": 0.8624399304389954, "y": 0.37071189284324646, "z": 0.24310436844825745, "visibility": 0.4927305579185486, "presence": 0.9999444484710693}, "left wrist": {"x": 0.8002231121063232, "y": 0.4094632863998413, "z": -0.20058801770210266, "visibility": 0.9839493036270142, "presence": 0.9999990463256836}, "right wrist": {"x": 0.8454652428627014, "y": 0.38751548528671265, "z": 0.3535112142562866, "visibility": 0.5905741453170776, "presence": 0.9999836683273315}, "left pinky": {"x": 0.7904574275016785, "y": 0.4180903434753418, "z": -0.2171267569065094, "visibility": 0.9803619384765625, "presence": 0.9999971389770508}, "right pinky": {"x": 0.8423492908477783, "y": 0.3924471139907837, "z": 0.3784683048725128, "visibility": 0.5945294499397278, "presence": 0.9999749660491943}, "left index": {"x": 0.7885448932647705, "y": 0.40965360403060913, "z": -0.20579639077186584, "visibility": 0.9794678092002869, "presence": 0.9999969005584717}, "right index": {"x": 0.8365387916564941, "y": 0.39499586820602417, "z": 0.3642949163913727, "visibility": 0.5969740152359009, "presence": 0.9999663829803467}, "left thumb": {"x": 0.7933306097984314, "y": 0.40800940990448, "z": -0.19436337053775787, "visibility": 0.9650459885597229, "presence": 0.9999984502792358}, "right thumb": {"x": 0.8372385501861572, "y": 0.3933664858341217, "z": 0.3492461144924164, "visibility": 0.5899225473403931, "presence": 0.9999809265136719}, "left hip": {"x": 0.9198164343833923, "y": 0.46866095066070557, "z": -0.07176113873720169, "visibility": 0.9997633099555969, "presence": 0.9999959468841553}, "right hip": {"x": 0.8960235118865967, "y": 0.4758583903312683, "z": 0.07166912406682968, "visibility": 0.9995203614234924, "presence": 0.9999924898147583}, "left knee": {"x": 0.9105990529060364, "y": 0.6129145622253418, "z": -0.17295272648334503, "visibility": 0.9838008284568787, "presence": 0.9999916553497314}, "right knee": {"x": 0.8586803674697876, "y": 0.598260223865509, "z": 0.07786963880062103, "visibility": 0.6523939967155457, "presence": 0.9999730587005615}, "left ankle": {"x": 0.9733155965805054, "y": 0.7481088638305664, "z": -0.21758347749710083, "visibility": 0.9737439155578613, "presence": 0.9998832941055298}, "right ankle": {"x": 0.859527051448822, "y": 0.7376044392585754, "z": 0.07001624256372452, "visibility": 0.7106741070747375, "presence": 0.9995591044425964}, "left heel": {"x": 0.990474283695221, "y": 0.7625742554664612, "z": -0.22464130818843842, "visibility": 0.8888152241706848, "presence": 0.9991921782493591}, "right heel": {"x": 0.869327962398529, "y": 0.7665255069732666, "z": 0.06744863837957382, "visibility": 0.7186492681503296, "presence": 0.9993164539337158}, "left foot index": {"x": 0.9557681679725647, "y": 0.8217197060585022, "z": -0.2796182334423065, "visibility": 0.9734254479408264, "presence": 0.9986034035682678}, "right foot index": {"x": 0.8222783803939819, "y": 0.7687453627586365, "z": 0.03919365629553795, "visibility": 0.785865068435669, "presence": 0.9984655380249023}, "timestamp": "20240418-205812"}