{"nose": {"x": 0.6486868262290955, "y": 0.2585837244987488, "z": -0.2763407230377197, "visibility": 0.999435305595398, "presence": 0.9999990463256836}, "left eye (inner)": {"x": 0.6518787145614624, "y": 0.2435894012451172, "z": -0.2728694975376129, "visibility": 0.999579906463623, "presence": 0.9999971389770508}, "left eye": {"x": 0.6541732549667358, "y": 0.24210847914218903, "z": -0.2730894386768341, "visibility": 0.9995072484016418, "presence": 0.9999974966049194}, "left eye (outer)": {"x": 0.6571850776672363, "y": 0.24057844281196594, "z": -0.273025780916214, "visibility": 0.9996414184570312, "presence": 0.999996542930603}, "right eye (inner)": {"x": 0.6467550992965698, "y": 0.24562926590442657, "z": -0.26495325565338135, "visibility": 0.999690055847168, "presence": 0.9999951124191284}, "right eye": {"x": 0.6458384990692139, "y": 0.2454691082239151, "z": -0.26517075300216675, "visibility": 0.9996899962425232, "presence": 0.9999949932098389}, "right eye (outer)": {"x": 0.6449464559555054, "y": 0.24513009190559387, "z": -0.26527494192123413, "visibility": 0.9997616410255432, "presence": 0.999992847442627}, "left ear": {"x": 0.6685883402824402, "y": 0.23643186688423157, "z": -0.20480608940124512, "visibility": 0.9996783137321472, "presence": 0.9999970197677612}, "right ear": {"x": 0.6488502025604248, "y": 0.24379554390907288, "z": -0.1667681783437729, "visibility": 0.9994839429855347, "presence": 0.9999902248382568}, "mouth (left)": {"x": 0.6554667949676514, "y": 0.2651202976703644, "z": -0.2456616312265396, "visibility": 0.9985849857330322, "presence": 0.9999982118606567}, "mouth (right)": {"x": 0.6492376327514648, "y": 0.2685728967189789, "z": -0.23592138290405273, "visibility": 0.998304009437561, "presence": 0.999993085861206}, "left shoulder": {"x": 0.7039291262626648, "y": 0.2863032817840576, "z": -0.13856340944766998, "visibility": 0.999919593334198, "presence": 0.9999985694885254}, "right shoulder": {"x": 0.6335136294364929, "y": 0.3011411130428314, "z": -0.07366405427455902, "visibility": 0.9998900294303894, "presence": 0.9999873638153076}, "left elbow": {"x": 0.7286770343780518, "y": 0.3595089912414551, "z": -0.19547036290168762, "visibility": 0.9427061676979065, "presence": 0.9998923540115356}, "right elbow": {"x": 0.6048607230186462, "y": 0.3763969838619232, "z": -0.14526665210723877, "visibility": 0.6504402160644531, "presence": 0.9998003840446472}, "left wrist": {"x": 0.7136461734771729, "y": 0.382442444562912, "z": -0.34538766741752625, "visibility": 0.944222092628479, "presence": 0.9999929666519165}, "right wrist": {"x": 0.5954025387763977, "y": 0.3452339470386505, "z": -0.3062899708747864, "visibility": 0.7302818894386292, "presence": 0.9999737739562988}, "left pinky": {"x": 0.7091846466064453, "y": 0.388619989156723, "z": -0.3867974281311035, "visibility": 0.9386335611343384, "presence": 0.9999880790710449}, "right pinky": {"x": 0.5928624272346497, "y": 0.34074079990386963, "z": -0.3471176028251648, "visibility": 0.7292332053184509, "presence": 0.9999655485153198}, "left index": {"x": 0.7059327363967896, "y": 0.3725429177284241, "z": -0.4044322967529297, "visibility": 0.9377278089523315, "presence": 0.9999918937683105}, "right index": {"x": 0.5941516757011414, "y": 0.3303705155849457, "z": -0.3582971394062042, "visibility": 0.7295469641685486, "presence": 0.9999754428863525}, "left thumb": {"x": 0.7053470015525818, "y": 0.3709130883216858, "z": -0.35427170991897583, "visibility": 0.9113861918449402, "presence": 0.9999945163726807}, "right thumb": {"x": 0.5999888777732849, "y": 0.3318522870540619, "z": -0.3162960410118103, "visibility": 0.7075601816177368, "presence": 0.9999852180480957}, "left hip": {"x": 0.6999292969703674, "y": 0.46858444809913635, "z": -0.029831698164343834, "visibility": 0.9995493292808533, "presence": 0.9999781847000122}, "right hip": {"x": 0.6596411466598511, "y": 0.4671393930912018, "z": 0.02961544133722782, "visibility": 0.9990571141242981, "presence": 0.9999731779098511}, "left knee": {"x": 0.7206841707229614, "y": 0.5928922891616821, "z": -0.13576549291610718, "visibility": 0.7909480333328247, "presence": 0.999903678894043}, "right knee": {"x": 0.5997947454452515, "y": 0.4884128272533417, "z": 0.05379654839634895, "visibility": 0.40892210602760315, "presence": 0.9996954202651978}, "left ankle": {"x": 0.7567856311798096, "y": 0.7284324765205383, "z": -0.10279816389083862, "visibility": 0.7839222550392151, "presence": 0.9993917942047119}, "right ankle": {"x": 0.5944738984107971, "y": 0.5994398593902588, "z": 0.20445698499679565, "visibility": 0.4021799564361572, "presence": 0.999637246131897}, "left heel": {"x": 0.7637962102890015, "y": 0.7524920105934143, "z": -0.10481654107570648, "visibility": 0.6895278692245483, "presence": 0.9976305961608887}, "right heel": {"x": 0.6016050577163696, "y": 0.6217419505119324, "z": 0.21637193858623505, "visibility": 0.43927839398384094, "presence": 0.9997335076332092}, "left foot index": {"x": 0.755831778049469, "y": 0.7655156254768372, "z": -0.20725741982460022, "visibility": 0.8251473903656006, "presence": 0.9965794682502747}, "right foot index": {"x": 0.5731111168861389, "y": 0.6212931871414185, "z": 0.16516254842281342, "visibility": 0.5185885429382324, "presence": 0.9994164705276489}, "timestamp": "20240418-205640"}