{"nose": {"x": 0.911602258682251, "y": 0.29150548577308655, "z": -0.2596949636936188, "visibility": 0.9994713068008423, "presence": 0.999923825263977}, "left eye (inner)": {"x": 0.9160733222961426, "y": 0.2746174931526184, "z": -0.2567576467990875, "visibility": 0.9993559718132019, "presence": 0.9998582601547241}, "left eye": {"x": 0.9187241196632385, "y": 0.27362868189811707, "z": -0.256946325302124, "visibility": 0.9993177652359009, "presence": 0.9998776912689209}, "left eye (outer)": {"x": 0.9216006994247437, "y": 0.27221837639808655, "z": -0.2568567991256714, "visibility": 0.9993240237236023, "presence": 0.9998345375061035}, "right eye (inner)": {"x": 0.9114392399787903, "y": 0.27634918689727783, "z": -0.2444113940000534, "visibility": 0.9994944334030151, "presence": 0.9998111128807068}, "right eye": {"x": 0.9107242822647095, "y": 0.27622973918914795, "z": -0.24459928274154663, "visibility": 0.9995533227920532, "presence": 0.9998441934585571}, "right eye (outer)": {"x": 0.9098469614982605, "y": 0.27595919370651245, "z": -0.2447298765182495, "visibility": 0.9995731711387634, "presence": 0.9998270869255066}, "left ear": {"x": 0.9365460276603699, "y": 0.27031293511390686, "z": -0.19574904441833496, "visibility": 0.9996781945228577, "presence": 0.9998729228973389}, "right ear": {"x": 0.9172971844673157, "y": 0.2749097943305969, "z": -0.13543425500392914, "visibility": 0.999377429485321, "presence": 0.9998186230659485}, "mouth (left)": {"x": 0.9203038215637207, "y": 0.30297067761421204, "z": -0.23137575387954712, "visibility": 0.9983577132225037, "presence": 0.9999223947525024}, "mouth (right)": {"x": 0.9139912724494934, "y": 0.30479696393013, "z": -0.21544551849365234, "visibility": 0.997998833656311, "presence": 0.9997854828834534}, "left shoulder": {"x": 0.9841471314430237, "y": 0.33185428380966187, "z": -0.13958899676799774, "visibility": 0.9999101758003235, "presence": 0.9996269941329956}, "right shoulder": {"x": 0.8980282545089722, "y": 0.33553099632263184, "z": -0.06512709707021713, "visibility": 0.998974621295929, "presence": 0.9989566802978516}, "left elbow": {"x": 1.0165648460388184, "y": 0.4298354387283325, "z": -0.24195027351379395, "visibility": 0.9393572807312012, "presence": 0.8309867978096008}, "right elbow": {"x": 0.8520159721374512, "y": 0.37255972623825073, "z": -0.16191689670085907, "visibility": 0.6080388426780701, "presence": 0.9650527238845825}, "left wrist": {"x": 0.9815400838851929, "y": 0.4200594127178192, "z": -0.4196644723415375, "visibility": 0.8837606906890869, "presence": 0.992175281047821}, "right wrist": {"x": 0.8497310876846313, "y": 0.30371004343032837, "z": -0.3619038164615631, "visibility": 0.653203547000885, "presence": 0.9979020357131958}, "left pinky": {"x": 0.9680213332176208, "y": 0.4231128692626953, "z": -0.464015394449234, "visibility": 0.8872960209846497, "presence": 0.9947279095649719}, "right pinky": {"x": 0.8486064076423645, "y": 0.2770518958568573, "z": -0.41166508197784424, "visibility": 0.6440222859382629, "presence": 0.9985753297805786}, "left index": {"x": 0.9665839672088623, "y": 0.40057089924812317, "z": -0.4707638621330261, "visibility": 0.8843702673912048, "presence": 0.9972007274627686}, "right index": {"x": 0.8551927804946899, "y": 0.27201780676841736, "z": -0.4097612500190735, "visibility": 0.6399785280227661, "presence": 0.9992675185203552}, "left thumb": {"x": 0.9696334004402161, "y": 0.4006640613079071, "z": -0.4252854585647583, "visibility": 0.8477053642272949, "presence": 0.997288703918457}, "right thumb": {"x": 0.8578094244003296, "y": 0.28285083174705505, "z": -0.3682342767715454, "visibility": 0.629399299621582, "presence": 0.9994308352470398}, "left hip": {"x": 0.9676715731620789, "y": 0.5341053605079651, "z": -0.03388096019625664, "visibility": 0.9926275014877319, "presence": 0.9720976948738098}, "right hip": {"x": 0.9187189340591431, "y": 0.537758469581604, "z": 0.03367691487073898, "visibility": 0.9892280101776123, "presence": 0.9776511788368225}, "left knee": {"x": 0.9727400541305542, "y": 0.6472512483596802, "z": -0.29560089111328125, "visibility": 0.9714295268058777, "presence": 0.9822041392326355}, "right knee": {"x": 0.8662476539611816, "y": 0.6651623249053955, "z": 0.0827748253941536, "visibility": 0.6433601975440979, "presence": 0.9301730990409851}, "left ankle": {"x": 1.005768060684204, "y": 0.8061264157295227, "z": -0.2480674386024475, "visibility": 0.9478424191474915, "presence": 0.9751851558685303}, "right ankle": {"x": 0.8803927302360535, "y": 0.769181489944458, "z": 0.333184152841568, "visibility": 0.5822486877441406, "presence": 0.9575923085212708}, "left heel": {"x": 1.006787657737732, "y": 0.8309143781661987, "z": -0.24923568964004517, "visibility": 0.8937026262283325, "presence": 0.9313766956329346}, "right heel": {"x": 0.8905895352363586, "y": 0.7882314920425415, "z": 0.3550739586353302, "visibility": 0.6174724102020264, "presence": 0.9755470156669617}, "left foot index": {"x": 0.9889439940452576, "y": 0.8560355305671692, "z": -0.38782039284706116, "visibility": 0.9532542824745178, "presence": 0.9425572752952576}, "right foot index": {"x": 0.8460630774497986, "y": 0.7932183146476746, "z": 0.27041441202163696, "visibility": 0.629749596118927, "presence": 0.9727474451065063}, "timestamp": "20240418-205831"}