{"nose": {"x": 0.8615766167640686, "y": 0.3562577962875366, "z": 0.08065352588891983, "visibility": 0.9986957907676697, "presence": 0.9998956918716431}, "left eye (inner)": {"x": 0.8621839880943298, "y": 0.3421853482723236, "z": 0.06833494454622269, "visibility": 0.9981013536453247, "presence": 0.9998619556427002}, "left eye": {"x": 0.862956166267395, "y": 0.3412227928638458, "z": 0.0681915357708931, "visibility": 0.9981238842010498, "presence": 0.9998595714569092}, "left eye (outer)": {"x": 0.8636295795440674, "y": 0.3403387665748596, "z": 0.06825603544712067, "visibility": 0.9976586699485779, "presence": 0.9998014569282532}, "right eye (inner)": {"x": 0.8631332516670227, "y": 0.3420566916465759, "z": 0.0906398668885231, "visibility": 0.9989719986915588, "presence": 0.9998683929443359}, "right eye": {"x": 0.8645235896110535, "y": 0.34120267629623413, "z": 0.09036955237388611, "visibility": 0.9992537498474121, "presence": 0.9998972415924072}, "right eye (outer)": {"x": 0.865878164768219, "y": 0.3404634892940521, "z": 0.0902642086148262, "visibility": 0.999248743057251, "presence": 0.9998942613601685}, "left ear": {"x": 0.8740847706794739, "y": 0.33726590871810913, "z": 0.025582998991012573, "visibility": 0.9989754557609558, "presence": 0.9998635053634644}, "right ear": {"x": 0.8756164312362671, "y": 0.337973415851593, "z": 0.12163739651441574, "visibility": 0.9991957545280457, "presence": 0.9999221563339233}, "mouth (left)": {"x": 0.8663990497589111, "y": 0.3670039772987366, "z": 0.06698145717382431, "visibility": 0.9937655925750732, "presence": 0.9997430443763733}, "mouth (right)": {"x": 0.8679344654083252, "y": 0.36732906103134155, "z": 0.09515783935785294, "visibility": 0.9949750900268555, "presence": 0.9995927214622498}, "left shoulder": {"x": 0.9003027677536011, "y": 0.37772321701049805, "z": -0.0342644527554512, "visibility": 0.9998577833175659, "presence": 0.9992916584014893}, "right shoulder": {"x": 0.8946102857589722, "y": 0.3908747434616089, "z": 0.15511661767959595, "visibility": 0.9984187483787537, "presence": 0.9994151592254639}, "left elbow": {"x": 0.8795128464698792, "y": 0.4040641784667969, "z": -0.09208399802446365, "visibility": 0.8479722142219543, "presence": 0.9934804439544678}, "right elbow": {"x": 0.854837954044342, "y": 0.3613761067390442, "z": 0.19928617775440216, "visibility": 0.34086090326309204, "presence": 0.9996911287307739}, "left wrist": {"x": 0.8506967425346375, "y": 0.41097205877304077, "z": -0.004654382821172476, "visibility": 0.6434774994850159, "presence": 0.9985615611076355}, "right wrist": {"x": 0.8459017276763916, "y": 0.2798020839691162, "z": 0.2538212239742279, "visibility": 0.27238550782203674, "presence": 0.9999165534973145}, "left pinky": {"x": 0.8392233848571777, "y": 0.4102584719657898, "z": 0.0005717399180866778, "visibility": 0.6401246786117554, "presence": 0.9979518055915833}, "right pinky": {"x": 0.8452749848365784, "y": 0.25281643867492676, "z": 0.26325586438179016, "visibility": 0.26404914259910583, "presence": 0.9998027682304382}, "left index": {"x": 0.8399003744125366, "y": 0.40736743807792664, "z": 0.00518561527132988, "visibility": 0.6312873363494873, "presence": 0.9977836012840271}, "right index": {"x": 0.8479700088500977, "y": 0.24686086177825928, "z": 0.2706097364425659, "visibility": 0.2585005760192871, "presence": 0.9998055100440979}, "left thumb": {"x": 0.843019425868988, "y": 0.4093879163265228, "z": 0.001553051988594234, "visibility": 0.5969613790512085, "presence": 0.9985522627830505}, "right thumb": {"x": 0.8488683700561523, "y": 0.25096869468688965, "z": 0.2556191384792328, "visibility": 0.2563855051994324, "presence": 0.9998968839645386}, "left hip": {"x": 0.9447224140167236, "y": 0.5533530116081238, "z": -0.0690656378865242, "visibility": 0.9991602301597595, "presence": 0.995301365852356}, "right hip": {"x": 0.9299874901771545, "y": 0.5497815012931824, "z": 0.06875625252723694, "visibility": 0.9986514449119568, "presence": 0.997512698173523}, "left knee": {"x": 0.9491870403289795, "y": 0.6825512051582336, "z": -0.16160184144973755, "visibility": 0.9827464818954468, "presence": 0.996088981628418}, "right knee": {"x": 0.8682336807250977, "y": 0.6143965125083923, "z": 0.08662387728691101, "visibility": 0.4516471326351166, "presence": 0.9975761771202087}, "left ankle": {"x": 1.020607829093933, "y": 0.7966649532318115, "z": -0.26198142766952515, "visibility": 0.9676916003227234, "presence": 0.9668076634407043}, "right ankle": {"x": 0.8978207111358643, "y": 0.750978410243988, "z": 0.08743906766176224, "visibility": 0.6608757376670837, "presence": 0.9766991138458252}, "left heel": {"x": 1.0517314672470093, "y": 0.810947060585022, "z": -0.27425992488861084, "visibility": 0.9120467305183411, "presence": 0.8698687553405762}, "right heel": {"x": 0.9098457098007202, "y": 0.7802750468254089, "z": 0.08605986833572388, "visibility": 0.7360489964485168, "presence": 0.9778818488121033}, "left foot index": {"x": 0.9978091716766357, "y": 0.8513326048851013, "z": -0.3353550136089325, "visibility": 0.9443383812904358, "presence": 0.8434017300605774}, "right foot index": {"x": 0.8620488047599792, "y": 0.7790178060531616, "z": 0.07806912809610367, "visibility": 0.665260374546051, "presence": 0.93996262550354}, "timestamp": "20240418-205623"}