{"nose": {"x": 0.8724173903465271, "y": 0.26500970125198364, "z": -0.2627289891242981, "visibility": 0.9998709559440613, "presence": 0.9999444484710693}, "left eye (inner)": {"x": 0.8771477937698364, "y": 0.24799181520938873, "z": -0.26155421137809753, "visibility": 0.9998272657394409, "presence": 0.9999257326126099}, "left eye": {"x": 0.8796771168708801, "y": 0.2469312697649002, "z": -0.2617809474468231, "visibility": 0.9998435974121094, "presence": 0.999950647354126}, "left eye (outer)": {"x": 0.8821764588356018, "y": 0.24564597010612488, "z": -0.2617180645465851, "visibility": 0.9998541474342346, "presence": 0.9999464750289917}, "right eye (inner)": {"x": 0.8731207847595215, "y": 0.2493710219860077, "z": -0.2499050796031952, "visibility": 0.9998512864112854, "presence": 0.9997870326042175}, "right eye": {"x": 0.8728882074356079, "y": 0.24915601313114166, "z": -0.2501216232776642, "visibility": 0.9998714327812195, "presence": 0.9997751116752625}, "right eye (outer)": {"x": 0.8725447654724121, "y": 0.24886617064476013, "z": -0.2502473294734955, "visibility": 0.9998706579208374, "presence": 0.9996747970581055}, "left ear": {"x": 0.8962472677230835, "y": 0.2433158904314041, "z": -0.21027666330337524, "visibility": 0.9999269843101501, "presence": 0.9999754428863525}, "right ear": {"x": 0.8823382258415222, "y": 0.24749012291431427, "z": -0.1523968130350113, "visibility": 0.9997922778129578, "presence": 0.999526858329773}, "mouth (left)": {"x": 0.8811811804771423, "y": 0.27559414505958557, "z": -0.2381335347890854, "visibility": 0.9996843934059143, "presence": 0.9999644756317139}, "mouth (right)": {"x": 0.8757088780403137, "y": 0.2770082950592041, "z": -0.2230157107114792, "visibility": 0.999528169631958, "presence": 0.9997383952140808}, "left shoulder": {"x": 0.9475882053375244, "y": 0.3055063784122467, "z": -0.1681322306394577, "visibility": 0.9999869465827942, "presence": 0.9999855756759644}, "right shoulder": {"x": 0.8658698201179504, "y": 0.32860267162323, "z": -0.053845204412937164, "visibility": 0.9995651841163635, "presence": 0.9982047080993652}, "left elbow": {"x": 0.9848902821540833, "y": 0.3873730003833771, "z": -0.2385302633047104, "visibility": 0.9752337336540222, "presence": 0.9990133047103882}, "right elbow": {"x": 0.8302841782569885, "y": 0.39675891399383545, "z": -0.04802752658724785, "visibility": 0.6140338778495789, "presence": 0.9936829805374146}, "left wrist": {"x": 0.9479417204856873, "y": 0.41277045011520386, "z": -0.38756078481674194, "visibility": 0.9398369193077087, "presence": 0.9999769926071167}, "right wrist": {"x": 0.7904178500175476, "y": 0.3749634623527527, "z": -0.13889887928962708, "visibility": 0.660611629486084, "presence": 0.992990255355835}, "left pinky": {"x": 0.9393508434295654, "y": 0.42276570200920105, "z": -0.4249407947063446, "visibility": 0.9370595216751099, "presence": 0.9999606609344482}, "right pinky": {"x": 0.7711935639381409, "y": 0.3780258595943451, "z": -0.1606147587299347, "visibility": 0.659360408782959, "presence": 0.9907841682434082}, "left index": {"x": 0.9354076981544495, "y": 0.4037362337112427, "z": -0.43324175477027893, "visibility": 0.934791624546051, "presence": 0.9999690055847168}, "right index": {"x": 0.7711169123649597, "y": 0.3668661415576935, "z": -0.17589128017425537, "visibility": 0.6618124842643738, "presence": 0.9906212091445923}, "left thumb": {"x": 0.9363848567008972, "y": 0.4033932089805603, "z": -0.39305055141448975, "visibility": 0.9183555245399475, "presence": 0.999981164932251}, "right thumb": {"x": 0.7792133688926697, "y": 0.3632013201713562, "z": -0.14904911816120148, "visibility": 0.6537501811981201, "presence": 0.9949245452880859}, "left hip": {"x": 0.9419417977333069, "y": 0.5043249130249023, "z": -0.046124909073114395, "visibility": 0.9991161227226257, "presence": 0.9995442032814026}, "right hip": {"x": 0.8941028714179993, "y": 0.5101091861724854, "z": 0.04594498872756958, "visibility": 0.9976705312728882, "presence": 0.9988617897033691}, "left knee": {"x": 0.9527136087417603, "y": 0.6311445236206055, "z": -0.28047844767570496, "visibility": 0.9926111102104187, "presence": 0.9995751976966858}, "right knee": {"x": 0.8434621095657349, "y": 0.6330010890960693, "z": 0.051314398646354675, "visibility": 0.7478047609329224, "presence": 0.9915545582771301}, "left ankle": {"x": 0.9977936744689941, "y": 0.7951338887214661, "z": -0.2773577868938446, "visibility": 0.9911041259765625, "presence": 0.9933865666389465}, "right ankle": {"x": 0.8729664087295532, "y": 0.7430243492126465, "z": 0.2601923644542694, "visibility": 0.7507688403129578, "presence": 0.9896021485328674}, "left heel": {"x": 1.0025265216827393, "y": 0.8306706547737122, "z": -0.2850210666656494, "visibility": 0.9517527222633362, "presence": 0.9713285565376282}, "right heel": {"x": 0.8861187100410461, "y": 0.7643968462944031, "z": 0.2783936858177185, "visibility": 0.7996277809143066, "presence": 0.9925779700279236}, "left foot index": {"x": 0.9815967679023743, "y": 0.8474874496459961, "z": -0.4185776710510254, "visibility": 0.9906454086303711, "presence": 0.9553618431091309}, "right foot index": {"x": 0.8383919596672058, "y": 0.7841907739639282, "z": 0.2267051339149475, "visibility": 0.8034527897834778, "presence": 0.9864098429679871}, "timestamp": "20240418-205707"}