{"nose": {"x": 0.8504430055618286, "y": 0.34801721572875977, "z": 0.13143008947372437, "visibility": 0.9989741444587708, "presence": 0.9997332692146301}, "left eye (inner)": {"x": 0.8498067855834961, "y": 0.3351181149482727, "z": 0.11268829554319382, "visibility": 0.998488187789917, "presence": 0.9997420907020569}, "left eye": {"x": 0.8496105074882507, "y": 0.3342520296573639, "z": 0.11251357942819595, "visibility": 0.9984450340270996, "presence": 0.9997835755348206}, "left eye (outer)": {"x": 0.849284291267395, "y": 0.3334510326385498, "z": 0.11252506077289581, "visibility": 0.9982969760894775, "presence": 0.9997270703315735}, "right eye (inner)": {"x": 0.852604329586029, "y": 0.33432069420814514, "z": 0.13034628331661224, "visibility": 0.9990938305854797, "presence": 0.9995397329330444}, "right eye": {"x": 0.854403018951416, "y": 0.3330897390842438, "z": 0.13015830516815186, "visibility": 0.9992843866348267, "presence": 0.9995467066764832}, "right eye (outer)": {"x": 0.8561004400253296, "y": 0.3318489193916321, "z": 0.13010269403457642, "visibility": 0.999333918094635, "presence": 0.9993656277656555}, "left ear": {"x": 0.8562476634979248, "y": 0.32995811104774475, "z": 0.04513831436634064, "visibility": 0.9991779327392578, "presence": 0.999779999256134}, "right ear": {"x": 0.8626225590705872, "y": 0.3290276825428009, "z": 0.12686793506145477, "visibility": 0.9992542862892151, "presence": 0.998974084854126}, "mouth (left)": {"x": 0.8533913493156433, "y": 0.356640487909317, "z": 0.11179887503385544, "visibility": 0.9962114691734314, "presence": 0.9992741942405701}, "mouth (right)": {"x": 0.8574471473693848, "y": 0.3560931384563446, "z": 0.1341966837644577, "visibility": 0.9963381886482239, "presence": 0.9978063702583313}, "left shoulder": {"x": 0.865676999092102, "y": 0.36749669909477234, "z": -0.045093342661857605, "visibility": 0.9999305605888367, "presence": 0.9997014403343201}, "right shoulder": {"x": 0.9071976542472839, "y": 0.3726608157157898, "z": 0.15337638556957245, "visibility": 0.9988022446632385, "presence": 0.9961727261543274}, "left elbow": {"x": 0.8388333320617676, "y": 0.4310188591480255, "z": -0.143480584025383, "visibility": 0.8228445649147034, "presence": 0.996669590473175}, "right elbow": {"x": 0.9440213441848755, "y": 0.4624103009700775, "z": 0.15649709105491638, "visibility": 0.30077776312828064, "presence": 0.9862420558929443}, "left wrist": {"x": 0.8168719410896301, "y": 0.4671694040298462, "z": -0.17807267606258392, "visibility": 0.7090707421302795, "presence": 0.9956566095352173}, "right wrist": {"x": 0.9478425979614258, "y": 0.5608533024787903, "z": 0.1611717939376831, "visibility": 0.37245750427246094, "presence": 0.9850896596908569}, "left pinky": {"x": 0.8075953722000122, "y": 0.48161014914512634, "z": -0.19689474999904633, "visibility": 0.7181979417800903, "presence": 0.9889150261878967}, "right pinky": {"x": 0.9526554346084595, "y": 0.5796411037445068, "z": 0.16777707636356354, "visibility": 0.3688054382801056, "presence": 0.9775026440620422}, "left index": {"x": 0.8089034557342529, "y": 0.4753078818321228, "z": -0.183998703956604, "visibility": 0.7117711901664734, "presence": 0.9884970188140869}, "right index": {"x": 0.9470396637916565, "y": 0.5776485204696655, "z": 0.15856339037418365, "visibility": 0.36637839674949646, "presence": 0.9752318859100342}, "left thumb": {"x": 0.8129648566246033, "y": 0.4712875783443451, "z": -0.17236149311065674, "visibility": 0.6809163689613342, "presence": 0.9920543432235718}, "right thumb": {"x": 0.9447464346885681, "y": 0.5703092217445374, "z": 0.15642814338207245, "visibility": 0.36237630248069763, "presence": 0.9843527674674988}, "left hip": {"x": 0.9373021125793457, "y": 0.5409256815910339, "z": -0.07055012136697769, "visibility": 0.9996868371963501, "presence": 0.9988678693771362}, "right hip": {"x": 0.9496059417724609, "y": 0.5298801064491272, "z": 0.07023580372333527, "visibility": 0.9992929697036743, "presence": 0.9985221028327942}, "left knee": {"x": 0.9404171109199524, "y": 0.6855884194374084, "z": -0.08276992291212082, "visibility": 0.9802515506744385, "presence": 0.9937534928321838}, "right knee": {"x": 0.8795369863510132, "y": 0.6091156005859375, "z": 0.18448616564273834, "visibility": 0.4184568226337433, "presence": 0.9861825704574585}, "left ankle": {"x": 1.012458086013794, "y": 0.7717686891555786, "z": -0.10066370666027069, "visibility": 0.9451389908790588, "presence": 0.7952710390090942}, "right ankle": {"x": 0.8884561061859131, "y": 0.7507728338241577, "z": 0.20209823548793793, "visibility": 0.5735048651695251, "presence": 0.8590104579925537}, "left heel": {"x": 1.0510456562042236, "y": 0.7864147424697876, "z": -0.10433042049407959, "visibility": 0.8703328371047974, "presence": 0.4522712230682373}, "right heel": {"x": 0.8991782665252686, "y": 0.7793707251548767, "z": 0.19849243760108948, "visibility": 0.6651826500892639, "presence": 0.8337973952293396}, "left foot index": {"x": 0.9966289401054382, "y": 0.8413791060447693, "z": -0.14256888628005981, "visibility": 0.9020122289657593, "presence": 0.4752424955368042}, "right foot index": {"x": 0.8516303300857544, "y": 0.7778077721595764, "z": 0.2155311107635498, "visibility": 0.5810375213623047, "presence": 0.708157479763031}, "timestamp": "20240418-205735"}