{"nose": {"x": 0.8465347290039062, "y": 0.30925819277763367, "z": -0.06809037178754807, "visibility": 0.9997941851615906, "presence": 0.9999659061431885}, "left eye (inner)": {"x": 0.8483220338821411, "y": 0.28839731216430664, "z": -0.08402808755636215, "visibility": 0.9997262358665466, "presence": 0.9999535083770752}, "left eye": {"x": 0.8501177430152893, "y": 0.2867172956466675, "z": -0.08420363068580627, "visibility": 0.999721884727478, "presence": 0.999962568283081}, "left eye (outer)": {"x": 0.8520325422286987, "y": 0.2850267291069031, "z": -0.08417055010795593, "visibility": 0.9997275471687317, "presence": 0.9999537467956543}, "right eye (inner)": {"x": 0.8467661142349243, "y": 0.2886603772640228, "z": -0.05814070254564285, "visibility": 0.9997748136520386, "presence": 0.9999338388442993}, "right eye": {"x": 0.8472347855567932, "y": 0.2872338891029358, "z": -0.05834536999464035, "visibility": 0.9998079538345337, "presence": 0.9999480247497559}, "right eye (outer)": {"x": 0.8475925326347351, "y": 0.2856852412223816, "z": -0.05842269957065582, "visibility": 0.9998041391372681, "presence": 0.999943733215332}, "left ear": {"x": 0.865925669670105, "y": 0.28102874755859375, "z": -0.12477803975343704, "visibility": 0.9998761415481567, "presence": 0.9999778270721436}, "right ear": {"x": 0.8620374798774719, "y": 0.2828126847743988, "z": -0.005346701946109533, "visibility": 0.9996860027313232, "presence": 0.9999610185623169}, "mouth (left)": {"x": 0.8553832769393921, "y": 0.31645816564559937, "z": -0.07922585308551788, "visibility": 0.9994621276855469, "presence": 0.9999896287918091}, "mouth (right)": {"x": 0.8528434634208679, "y": 0.31882327795028687, "z": -0.046158064156770706, "visibility": 0.9993200302124023, "presence": 0.999972939491272}, "left shoulder": {"x": 0.9137635827064514, "y": 0.3218929171562195, "z": -0.17806750535964966, "visibility": 0.999944269657135, "presence": 0.9999953508377075}, "right shoulder": {"x": 0.8780718445777893, "y": 0.36077311635017395, "z": 0.06969567388296127, "visibility": 0.9994658827781677, "presence": 0.9999817609786987}, "left elbow": {"x": 0.9334147572517395, "y": 0.40657126903533936, "z": -0.27246254682540894, "visibility": 0.9734680652618408, "presence": 0.9997269511222839}, "right elbow": {"x": 0.8821868896484375, "y": 0.45462679862976074, "z": 0.10462652146816254, "visibility": 0.6404480934143066, "presence": 0.9998966455459595}, "left wrist": {"x": 0.8731964230537415, "y": 0.42123132944107056, "z": -0.3169991970062256, "visibility": 0.9519436359405518, "presence": 0.9999958276748657}, "right wrist": {"x": 0.8483083248138428, "y": 0.5390576124191284, "z": 0.06482375413179398, "visibility": 0.7272264957427979, "presence": 0.9999411106109619}, "left pinky": {"x": 0.8574629426002502, "y": 0.43226927518844604, "z": -0.34187817573547363, "visibility": 0.9497351050376892, "presence": 0.9999915361404419}, "right pinky": {"x": 0.8401361703872681, "y": 0.5656827688217163, "z": 0.06515783816576004, "visibility": 0.7250903248786926, "presence": 0.9998606443405151}, "left index": {"x": 0.8547277450561523, "y": 0.41743791103363037, "z": -0.33036360144615173, "visibility": 0.9483810663223267, "presence": 0.9999932050704956}, "right index": {"x": 0.8355920314788818, "y": 0.56904137134552, "z": 0.04537495598196983, "visibility": 0.7265847325325012, "presence": 0.9998476505279541}, "left thumb": {"x": 0.8602015376091003, "y": 0.4162507653236389, "z": -0.3113817274570465, "visibility": 0.9183762073516846, "presence": 0.9999960660934448}, "right thumb": {"x": 0.8398210406303406, "y": 0.5594340562820435, "z": 0.05415690317749977, "visibility": 0.7162345051765442, "presence": 0.9999294281005859}, "left hip": {"x": 0.969049870967865, "y": 0.49569177627563477, "z": -0.07525195181369781, "visibility": 0.996232271194458, "presence": 0.9999536275863647}, "right hip": {"x": 0.929391622543335, "y": 0.502564549446106, "z": 0.07509878277778625, "visibility": 0.9941728115081787, "presence": 0.9999674558639526}, "left knee": {"x": 0.9574583172798157, "y": 0.6344279050827026, "z": -0.20202280580997467, "visibility": 0.9847632646560669, "presence": 0.9999316930770874}, "right knee": {"x": 0.8855374455451965, "y": 0.6187704205513, "z": 0.12352711707353592, "visibility": 0.696037232875824, "presence": 0.9997276663780212}, "left ankle": {"x": 0.997252345085144, "y": 0.7871909141540527, "z": -0.19568954408168793, "visibility": 0.9689141511917114, "presence": 0.9982869029045105}, "right ankle": {"x": 0.8949543833732605, "y": 0.7473807334899902, "z": 0.22737941145896912, "visibility": 0.6552125811576843, "presence": 0.9964993000030518}, "left heel": {"x": 1.0046155452728271, "y": 0.8091213703155518, "z": -0.19833452999591827, "visibility": 0.8873695731163025, "presence": 0.990220308303833}, "right heel": {"x": 0.9060767889022827, "y": 0.7696310877799988, "z": 0.2355576604604721, "visibility": 0.6694837808609009, "presence": 0.9964413046836853}, "left foot index": {"x": 0.980100691318512, "y": 0.8418846130371094, "z": -0.2755739092826843, "visibility": 0.9703878164291382, "presence": 0.9843875169754028}, "right foot index": {"x": 0.8604145050048828, "y": 0.7831852436065674, "z": 0.2048901468515396, "visibility": 0.7089809775352478, "presence": 0.9925786852836609}, "timestamp": "20240418-205833"}