{"nose": {"x": 0.8636899590492249, "y": 0.3787674307823181, "z": 0.1248173862695694, "visibility": 0.9986302256584167, "presence": 0.999903678894043}, "left eye (inner)": {"x": 0.8639497756958008, "y": 0.364907830953598, "z": 0.10541891306638718, "visibility": 0.9979740381240845, "presence": 0.999923586845398}, "left eye": {"x": 0.8643746972084045, "y": 0.3635973632335663, "z": 0.10526221245527267, "visibility": 0.9979985952377319, "presence": 0.9999358654022217}, "left eye (outer)": {"x": 0.8645047545433044, "y": 0.36224496364593506, "z": 0.10527777671813965, "visibility": 0.9974678158760071, "presence": 0.9999208450317383}, "right eye (inner)": {"x": 0.8654259443283081, "y": 0.3647737205028534, "z": 0.12325306236743927, "visibility": 0.9989237785339355, "presence": 0.9998553991317749}, "right eye": {"x": 0.8669237494468689, "y": 0.36352768540382385, "z": 0.12304991483688354, "visibility": 0.9992315173149109, "presence": 0.9998551607131958}, "right eye (outer)": {"x": 0.8683527708053589, "y": 0.362252414226532, "z": 0.12298454344272614, "visibility": 0.9992069602012634, "presence": 0.9997956156730652}, "left ear": {"x": 0.8717464804649353, "y": 0.3585827350616455, "z": 0.04270562157034874, "visibility": 0.9989033937454224, "presence": 0.9999371767044067}, "right ear": {"x": 0.8768817782402039, "y": 0.35777515172958374, "z": 0.131807342171669, "visibility": 0.9991469383239746, "presence": 0.9996567964553833}, "mouth (left)": {"x": 0.8681118488311768, "y": 0.38466933369636536, "z": 0.10581022500991821, "visibility": 0.9932481646537781, "presence": 0.9997298121452332}, "mouth (right)": {"x": 0.870061457157135, "y": 0.38514387607574463, "z": 0.12842810153961182, "visibility": 0.9946248531341553, "presence": 0.9990569949150085}, "left shoulder": {"x": 0.8766685128211975, "y": 0.3904099762439728, "z": -0.03144548833370209, "visibility": 0.9999237656593323, "presence": 0.9998581409454346}, "right shoulder": {"x": 0.9189000129699707, "y": 0.395425409078598, "z": 0.16399113833904266, "visibility": 0.9984738826751709, "presence": 0.9971510767936707}, "left elbow": {"x": 0.8541620373725891, "y": 0.43020761013031006, "z": -0.17724905908107758, "visibility": 0.8694872856140137, "presence": 0.9968618154525757}, "right elbow": {"x": 0.9513799548149109, "y": 0.48067039251327515, "z": 0.16964566707611084, "visibility": 0.3432595729827881, "presence": 0.9873266816139221}, "left wrist": {"x": 0.8238770365715027, "y": 0.4854338765144348, "z": -0.24686521291732788, "visibility": 0.6810259819030762, "presence": 0.9989068508148193}, "right wrist": {"x": 0.9638830423355103, "y": 0.5656734108924866, "z": 0.16784556210041046, "visibility": 0.2524089217185974, "presence": 0.9919083714485168}, "left pinky": {"x": 0.8123575448989868, "y": 0.49515601992607117, "z": -0.27203938364982605, "visibility": 0.6699689626693726, "presence": 0.9975321292877197}, "right pinky": {"x": 0.9626526236534119, "y": 0.5844910144805908, "z": 0.17203877866268158, "visibility": 0.24635078012943268, "presence": 0.9891848564147949}, "left index": {"x": 0.8072211742401123, "y": 0.49096518754959106, "z": -0.25716885924339294, "visibility": 0.663178026676178, "presence": 0.9977705478668213}, "right index": {"x": 0.9520219564437866, "y": 0.5860773921012878, "z": 0.1607736200094223, "visibility": 0.24277286231517792, "presence": 0.9893484115600586}, "left thumb": {"x": 0.8134436011314392, "y": 0.4886642098426819, "z": -0.2409796267747879, "visibility": 0.6338596343994141, "presence": 0.9983673691749573}, "right thumb": {"x": 0.9523919224739075, "y": 0.5791841149330139, "z": 0.16177578270435333, "visibility": 0.24032551050186157, "presence": 0.9928494691848755}, "left hip": {"x": 0.9394785165786743, "y": 0.5551525354385376, "z": -0.06907234340906143, "visibility": 0.999608039855957, "presence": 0.9994397759437561}, "right hip": {"x": 0.9536548256874084, "y": 0.5483218431472778, "z": 0.06875640153884888, "visibility": 0.9991461634635925, "presence": 0.9990457892417908}, "left knee": {"x": 0.9499009847640991, "y": 0.705005407333374, "z": -0.07239542156457901, "visibility": 0.987510085105896, "presence": 0.9970146417617798}, "right knee": {"x": 0.8812495470046997, "y": 0.6104990839958191, "z": 0.16436134278774261, "visibility": 0.4822450280189514, "presence": 0.9928541779518127}, "left ankle": {"x": 1.0200624465942383, "y": 0.7936553955078125, "z": -0.10095100849866867, "visibility": 0.9718768000602722, "presence": 0.9315244555473328}, "right ankle": {"x": 0.8980035185813904, "y": 0.751078724861145, "z": 0.15549695491790771, "visibility": 0.7082931399345398, "presence": 0.9444385170936584}, "left heel": {"x": 1.0537868738174438, "y": 0.8074991106987, "z": -0.10846474766731262, "visibility": 0.9173778295516968, "presence": 0.7259197235107422}, "right heel": {"x": 0.9099469780921936, "y": 0.7807510495185852, "z": 0.1520170271396637, "visibility": 0.7699113488197327, "presence": 0.925658106803894}, "left foot index": {"x": 0.999474823474884, "y": 0.8515901565551758, "z": -0.15046025812625885, "visibility": 0.9465234875679016, "presence": 0.7514405846595764}, "right foot index": {"x": 0.8623504638671875, "y": 0.7786626815795898, "z": 0.1460530310869217, "visibility": 0.7034786343574524, "presence": 0.850304901599884}, "timestamp": "20240418-205623"}