{"nose": {"x": 0.8203316330909729, "y": 0.3045092821121216, "z": -0.08127967268228531, "visibility": 0.9999064207077026, "presence": 0.9999939203262329}, "left eye (inner)": {"x": 0.8220673203468323, "y": 0.28565919399261475, "z": -0.09518885612487793, "visibility": 0.9998593926429749, "presence": 0.999990701675415}, "left eye": {"x": 0.8238628506660461, "y": 0.2836303412914276, "z": -0.09536214172840118, "visibility": 0.9998739361763, "presence": 0.9999916553497314}, "left eye (outer)": {"x": 0.8258676528930664, "y": 0.28148502111434937, "z": -0.09533646702766418, "visibility": 0.9998927116394043, "presence": 0.9999889135360718}, "right eye (inner)": {"x": 0.8203922510147095, "y": 0.286420613527298, "z": -0.07057006657123566, "visibility": 0.9998655915260315, "presence": 0.9999874830245972}, "right eye": {"x": 0.8206486105918884, "y": 0.28522443771362305, "z": -0.07077246904373169, "visibility": 0.9998818039894104, "presence": 0.9999897480010986}, "right eye (outer)": {"x": 0.8208913207054138, "y": 0.28378409147262573, "z": -0.07084310054779053, "visibility": 0.9998881220817566, "presence": 0.9999884366989136}, "left ear": {"x": 0.839708685874939, "y": 0.27562785148620605, "z": -0.12425228208303452, "visibility": 0.9999489784240723, "presence": 0.9999926090240479}, "right ear": {"x": 0.8346287608146667, "y": 0.2786913812160492, "z": -0.010734540410339832, "visibility": 0.9997833371162415, "presence": 0.9999904632568359}, "mouth (left)": {"x": 0.8295581936836243, "y": 0.3122568726539612, "z": -0.08777306973934174, "visibility": 0.9998416304588318, "presence": 0.9999955892562866}, "mouth (right)": {"x": 0.8266626596450806, "y": 0.3144967257976532, "z": -0.05643478035926819, "visibility": 0.9997411370277405, "presence": 0.999990701675415}, "left shoulder": {"x": 0.8802681565284729, "y": 0.31750398874282837, "z": -0.17795583605766296, "visibility": 0.9999876618385315, "presence": 0.9999961853027344}, "right shoulder": {"x": 0.8522015810012817, "y": 0.3545653522014618, "z": 0.06937756389379501, "visibility": 0.999848484992981, "presence": 0.9999910593032837}, "left elbow": {"x": 0.8893229961395264, "y": 0.40661272406578064, "z": -0.27259430289268494, "visibility": 0.9785876274108887, "presence": 0.9998586177825928}, "right elbow": {"x": 0.868642270565033, "y": 0.45129746198654175, "z": 0.09540565311908722, "visibility": 0.6619960069656372, "presence": 0.9999473094940186}, "left wrist": {"x": 0.8264445662498474, "y": 0.4113384783267975, "z": -0.3116759955883026, "visibility": 0.9595861434936523, "presence": 0.9999974966049194}, "right wrist": {"x": 0.8461872935295105, "y": 0.5322372317314148, "z": 0.03933386132121086, "visibility": 0.7435348033905029, "presence": 0.9999814033508301}, "left pinky": {"x": 0.8134267926216125, "y": 0.41776779294013977, "z": -0.33895593881607056, "visibility": 0.9549556374549866, "presence": 0.9999942779541016}, "right pinky": {"x": 0.838919460773468, "y": 0.5565933585166931, "z": 0.03604688495397568, "visibility": 0.7358320355415344, "presence": 0.9999547004699707}, "left index": {"x": 0.8125393986701965, "y": 0.4033230245113373, "z": -0.3283151388168335, "visibility": 0.9526301026344299, "presence": 0.9999951124191284}, "right index": {"x": 0.8353272676467896, "y": 0.558970034122467, "z": 0.015963202342391014, "visibility": 0.7361828684806824, "presence": 0.99994957447052}, "left thumb": {"x": 0.817177414894104, "y": 0.4026156961917877, "z": -0.3067871928215027, "visibility": 0.9261565208435059, "presence": 0.9999973773956299}, "right thumb": {"x": 0.8392032980918884, "y": 0.5519011616706848, "z": 0.02823774144053459, "visibility": 0.721966028213501, "presence": 0.9999765157699585}, "left hip": {"x": 0.9432117342948914, "y": 0.48969078063964844, "z": -0.07466113567352295, "visibility": 0.9995279312133789, "presence": 0.9999852180480957}, "right hip": {"x": 0.905719518661499, "y": 0.4983452260494232, "z": 0.07449191063642502, "visibility": 0.9990503191947937, "presence": 0.9999911785125732}, "left knee": {"x": 0.9346199035644531, "y": 0.6269857287406921, "z": -0.20778512954711914, "visibility": 0.9882485866546631, "presence": 0.9999772310256958}, "right knee": {"x": 0.8685144186019897, "y": 0.6131280660629272, "z": 0.13857561349868774, "visibility": 0.6925094723701477, "presence": 0.9999332427978516}, "left ankle": {"x": 0.9741652011871338, "y": 0.7788723707199097, "z": -0.20448997616767883, "visibility": 0.9825412631034851, "presence": 0.9995662569999695}, "right ankle": {"x": 0.8698684573173523, "y": 0.743045449256897, "z": 0.24035362899303436, "visibility": 0.711025595664978, "presence": 0.9990648627281189}, "left heel": {"x": 0.9866957664489746, "y": 0.79789799451828, "z": -0.20779269933700562, "visibility": 0.8967771530151367, "presence": 0.9973452687263489}, "right heel": {"x": 0.8810074925422668, "y": 0.7706511616706848, "z": 0.24855348467826843, "visibility": 0.7056549787521362, "presence": 0.9989659786224365}, "left foot index": {"x": 0.9615662097930908, "y": 0.8408809304237366, "z": -0.28567540645599365, "visibility": 0.9828447103500366, "presence": 0.9951122403144836}, "right foot index": {"x": 0.8369879722595215, "y": 0.7817472815513611, "z": 0.21586190164089203, "visibility": 0.777718722820282, "presence": 0.9974950551986694}, "timestamp": "20240418-205817"}