{"nose": {"x": 0.7488590478897095, "y": 0.2580409049987793, "z": -0.22932542860507965, "visibility": 0.999706506729126, "presence": 0.9999841451644897}, "left eye (inner)": {"x": 0.7520631551742554, "y": 0.24347607791423798, "z": -0.230976402759552, "visibility": 0.9994829297065735, "presence": 0.9999675750732422}, "left eye": {"x": 0.7546052932739258, "y": 0.2423011213541031, "z": -0.23117409646511078, "visibility": 0.9995356798171997, "presence": 0.999970555305481}, "left eye (outer)": {"x": 0.7573341727256775, "y": 0.2415294200181961, "z": -0.2311355173587799, "visibility": 0.9996554851531982, "presence": 0.99996018409729}, "right eye (inner)": {"x": 0.7490161061286926, "y": 0.244283527135849, "z": -0.21470555663108826, "visibility": 0.9993484616279602, "presence": 0.9999579191207886}, "right eye": {"x": 0.7484241724014282, "y": 0.24433296918869019, "z": -0.2148958295583725, "visibility": 0.9994189143180847, "presence": 0.9999651908874512}, "right eye (outer)": {"x": 0.7476817965507507, "y": 0.24424132704734802, "z": -0.21498221158981323, "visibility": 0.9994629621505737, "presence": 0.9999599456787109}, "left ear": {"x": 0.7707679271697998, "y": 0.24095064401626587, "z": -0.19555209577083588, "visibility": 0.9998258948326111, "presence": 0.9999632835388184}, "right ear": {"x": 0.7547696232795715, "y": 0.24546082317829132, "z": -0.12669146060943604, "visibility": 0.9988733530044556, "presence": 0.9999545812606812}, "mouth (left)": {"x": 0.7559183239936829, "y": 0.2681334912776947, "z": -0.2156679928302765, "visibility": 0.999706506729126, "presence": 0.9999895095825195}, "mouth (right)": {"x": 0.7504589557647705, "y": 0.26876169443130493, "z": -0.19464437663555145, "visibility": 0.9992870688438416, "presence": 0.9999759197235107}, "left shoulder": {"x": 0.806690514087677, "y": 0.28614574670791626, "z": -0.1762271374464035, "visibility": 0.9999873638153076, "presence": 0.9999910593032837}, "right shoulder": {"x": 0.7459399104118347, "y": 0.32317283749580383, "z": -0.04914408549666405, "visibility": 0.9998525977134705, "presence": 0.9999839067459106}, "left elbow": {"x": 0.8301191926002502, "y": 0.35478293895721436, "z": -0.2837907075881958, "visibility": 0.986446738243103, "presence": 0.9997771382331848}, "right elbow": {"x": 0.728948712348938, "y": 0.4057096838951111, "z": -0.031485386192798615, "visibility": 0.7382041215896606, "presence": 0.9999164342880249}, "left wrist": {"x": 0.7775511741638184, "y": 0.34868568181991577, "z": -0.4218650162220001, "visibility": 0.9770591855049133, "presence": 0.9999966621398926}, "right wrist": {"x": 0.7020262479782104, "y": 0.4640013873577118, "z": -0.12990263104438782, "visibility": 0.7827243208885193, "presence": 0.9999639987945557}, "left pinky": {"x": 0.7616112232208252, "y": 0.3516838848590851, "z": -0.46339160203933716, "visibility": 0.9733143448829651, "presence": 0.9999942779541016}, "right pinky": {"x": 0.6921049356460571, "y": 0.4829579293727875, "z": -0.15201200544834137, "visibility": 0.7738544344902039, "presence": 0.9999122619628906}, "left index": {"x": 0.7608070969581604, "y": 0.34098511934280396, "z": -0.46052202582359314, "visibility": 0.9722892045974731, "presence": 0.9999957084655762}, "right index": {"x": 0.6889128088951111, "y": 0.480940043926239, "z": -0.17371520400047302, "visibility": 0.7792292237281799, "presence": 0.9999107122421265}, "left thumb": {"x": 0.7648826837539673, "y": 0.34139299392700195, "z": -0.42282363772392273, "visibility": 0.9522983431816101, "presence": 0.9999973773956299}, "right thumb": {"x": 0.692905843257904, "y": 0.4762387275695801, "z": -0.14276069402694702, "visibility": 0.7618210315704346, "presence": 0.9999575614929199}, "left hip": {"x": 0.8186204433441162, "y": 0.4777902066707611, "z": -0.034379009157419205, "visibility": 0.9999433755874634, "presence": 0.9999910593032837}, "right hip": {"x": 0.776593029499054, "y": 0.48513874411582947, "z": 0.03421179577708244, "visibility": 0.9999136924743652, "presence": 0.9999947547912598}, "left knee": {"x": 0.827485978603363, "y": 0.6077558994293213, "z": -0.10718487948179245, "visibility": 0.9433010220527649, "presence": 0.999956488609314}, "right knee": {"x": 0.7410423755645752, "y": 0.5857934951782227, "z": 0.02297033555805683, "visibility": 0.8721920251846313, "presence": 0.9999619722366333}, "left ankle": {"x": 0.8456259369850159, "y": 0.7267637252807617, "z": 0.016550322994589806, "visibility": 0.9069072604179382, "presence": 0.9998737573623657}, "right ankle": {"x": 0.7145374417304993, "y": 0.7047943472862244, "z": 0.15726694464683533, "visibility": 0.8665944933891296, "presence": 0.9997550845146179}, "left heel": {"x": 0.8473829627037048, "y": 0.7426836490631104, "z": 0.02372623421251774, "visibility": 0.7404381036758423, "presence": 0.9995187520980835}, "right heel": {"x": 0.7207720279693604, "y": 0.7257924675941467, "z": 0.16664932668209076, "visibility": 0.8227000832557678, "presence": 0.9997110962867737}, "left foot index": {"x": 0.8466238379478455, "y": 0.766304612159729, "z": -0.07310658693313599, "visibility": 0.908678412437439, "presence": 0.9992064833641052}, "right foot index": {"x": 0.6821273565292358, "y": 0.7374686598777771, "z": 0.09202980250120163, "visibility": 0.8776701092720032, "presence": 0.9989007711410522}, "timestamp": "20240418-205806"}