{"nose": {"x": 0.5807875990867615, "y": 0.37598609924316406, "z": 0.02285546064376831, "visibility": 0.9996327757835388, "presence": 0.9999700784683228}, "left eye (inner)": {"x": 0.5802558660507202, "y": 0.3611011803150177, "z": 0.005264494102448225, "visibility": 0.9996830224990845, "presence": 0.9999566078186035}, "left eye": {"x": 0.5813482999801636, "y": 0.35959887504577637, "z": 0.005151372402906418, "visibility": 0.9996575117111206, "presence": 0.9999576807022095}, "left eye (outer)": {"x": 0.5824384689331055, "y": 0.35806676745414734, "z": 0.005176772829145193, "visibility": 0.9997214078903198, "presence": 0.9999405145645142}, "right eye (inner)": {"x": 0.5796231031417847, "y": 0.36170506477355957, "z": 0.031252190470695496, "visibility": 0.999818742275238, "presence": 0.9999490976333618}, "right eye": {"x": 0.5802595615386963, "y": 0.36068928241729736, "z": 0.03106836974620819, "visibility": 0.9998182654380798, "presence": 0.9999569654464722}, "right eye (outer)": {"x": 0.580955445766449, "y": 0.3596440255641937, "z": 0.03100530616939068, "visibility": 0.9998690485954285, "presence": 0.9999496936798096}, "left ear": {"x": 0.5924592018127441, "y": 0.3508024513721466, "z": -0.040461812168359756, "visibility": 0.999605655670166, "presence": 0.9999306201934814}, "right ear": {"x": 0.5913602709770203, "y": 0.3521786034107208, "z": 0.07681978493928909, "visibility": 0.9995696544647217, "presence": 0.9999300241470337}, "mouth (left)": {"x": 0.5879296660423279, "y": 0.3816746175289154, "z": 0.010792936198413372, "visibility": 0.9985129237174988, "presence": 0.9999300241470337}, "mouth (right)": {"x": 0.5874832272529602, "y": 0.38264214992523193, "z": 0.04364284500479698, "visibility": 0.9984274506568909, "presence": 0.9998557567596436}, "left shoulder": {"x": 0.6102246046066284, "y": 0.3774908185005188, "z": -0.09948989003896713, "visibility": 0.9998635649681091, "presence": 0.9999172687530518}, "right shoulder": {"x": 0.6246377825737, "y": 0.38798028230667114, "z": 0.1507769078016281, "visibility": 0.9996321797370911, "presence": 0.9997593760490417}, "left elbow": {"x": 0.5721823573112488, "y": 0.4407602548599243, "z": -0.11225506663322449, "visibility": 0.8299778699874878, "presence": 0.9995711445808411}, "right elbow": {"x": 0.6157001852989197, "y": 0.44574153423309326, "z": 0.16745315492153168, "visibility": 0.23352855443954468, "presence": 0.9993459582328796}, "left wrist": {"x": 0.543486475944519, "y": 0.4690600633621216, "z": -0.03507700935006142, "visibility": 0.7249979972839355, "presence": 0.9997583031654358}, "right wrist": {"x": 0.5687153935432434, "y": 0.4951409101486206, "z": 0.09925748407840729, "visibility": 0.2794254422187805, "presence": 0.99960857629776}, "left pinky": {"x": 0.5363393425941467, "y": 0.4741407632827759, "z": -0.04268157109618187, "visibility": 0.7146013975143433, "presence": 0.9995214939117432}, "right pinky": {"x": 0.5580523610115051, "y": 0.5333472490310669, "z": 0.09560811519622803, "visibility": 0.28140389919281006, "presence": 0.9994767308235168}, "left index": {"x": 0.5351946353912354, "y": 0.47168460488319397, "z": -0.03671257570385933, "visibility": 0.7074191570281982, "presence": 0.9994533658027649}, "right index": {"x": 0.5504066348075867, "y": 0.5191635489463806, "z": 0.07653307914733887, "visibility": 0.2847747206687927, "presence": 0.9993519186973572}, "left thumb": {"x": 0.5389692187309265, "y": 0.46915489435195923, "z": -0.029247187077999115, "visibility": 0.6475881934165955, "presence": 0.999656081199646}, "right thumb": {"x": 0.5548433661460876, "y": 0.5097533464431763, "z": 0.08713983744382858, "visibility": 0.2678379416465759, "presence": 0.9996106028556824}, "left hip": {"x": 0.6690846085548401, "y": 0.5087305307388306, "z": -0.07768669724464417, "visibility": 0.9998759031295776, "presence": 0.9999936819076538}, "right hip": {"x": 0.6760009527206421, "y": 0.5218154788017273, "z": 0.07744155824184418, "visibility": 0.99974125623703, "presence": 0.9999970197677612}, "left knee": {"x": 0.6262637376785278, "y": 0.5413962602615356, "z": -0.029476767405867577, "visibility": 0.7821003794670105, "presence": 0.9999879598617554}, "right knee": {"x": 0.6785628795623779, "y": 0.6077558994293213, "z": 0.027892738580703735, "visibility": 0.27447035908699036, "presence": 0.9999945163726807}, "left ankle": {"x": 0.6097740530967712, "y": 0.5708163976669312, "z": 0.010254316963255405, "visibility": 0.8374045491218567, "presence": 0.9999628067016602}, "right ankle": {"x": 0.7287353277206421, "y": 0.6820844411849976, "z": 0.07515320181846619, "visibility": 0.3087308704853058, "presence": 0.9999622106552124}, "left heel": {"x": 0.6185882687568665, "y": 0.5824984908103943, "z": 0.01152392290532589, "visibility": 0.7355268597602844, "presence": 0.9999103546142578}, "right heel": {"x": 0.7417801022529602, "y": 0.6895971298217773, "z": 0.07982175052165985, "visibility": 0.39567169547080994, "presence": 0.9999213218688965}, "left foot index": {"x": 0.5734753012657166, "y": 0.5630164742469788, "z": -0.02647635154426098, "visibility": 0.8586178421974182, "presence": 0.9999009370803833}, "right foot index": {"x": 0.7187898755073547, "y": 0.7113775610923767, "z": 0.046602070331573486, "visibility": 0.4026660919189453, "presence": 0.9997867941856384}, "timestamp": "20240418-205648"}