{"nose": {"x": 0.6333227157592773, "y": 0.25091904401779175, "z": -0.24513059854507446, "visibility": 0.9999605417251587, "presence": 0.999997615814209}, "left eye (inner)": {"x": 0.6355659365653992, "y": 0.23429910838603973, "z": -0.24192994832992554, "visibility": 0.9999392628669739, "presence": 0.9999943971633911}, "left eye": {"x": 0.6377028822898865, "y": 0.2322065830230713, "z": -0.2421467900276184, "visibility": 0.9999319911003113, "presence": 0.999995231628418}, "left eye (outer)": {"x": 0.6404978036880493, "y": 0.2304404377937317, "z": -0.24209260940551758, "visibility": 0.9999493360519409, "presence": 0.9999936819076538}, "right eye (inner)": {"x": 0.6310932636260986, "y": 0.2369789481163025, "z": -0.23143750429153442, "visibility": 0.9999323487281799, "presence": 0.9999898672103882}, "right eye": {"x": 0.6302998661994934, "y": 0.2367098480463028, "z": -0.23163370788097382, "visibility": 0.9999354481697083, "presence": 0.9999899864196777}, "right eye (outer)": {"x": 0.6294100880622864, "y": 0.2362540066242218, "z": -0.23171629011631012, "visibility": 0.999927818775177, "presence": 0.9999860525131226}, "left ear": {"x": 0.6527026295661926, "y": 0.2268628627061844, "z": -0.17180703580379486, "visibility": 0.9999608993530273, "presence": 0.9999938011169434}, "right ear": {"x": 0.6339492201805115, "y": 0.2337939590215683, "z": -0.12660202383995056, "visibility": 0.9997559785842896, "presence": 0.9999781847000122}, "mouth (left)": {"x": 0.6405059695243835, "y": 0.2582363188266754, "z": -0.2210366129875183, "visibility": 0.9999207258224487, "presence": 0.9999960660934448}, "mouth (right)": {"x": 0.6345285177230835, "y": 0.2606101930141449, "z": -0.20710143446922302, "visibility": 0.9998695850372314, "presence": 0.9999845027923584}, "left shoulder": {"x": 0.6898564100265503, "y": 0.2771792709827423, "z": -0.11681687831878662, "visibility": 0.9999905228614807, "presence": 0.9999963045120239}, "right shoulder": {"x": 0.6196979880332947, "y": 0.2970605194568634, "z": -0.043740108609199524, "visibility": 0.9998940825462341, "presence": 0.9999674558639526}, "left elbow": {"x": 0.7155643701553345, "y": 0.34496739506721497, "z": -0.19782917201519012, "visibility": 0.937972366809845, "presence": 0.9998800754547119}, "right elbow": {"x": 0.5969148278236389, "y": 0.36969977617263794, "z": -0.10816343128681183, "visibility": 0.5813395380973816, "presence": 0.9997074007987976}, "left wrist": {"x": 0.7061834931373596, "y": 0.3643127977848053, "z": -0.38891279697418213, "visibility": 0.9443772435188293, "presence": 0.9999915361404419}, "right wrist": {"x": 0.5788730978965759, "y": 0.3824382722377777, "z": -0.31680265069007874, "visibility": 0.6744828224182129, "presence": 0.9999462366104126}, "left pinky": {"x": 0.6999801993370056, "y": 0.381039559841156, "z": -0.42780813574790955, "visibility": 0.9355890154838562, "presence": 0.9999833106994629}, "right pinky": {"x": 0.5670375823974609, "y": 0.38320642709732056, "z": -0.3600272238254547, "visibility": 0.6702319979667664, "presence": 0.99991774559021}, "left index": {"x": 0.6967186331748962, "y": 0.3674427568912506, "z": -0.43772757053375244, "visibility": 0.9332084655761719, "presence": 0.9999891519546509}, "right index": {"x": 0.5722190737724304, "y": 0.37237581610679626, "z": -0.376269668340683, "visibility": 0.6692911982536316, "presence": 0.9999431371688843}, "left thumb": {"x": 0.6964353322982788, "y": 0.3650292754173279, "z": -0.39084377884864807, "visibility": 0.8786486983299255, "presence": 0.999992847442627}, "right thumb": {"x": 0.5778634548187256, "y": 0.37345677614212036, "z": -0.328484445810318, "visibility": 0.6336007714271545, "presence": 0.9999668598175049}, "left hip": {"x": 0.6881805062294006, "y": 0.46249568462371826, "z": -0.023437753319740295, "visibility": 0.9996615052223206, "presence": 0.999980092048645}, "right hip": {"x": 0.6432669758796692, "y": 0.4631543755531311, "z": 0.02324768342077732, "visibility": 0.9993805885314941, "presence": 0.9999727010726929}, "left knee": {"x": 0.7207676768302917, "y": 0.5874667763710022, "z": -0.1251036822795868, "visibility": 0.760424017906189, "presence": 0.9998779296875}, "right knee": {"x": 0.6012702584266663, "y": 0.5401018857955933, "z": 0.022827768698334694, "visibility": 0.24987787008285522, "presence": 0.9996687173843384}, "left ankle": {"x": 0.7450276613235474, "y": 0.7188238501548767, "z": -0.07125450670719147, "visibility": 0.712852954864502, "presence": 0.9995978474617004}, "right ankle": {"x": 0.5855405926704407, "y": 0.6746165752410889, "z": 0.12331661581993103, "visibility": 0.28619930148124695, "presence": 0.9991414546966553}, "left heel": {"x": 0.744987964630127, "y": 0.7422208189964294, "z": -0.0721297636628151, "visibility": 0.5362949371337891, "presence": 0.9986035227775574}, "right heel": {"x": 0.5896562933921814, "y": 0.6983383297920227, "z": 0.12377853691577911, "visibility": 0.286422997713089, "presence": 0.9992744326591492}, "left foot index": {"x": 0.75409996509552, "y": 0.753527820110321, "z": -0.1766691505908966, "visibility": 0.759754478931427, "presence": 0.9980159997940063}, "right foot index": {"x": 0.564876914024353, "y": 0.7108964920043945, "z": 0.08241187781095505, "visibility": 0.3743458390235901, "presence": 0.9986850619316101}, "timestamp": "20240418-205646"}