{"nose": {"x": 0.8723633885383606, "y": 0.30105745792388916, "z": -0.11914578080177307, "visibility": 0.9998406171798706, "presence": 0.9999866485595703}, "left eye (inner)": {"x": 0.8774293661117554, "y": 0.2849466800689697, "z": -0.11931990832090378, "visibility": 0.999758243560791, "presence": 0.9999775886535645}, "left eye": {"x": 0.8800408244132996, "y": 0.2838091254234314, "z": -0.11946544796228409, "visibility": 0.9997376799583435, "presence": 0.999982476234436}, "left eye (outer)": {"x": 0.8827255964279175, "y": 0.28264620900154114, "z": -0.11936778575181961, "visibility": 0.9997373819351196, "presence": 0.9999797344207764}, "right eye (inner)": {"x": 0.8736181855201721, "y": 0.28524336218833923, "z": -0.10788825154304504, "visibility": 0.999832808971405, "presence": 0.9999619722366333}, "right eye": {"x": 0.8732321858406067, "y": 0.28433364629745483, "z": -0.10810782015323639, "visibility": 0.9998452663421631, "presence": 0.9999657869338989}, "right eye (outer)": {"x": 0.872676432132721, "y": 0.2831437289714813, "z": -0.10822592675685883, "visibility": 0.9998626708984375, "presence": 0.9999600648880005}, "left ear": {"x": 0.896751880645752, "y": 0.27963003516197205, "z": -0.0902942419052124, "visibility": 0.9998416900634766, "presence": 0.999993085861206}, "right ear": {"x": 0.8835452198982239, "y": 0.27888986468315125, "z": -0.03538079187273979, "visibility": 0.9997496604919434, "presence": 0.9999661445617676}, "mouth (left)": {"x": 0.8801774382591248, "y": 0.31186723709106445, "z": -0.1038593202829361, "visibility": 0.9992729425430298, "presence": 0.999992847442627}, "mouth (right)": {"x": 0.8741341829299927, "y": 0.31232404708862305, "z": -0.08947330713272095, "visibility": 0.9993166327476501, "presence": 0.9999730587005615}, "left shoulder": {"x": 0.9445257782936096, "y": 0.3367484509944916, "z": -0.06959953904151917, "visibility": 0.9999814033508301, "presence": 0.999990701675415}, "right shoulder": {"x": 0.8649323582649231, "y": 0.3406352698802948, "z": 0.010543011128902435, "visibility": 0.9997929930686951, "presence": 0.9999303817749023}, "left elbow": {"x": 0.9647563695907593, "y": 0.43907058238983154, "z": -0.16031822562217712, "visibility": 0.9302017688751221, "presence": 0.9995456337928772}, "right elbow": {"x": 0.822979211807251, "y": 0.31892943382263184, "z": -0.019923200830817223, "visibility": 0.5385522842407227, "presence": 0.9998207688331604}, "left wrist": {"x": 0.918336808681488, "y": 0.3750195801258087, "z": -0.24893777072429657, "visibility": 0.8337609171867371, "presence": 0.9999995231628418}, "right wrist": {"x": 0.8491449356079102, "y": 0.2556239664554596, "z": -0.03826591745018959, "visibility": 0.5805158019065857, "presence": 0.9999604225158691}, "left pinky": {"x": 0.9006125330924988, "y": 0.3685978651046753, "z": -0.26854604482650757, "visibility": 0.8312443494796753, "presence": 0.9999995231628418}, "right pinky": {"x": 0.8689343333244324, "y": 0.23528048396110535, "z": -0.052326954901218414, "visibility": 0.566767692565918, "presence": 0.9999347925186157}, "left index": {"x": 0.9024707078933716, "y": 0.3589015603065491, "z": -0.2665800154209137, "visibility": 0.8270254731178284, "presence": 0.9999996423721313}, "right index": {"x": 0.8739117383956909, "y": 0.2361069768667221, "z": -0.027754779905080795, "visibility": 0.5587459206581116, "presence": 0.9999361038208008}, "left thumb": {"x": 0.9066876173019409, "y": 0.36167678236961365, "z": -0.2476852834224701, "visibility": 0.7999343872070312, "presence": 0.9999997615814209}, "right thumb": {"x": 0.8692374229431152, "y": 0.2453451305627823, "z": -0.029589395970106125, "visibility": 0.5428574681282043, "presence": 0.9999642372131348}, "left hip": {"x": 0.9373826384544373, "y": 0.537324070930481, "z": -0.04072801396250725, "visibility": 0.9998617172241211, "presence": 0.9999767541885376}, "right hip": {"x": 0.8891803622245789, "y": 0.5521891117095947, "z": 0.040569476783275604, "visibility": 0.9997463822364807, "presence": 0.9999678134918213}, "left knee": {"x": 0.9467605948448181, "y": 0.6454610824584961, "z": -0.315093070268631, "visibility": 0.9935710430145264, "presence": 0.9999897480010986}, "right knee": {"x": 0.8391606211662292, "y": 0.6754318475723267, "z": 0.1017814427614212, "visibility": 0.6436007022857666, "presence": 0.9998985528945923}, "left ankle": {"x": 0.9797435402870178, "y": 0.7965610027313232, "z": -0.3315633237361908, "visibility": 0.9873758554458618, "presence": 0.9999101161956787}, "right ankle": {"x": 0.8723742365837097, "y": 0.7570216655731201, "z": 0.40357592701911926, "visibility": 0.7429351806640625, "presence": 0.9998189806938171}, "left heel": {"x": 0.9848760366439819, "y": 0.8185015320777893, "z": -0.33694130182266235, "visibility": 0.9533072113990784, "presence": 0.9996055960655212}, "right heel": {"x": 0.8856524229049683, "y": 0.7728869915008545, "z": 0.4313211143016815, "visibility": 0.7910779118537903, "presence": 0.9998725652694702}, "left foot index": {"x": 0.9674566388130188, "y": 0.8495839238166809, "z": -0.4572817385196686, "visibility": 0.9843102097511292, "presence": 0.9990575909614563}, "right foot index": {"x": 0.8380600810050964, "y": 0.7874940633773804, "z": 0.39303532242774963, "visibility": 0.7954851388931274, "presence": 0.9997339844703674}, "timestamp": "20240418-205547"}