{"nose": {"x": 0.7279704809188843, "y": 0.2970983684062958, "z": -0.10045908391475677, "visibility": 0.9985434412956238, "presence": 0.999994158744812}, "left eye (inner)": {"x": 0.729272723197937, "y": 0.2813020646572113, "z": -0.10692474246025085, "visibility": 0.9974974989891052, "presence": 0.9999940395355225}, "left eye": {"x": 0.7309911847114563, "y": 0.2785930931568146, "z": -0.10709919035434723, "visibility": 0.9977862238883972, "presence": 0.9999955892562866}, "left eye (outer)": {"x": 0.7328431606292725, "y": 0.2756214439868927, "z": -0.10703152418136597, "visibility": 0.9983758926391602, "presence": 0.999995231628418}, "right eye (inner)": {"x": 0.7267819046974182, "y": 0.28415074944496155, "z": -0.08659578114748001, "visibility": 0.9967892169952393, "presence": 0.9999879598617554}, "right eye": {"x": 0.7269493937492371, "y": 0.28399625420570374, "z": -0.0867886021733284, "visibility": 0.9971492886543274, "presence": 0.9999877214431763}, "right eye (outer)": {"x": 0.7269159555435181, "y": 0.28359416127204895, "z": -0.08687905222177505, "visibility": 0.9974058270454407, "presence": 0.999983549118042}, "left ear": {"x": 0.7448635697364807, "y": 0.26951977610588074, "z": -0.10361714661121368, "visibility": 0.9992060661315918, "presence": 0.9999973773956299}, "right ear": {"x": 0.7352421879768372, "y": 0.27597954869270325, "z": -0.009177828207612038, "visibility": 0.9947240948677063, "presence": 0.9999815225601196}, "mouth (left)": {"x": 0.7355013489723206, "y": 0.30511996150016785, "z": -0.09469318389892578, "visibility": 0.9985261559486389, "presence": 0.9999978542327881}, "mouth (right)": {"x": 0.7323894500732422, "y": 0.30666491389274597, "z": -0.06887375563383102, "visibility": 0.996399462223053, "presence": 0.9999861717224121}, "left shoulder": {"x": 0.7859113812446594, "y": 0.3170284628868103, "z": -0.11517557501792908, "visibility": 0.999972403049469, "presence": 0.9999992847442627}, "right shoulder": {"x": 0.7279835343360901, "y": 0.32336634397506714, "z": 0.07569059729576111, "visibility": 0.9995932579040527, "presence": 0.999985933303833}, "left elbow": {"x": 0.8073644638061523, "y": 0.39958274364471436, "z": -0.1970313936471939, "visibility": 0.9522101283073425, "presence": 0.9999129772186279}, "right elbow": {"x": 0.6829475164413452, "y": 0.32178592681884766, "z": 0.06561004370450974, "visibility": 0.28778520226478577, "presence": 0.9999363422393799}, "left wrist": {"x": 0.7579432725906372, "y": 0.38784095644950867, "z": -0.2787923812866211, "visibility": 0.8960821032524109, "presence": 0.9999990463256836}, "right wrist": {"x": 0.700225293636322, "y": 0.24114011228084564, "z": -0.012203366495668888, "visibility": 0.37676680088043213, "presence": 0.9999942779541016}, "left pinky": {"x": 0.7422980070114136, "y": 0.3915708363056183, "z": -0.30245333909988403, "visibility": 0.8871719241142273, "presence": 0.9999984502792358}, "right pinky": {"x": 0.7027804851531982, "y": 0.21576634049415588, "z": -0.02774466946721077, "visibility": 0.38615304231643677, "presence": 0.9999920129776001}, "left index": {"x": 0.7416623830795288, "y": 0.37758734822273254, "z": -0.2937897741794586, "visibility": 0.8819193243980408, "presence": 0.9999986886978149}, "right index": {"x": 0.7090575098991394, "y": 0.21445301175117493, "z": -0.019494449719786644, "visibility": 0.3872312009334564, "presence": 0.9999921321868896}, "left thumb": {"x": 0.7460392713546753, "y": 0.3777763247489929, "z": -0.27389830350875854, "visibility": 0.8221598267555237, "presence": 0.9999990463256836}, "right thumb": {"x": 0.709760308265686, "y": 0.22544874250888824, "z": -0.01317207794636488, "visibility": 0.3733867406845093, "presence": 0.9999954700469971}, "left hip": {"x": 0.7625744342803955, "y": 0.5198454260826111, "z": -0.05880199745297432, "visibility": 0.9999510049819946, "presence": 0.9999966621398926}, "right hip": {"x": 0.7255048155784607, "y": 0.510615348815918, "z": 0.058678459376096725, "visibility": 0.9998917579650879, "presence": 0.999996542930603}, "left knee": {"x": 0.7520772814750671, "y": 0.649754524230957, "z": -0.11072083562612534, "visibility": 0.7838321328163147, "presence": 0.9999914169311523}, "right knee": {"x": 0.6621523499488831, "y": 0.5878884792327881, "z": 0.015392784029245377, "visibility": 0.5146915316581726, "presence": 0.999994158744812}, "left ankle": {"x": 0.8002111315727234, "y": 0.7279946804046631, "z": 0.010580068454146385, "visibility": 0.6656600832939148, "presence": 0.9999675750732422}, "right ankle": {"x": 0.6691010594367981, "y": 0.7094519734382629, "z": 0.10262759029865265, "visibility": 0.4427456855773926, "presence": 0.999988317489624}, "left heel": {"x": 0.8096446394920349, "y": 0.7395382523536682, "z": 0.02061806432902813, "visibility": 0.5188294053077698, "presence": 0.9999065399169922}, "right heel": {"x": 0.6775732040405273, "y": 0.7341006994247437, "z": 0.10947312414646149, "visibility": 0.4791777431964874, "presence": 0.9999827146530151}, "left foot index": {"x": 0.7953606247901917, "y": 0.772792398929596, "z": -0.03222987428307533, "visibility": 0.6812288165092468, "presence": 0.999784529209137}, "right foot index": {"x": 0.6324319839477539, "y": 0.7311286330223083, "z": 0.06792173534631729, "visibility": 0.5156805515289307, "presence": 0.9998487234115601}, "timestamp": "20240418-205804"}