{"nose": {"x": 0.6232177019119263, "y": 0.27860167622566223, "z": -0.2991694509983063, "visibility": 0.9999947547912598, "presence": 1.0}, "left eye (inner)": {"x": 0.6264940500259399, "y": 0.2637816071510315, "z": -0.2970825731754303, "visibility": 0.9999911785125732, "presence": 1.0}, "left eye": {"x": 0.6286929845809937, "y": 0.26259830594062805, "z": -0.29730692505836487, "visibility": 0.9999894499778748, "presence": 1.0}, "left eye (outer)": {"x": 0.6307774186134338, "y": 0.26113033294677734, "z": -0.2972445785999298, "visibility": 0.9999929070472717, "presence": 1.0}, "right eye (inner)": {"x": 0.6227091550827026, "y": 0.26598772406578064, "z": -0.2876600921154022, "visibility": 0.9999907612800598, "presence": 1.0}, "right eye": {"x": 0.6222391128540039, "y": 0.26621013879776, "z": -0.2878771126270294, "visibility": 0.9999895095825195, "presence": 1.0}, "right eye (outer)": {"x": 0.6217500567436218, "y": 0.26621702313423157, "z": -0.2880134880542755, "visibility": 0.9999896883964539, "presence": 1.0}, "left ear": {"x": 0.6436113715171814, "y": 0.25902608036994934, "z": -0.254366397857666, "visibility": 0.9999923706054688, "presence": 1.0}, "right ear": {"x": 0.6299005150794983, "y": 0.265462726354599, "z": -0.1945480853319168, "visibility": 0.9999507069587708, "presence": 1.0}, "mouth (left)": {"x": 0.6315897107124329, "y": 0.28857094049453735, "z": -0.27326154708862305, "visibility": 0.999987006187439, "presence": 1.0}, "mouth (right)": {"x": 0.6267626881599426, "y": 0.29106709361076355, "z": -0.25965651869773865, "visibility": 0.9999778270721436, "presence": 1.0}, "left shoulder": {"x": 0.6831944584846497, "y": 0.3086685538291931, "z": -0.22679196298122406, "visibility": 0.9999951720237732, "presence": 1.0}, "right shoulder": {"x": 0.6262558698654175, "y": 0.3378274440765381, "z": -0.0993722677230835, "visibility": 0.9999169707298279, "presence": 0.9999995231628418}, "left elbow": {"x": 0.7219691276550293, "y": 0.366645485162735, "z": -0.31109824776649475, "visibility": 0.97715824842453, "presence": 0.9999966621398926}, "right elbow": {"x": 0.607725203037262, "y": 0.41842713952064514, "z": -0.07910241931676865, "visibility": 0.7356712818145752, "presence": 0.999972939491272}, "left wrist": {"x": 0.6707080006599426, "y": 0.3857209384441376, "z": -0.4458709955215454, "visibility": 0.9682974219322205, "presence": 1.0}, "right wrist": {"x": 0.5796311497688293, "y": 0.4808118939399719, "z": -0.17184656858444214, "visibility": 0.7363944053649902, "presence": 0.9999597072601318}, "left pinky": {"x": 0.6540524959564209, "y": 0.39643576741218567, "z": -0.48631754517555237, "visibility": 0.9650781154632568, "presence": 0.9999998807907104}, "right pinky": {"x": 0.5699878334999084, "y": 0.4928710460662842, "z": -0.1930052936077118, "visibility": 0.700415313243866, "presence": 0.999934196472168}, "left index": {"x": 0.6512306928634644, "y": 0.38226690888404846, "z": -0.4900084137916565, "visibility": 0.9647439122200012, "presence": 1.0}, "right index": {"x": 0.5698363184928894, "y": 0.49222615361213684, "z": -0.21160699427127838, "visibility": 0.7134692668914795, "presence": 0.9999401569366455}, "left thumb": {"x": 0.6551899313926697, "y": 0.37944141030311584, "z": -0.44936272501945496, "visibility": 0.9464767575263977, "presence": 1.0}, "right thumb": {"x": 0.5750874876976013, "y": 0.4897802174091339, "z": -0.18304283916950226, "visibility": 0.6647042632102966, "presence": 0.9999672174453735}, "left hip": {"x": 0.7032532691955566, "y": 0.47054290771484375, "z": -0.04195518046617508, "visibility": 0.9998241662979126, "presence": 0.9999996423721313}, "right hip": {"x": 0.6614232063293457, "y": 0.47332826256752014, "z": 0.041815247386693954, "visibility": 0.9995321035385132, "presence": 0.9999991655349731}, "left knee": {"x": 0.7219177484512329, "y": 0.5938341021537781, "z": -0.16508974134922028, "visibility": 0.8534925580024719, "presence": 0.9999974966049194}, "right knee": {"x": 0.6272547245025635, "y": 0.5522077679634094, "z": 0.17236383259296417, "visibility": 0.4041531980037689, "presence": 0.9999755620956421}, "left ankle": {"x": 0.7492641806602478, "y": 0.7154266238212585, "z": -0.11382613331079483, "visibility": 0.8400579690933228, "presence": 0.9999885559082031}, "right ankle": {"x": 0.636450469493866, "y": 0.6472771763801575, "z": 0.3708147704601288, "visibility": 0.35955607891082764, "presence": 0.9999622106552124}, "left heel": {"x": 0.7512314915657043, "y": 0.7314797043800354, "z": -0.11306451261043549, "visibility": 0.6876669526100159, "presence": 0.9999616146087646}, "right heel": {"x": 0.6419934630393982, "y": 0.6635065674781799, "z": 0.38668644428253174, "visibility": 0.34423020482063293, "presence": 0.9999761581420898}, "left foot index": {"x": 0.7535129189491272, "y": 0.7566182613372803, "z": -0.21112778782844543, "visibility": 0.878301203250885, "presence": 0.9999645948410034}, "right foot index": {"x": 0.626093864440918, "y": 0.6787621378898621, "z": 0.32959550619125366, "visibility": 0.4532347023487091, "presence": 0.9999631643295288}, "timestamp": "20240418-205800"}