{"nose": {"x": 0.6526358127593994, "y": 0.29630017280578613, "z": -0.22944700717926025, "visibility": 0.999140739440918, "presence": 1.0}, "left eye (inner)": {"x": 0.6550055742263794, "y": 0.28078824281692505, "z": -0.22245752811431885, "visibility": 0.9993628263473511, "presence": 1.0}, "left eye": {"x": 0.6579291820526123, "y": 0.2784162759780884, "z": -0.2226436883211136, "visibility": 0.9992527365684509, "presence": 1.0}, "left eye (outer)": {"x": 0.6606404185295105, "y": 0.276478111743927, "z": -0.22254975140094757, "visibility": 0.9994564652442932, "presence": 1.0}, "right eye (inner)": {"x": 0.6491972208023071, "y": 0.28380417823791504, "z": -0.2175740897655487, "visibility": 0.9995307326316833, "presence": 1.0}, "right eye": {"x": 0.6479287147521973, "y": 0.28401634097099304, "z": -0.21775759756565094, "visibility": 0.999530553817749, "presence": 1.0}, "right eye (outer)": {"x": 0.6465030908584595, "y": 0.2839999198913574, "z": -0.21780578792095184, "visibility": 0.9996398687362671, "presence": 0.9999998807907104}, "left ear": {"x": 0.6697186231613159, "y": 0.2732737064361572, "z": -0.14822757244110107, "visibility": 0.9995123147964478, "presence": 1.0}, "right ear": {"x": 0.6485006213188171, "y": 0.2828057110309601, "z": -0.12505251169204712, "visibility": 0.9992268681526184, "presence": 0.9999998807907104}, "mouth (left)": {"x": 0.6602925658226013, "y": 0.30199134349823, "z": -0.19792838394641876, "visibility": 0.9978465437889099, "presence": 1.0}, "mouth (right)": {"x": 0.6521391272544861, "y": 0.3059908449649811, "z": -0.19197385013103485, "visibility": 0.9974215626716614, "presence": 0.9999998807907104}, "left shoulder": {"x": 0.7062078714370728, "y": 0.32527825236320496, "z": -0.10699982941150665, "visibility": 0.999879002571106, "presence": 0.9999997615814209}, "right shoulder": {"x": 0.6379903554916382, "y": 0.3332081139087677, "z": -0.059735726565122604, "visibility": 0.9998511075973511, "presence": 0.9999970197677612}, "left elbow": {"x": 0.732664167881012, "y": 0.4141245484352112, "z": -0.20234951376914978, "visibility": 0.928760290145874, "presence": 0.999931812286377}, "right elbow": {"x": 0.6022472381591797, "y": 0.34441694617271423, "z": -0.171404629945755, "visibility": 0.5356280207633972, "presence": 0.999932050704956}, "left wrist": {"x": 0.7103322148323059, "y": 0.3923376798629761, "z": -0.3671285808086395, "visibility": 0.9212716817855835, "presence": 0.9999997615814209}, "right wrist": {"x": 0.6122435331344604, "y": 0.2683073878288269, "z": -0.35448554158210754, "visibility": 0.5996203422546387, "presence": 0.9999960660934448}, "left pinky": {"x": 0.6993635296821594, "y": 0.38729506731033325, "z": -0.40747499465942383, "visibility": 0.913496732711792, "presence": 0.9999997615814209}, "right pinky": {"x": 0.6127362847328186, "y": 0.2431735098361969, "z": -0.40085962414741516, "visibility": 0.5975239872932434, "presence": 0.9999964237213135}, "left index": {"x": 0.7005079388618469, "y": 0.371118426322937, "z": -0.4145352244377136, "visibility": 0.9113662838935852, "presence": 0.9999998807907104}, "right index": {"x": 0.6177490949630737, "y": 0.23413139581680298, "z": -0.3950282633304596, "visibility": 0.5969889163970947, "presence": 0.999997615814209}, "left thumb": {"x": 0.7021044492721558, "y": 0.3716824948787689, "z": -0.37268829345703125, "visibility": 0.8792389631271362, "presence": 0.9999998807907104}, "right thumb": {"x": 0.6190151572227478, "y": 0.24670003354549408, "z": -0.3590797185897827, "visibility": 0.5723103284835815, "presence": 0.9999983310699463}, "left hip": {"x": 0.7052946090698242, "y": 0.5061926245689392, "z": -0.02974514104425907, "visibility": 0.9997267723083496, "presence": 0.9999401569366455}, "right hip": {"x": 0.6667956113815308, "y": 0.522047221660614, "z": 0.029567649587988853, "visibility": 0.9995483160018921, "presence": 0.9999003410339355}, "left knee": {"x": 0.7207714915275574, "y": 0.6116772890090942, "z": -0.25273483991622925, "visibility": 0.7560626268386841, "presence": 0.9999229907989502}, "right knee": {"x": 0.6421309113502502, "y": 0.5996630191802979, "z": 0.1823640614748001, "visibility": 0.48561573028564453, "presence": 0.9994750618934631}, "left ankle": {"x": 0.760953426361084, "y": 0.7346444725990295, "z": -0.2614458203315735, "visibility": 0.7528342008590698, "presence": 0.9998660087585449}, "right ankle": {"x": 0.6219751834869385, "y": 0.7130175828933716, "z": 0.3866574168205261, "visibility": 0.503663957118988, "presence": 0.9994705319404602}, "left heel": {"x": 0.7692208886146545, "y": 0.756476104259491, "z": -0.2679947316646576, "visibility": 0.7241377830505371, "presence": 0.9995682835578918}, "right heel": {"x": 0.6221662163734436, "y": 0.7337980270385742, "z": 0.4021880626678467, "visibility": 0.5530750751495361, "presence": 0.9996554851531982}, "left foot index": {"x": 0.7442944049835205, "y": 0.7725904583930969, "z": -0.3897639214992523, "visibility": 0.7787010669708252, "presence": 0.9998447895050049}, "right foot index": {"x": 0.6036658883094788, "y": 0.7476810216903687, "z": 0.326345294713974, "visibility": 0.6040806770324707, "presence": 0.9997929930686951}, "timestamp": "20240418-205640"}