{"nose": {"x": 0.8572984337806702, "y": 0.376017689704895, "z": 0.1548270285129547, "visibility": 0.9987989664077759, "presence": 0.9999661445617676}, "left eye (inner)": {"x": 0.8548315763473511, "y": 0.3620479106903076, "z": 0.13321788609027863, "visibility": 0.9984611868858337, "presence": 0.9999703168869019}, "left eye": {"x": 0.8537382483482361, "y": 0.3614650368690491, "z": 0.13303960859775543, "visibility": 0.9985433220863342, "presence": 0.9999730587005615}, "left eye (outer)": {"x": 0.8531662225723267, "y": 0.3609500527381897, "z": 0.13302603363990784, "visibility": 0.9984468221664429, "presence": 0.9999603033065796}, "right eye (inner)": {"x": 0.8584086298942566, "y": 0.3606562316417694, "z": 0.1512288600206375, "visibility": 0.9988449215888977, "presence": 0.9999537467956543}, "right eye": {"x": 0.8601574897766113, "y": 0.359377920627594, "z": 0.15104064345359802, "visibility": 0.9990830421447754, "presence": 0.9999542236328125}, "right eye (outer)": {"x": 0.8619046211242676, "y": 0.35815733671188354, "z": 0.15093667805194855, "visibility": 0.9990276098251343, "presence": 0.9999309778213501}, "left ear": {"x": 0.8591959476470947, "y": 0.3586864769458771, "z": 0.05353095754981041, "visibility": 0.9994212985038757, "presence": 0.9999494552612305}, "right ear": {"x": 0.868049681186676, "y": 0.35499241948127747, "z": 0.1357075273990631, "visibility": 0.9988264441490173, "presence": 0.999848484992981}, "mouth (left)": {"x": 0.8583326935768127, "y": 0.38256606459617615, "z": 0.13131411373615265, "visibility": 0.9939860701560974, "presence": 0.9995135068893433}, "mouth (right)": {"x": 0.8626255989074707, "y": 0.3818482756614685, "z": 0.15386496484279633, "visibility": 0.9918996691703796, "presence": 0.99875807762146}, "left shoulder": {"x": 0.8670274615287781, "y": 0.39173829555511475, "z": -0.03359103947877884, "visibility": 0.9998608231544495, "presence": 0.9994342923164368}, "right shoulder": {"x": 0.9215642213821411, "y": 0.3843984305858612, "z": 0.14330826699733734, "visibility": 0.9981117844581604, "presence": 0.997757613658905}, "left elbow": {"x": 0.8276767730712891, "y": 0.443349152803421, "z": -0.04793984815478325, "visibility": 0.8354216814041138, "presence": 0.9967555403709412}, "right elbow": {"x": 0.9671533703804016, "y": 0.4519343078136444, "z": 0.11463653296232224, "visibility": 0.31973519921302795, "presence": 0.9829368591308594}, "left wrist": {"x": 0.8236199617385864, "y": 0.4629036486148834, "z": 0.047435060143470764, "visibility": 0.6793671250343323, "presence": 0.9950946569442749}, "right wrist": {"x": 0.9803916811943054, "y": 0.5337650179862976, "z": 0.08207301795482635, "visibility": 0.3309501111507416, "presence": 0.9862713813781738}, "left pinky": {"x": 0.8214627504348755, "y": 0.4760318398475647, "z": 0.052532732486724854, "visibility": 0.6834259629249573, "presence": 0.9882723689079285}, "right pinky": {"x": 0.9851089715957642, "y": 0.5582485198974609, "z": 0.09052973240613937, "visibility": 0.3332625925540924, "presence": 0.9813979864120483}, "left index": {"x": 0.823771059513092, "y": 0.47456762194633484, "z": 0.058370720595121384, "visibility": 0.6792891025543213, "presence": 0.9862316250801086}, "right index": {"x": 0.9810677766799927, "y": 0.5624569654464722, "z": 0.09494079649448395, "visibility": 0.3338034749031067, "presence": 0.9767505526542664}, "left thumb": {"x": 0.8253922462463379, "y": 0.4726034700870514, "z": 0.05366913229227066, "visibility": 0.6458005309104919, "presence": 0.9905356764793396}, "right thumb": {"x": 0.9790960550308228, "y": 0.5525258183479309, "z": 0.08005519956350327, "visibility": 0.33154696226119995, "presence": 0.9858132004737854}, "left hip": {"x": 0.9447142481803894, "y": 0.5547287464141846, "z": -0.07184221595525742, "visibility": 0.99770188331604, "presence": 0.9972195625305176}, "right hip": {"x": 0.9637187123298645, "y": 0.5361139178276062, "z": 0.07149318605661392, "visibility": 0.9959474802017212, "presence": 0.9970920085906982}, "left knee": {"x": 0.9455770254135132, "y": 0.700994074344635, "z": -0.0575377531349659, "visibility": 0.9659025073051453, "presence": 0.9933406710624695}, "right knee": {"x": 0.8950509428977966, "y": 0.6018126010894775, "z": 0.20171712338924408, "visibility": 0.43633341789245605, "presence": 0.9887295365333557}, "left ankle": {"x": 1.0184192657470703, "y": 0.7634459733963013, "z": -0.09718011319637299, "visibility": 0.8971794247627258, "presence": 0.8569701313972473}, "right ankle": {"x": 0.8974000811576843, "y": 0.7494789958000183, "z": 0.18648068606853485, "visibility": 0.5430483222007751, "presence": 0.8454142808914185}, "left heel": {"x": 1.0593799352645874, "y": 0.77397221326828, "z": -0.10246545821428299, "visibility": 0.8191923499107361, "presence": 0.6028149127960205}, "right heel": {"x": 0.908150851726532, "y": 0.77979576587677, "z": 0.17865799367427826, "visibility": 0.6528174877166748, "presence": 0.8370663523674011}, "left foot index": {"x": 1.0161020755767822, "y": 0.8159003257751465, "z": -0.13009770214557648, "visibility": 0.834714949131012, "presence": 0.685493528842926}, "right foot index": {"x": 0.8603134751319885, "y": 0.7805322408676147, "z": 0.1996789425611496, "visibility": 0.5424050688743591, "presence": 0.7796331644058228}, "timestamp": "20240418-205834"}