{"nose": {"x": 0.866351842880249, "y": 0.27442827820777893, "z": -0.28779396414756775, "visibility": 0.9998914003372192, "presence": 0.9999984502792358}, "left eye (inner)": {"x": 0.8691145777702332, "y": 0.2529664933681488, "z": -0.2911375164985657, "visibility": 0.9998316764831543, "presence": 0.9999973773956299}, "left eye": {"x": 0.8717050552368164, "y": 0.25156593322753906, "z": -0.2913425862789154, "visibility": 0.9998471140861511, "presence": 0.9999978542327881}, "left eye (outer)": {"x": 0.8741737604141235, "y": 0.25009217858314514, "z": -0.291269451379776, "visibility": 0.9998496770858765, "presence": 0.9999972581863403}, "right eye (inner)": {"x": 0.8655100464820862, "y": 0.2545605003833771, "z": -0.2747589945793152, "visibility": 0.9998466372489929, "presence": 0.999995231628418}, "right eye": {"x": 0.86515212059021, "y": 0.2545067369937897, "z": -0.27496302127838135, "visibility": 0.9998725652694702, "presence": 0.9999955892562866}, "right eye (outer)": {"x": 0.8644851446151733, "y": 0.25467148423194885, "z": -0.2750537693500519, "visibility": 0.9998598694801331, "presence": 0.999994158744812}, "left ear": {"x": 0.8889098763465881, "y": 0.2435894012451172, "z": -0.2530989646911621, "visibility": 0.9999303221702576, "presence": 0.9999982118606567}, "right ear": {"x": 0.8774147629737854, "y": 0.2500669062137604, "z": -0.17390389740467072, "visibility": 0.9997649192810059, "presence": 0.9999915361404419}, "mouth (left)": {"x": 0.8772097826004028, "y": 0.2835330069065094, "z": -0.26733729243278503, "visibility": 0.9997315406799316, "presence": 0.9999984502792358}, "mouth (right)": {"x": 0.8725615739822388, "y": 0.28813984990119934, "z": -0.2460186779499054, "visibility": 0.9996138215065002, "presence": 0.9999932050704956}, "left shoulder": {"x": 0.9498027563095093, "y": 0.29523205757141113, "z": -0.2169293910264969, "visibility": 0.9999628067016602, "presence": 0.9999978542327881}, "right shoulder": {"x": 0.8719865083694458, "y": 0.32957911491394043, "z": -0.0654180571436882, "visibility": 0.9996286630630493, "presence": 0.9999656677246094}, "left elbow": {"x": 0.9918129444122314, "y": 0.37021175026893616, "z": -0.29100340604782104, "visibility": 0.9809338450431824, "presence": 0.9997534155845642}, "right elbow": {"x": 0.849851667881012, "y": 0.4305420219898224, "z": -0.07205341011285782, "visibility": 0.6884299516677856, "presence": 0.9998283386230469}, "left wrist": {"x": 0.9498594999313354, "y": 0.40485620498657227, "z": -0.4197365641593933, "visibility": 0.9633591175079346, "presence": 0.9999955892562866}, "right wrist": {"x": 0.8128662109375, "y": 0.46568411588668823, "z": -0.18566444516181946, "visibility": 0.766343355178833, "presence": 0.9998925924301147}, "left pinky": {"x": 0.9403620958328247, "y": 0.4279721975326538, "z": -0.45802128314971924, "visibility": 0.9608903527259827, "presence": 0.9999934434890747}, "right pinky": {"x": 0.7965584397315979, "y": 0.48645147681236267, "z": -0.21064123511314392, "visibility": 0.7663460969924927, "presence": 0.9998212456703186}, "left index": {"x": 0.929239809513092, "y": 0.41217735409736633, "z": -0.46206164360046387, "visibility": 0.9590978622436523, "presence": 0.9999951124191284}, "right index": {"x": 0.7954661846160889, "y": 0.48349371552467346, "z": -0.236540287733078, "visibility": 0.7673288583755493, "presence": 0.9998239874839783}, "left thumb": {"x": 0.9319958090782166, "y": 0.4067506194114685, "z": -0.4223712980747223, "visibility": 0.9346731901168823, "presence": 0.9999969005584717}, "right thumb": {"x": 0.8024293184280396, "y": 0.476467102766037, "z": -0.20023323595523834, "visibility": 0.749303936958313, "presence": 0.9999090433120728}, "left hip": {"x": 0.9591512084007263, "y": 0.4905085265636444, "z": -0.05037383735179901, "visibility": 0.9956821799278259, "presence": 0.999955415725708}, "right hip": {"x": 0.9101589322090149, "y": 0.5003494024276733, "z": 0.05021350830793381, "visibility": 0.9931749105453491, "presence": 0.9999516010284424}, "left knee": {"x": 0.9631407260894775, "y": 0.6272580623626709, "z": -0.3110070526599884, "visibility": 0.9807084202766418, "presence": 0.9999582767486572}, "right knee": {"x": 0.8639302253723145, "y": 0.6178064942359924, "z": 0.04493438079953194, "visibility": 0.760189414024353, "presence": 0.9996516704559326}, "left ankle": {"x": 0.9953529834747314, "y": 0.7892665266990662, "z": -0.3006342947483063, "visibility": 0.9815794229507446, "presence": 0.9994369149208069}, "right ankle": {"x": 0.8797397017478943, "y": 0.735198974609375, "z": 0.2690035402774811, "visibility": 0.7138084173202515, "presence": 0.9991156458854675}, "left heel": {"x": 0.9973767399787903, "y": 0.8137071132659912, "z": -0.30540186166763306, "visibility": 0.9065718650817871, "presence": 0.9974601864814758}, "right heel": {"x": 0.8909236192703247, "y": 0.7547298669815063, "z": 0.28902241587638855, "visibility": 0.7233433127403259, "presence": 0.9993531107902527}, "left foot index": {"x": 0.9840580821037292, "y": 0.8399061560630798, "z": -0.44609323143959045, "visibility": 0.9834071397781372, "presence": 0.9970692992210388}, "right foot index": {"x": 0.8497964143753052, "y": 0.7842584252357483, "z": 0.22130009531974792, "visibility": 0.7688428163528442, "presence": 0.998985230922699}, "timestamp": "20240418-205537"}