{"nose": {"x": 0.8492513298988342, "y": 0.28905189037323, "z": -0.08189969509840012, "visibility": 0.9996832609176636, "presence": 0.999992847442627}, "left eye (inner)": {"x": 0.8518056869506836, "y": 0.2750491797924042, "z": -0.09087973833084106, "visibility": 0.9995447993278503, "presence": 0.9999895095825195}, "left eye": {"x": 0.8535088300704956, "y": 0.2733740210533142, "z": -0.0910354033112526, "visibility": 0.9995941519737244, "presence": 0.9999914169311523}, "left eye (outer)": {"x": 0.8552160263061523, "y": 0.27174142003059387, "z": -0.09095381200313568, "visibility": 0.9995927214622498, "presence": 0.9999896287918091}, "right eye (inner)": {"x": 0.8507316708564758, "y": 0.2766687572002411, "z": -0.06970721483230591, "visibility": 0.9996505379676819, "presence": 0.9999861717224121}, "right eye": {"x": 0.8516966700553894, "y": 0.2762366533279419, "z": -0.06990599632263184, "visibility": 0.9997273087501526, "presence": 0.9999891519546509}, "right eye (outer)": {"x": 0.8526463508605957, "y": 0.2757660448551178, "z": -0.070024773478508, "visibility": 0.9997478127479553, "presence": 0.999988317489624}, "left ear": {"x": 0.8682213425636292, "y": 0.2662854790687561, "z": -0.09371667355298996, "visibility": 0.9998177289962769, "presence": 0.9999940395355225}, "right ear": {"x": 0.8638288378715515, "y": 0.26892343163490295, "z": 0.0051532224752008915, "visibility": 0.9996499419212341, "presence": 0.9999903440475464}, "mouth (left)": {"x": 0.856830358505249, "y": 0.2972223162651062, "z": -0.0777619332075119, "visibility": 0.9992727637290955, "presence": 0.9999954700469971}, "mouth (right)": {"x": 0.8552377820014954, "y": 0.2988365590572357, "z": -0.05070462077856064, "visibility": 0.9991297721862793, "presence": 0.9999877214431763}, "left shoulder": {"x": 0.9168930649757385, "y": 0.29399117827415466, "z": -0.11413486301898956, "visibility": 0.9999827742576599, "presence": 0.9999947547912598}, "right shoulder": {"x": 0.8642737865447998, "y": 0.3371220827102661, "z": 0.06461413949728012, "visibility": 0.9996834397315979, "presence": 0.9999735355377197}, "left elbow": {"x": 0.9309995174407959, "y": 0.373548299074173, "z": -0.21094566583633423, "visibility": 0.9399839043617249, "presence": 0.9983514547348022}, "right elbow": {"x": 0.8161427974700928, "y": 0.3394332230091095, "z": -0.0634087324142456, "visibility": 0.2765558958053589, "presence": 0.9994381070137024}, "left wrist": {"x": 0.8710526823997498, "y": 0.33639785647392273, "z": -0.2703271210193634, "visibility": 0.8566543459892273, "presence": 0.9999966621398926}, "right wrist": {"x": 0.8164920806884766, "y": 0.27074530720710754, "z": -0.2553851008415222, "visibility": 0.3800612688064575, "presence": 0.9999866485595703}, "left pinky": {"x": 0.8558763861656189, "y": 0.3295844495296478, "z": -0.2956429719924927, "visibility": 0.8507563471794128, "presence": 0.9999971389770508}, "right pinky": {"x": 0.8167253732681274, "y": 0.25209206342697144, "z": -0.29177823662757874, "visibility": 0.39447644352912903, "presence": 0.9999912977218628}, "left index": {"x": 0.8571443557739258, "y": 0.3172437846660614, "z": -0.2892533838748932, "visibility": 0.8430621027946472, "presence": 0.999997615814209}, "right index": {"x": 0.8229762315750122, "y": 0.24791933596134186, "z": -0.279036283493042, "visibility": 0.3895444869995117, "presence": 0.9999947547912598}, "left thumb": {"x": 0.8611053228378296, "y": 0.32028728723526, "z": -0.2666114270687103, "visibility": 0.8091771006584167, "presence": 0.9999980926513672}, "right thumb": {"x": 0.8244443535804749, "y": 0.2573663890361786, "z": -0.257657527923584, "visibility": 0.3807750642299652, "presence": 0.9999961853027344}, "left hip": {"x": 0.9353786706924438, "y": 0.5050984025001526, "z": -0.0663064494729042, "visibility": 0.9997167587280273, "presence": 0.9999173879623413}, "right hip": {"x": 0.8979878425598145, "y": 0.5183472037315369, "z": 0.06613072007894516, "visibility": 0.9993776679039001, "presence": 0.9999384880065918}, "left knee": {"x": 0.9363663792610168, "y": 0.6307019591331482, "z": -0.2872098684310913, "visibility": 0.9937525987625122, "presence": 0.9998551607131958}, "right knee": {"x": 0.8399507999420166, "y": 0.6236945390701294, "z": 0.0694485604763031, "visibility": 0.6100497245788574, "presence": 0.9992930889129639}, "left ankle": {"x": 0.985684871673584, "y": 0.7734224796295166, "z": -0.32898685336112976, "visibility": 0.9881089329719543, "presence": 0.9994237422943115}, "right ankle": {"x": 0.8805272579193115, "y": 0.7454515099525452, "z": 0.2422311156988144, "visibility": 0.7603978514671326, "presence": 0.9997140765190125}, "left heel": {"x": 0.995418131351471, "y": 0.7983922958374023, "z": -0.3379223346710205, "visibility": 0.9650554060935974, "presence": 0.9979057312011719}, "right heel": {"x": 0.8960922360420227, "y": 0.7639884948730469, "z": 0.25651800632476807, "visibility": 0.810542643070221, "presence": 0.999783456325531}, "left foot index": {"x": 0.9641428589820862, "y": 0.8361238241195679, "z": -0.44952070713043213, "visibility": 0.9847991466522217, "presence": 0.998054027557373}, "right foot index": {"x": 0.8476027846336365, "y": 0.7857832908630371, "z": 0.20454132556915283, "visibility": 0.7998108267784119, "presence": 0.9994335770606995}, "timestamp": "20240418-205825"}