{"nose": {"x": 0.7499597072601318, "y": 0.24615512788295746, "z": -0.143702432513237, "visibility": 0.9997308254241943, "presence": 0.9999834299087524}, "left eye (inner)": {"x": 0.7527055144309998, "y": 0.2322382628917694, "z": -0.1459486335515976, "visibility": 0.9995235204696655, "presence": 0.999968409538269}, "left eye": {"x": 0.755103588104248, "y": 0.23067931830883026, "z": -0.14612507820129395, "visibility": 0.9995695948600769, "presence": 0.999970555305481}, "left eye (outer)": {"x": 0.7577753067016602, "y": 0.22931896150112152, "z": -0.1460781842470169, "visibility": 0.999679446220398, "presence": 0.9999610185623169}, "right eye (inner)": {"x": 0.7501084208488464, "y": 0.23273426294326782, "z": -0.12985335290431976, "visibility": 0.9994059205055237, "presence": 0.9999619722366333}, "right eye": {"x": 0.7496737241744995, "y": 0.23254282772541046, "z": -0.13005441427230835, "visibility": 0.9994704127311707, "presence": 0.9999703168869019}, "right eye (outer)": {"x": 0.7490982413291931, "y": 0.23226121068000793, "z": -0.13013996183872223, "visibility": 0.9995110630989075, "presence": 0.9999680519104004}, "left ear": {"x": 0.7713713645935059, "y": 0.22659990191459656, "z": -0.12905250489711761, "visibility": 0.999837338924408, "presence": 0.9999655485153198}, "right ear": {"x": 0.7568398714065552, "y": 0.23354509472846985, "z": -0.05460957810282707, "visibility": 0.998976469039917, "presence": 0.9999676942825317}, "mouth (left)": {"x": 0.757509708404541, "y": 0.25635239481925964, "z": -0.13468243181705475, "visibility": 0.9997328519821167, "presence": 0.9999905824661255}, "mouth (right)": {"x": 0.7519885897636414, "y": 0.25661712884902954, "z": -0.11448785662651062, "visibility": 0.9993543028831482, "presence": 0.9999806880950928}, "left shoulder": {"x": 0.8073571920394897, "y": 0.26471519470214844, "z": -0.1381026655435562, "visibility": 0.9999876022338867, "presence": 0.9999921321868896}, "right shoulder": {"x": 0.7542037963867188, "y": 0.32158854603767395, "z": 0.013649112544953823, "visibility": 0.999864935874939, "presence": 0.9999879598617554}, "left elbow": {"x": 0.8277146816253662, "y": 0.3350692093372345, "z": -0.26615020632743835, "visibility": 0.9872804284095764, "presence": 0.9998462200164795}, "right elbow": {"x": 0.748022198677063, "y": 0.405526340007782, "z": 0.03151681274175644, "visibility": 0.7562398314476013, "presence": 0.9999369382858276}, "left wrist": {"x": 0.772298276424408, "y": 0.33554700016975403, "z": -0.3719215393066406, "visibility": 0.9790611863136292, "presence": 0.9999985694885254}, "right wrist": {"x": 0.7200014591217041, "y": 0.4747515022754669, "z": -0.04655937850475311, "visibility": 0.8021954894065857, "presence": 0.9999872446060181}, "left pinky": {"x": 0.7562254667282104, "y": 0.34034425020217896, "z": -0.40719786286354065, "visibility": 0.9754624962806702, "presence": 0.9999969005584717}, "right pinky": {"x": 0.7103223204612732, "y": 0.5005306005477905, "z": -0.06159096583724022, "visibility": 0.7930416464805603, "presence": 0.9999650716781616}, "left index": {"x": 0.7552345991134644, "y": 0.33031171560287476, "z": -0.39988279342651367, "visibility": 0.9744992256164551, "presence": 0.999997615814209}, "right index": {"x": 0.7086210250854492, "y": 0.5014623403549194, "z": -0.08317859470844269, "visibility": 0.7981031537055969, "presence": 0.9999629259109497}, "left thumb": {"x": 0.7595875859260559, "y": 0.3301559090614319, "z": -0.3702281415462494, "visibility": 0.9557138085365295, "presence": 0.9999986886978149}, "right thumb": {"x": 0.7132338881492615, "y": 0.49335777759552, "z": -0.058643851429224014, "visibility": 0.7817763686180115, "presence": 0.9999834299087524}, "left hip": {"x": 0.8299170136451721, "y": 0.46297627687454224, "z": -0.03679915890097618, "visibility": 0.9999430775642395, "presence": 0.99997878074646}, "right hip": {"x": 0.7904500365257263, "y": 0.47155553102493286, "z": 0.03663310408592224, "visibility": 0.9999166131019592, "presence": 0.9999891519546509}, "left knee": {"x": 0.8340854048728943, "y": 0.6057564616203308, "z": -0.09300292283296585, "visibility": 0.9443549513816833, "presence": 0.999893307685852}, "right knee": {"x": 0.7571185231208801, "y": 0.5859947800636292, "z": -0.006021831184625626, "visibility": 0.8785279393196106, "presence": 0.9999277591705322}, "left ankle": {"x": 0.8490846753120422, "y": 0.7254024147987366, "z": 0.013490438461303711, "visibility": 0.9060057997703552, "presence": 0.9993526339530945}, "right ankle": {"x": 0.730577290058136, "y": 0.7046083807945251, "z": 0.10668317973613739, "visibility": 0.8715813159942627, "presence": 0.9990824460983276}, "left heel": {"x": 0.8521546125411987, "y": 0.739548921585083, "z": 0.019351838156580925, "visibility": 0.7203927636146545, "presence": 0.9975125789642334}, "right heel": {"x": 0.7343444228172302, "y": 0.7268731594085693, "z": 0.11700750887393951, "visibility": 0.8188655972480774, "presence": 0.9987998008728027}, "left foot index": {"x": 0.8473349213600159, "y": 0.7667097449302673, "z": -0.06344000995159149, "visibility": 0.9067471027374268, "presence": 0.9969251751899719}, "right foot index": {"x": 0.6977709531784058, "y": 0.7343796491622925, "z": 0.041034288704395294, "visibility": 0.8820143938064575, "presence": 0.9961728453636169}, "timestamp": "20240418-205806"}