{"nose": {"x": 0.8370672464370728, "y": 0.392935186624527, "z": 0.16412362456321716, "visibility": 0.9997661709785461, "presence": 0.9999996423721313}, "left eye (inner)": {"x": 0.8364119529724121, "y": 0.3787432014942169, "z": 0.14242158830165863, "visibility": 0.9996733665466309, "presence": 0.9999991655349731}, "left eye": {"x": 0.8360046148300171, "y": 0.37774378061294556, "z": 0.14228281378746033, "visibility": 0.9996591806411743, "presence": 0.9999991655349731}, "left eye (outer)": {"x": 0.8354257941246033, "y": 0.3769814372062683, "z": 0.1422906070947647, "visibility": 0.999647319316864, "presence": 0.9999984502792358}, "right eye (inner)": {"x": 0.8390420079231262, "y": 0.37667277455329895, "z": 0.15643545985221863, "visibility": 0.9997777342796326, "presence": 0.9999992847442627}, "right eye": {"x": 0.8405073285102844, "y": 0.374825119972229, "z": 0.15620927512645721, "visibility": 0.9998133778572083, "presence": 0.9999995231628418}, "right eye (outer)": {"x": 0.841913640499115, "y": 0.3730107247829437, "z": 0.15612760186195374, "visibility": 0.9998196363449097, "presence": 0.9999994039535522}, "left ear": {"x": 0.8371478319168091, "y": 0.37422290444374084, "z": 0.06346144527196884, "visibility": 0.9997951984405518, "presence": 0.9999980926513672}, "right ear": {"x": 0.8478414416313171, "y": 0.3688901364803314, "z": 0.12700530886650085, "visibility": 0.9997232556343079, "presence": 0.9999991655349731}, "mouth (left)": {"x": 0.8389003276824951, "y": 0.3980603814125061, "z": 0.14121690392494202, "visibility": 0.9986337423324585, "presence": 0.9999951124191284}, "mouth (right)": {"x": 0.8421204090118408, "y": 0.3970712423324585, "z": 0.15840548276901245, "visibility": 0.9984917044639587, "presence": 0.9999935626983643}, "left shoulder": {"x": 0.8414909243583679, "y": 0.40455248951911926, "z": -0.008017084561288357, "visibility": 0.9999674558639526, "presence": 0.9999891519546509}, "right shoulder": {"x": 0.8975259065628052, "y": 0.39701414108276367, "z": 0.13293790817260742, "visibility": 0.9995725154876709, "presence": 0.9999973773956299}, "left elbow": {"x": 0.8052648305892944, "y": 0.4760034382343292, "z": 0.03508405759930611, "visibility": 0.814224898815155, "presence": 0.9999412298202515}, "right elbow": {"x": 0.943903386592865, "y": 0.49432626366615295, "z": 0.09330164641141891, "visibility": 0.48488205671310425, "presence": 0.9999810457229614}, "left wrist": {"x": 0.8059090971946716, "y": 0.47013774514198303, "z": 0.18691809475421906, "visibility": 0.6030601263046265, "presence": 0.9999244213104248}, "right wrist": {"x": 0.9705623388290405, "y": 0.5940075516700745, "z": 0.030443746596574783, "visibility": 0.441433846950531, "presence": 0.9999938011169434}, "left pinky": {"x": 0.8030698895454407, "y": 0.47957584261894226, "z": 0.19945304095745087, "visibility": 0.6004766821861267, "presence": 0.9998088479042053}, "right pinky": {"x": 0.9808999300003052, "y": 0.6147592663764954, "z": 0.02825062908232212, "visibility": 0.42888757586479187, "presence": 0.9999847412109375}, "left index": {"x": 0.8060981035232544, "y": 0.4744376242160797, "z": 0.19659464061260223, "visibility": 0.5967463254928589, "presence": 0.9997168183326721}, "right index": {"x": 0.9782907962799072, "y": 0.6199357509613037, "z": 0.019367802888154984, "visibility": 0.42629796266555786, "presence": 0.9999779462814331}, "left thumb": {"x": 0.8087902069091797, "y": 0.47281694412231445, "z": 0.1902923732995987, "visibility": 0.5704643726348877, "presence": 0.9998316764831543}, "right thumb": {"x": 0.9741267561912537, "y": 0.6153323650360107, "z": 0.024707850068807602, "visibility": 0.41490882635116577, "presence": 0.99998939037323}, "left hip": {"x": 0.9183480143547058, "y": 0.5679801106452942, "z": -0.07818751037120819, "visibility": 0.9997559189796448, "presence": 0.999997615814209}, "right hip": {"x": 0.9430424571037292, "y": 0.5452194213867188, "z": 0.07795356959104538, "visibility": 0.9995464086532593, "presence": 0.9999991655349731}, "left knee": {"x": 0.9139599204063416, "y": 0.7114396095275879, "z": -0.04643759876489639, "visibility": 0.9852033257484436, "presence": 0.999991774559021}, "right knee": {"x": 0.8746805787086487, "y": 0.6018450260162354, "z": 0.19313853979110718, "visibility": 0.4934226870536804, "presence": 0.9999966621398926}, "left ankle": {"x": 0.987892746925354, "y": 0.806766927242279, "z": -0.059147510677576065, "visibility": 0.9648413062095642, "presence": 0.9998565912246704}, "right ankle": {"x": 0.8713134527206421, "y": 0.7533211708068848, "z": 0.21852989494800568, "visibility": 0.720739483833313, "presence": 0.9999524354934692}, "left heel": {"x": 1.0019711256027222, "y": 0.8214688897132874, "z": -0.06217078119516373, "visibility": 0.8975099921226501, "presence": 0.9993970394134521}, "right heel": {"x": 0.880023717880249, "y": 0.784640908241272, "z": 0.22053059935569763, "visibility": 0.7555468082427979, "presence": 0.9999383687973022}, "left foot index": {"x": 0.9665141105651855, "y": 0.8561989068984985, "z": -0.09951910376548767, "visibility": 0.9543179869651794, "presence": 0.999308705329895}, "right foot index": {"x": 0.8349993824958801, "y": 0.7753480672836304, "z": 0.2192954272031784, "visibility": 0.7559182047843933, "presence": 0.9998213648796082}, "timestamp": "20240418-205601"}