{"nose": {"x": 0.5203384160995483, "y": 0.3320821225643158, "z": -0.01588340476155281, "visibility": 0.9998556971549988, "presence": 0.9999971389770508}, "left eye (inner)": {"x": 0.520063579082489, "y": 0.31758883595466614, "z": -0.03197384253144264, "visibility": 0.9997761845588684, "presence": 0.9999960660934448}, "left eye": {"x": 0.5213912129402161, "y": 0.3158155381679535, "z": -0.032127879559993744, "visibility": 0.9997447729110718, "presence": 0.999996542930603}, "left eye (outer)": {"x": 0.5226554870605469, "y": 0.3144380450248718, "z": -0.03210541605949402, "visibility": 0.9998306035995483, "presence": 0.9999954700469971}, "right eye (inner)": {"x": 0.519126832485199, "y": 0.3176359534263611, "z": -0.0068914699368178844, "visibility": 0.9997845888137817, "presence": 0.9999936819076538}, "right eye": {"x": 0.5195013880729675, "y": 0.3159973919391632, "z": -0.007069955114275217, "visibility": 0.9997808933258057, "presence": 0.9999939203262329}, "right eye (outer)": {"x": 0.5196728110313416, "y": 0.314411997795105, "z": -0.007124583702534437, "visibility": 0.9998027086257935, "presence": 0.999991774559021}, "left ear": {"x": 0.5330043435096741, "y": 0.3059808015823364, "z": -0.06788379698991776, "visibility": 0.9998495578765869, "presence": 0.9999959468841553}, "right ear": {"x": 0.5297927856445312, "y": 0.3065662086009979, "z": 0.04122421517968178, "visibility": 0.9993396997451782, "presence": 0.9999897480010986}, "mouth (left)": {"x": 0.5290564894676208, "y": 0.3364826440811157, "z": -0.026906432583928108, "visibility": 0.9997850656509399, "presence": 0.9999955892562866}, "mouth (right)": {"x": 0.5269977450370789, "y": 0.3362230658531189, "z": 0.004825905431061983, "visibility": 0.9995871186256409, "presence": 0.999985933303833}, "left shoulder": {"x": 0.5625770092010498, "y": 0.3343503475189209, "z": -0.1370009183883667, "visibility": 0.9999815821647644, "presence": 0.9999947547912598}, "right shoulder": {"x": 0.5545147657394409, "y": 0.3396139144897461, "z": 0.11907211691141129, "visibility": 0.9997576475143433, "presence": 0.9999599456787109}, "left elbow": {"x": 0.5653260946273804, "y": 0.39444202184677124, "z": -0.21856343746185303, "visibility": 0.9668260812759399, "presence": 0.9998935461044312}, "right elbow": {"x": 0.5638571977615356, "y": 0.3915290832519531, "z": 0.11713093519210815, "visibility": 0.27878114581108093, "presence": 0.9998723268508911}, "left wrist": {"x": 0.5257219076156616, "y": 0.41431286931037903, "z": -0.21420617401599884, "visibility": 0.9644014239311218, "presence": 0.9999892711639404}, "right wrist": {"x": 0.5494922399520874, "y": 0.42091989517211914, "z": 0.08615687489509583, "visibility": 0.42023250460624695, "presence": 0.9999430179595947}, "left pinky": {"x": 0.5153593420982361, "y": 0.4270170032978058, "z": -0.2348535805940628, "visibility": 0.9512765407562256, "presence": 0.9999728202819824}, "right pinky": {"x": 0.5551241636276245, "y": 0.4319797158241272, "z": 0.1457228660583496, "visibility": 0.43720903992652893, "presence": 0.9998949766159058}, "left index": {"x": 0.5121283531188965, "y": 0.419725626707077, "z": -0.22583577036857605, "visibility": 0.950770914554596, "presence": 0.9999762773513794}, "right index": {"x": 0.5436013340950012, "y": 0.4312324523925781, "z": 0.09752582758665085, "visibility": 0.44499728083610535, "presence": 0.9999032020568848}, "left thumb": {"x": 0.5163083076477051, "y": 0.41681110858917236, "z": -0.20860964059829712, "visibility": 0.9091204404830933, "presence": 0.9999862909317017}, "right thumb": {"x": 0.5459679365158081, "y": 0.4278017282485962, "z": 0.08141877502202988, "visibility": 0.42228230834007263, "presence": 0.9999464750289917}, "left hip": {"x": 0.6315104961395264, "y": 0.4732140004634857, "z": -0.08191392570734024, "visibility": 0.9993966221809387, "presence": 0.9999316930770874}, "right hip": {"x": 0.6155850887298584, "y": 0.46627184748649597, "z": 0.08175371587276459, "visibility": 0.9991775751113892, "presence": 0.9999439716339111}, "left knee": {"x": 0.627348780632019, "y": 0.5849989652633667, "z": -0.1725495159626007, "visibility": 0.26732444763183594, "presence": 0.9998071789741516}, "right knee": {"x": 0.5857155323028564, "y": 0.5590450167655945, "z": 0.08524851500988007, "visibility": 0.09452799707651138, "presence": 0.9995449185371399}, "left ankle": {"x": 0.6918981671333313, "y": 0.6849461793899536, "z": -0.23718343675136566, "visibility": 0.29497793316841125, "presence": 0.9949906468391418}, "right ankle": {"x": 0.6323364973068237, "y": 0.6611669063568115, "z": 0.1001494824886322, "visibility": 0.1063806414604187, "presence": 0.9972413778305054}, "left heel": {"x": 0.7103762030601501, "y": 0.6983438730239868, "z": -0.24736054241657257, "visibility": 0.2708461284637451, "presence": 0.9777087569236755}, "right heel": {"x": 0.6473599672317505, "y": 0.675719678401947, "z": 0.09851137548685074, "visibility": 0.14377561211585999, "presence": 0.9969170093536377}, "left foot index": {"x": 0.6819156408309937, "y": 0.7448915839195251, "z": -0.3213500380516052, "visibility": 0.33344417810440063, "presence": 0.9833523035049438}, "right foot index": {"x": 0.6143313646316528, "y": 0.7049608826637268, "z": 0.07008995860815048, "visibility": 0.1371472179889679, "presence": 0.9968326687812805}, "timestamp": "20240418-205638"}