{"nose": {"x": 0.6233576536178589, "y": 0.2930466830730438, "z": -0.03213569149374962, "visibility": 0.9999265074729919, "presence": 0.9999916553497314}, "left eye (inner)": {"x": 0.6229179501533508, "y": 0.27792730927467346, "z": -0.04860696569085121, "visibility": 0.9999101758003235, "presence": 0.9999918937683105}, "left eye": {"x": 0.6240483522415161, "y": 0.2761935293674469, "z": -0.048752397298812866, "visibility": 0.999909520149231, "presence": 0.9999939203262329}, "left eye (outer)": {"x": 0.6250230669975281, "y": 0.2746115028858185, "z": -0.04873402416706085, "visibility": 0.9999353885650635, "presence": 0.9999932050704956}, "right eye (inner)": {"x": 0.6220224499702454, "y": 0.2780384421348572, "z": -0.023017320781946182, "visibility": 0.9999070167541504, "presence": 0.9999797344207764}, "right eye": {"x": 0.6225008368492126, "y": 0.276488333940506, "z": -0.02318362332880497, "visibility": 0.9999043941497803, "presence": 0.9999779462814331}, "right eye (outer)": {"x": 0.6228249669075012, "y": 0.27497047185897827, "z": -0.023214995861053467, "visibility": 0.9999071955680847, "presence": 0.9999673366546631}, "left ear": {"x": 0.6359168291091919, "y": 0.2658974230289459, "z": -0.08671677112579346, "visibility": 0.9999486207962036, "presence": 0.9999948740005493}, "right ear": {"x": 0.6339228749275208, "y": 0.26701682806015015, "z": 0.030890099704265594, "visibility": 0.9997122883796692, "presence": 0.9999535083770752}, "mouth (left)": {"x": 0.6332427263259888, "y": 0.29900413751602173, "z": -0.041352227330207825, "visibility": 0.9998811483383179, "presence": 0.9999938011169434}, "mouth (right)": {"x": 0.6319169402122498, "y": 0.3008021116256714, "z": -0.008655299432575703, "visibility": 0.999771237373352, "presence": 0.9999696016311646}, "left shoulder": {"x": 0.6652902364730835, "y": 0.2895480990409851, "z": -0.15125612914562225, "visibility": 0.9999892115592957, "presence": 0.9999982118606567}, "right shoulder": {"x": 0.6594861745834351, "y": 0.3199998438358307, "z": 0.11965590715408325, "visibility": 0.9998002648353577, "presence": 0.9999513626098633}, "left elbow": {"x": 0.669182538986206, "y": 0.3535194396972656, "z": -0.2630213797092438, "visibility": 0.970474898815155, "presence": 0.9999786615371704}, "right elbow": {"x": 0.69432532787323, "y": 0.3922567665576935, "z": 0.17112886905670166, "visibility": 0.3457351624965668, "presence": 0.9998830556869507}, "left wrist": {"x": 0.6239070296287537, "y": 0.3715306222438812, "z": -0.34862396121025085, "visibility": 0.9674848914146423, "presence": 0.9999985694885254}, "right wrist": {"x": 0.6900680065155029, "y": 0.4381720721721649, "z": 0.14603284001350403, "visibility": 0.33127889037132263, "presence": 0.9999401569366455}, "left pinky": {"x": 0.612874448299408, "y": 0.37671253085136414, "z": -0.38308578729629517, "visibility": 0.957658588886261, "presence": 0.9999954700469971}, "right pinky": {"x": 0.6934892535209656, "y": 0.45545926690101624, "z": 0.1495797336101532, "visibility": 0.3258732557296753, "presence": 0.999906063079834}, "left index": {"x": 0.6108062267303467, "y": 0.37095752358436584, "z": -0.3693586587905884, "visibility": 0.9558744430541992, "presence": 0.9999957084655762}, "right index": {"x": 0.6873821020126343, "y": 0.4593745470046997, "z": 0.12841162085533142, "visibility": 0.33322787284851074, "presence": 0.9998795986175537}, "left thumb": {"x": 0.6145648956298828, "y": 0.37233299016952515, "z": -0.3435971438884735, "visibility": 0.9130433201789856, "presence": 0.999997615814209}, "right thumb": {"x": 0.6864449977874756, "y": 0.45351091027259827, "z": 0.13544000685214996, "visibility": 0.3079540729522705, "presence": 0.9999326467514038}, "left hip": {"x": 0.7351701259613037, "y": 0.4486628770828247, "z": -0.08180715888738632, "visibility": 0.9998003840446472, "presence": 0.9999974966049194}, "right hip": {"x": 0.7101263999938965, "y": 0.4595760405063629, "z": 0.08166592568159103, "visibility": 0.9995516538619995, "presence": 0.9999961853027344}, "left knee": {"x": 0.739793598651886, "y": 0.5821406245231628, "z": -0.16904987394809723, "visibility": 0.8715041279792786, "presence": 0.9999856948852539}, "right knee": {"x": 0.6729270219802856, "y": 0.5738255381584167, "z": 0.044325802475214005, "visibility": 0.35087892413139343, "presence": 0.9999667406082153}, "left ankle": {"x": 0.8015259504318237, "y": 0.6822958588600159, "z": -0.13773110508918762, "visibility": 0.798916757106781, "presence": 0.9998375177383423}, "right ankle": {"x": 0.7008325457572937, "y": 0.6980605721473694, "z": 0.10644762963056564, "visibility": 0.35321712493896484, "presence": 0.9998555183410645}, "left heel": {"x": 0.8170125484466553, "y": 0.6900504231452942, "z": -0.13759541511535645, "visibility": 0.6005823016166687, "presence": 0.9992491602897644}, "right heel": {"x": 0.7148084044456482, "y": 0.7194949388504028, "z": 0.10955214500427246, "visibility": 0.36867353320121765, "presence": 0.9997890591621399}, "left foot index": {"x": 0.7995721101760864, "y": 0.7448732852935791, "z": -0.20512530207633972, "visibility": 0.8172594904899597, "presence": 0.9988403916358948}, "right foot index": {"x": 0.6731419563293457, "y": 0.7432849407196045, "z": 0.07457075268030167, "visibility": 0.42373940348625183, "presence": 0.9991762042045593}, "timestamp": "20240418-205653"}