{"nose": {"x": 0.8681178092956543, "y": 0.3114716410636902, "z": 0.024878934025764465, "visibility": 0.9997066259384155, "presence": 0.9999896287918091}, "left eye (inner)": {"x": 0.8701786994934082, "y": 0.2976264953613281, "z": 0.007943854667246342, "visibility": 0.9996081590652466, "presence": 0.9999843835830688}, "left eye": {"x": 0.871415913105011, "y": 0.29620450735092163, "z": 0.007785292342305183, "visibility": 0.9996383190155029, "presence": 0.9999885559082031}, "left eye (outer)": {"x": 0.87246173620224, "y": 0.29500994086265564, "z": 0.007824558764696121, "visibility": 0.9996399879455566, "presence": 0.9999865293502808}, "right eye (inner)": {"x": 0.8697627782821655, "y": 0.298453688621521, "z": 0.03402557224035263, "visibility": 0.999681830406189, "presence": 0.9999734163284302}, "right eye": {"x": 0.8707658648490906, "y": 0.29768654704093933, "z": 0.033815570175647736, "visibility": 0.9997341632843018, "presence": 0.9999780654907227}, "right eye (outer)": {"x": 0.8715527057647705, "y": 0.2969115972518921, "z": 0.0336984284222126, "visibility": 0.9997440576553345, "presence": 0.9999747276306152}, "left ear": {"x": 0.8843186497688293, "y": 0.29010120034217834, "z": -0.035006213933229446, "visibility": 0.9998273253440857, "presence": 0.9999940395355225}, "right ear": {"x": 0.8815574049949646, "y": 0.29097655415534973, "z": 0.08003176748752594, "visibility": 0.9996334910392761, "presence": 0.9999767541885376}, "mouth (left)": {"x": 0.8742448091506958, "y": 0.3205243945121765, "z": 0.014630666002631187, "visibility": 0.9990456104278564, "presence": 0.9999933242797852}, "mouth (right)": {"x": 0.8738369941711426, "y": 0.3222992420196533, "z": 0.048235226422548294, "visibility": 0.9987390637397766, "presence": 0.9999743700027466}, "left shoulder": {"x": 0.9275720119476318, "y": 0.31524479389190674, "z": -0.091108538210392, "visibility": 0.9999738931655884, "presence": 0.999997615814209}, "right shoulder": {"x": 0.8938043117523193, "y": 0.3628472685813904, "z": 0.15297259390354156, "visibility": 0.9995245337486267, "presence": 0.9999277591705322}, "left elbow": {"x": 0.9272733926773071, "y": 0.39442914724349976, "z": -0.1545855551958084, "visibility": 0.9589213728904724, "presence": 0.9998987913131714}, "right elbow": {"x": 0.8622997999191284, "y": 0.4170408546924591, "z": 0.09326790273189545, "visibility": 0.2192002385854721, "presence": 0.9997674822807312}, "left wrist": {"x": 0.8785126209259033, "y": 0.34192612767219543, "z": -0.14389295876026154, "visibility": 0.886955201625824, "presence": 0.9999985694885254}, "right wrist": {"x": 0.8466170430183411, "y": 0.3724368214607239, "z": -0.06706151366233826, "visibility": 0.31116384267807007, "presence": 0.9999496936798096}, "left pinky": {"x": 0.8651571869850159, "y": 0.33346521854400635, "z": -0.15769292414188385, "visibility": 0.8776138424873352, "presence": 0.9999983310699463}, "right pinky": {"x": 0.8476901054382324, "y": 0.3585765063762665, "z": -0.08876754343509674, "visibility": 0.32994896173477173, "presence": 0.9999700784683228}, "left index": {"x": 0.865958034992218, "y": 0.3246529698371887, "z": -0.14990851283073425, "visibility": 0.8678682446479797, "presence": 0.9999984502792358}, "right index": {"x": 0.8480159044265747, "y": 0.34370341897010803, "z": -0.08858280628919601, "visibility": 0.324819952249527, "presence": 0.9999730587005615}, "left thumb": {"x": 0.8702405095100403, "y": 0.33177220821380615, "z": -0.137873113155365, "visibility": 0.8157186508178711, "presence": 0.9999988079071045}, "right thumb": {"x": 0.8513604402542114, "y": 0.3481106758117676, "z": -0.07369258254766464, "visibility": 0.3175830543041229, "presence": 0.9999790191650391}, "left hip": {"x": 0.9481687545776367, "y": 0.5245444774627686, "z": -0.0824069082736969, "visibility": 0.9998162388801575, "presence": 0.9999779462814331}, "right hip": {"x": 0.9191938042640686, "y": 0.5355610847473145, "z": 0.08224287629127502, "visibility": 0.9995496869087219, "presence": 0.9999744892120361}, "left knee": {"x": 0.9320606589317322, "y": 0.6575533151626587, "z": -0.2597857713699341, "visibility": 0.9758307337760925, "presence": 0.9999829530715942}, "right knee": {"x": 0.8622366189956665, "y": 0.6390236616134644, "z": 0.1889847218990326, "visibility": 0.5357837677001953, "presence": 0.9998382329940796}, "left ankle": {"x": 0.9995164275169373, "y": 0.8004248738288879, "z": -0.39182665944099426, "visibility": 0.9749643802642822, "presence": 0.9997087121009827}, "right ankle": {"x": 0.889542818069458, "y": 0.760995626449585, "z": 0.32691866159439087, "visibility": 0.7276782393455505, "presence": 0.9996815919876099}, "left heel": {"x": 1.0239231586456299, "y": 0.8353422284126282, "z": -0.40948963165283203, "visibility": 0.9415425062179565, "presence": 0.9986549615859985}, "right heel": {"x": 0.9012665748596191, "y": 0.7859071493148804, "z": 0.3375008702278137, "visibility": 0.773333728313446, "presence": 0.9997918009757996}, "left foot index": {"x": 0.9770397543907166, "y": 0.8505712747573853, "z": -0.5104207992553711, "visibility": 0.9726864099502563, "presence": 0.9991289973258972}, "right foot index": {"x": 0.8546587824821472, "y": 0.7831377387046814, "z": 0.30660128593444824, "visibility": 0.7687808275222778, "presence": 0.9996428489685059}, "timestamp": "20240418-205535"}