{"nose": {"x": 0.8961172699928284, "y": 0.27403953671455383, "z": -0.2785096764564514, "visibility": 0.9998400211334229, "presence": 0.9998772144317627}, "left eye (inner)": {"x": 0.8997552990913391, "y": 0.2592332363128662, "z": -0.27711251378059387, "visibility": 0.9997597336769104, "presence": 0.999764621257782}, "left eye": {"x": 0.9022384881973267, "y": 0.25764694809913635, "z": -0.27731385827064514, "visibility": 0.9997822642326355, "presence": 0.9997923970222473}, "left eye (outer)": {"x": 0.904833197593689, "y": 0.2561052739620209, "z": -0.27723339200019836, "visibility": 0.9997802376747131, "presence": 0.9997207522392273}, "right eye (inner)": {"x": 0.8966370820999146, "y": 0.26026684045791626, "z": -0.26348426938056946, "visibility": 0.9997897148132324, "presence": 0.9996827840805054}, "right eye": {"x": 0.8963829874992371, "y": 0.2601461112499237, "z": -0.26368001103401184, "visibility": 0.9998273849487305, "presence": 0.9997352957725525}, "right eye (outer)": {"x": 0.8959576487541199, "y": 0.25995007157325745, "z": -0.263820618391037, "visibility": 0.9998149275779724, "presence": 0.9996953010559082}, "left ear": {"x": 0.9206447005271912, "y": 0.25339245796203613, "z": -0.2184174805879593, "visibility": 0.9998993873596191, "presence": 0.9997734427452087}, "right ear": {"x": 0.9052712321281433, "y": 0.2584996819496155, "z": -0.15272799134254456, "visibility": 0.9997353553771973, "presence": 0.9996637105941772}, "mouth (left)": {"x": 0.9045902490615845, "y": 0.2865714132785797, "z": -0.25093406438827515, "visibility": 0.9995619654655457, "presence": 0.9998843669891357}, "mouth (right)": {"x": 0.8994449377059937, "y": 0.2877364754676819, "z": -0.23341785371303558, "visibility": 0.9993962049484253, "presence": 0.9996663331985474}, "left shoulder": {"x": 0.9698340892791748, "y": 0.3182511329650879, "z": -0.16927117109298706, "visibility": 0.9999489188194275, "presence": 0.9996774196624756}, "right shoulder": {"x": 0.8843995332717896, "y": 0.32019612193107605, "z": -0.06757120043039322, "visibility": 0.9996296167373657, "presence": 0.9988865256309509}, "left elbow": {"x": 1.0006340742111206, "y": 0.4098120927810669, "z": -0.2750977873802185, "visibility": 0.9721541404724121, "presence": 0.8999478220939636}, "right elbow": {"x": 0.8428928256034851, "y": 0.363308846950531, "z": -0.16456618905067444, "visibility": 0.5772365927696228, "presence": 0.975093424320221}, "left wrist": {"x": 0.9685429334640503, "y": 0.39649006724357605, "z": -0.44895005226135254, "visibility": 0.9427709579467773, "presence": 0.9967374205589294}, "right wrist": {"x": 0.8281874060630798, "y": 0.2747774124145508, "z": -0.37817731499671936, "visibility": 0.659953236579895, "presence": 0.9985417127609253}, "left pinky": {"x": 0.957655131816864, "y": 0.40481483936309814, "z": -0.4938048720359802, "visibility": 0.9405456185340881, "presence": 0.9972113966941833}, "right pinky": {"x": 0.8164142370223999, "y": 0.2723042070865631, "z": -0.4267856776714325, "visibility": 0.6686597466468811, "presence": 0.9987637996673584}, "left index": {"x": 0.9525305032730103, "y": 0.38443005084991455, "z": -0.5012492537498474, "visibility": 0.9370112419128418, "presence": 0.9985244870185852}, "right index": {"x": 0.8262665271759033, "y": 0.27176734805107117, "z": -0.4309537708759308, "visibility": 0.6639060974121094, "presence": 0.9993810653686523}, "left thumb": {"x": 0.9541646838188171, "y": 0.3823964297771454, "z": -0.45469191670417786, "visibility": 0.9051427245140076, "presence": 0.9987088441848755}, "right thumb": {"x": 0.8333307504653931, "y": 0.2802767753601074, "z": -0.3872721195220947, "visibility": 0.653240978717804, "presence": 0.9995564818382263}, "left hip": {"x": 0.9556306004524231, "y": 0.516793429851532, "z": -0.043258186429739, "visibility": 0.9939132928848267, "presence": 0.9756763577461243}, "right hip": {"x": 0.9091860055923462, "y": 0.5206082463264465, "z": 0.043058883398771286, "visibility": 0.9913180470466614, "presence": 0.9824946522712708}, "left knee": {"x": 0.9608045816421509, "y": 0.6416784524917603, "z": -0.29008254408836365, "visibility": 0.9751167893409729, "presence": 0.9780682921409607}, "right knee": {"x": 0.8539783358573914, "y": 0.6485656499862671, "z": 0.03429850563406944, "visibility": 0.6777085661888123, "presence": 0.9268046617507935}, "left ankle": {"x": 0.998741626739502, "y": 0.8098016381263733, "z": -0.26970189809799194, "visibility": 0.9794581532478333, "presence": 0.9546824097633362}, "right ankle": {"x": 0.8792874813079834, "y": 0.7667472958564758, "z": 0.2537974417209625, "visibility": 0.7104045748710632, "presence": 0.9641883373260498}, "left heel": {"x": 1.0056184530258179, "y": 0.8356450200080872, "z": -0.27417752146720886, "visibility": 0.9332842230796814, "presence": 0.8762195706367493}, "right heel": {"x": 0.8906158804893494, "y": 0.78947913646698, "z": 0.2721800208091736, "visibility": 0.746864914894104, "presence": 0.9776361584663391}, "left foot index": {"x": 0.9782923460006714, "y": 0.860207200050354, "z": -0.4223504066467285, "visibility": 0.9828835725784302, "presence": 0.8952608108520508}, "right foot index": {"x": 0.8442227840423584, "y": 0.7927166223526001, "z": 0.19470515847206116, "visibility": 0.7735407948493958, "presence": 0.9706857204437256}, "timestamp": "20240418-205537"}