{"nose": {"x": 0.8439241647720337, "y": 0.35103198885917664, "z": 0.13491974771022797, "visibility": 0.9996252655982971, "presence": 0.9999861717224121}, "left eye (inner)": {"x": 0.8436295390129089, "y": 0.3362371325492859, "z": 0.11515435576438904, "visibility": 0.9995664954185486, "presence": 0.99997878074646}, "left eye": {"x": 0.8447402119636536, "y": 0.33498018980026245, "z": 0.11501684784889221, "visibility": 0.9995536208152771, "presence": 0.9999797344207764}, "left eye (outer)": {"x": 0.8456481695175171, "y": 0.3338649868965149, "z": 0.11500780284404755, "visibility": 0.9995649456977844, "presence": 0.9999668598175049}, "right eye (inner)": {"x": 0.8434581756591797, "y": 0.33453497290611267, "z": 0.13199090957641602, "visibility": 0.9996688365936279, "presence": 0.9999749660491943}, "right eye": {"x": 0.8445684313774109, "y": 0.33232149481773376, "z": 0.13174819946289062, "visibility": 0.9997100234031677, "presence": 0.9999781847000122}, "right eye (outer)": {"x": 0.8456413149833679, "y": 0.3298954665660858, "z": 0.13162341713905334, "visibility": 0.9997203350067139, "presence": 0.9999687671661377}, "left ear": {"x": 0.8557541370391846, "y": 0.3262271583080292, "z": 0.04667634889483452, "visibility": 0.999802827835083, "presence": 0.9999715089797974}, "right ear": {"x": 0.8577683568000793, "y": 0.322557270526886, "z": 0.12348167598247528, "visibility": 0.9996060132980347, "presence": 0.9999624490737915}, "mouth (left)": {"x": 0.8519511222839355, "y": 0.35732680559158325, "z": 0.11563784629106522, "visibility": 0.9983452558517456, "presence": 0.999854326248169}, "mouth (right)": {"x": 0.8516066074371338, "y": 0.3563336133956909, "z": 0.13658331334590912, "visibility": 0.9977854490280151, "presence": 0.9996869564056396}, "left shoulder": {"x": 0.864526629447937, "y": 0.364239364862442, "z": -0.024953553453087807, "visibility": 0.9998898506164551, "presence": 0.9998422861099243}, "right shoulder": {"x": 0.9083194136619568, "y": 0.3508145809173584, "z": 0.14106228947639465, "visibility": 0.9987697005271912, "presence": 0.9997935891151428}, "left elbow": {"x": 0.8331366777420044, "y": 0.43986862897872925, "z": 0.01420863438397646, "visibility": 0.8608145713806152, "presence": 0.9990159273147583}, "right elbow": {"x": 0.9590854644775391, "y": 0.41423022747039795, "z": 0.1350114345550537, "visibility": 0.3662627935409546, "presence": 0.9981580376625061}, "left wrist": {"x": 0.8245405554771423, "y": 0.449511855840683, "z": 0.1699935495853424, "visibility": 0.7421240210533142, "presence": 0.9971538782119751}, "right wrist": {"x": 0.9580782651901245, "y": 0.5014528632164001, "z": 0.09540857374668121, "visibility": 0.40673941373825073, "presence": 0.9951618313789368}, "left pinky": {"x": 0.820796549320221, "y": 0.45142707228660583, "z": 0.18477919697761536, "visibility": 0.747469425201416, "presence": 0.9933571219444275}, "right pinky": {"x": 0.9578604698181152, "y": 0.5247465968132019, "z": 0.1056322455406189, "visibility": 0.40930962562561035, "presence": 0.9926859140396118}, "left index": {"x": 0.8242611289024353, "y": 0.4450526237487793, "z": 0.18376539647579193, "visibility": 0.7449867725372314, "presence": 0.9902762174606323}, "right index": {"x": 0.9534128904342651, "y": 0.5285322666168213, "z": 0.11735167354345322, "visibility": 0.4101158380508423, "presence": 0.9894108176231384}, "left thumb": {"x": 0.8259161710739136, "y": 0.44526731967926025, "z": 0.1745089441537857, "visibility": 0.7154578566551208, "presence": 0.9935835003852844}, "right thumb": {"x": 0.9533138871192932, "y": 0.5191816091537476, "z": 0.09462089091539383, "visibility": 0.40691903233528137, "presence": 0.9937818646430969}, "left hip": {"x": 0.9508473873138428, "y": 0.515285849571228, "z": -0.07967238873243332, "visibility": 0.9976066946983337, "presence": 0.9997926354408264}, "right hip": {"x": 0.96072918176651, "y": 0.5006735920906067, "z": 0.0794229581952095, "visibility": 0.9961516857147217, "presence": 0.9998952150344849}, "left knee": {"x": 0.9467577338218689, "y": 0.6694974899291992, "z": -0.050796009600162506, "visibility": 0.9614332914352417, "presence": 0.9984460473060608}, "right knee": {"x": 0.8945935368537903, "y": 0.6050640940666199, "z": 0.146535262465477, "visibility": 0.4776616096496582, "presence": 0.9989075660705566}, "left ankle": {"x": 1.0155187845230103, "y": 0.7604773044586182, "z": -0.055272314697504044, "visibility": 0.8882440328598022, "presence": 0.8852134346961975}, "right ankle": {"x": 0.8976103067398071, "y": 0.7505565881729126, "z": 0.14674793183803558, "visibility": 0.5343626141548157, "presence": 0.9440802335739136}, "left heel": {"x": 1.0554524660110474, "y": 0.7733491063117981, "z": -0.05698777362704277, "visibility": 0.7956495881080627, "presence": 0.6471379399299622}, "right heel": {"x": 0.9090282320976257, "y": 0.7791669964790344, "z": 0.14645545184612274, "visibility": 0.6170567870140076, "presence": 0.9252733588218689}, "left foot index": {"x": 1.0060038566589355, "y": 0.8141394853591919, "z": -0.07707419991493225, "visibility": 0.8318419456481934, "presence": 0.7241029739379883}, "right foot index": {"x": 0.860350489616394, "y": 0.7813809514045715, "z": 0.15393726527690887, "visibility": 0.5571343302726746, "presence": 0.8590463995933533}, "timestamp": "20240418-205834"}