{"nose": {"x": 0.8644046783447266, "y": 0.29239973425865173, "z": 0.022600766271352768, "visibility": 0.998375415802002, "presence": 0.999967098236084}, "left eye (inner)": {"x": 0.8652627468109131, "y": 0.2786928415298462, "z": 0.004950983915477991, "visibility": 0.9980376958847046, "presence": 0.9999616146087646}, "left eye": {"x": 0.8661792278289795, "y": 0.2770065367221832, "z": 0.00476838881149888, "visibility": 0.9981497526168823, "presence": 0.9999701976776123}, "left eye (outer)": {"x": 0.8670704364776611, "y": 0.275567889213562, "z": 0.004791207145899534, "visibility": 0.9981043338775635, "presence": 0.9999638795852661}, "right eye (inner)": {"x": 0.8652203679084778, "y": 0.2800971269607544, "z": 0.032870445400476456, "visibility": 0.9983757138252258, "presence": 0.9999405145645142}, "right eye": {"x": 0.8661870956420898, "y": 0.2792690694332123, "z": 0.03264815732836723, "visibility": 0.9985978007316589, "presence": 0.9999501705169678}, "right eye (outer)": {"x": 0.8670960068702698, "y": 0.2784855365753174, "z": 0.03252982348203659, "visibility": 0.9986182451248169, "presence": 0.9999428987503052}, "left ear": {"x": 0.8783302903175354, "y": 0.27030524611473083, "z": -0.03967105224728584, "visibility": 0.9991999864578247, "presence": 0.9999816417694092}, "right ear": {"x": 0.8769564032554626, "y": 0.2716456651687622, "z": 0.08876125514507294, "visibility": 0.9980493783950806, "presence": 0.9999428987503052}, "mouth (left)": {"x": 0.8700773119926453, "y": 0.2997487485408783, "z": 0.011189199052751064, "visibility": 0.9934085011482239, "presence": 0.999971866607666}, "mouth (right)": {"x": 0.8697863221168518, "y": 0.30091914534568787, "z": 0.04708585515618324, "visibility": 0.99052494764328, "presence": 0.999910831451416}, "left shoulder": {"x": 0.9178617596626282, "y": 0.29374611377716064, "z": -0.0939135029911995, "visibility": 0.9998341202735901, "presence": 0.9999904632568359}, "right shoulder": {"x": 0.8888213634490967, "y": 0.32869604229927063, "z": 0.15758877992630005, "visibility": 0.9978993535041809, "presence": 0.9998219609260559}, "left elbow": {"x": 0.9165703058242798, "y": 0.36271244287490845, "z": -0.1512821763753891, "visibility": 0.8602930307388306, "presence": 0.9997895359992981}, "right elbow": {"x": 0.8669083714485168, "y": 0.3854016065597534, "z": 0.1154736876487732, "visibility": 0.13965605199337006, "presence": 0.9995892643928528}, "left wrist": {"x": 0.8684269189834595, "y": 0.33268168568611145, "z": -0.08574824035167694, "visibility": 0.680919885635376, "presence": 0.9999946355819702}, "right wrist": {"x": 0.8489780426025391, "y": 0.3364500403404236, "z": -0.03256434202194214, "visibility": 0.16471439599990845, "presence": 0.9999321699142456}, "left pinky": {"x": 0.8557369112968445, "y": 0.32942578196525574, "z": -0.09247861802577972, "visibility": 0.6854836344718933, "presence": 0.9999922513961792}, "right pinky": {"x": 0.8431525230407715, "y": 0.32429999113082886, "z": -0.048883408308029175, "visibility": 0.18472672998905182, "presence": 0.9999388456344604}, "left index": {"x": 0.8566061854362488, "y": 0.31976890563964844, "z": -0.08588574081659317, "visibility": 0.6776508092880249, "presence": 0.9999921321868896}, "right index": {"x": 0.8452709913253784, "y": 0.31233254075050354, "z": -0.05019377917051315, "visibility": 0.1833523064851761, "presence": 0.9999411106109619}, "left thumb": {"x": 0.8598207831382751, "y": 0.32422909140586853, "z": -0.07808273285627365, "visibility": 0.6191245317459106, "presence": 0.9999946355819702}, "right thumb": {"x": 0.8488840460777283, "y": 0.316150039434433, "z": -0.03935085982084274, "visibility": 0.18169842660427094, "presence": 0.9999607801437378}, "left hip": {"x": 0.9377946257591248, "y": 0.5008394718170166, "z": -0.08579691499471664, "visibility": 0.9986096024513245, "presence": 0.9999186992645264}, "right hip": {"x": 0.9146519899368286, "y": 0.5094345808029175, "z": 0.08560257405042648, "visibility": 0.9973055124282837, "presence": 0.9998955726623535}, "left knee": {"x": 0.9399890899658203, "y": 0.6342515349388123, "z": -0.257240891456604, "visibility": 0.9646611213684082, "presence": 0.9999135732650757}, "right knee": {"x": 0.8633602857589722, "y": 0.6158818006515503, "z": 0.13528355956077576, "visibility": 0.3181672990322113, "presence": 0.9993891716003418}, "left ankle": {"x": 1.0033271312713623, "y": 0.7640987038612366, "z": -0.3715192377567291, "visibility": 0.9230833053588867, "presence": 0.9990106821060181}, "right ankle": {"x": 0.8943189382553101, "y": 0.751421332359314, "z": 0.240346297621727, "visibility": 0.5029017329216003, "presence": 0.9986841082572937}, "left heel": {"x": 1.0242605209350586, "y": 0.8005155920982361, "z": -0.3875250518321991, "visibility": 0.8810232877731323, "presence": 0.9952979683876038}, "right heel": {"x": 0.9071608185768127, "y": 0.7769256830215454, "z": 0.2466859519481659, "visibility": 0.6533788442611694, "presence": 0.9989493489265442}, "left foot index": {"x": 0.9847549796104431, "y": 0.826953649520874, "z": -0.490406334400177, "visibility": 0.881396472454071, "presence": 0.9933516383171082}, "right foot index": {"x": 0.8578006625175476, "y": 0.7809739708900452, "z": 0.2102178931236267, "visibility": 0.5058873891830444, "presence": 0.9978590607643127}, "timestamp": "20240418-205835"}