{"nose": {"x": 0.8393347263336182, "y": 0.2897939383983612, "z": -0.05546640604734421, "visibility": 0.9999257326126099, "presence": 0.9999880790710449}, "left eye (inner)": {"x": 0.8418588638305664, "y": 0.27321895956993103, "z": -0.05785815790295601, "visibility": 0.9999018311500549, "presence": 0.9999822378158569}, "left eye": {"x": 0.8438320159912109, "y": 0.2709447741508484, "z": -0.057992223650217056, "visibility": 0.9998965263366699, "presence": 0.9999853372573853}, "left eye (outer)": {"x": 0.8458980321884155, "y": 0.26871979236602783, "z": -0.05791514366865158, "visibility": 0.9999055862426758, "presence": 0.9999836683273315}, "right eye (inner)": {"x": 0.8401725888252258, "y": 0.27498310804367065, "z": -0.04254554957151413, "visibility": 0.9999260306358337, "presence": 0.9999675750732422}, "right eye": {"x": 0.8406701683998108, "y": 0.274303674697876, "z": -0.04278169572353363, "visibility": 0.9999321699142456, "presence": 0.9999681711196899}, "right eye (outer)": {"x": 0.8409674763679504, "y": 0.27351313829421997, "z": -0.04289959743618965, "visibility": 0.9999366402626038, "presence": 0.9999604225158691}, "left ear": {"x": 0.8615067005157471, "y": 0.2674480974674225, "z": -0.04875651001930237, "visibility": 0.9999440908432007, "presence": 0.9999936819076538}, "right ear": {"x": 0.8519834876060486, "y": 0.27222663164138794, "z": 0.022214122116565704, "visibility": 0.9998993277549744, "presence": 0.9999723434448242}, "mouth (left)": {"x": 0.8469357490539551, "y": 0.298845112323761, "z": -0.0485389307141304, "visibility": 0.9997431635856628, "presence": 0.9999938011169434}, "mouth (right)": {"x": 0.8437092304229736, "y": 0.30026835203170776, "z": -0.029668036848306656, "visibility": 0.999701976776123, "presence": 0.9999748468399048}, "left shoulder": {"x": 0.9139735102653503, "y": 0.3171755373477936, "z": -0.05637124553322792, "visibility": 0.9999854564666748, "presence": 0.9999922513961792}, "right shoulder": {"x": 0.843411922454834, "y": 0.34283751249313354, "z": 0.07664941251277924, "visibility": 0.999762237071991, "presence": 0.9999313354492188}, "left elbow": {"x": 0.9448898434638977, "y": 0.3900664448738098, "z": -0.10323957353830338, "visibility": 0.9480015635490417, "presence": 0.9995392560958862}, "right elbow": {"x": 0.7928641438484192, "y": 0.3350275158882141, "z": 0.01325535774230957, "visibility": 0.3860445022583008, "presence": 0.9998286962509155}, "left wrist": {"x": 0.8894097805023193, "y": 0.3676764965057373, "z": -0.11626124382019043, "visibility": 0.8980820775032043, "presence": 0.9999995231628418}, "right wrist": {"x": 0.8143061399459839, "y": 0.25933486223220825, "z": 0.09135841578245163, "visibility": 0.5171396732330322, "presence": 0.9999754428863525}, "left pinky": {"x": 0.8719894886016846, "y": 0.3629400432109833, "z": -0.12232935428619385, "visibility": 0.8929055333137512, "presence": 0.9999990463256836}, "right pinky": {"x": 0.8051856160163879, "y": 0.23566626012325287, "z": 0.09310570359230042, "visibility": 0.5241358280181885, "presence": 0.9999451637268066}, "left index": {"x": 0.8722625374794006, "y": 0.3490462899208069, "z": -0.11394614726305008, "visibility": 0.8865448236465454, "presence": 0.9999992847442627}, "right index": {"x": 0.808252215385437, "y": 0.23533745110034943, "z": 0.11126676201820374, "visibility": 0.5120940804481506, "presence": 0.9999476671218872}, "left thumb": {"x": 0.8767307996749878, "y": 0.35263705253601074, "z": -0.10971327871084213, "visibility": 0.8490517735481262, "presence": 0.9999995231628418}, "right thumb": {"x": 0.8144738078117371, "y": 0.2461950033903122, "z": 0.098249651491642, "visibility": 0.5035110712051392, "presence": 0.9999741315841675}, "left hip": {"x": 0.9321978092193604, "y": 0.5101393461227417, "z": -0.05066951364278793, "visibility": 0.9999083280563354, "presence": 0.9999644756317139}, "right hip": {"x": 0.8872714042663574, "y": 0.5353012084960938, "z": 0.050508368760347366, "visibility": 0.9998129606246948, "presence": 0.9999620914459229}, "left knee": {"x": 0.9282753467559814, "y": 0.6216104626655579, "z": -0.2657525837421417, "visibility": 0.989122748374939, "presence": 0.9999791383743286}, "right knee": {"x": 0.8317199349403381, "y": 0.637588381767273, "z": -0.013008801266551018, "visibility": 0.6272332072257996, "presence": 0.9999040365219116}, "left ankle": {"x": 0.9669512510299683, "y": 0.770297646522522, "z": -0.2667793929576874, "visibility": 0.9812038540840149, "presence": 0.9996942281723022}, "right ankle": {"x": 0.87349534034729, "y": 0.7464742660522461, "z": 0.14273788034915924, "visibility": 0.7466574311256409, "presence": 0.9997557997703552}, "left heel": {"x": 0.9773610234260559, "y": 0.7909785509109497, "z": -0.27379393577575684, "visibility": 0.9262054562568665, "presence": 0.9985312223434448}, "right heel": {"x": 0.8869236707687378, "y": 0.7686468958854675, "z": 0.15369753539562225, "visibility": 0.7829184532165527, "presence": 0.9997673630714417}, "left foot index": {"x": 0.9536960124969482, "y": 0.8307493329048157, "z": -0.36297667026519775, "visibility": 0.9777390956878662, "presence": 0.9948456287384033}, "right foot index": {"x": 0.8399593830108643, "y": 0.7775043249130249, "z": 0.1184987798333168, "visibility": 0.7974672317504883, "presence": 0.9990015625953674}, "timestamp": "20240418-205701"}