{"nose": {"x": 0.822560727596283, "y": 0.2734457850456238, "z": -0.29865115880966187, "visibility": 0.9999589323997498, "presence": 0.9999970197677612}, "left eye (inner)": {"x": 0.8262225985527039, "y": 0.25796401500701904, "z": -0.28768616914749146, "visibility": 0.9999397993087769, "presence": 0.9999955892562866}, "left eye": {"x": 0.8286420106887817, "y": 0.25640496611595154, "z": -0.2879238724708557, "visibility": 0.9999394416809082, "presence": 0.9999963045120239}, "left eye (outer)": {"x": 0.8308893442153931, "y": 0.25511184334754944, "z": -0.2878028154373169, "visibility": 0.9999485611915588, "presence": 0.999995231628418}, "right eye (inner)": {"x": 0.8232092261314392, "y": 0.25909921526908875, "z": -0.27989616990089417, "visibility": 0.9999426603317261, "presence": 0.9999920129776001}, "right eye": {"x": 0.8230504393577576, "y": 0.2587336599826813, "z": -0.28022071719169617, "visibility": 0.9999474287033081, "presence": 0.9999924898147583}, "right eye (outer)": {"x": 0.8226805925369263, "y": 0.2582945227622986, "z": -0.2804034352302551, "visibility": 0.9999474287033081, "presence": 0.9999899864196777}, "left ear": {"x": 0.8442649245262146, "y": 0.2532738149166107, "z": -0.23448990285396576, "visibility": 0.9999669194221497, "presence": 0.9999958276748657}, "right ear": {"x": 0.8328027725219727, "y": 0.2568858563899994, "z": -0.16657663881778717, "visibility": 0.9998760223388672, "presence": 0.9999842643737793}, "mouth (left)": {"x": 0.830953061580658, "y": 0.28382793068885803, "z": -0.25982534885406494, "visibility": 0.9998573660850525, "presence": 0.9999973773956299}, "mouth (right)": {"x": 0.8273878693580627, "y": 0.28599223494529724, "z": -0.24624115228652954, "visibility": 0.9997848272323608, "presence": 0.9999902248382568}, "left shoulder": {"x": 0.8910340070724487, "y": 0.30003994703292847, "z": -0.21009960770606995, "visibility": 0.9999881982803345, "presence": 0.9999967813491821}, "right shoulder": {"x": 0.8294844031333923, "y": 0.33379867672920227, "z": -0.06819839775562286, "visibility": 0.9998328685760498, "presence": 0.9999741315841675}, "left elbow": {"x": 0.9388681650161743, "y": 0.3680238425731659, "z": -0.29555544257164, "visibility": 0.9851434230804443, "presence": 0.9996616840362549}, "right elbow": {"x": 0.8071913719177246, "y": 0.4247107207775116, "z": -0.03937450796365738, "visibility": 0.7341864109039307, "presence": 0.9997854828834534}, "left wrist": {"x": 0.8854628801345825, "y": 0.3972164988517761, "z": -0.42331284284591675, "visibility": 0.97294682264328, "presence": 0.999996542930603}, "right wrist": {"x": 0.7629718780517578, "y": 0.48878076672554016, "z": -0.1484091430902481, "visibility": 0.8101175427436829, "presence": 0.9998337030410767}, "left pinky": {"x": 0.8694959878921509, "y": 0.4129349887371063, "z": -0.46124550700187683, "visibility": 0.9703479409217834, "presence": 0.9999936819076538}, "right pinky": {"x": 0.7491306662559509, "y": 0.5145715475082397, "z": -0.1673261523246765, "visibility": 0.8007477521896362, "presence": 0.9996048808097839}, "left index": {"x": 0.8653223514556885, "y": 0.398000031709671, "z": -0.46438685059547424, "visibility": 0.9696653485298157, "presence": 0.9999957084655762}, "right index": {"x": 0.7456216812133789, "y": 0.51785808801651, "z": -0.19110563397407532, "visibility": 0.8037490844726562, "presence": 0.9996236562728882}, "left thumb": {"x": 0.8694753050804138, "y": 0.3947010040283203, "z": -0.4256313443183899, "visibility": 0.953208327293396, "presence": 0.9999974966049194}, "right thumb": {"x": 0.7512670755386353, "y": 0.5098593235015869, "z": -0.16218137741088867, "visibility": 0.7880645990371704, "presence": 0.9998306035995483}, "left hip": {"x": 0.9130167365074158, "y": 0.4785005450248718, "z": -0.05412369221448898, "visibility": 0.9995508790016174, "presence": 0.9999690055847168}, "right hip": {"x": 0.8683297038078308, "y": 0.489486426115036, "z": 0.053938355296850204, "visibility": 0.9991037845611572, "presence": 0.9999741315841675}, "left knee": {"x": 0.9155929088592529, "y": 0.6125543117523193, "z": -0.2385227531194687, "visibility": 0.9815337061882019, "presence": 0.999967098236084}, "right knee": {"x": 0.8278003334999084, "y": 0.6031312346458435, "z": 0.0014388049021363258, "visibility": 0.7630782127380371, "presence": 0.9998708963394165}, "left ankle": {"x": 0.9466604590415955, "y": 0.7630285620689392, "z": -0.1900501698255539, "visibility": 0.9812864065170288, "presence": 0.9997316002845764}, "right ankle": {"x": 0.8429940342903137, "y": 0.733796238899231, "z": 0.1496228128671646, "visibility": 0.7855852246284485, "presence": 0.9996877908706665}, "left heel": {"x": 0.9521692991256714, "y": 0.7806998491287231, "z": -0.19044938683509827, "visibility": 0.8878929018974304, "presence": 0.9987726807594299}, "right heel": {"x": 0.8539612293243408, "y": 0.7576842308044434, "z": 0.16057439148426056, "visibility": 0.7703511714935303, "presence": 0.999688982963562}, "left foot index": {"x": 0.9425039887428284, "y": 0.8211626410484314, "z": -0.3016362190246582, "visibility": 0.9792462587356567, "presence": 0.9973728656768799}, "right foot index": {"x": 0.8110606074333191, "y": 0.7737472653388977, "z": 0.0964788943529129, "visibility": 0.8354222774505615, "presence": 0.9989951252937317}, "timestamp": "20240418-205811"}