{"nose": {"x": 0.8043494820594788, "y": 0.30901268124580383, "z": -0.08016937226057053, "visibility": 0.999666154384613, "presence": 0.9999902248382568}, "left eye (inner)": {"x": 0.8054190278053284, "y": 0.29149970412254333, "z": -0.0940394178032875, "visibility": 0.9995787739753723, "presence": 0.9999881982803345}, "left eye": {"x": 0.8070060610771179, "y": 0.2893799841403961, "z": -0.09420934319496155, "visibility": 0.9995672106742859, "presence": 0.9999905824661255}, "left eye (outer)": {"x": 0.8087635040283203, "y": 0.2872329354286194, "z": -0.09417860954999924, "visibility": 0.9995923638343811, "presence": 0.9999886751174927}, "right eye (inner)": {"x": 0.8041835427284241, "y": 0.29223552346229553, "z": -0.06990838050842285, "visibility": 0.9996377229690552, "presence": 0.9999786615371704}, "right eye": {"x": 0.8045005798339844, "y": 0.2912931740283966, "z": -0.070110023021698, "visibility": 0.9996787905693054, "presence": 0.9999803304672241}, "right eye (outer)": {"x": 0.8046756982803345, "y": 0.29038169980049133, "z": -0.07018158584833145, "visibility": 0.9996911883354187, "presence": 0.9999749660491943}, "left ear": {"x": 0.8225364685058594, "y": 0.2798392176628113, "z": -0.12034611403942108, "visibility": 0.9997736215591431, "presence": 0.9999933242797852}, "right ear": {"x": 0.8172221183776855, "y": 0.2853529155254364, "z": -0.009333095513284206, "visibility": 0.9995337128639221, "presence": 0.9999769926071167}, "mouth (left)": {"x": 0.8136659264564514, "y": 0.31525295972824097, "z": -0.08525367826223373, "visibility": 0.9981837868690491, "presence": 0.9999946355819702}, "mouth (right)": {"x": 0.8118033409118652, "y": 0.31747984886169434, "z": -0.054587531834840775, "visibility": 0.9975294470787048, "presence": 0.999981164932251}, "left shoulder": {"x": 0.8653436899185181, "y": 0.3222218453884125, "z": -0.1690342277288437, "visibility": 0.9999447464942932, "presence": 0.9999980926513672}, "right shoulder": {"x": 0.835749089717865, "y": 0.3553048372268677, "z": 0.077854685485363, "visibility": 0.9992093443870544, "presence": 0.9999804496765137}, "left elbow": {"x": 0.8787479400634766, "y": 0.41240814328193665, "z": -0.2558780312538147, "visibility": 0.9636211395263672, "presence": 0.999934196472168}, "right elbow": {"x": 0.8644318580627441, "y": 0.4395464062690735, "z": 0.11111445724964142, "visibility": 0.6175625324249268, "presence": 0.9998884201049805}, "left wrist": {"x": 0.8191760182380676, "y": 0.4132527709007263, "z": -0.2910570502281189, "visibility": 0.9408584237098694, "presence": 0.9999983310699463}, "right wrist": {"x": 0.8421152234077454, "y": 0.5073457956314087, "z": 0.06198626011610031, "visibility": 0.678236186504364, "presence": 0.999941349029541}, "left pinky": {"x": 0.8056217432022095, "y": 0.4214126169681549, "z": -0.31641751527786255, "visibility": 0.9366872310638428, "presence": 0.9999957084655762}, "right pinky": {"x": 0.8360931873321533, "y": 0.5287467241287231, "z": 0.06101303547620773, "visibility": 0.6633512377738953, "presence": 0.9998941421508789}, "left index": {"x": 0.8035740852355957, "y": 0.4077973961830139, "z": -0.3051219582557678, "visibility": 0.9344289898872375, "presence": 0.9999959468841553}, "right index": {"x": 0.8306046724319458, "y": 0.5310986042022705, "z": 0.04132714122533798, "visibility": 0.6628245711326599, "presence": 0.9998718500137329}, "left thumb": {"x": 0.8083797693252563, "y": 0.407913476228714, "z": -0.2853996455669403, "visibility": 0.9100782871246338, "presence": 0.9999978542327881}, "right thumb": {"x": 0.8341124057769775, "y": 0.5229027271270752, "z": 0.05125167593359947, "visibility": 0.6545772552490234, "presence": 0.9999330043792725}, "left hip": {"x": 0.9266724586486816, "y": 0.4841700792312622, "z": -0.07436081022024155, "visibility": 0.999480664730072, "presence": 0.999984622001648}, "right hip": {"x": 0.8926544189453125, "y": 0.4956296682357788, "z": 0.07421875, "visibility": 0.9990473389625549, "presence": 0.9999864101409912}, "left knee": {"x": 0.9215306043624878, "y": 0.6206565499305725, "z": -0.1920819878578186, "visibility": 0.9753534197807312, "presence": 0.999968409538269}, "right knee": {"x": 0.8577948808670044, "y": 0.6084428429603577, "z": 0.11272414773702621, "visibility": 0.7058576345443726, "presence": 0.9999065399169922}, "left ankle": {"x": 0.967335045337677, "y": 0.7649809122085571, "z": -0.16071945428848267, "visibility": 0.9473280310630798, "presence": 0.9994447827339172}, "right ankle": {"x": 0.8456745743751526, "y": 0.7425400018692017, "z": 0.2294626086950302, "visibility": 0.7129124999046326, "presence": 0.9987697005271912}, "left heel": {"x": 0.9836567044258118, "y": 0.778438925743103, "z": -0.1605655401945114, "visibility": 0.8356282711029053, "presence": 0.9970452189445496}, "right heel": {"x": 0.8552207350730896, "y": 0.7672227025032043, "z": 0.25601038336753845, "visibility": 0.6906673312187195, "presence": 0.9986248016357422}, "left foot index": {"x": 0.9561216831207275, "y": 0.8356305360794067, "z": -0.2295963317155838, "visibility": 0.9369032979011536, "presence": 0.9959015250205994}, "right foot index": {"x": 0.8144450783729553, "y": 0.7762383222579956, "z": 0.1909325122833252, "visibility": 0.7438347339630127, "presence": 0.9971621632575989}, "timestamp": "20240418-205600"}