{"nose": {"x": 0.8377597332000732, "y": 0.3524710536003113, "z": 0.04808380454778671, "visibility": 0.9997968673706055, "presence": 0.9999887943267822}, "left eye (inner)": {"x": 0.8398208022117615, "y": 0.3344860076904297, "z": 0.03361525759100914, "visibility": 0.9997326135635376, "presence": 0.9999874830245972}, "left eye": {"x": 0.8405728936195374, "y": 0.3330056369304657, "z": 0.03345232829451561, "visibility": 0.9997140765190125, "presence": 0.9999896287918091}, "left eye (outer)": {"x": 0.8411850929260254, "y": 0.3315083086490631, "z": 0.03355345502495766, "visibility": 0.9996930956840515, "presence": 0.9999873638153076}, "right eye (inner)": {"x": 0.839713990688324, "y": 0.3359724283218384, "z": 0.05746807903051376, "visibility": 0.9998407363891602, "presence": 0.999981164932251}, "right eye": {"x": 0.8412073850631714, "y": 0.3353755474090576, "z": 0.05725104361772537, "visibility": 0.9998732209205627, "presence": 0.9999833106994629}, "right eye (outer)": {"x": 0.8427532315254211, "y": 0.3347945511341095, "z": 0.05716400220990181, "visibility": 0.9998828768730164, "presence": 0.999981164932251}, "left ear": {"x": 0.8474454879760742, "y": 0.32668542861938477, "z": -0.013705052435398102, "visibility": 0.9998522400856018, "presence": 0.9999940395355225}, "right ear": {"x": 0.8529062271118164, "y": 0.32949572801589966, "z": 0.09871333092451096, "visibility": 0.9998407959938049, "presence": 0.9999853372573853}, "mouth (left)": {"x": 0.8427137732505798, "y": 0.35918235778808594, "z": 0.033892929553985596, "visibility": 0.9992492198944092, "presence": 0.999988317489624}, "mouth (right)": {"x": 0.8437780737876892, "y": 0.36131149530410767, "z": 0.06549103558063507, "visibility": 0.9993047118186951, "presence": 0.9999676942825317}, "left shoulder": {"x": 0.8802807331085205, "y": 0.35461848974227905, "z": -0.06992246955633163, "visibility": 0.9999831318855286, "presence": 0.9999899864196777}, "right shoulder": {"x": 0.8688617944717407, "y": 0.3788721263408661, "z": 0.14825250208377838, "visibility": 0.9997315406799316, "presence": 0.9999264478683472}, "left elbow": {"x": 0.8784181475639343, "y": 0.3793864846229553, "z": -0.08835676312446594, "visibility": 0.9316425919532776, "presence": 0.9998284578323364}, "right elbow": {"x": 0.8465547561645508, "y": 0.38437342643737793, "z": 0.22985082864761353, "visibility": 0.28874531388282776, "presence": 0.9998878240585327}, "left wrist": {"x": 0.8316481113433838, "y": 0.394218772649765, "z": 0.042465295642614365, "visibility": 0.7850731015205383, "presence": 0.9999872446060181}, "right wrist": {"x": 0.8418389558792114, "y": 0.3485235571861267, "z": 0.30357441306114197, "visibility": 0.30008938908576965, "presence": 0.9999470710754395}, "left pinky": {"x": 0.8198160529136658, "y": 0.40134456753730774, "z": 0.07847905158996582, "visibility": 0.7708853483200073, "presence": 0.999977707862854}, "right pinky": {"x": 0.8420684337615967, "y": 0.3417557179927826, "z": 0.3187446594238281, "visibility": 0.3005523979663849, "presence": 0.9999179840087891}, "left index": {"x": 0.8196260333061218, "y": 0.39604219794273376, "z": 0.08560154587030411, "visibility": 0.7591632008552551, "presence": 0.9999771118164062}, "right index": {"x": 0.8433007597923279, "y": 0.33345839381217957, "z": 0.3187064230442047, "visibility": 0.29619237780570984, "presence": 0.9999111890792847}, "left thumb": {"x": 0.8247050046920776, "y": 0.39569664001464844, "z": 0.0770198404788971, "visibility": 0.7130732536315918, "presence": 0.9999862909317017}, "right thumb": {"x": 0.8422434329986572, "y": 0.3361527621746063, "z": 0.3035375475883484, "visibility": 0.28894925117492676, "presence": 0.999946117401123}, "left hip": {"x": 0.9317945241928101, "y": 0.5338101983070374, "z": -0.07445207238197327, "visibility": 0.9998912811279297, "presence": 0.9999630451202393}, "right hip": {"x": 0.9132841229438782, "y": 0.5362309217453003, "z": 0.07424571365118027, "visibility": 0.9997625350952148, "presence": 0.9999550580978394}, "left knee": {"x": 0.933769941329956, "y": 0.664490282535553, "z": -0.2141304761171341, "visibility": 0.9932348132133484, "presence": 0.9999812841415405}, "right knee": {"x": 0.8534358739852905, "y": 0.6104024052619934, "z": 0.08622262626886368, "visibility": 0.5646772980690002, "presence": 0.9999469518661499}, "left ankle": {"x": 1.004638433456421, "y": 0.7791708111763, "z": -0.2999747097492218, "visibility": 0.9864936470985413, "presence": 0.9998155236244202}, "right ankle": {"x": 0.8762545585632324, "y": 0.7502941489219666, "z": 0.11604434996843338, "visibility": 0.754300057888031, "presence": 0.9996440410614014}, "left heel": {"x": 1.0324631929397583, "y": 0.8012996315956116, "z": -0.31097137928009033, "visibility": 0.9482648968696594, "presence": 0.9989577531814575}, "right heel": {"x": 0.8875538110733032, "y": 0.7775650024414062, "z": 0.11715719848871231, "visibility": 0.791270911693573, "presence": 0.999646782875061}, "left foot index": {"x": 0.9844191074371338, "y": 0.8457123041152954, "z": -0.38232138752937317, "visibility": 0.9838056564331055, "presence": 0.997516393661499}, "right foot index": {"x": 0.8392534852027893, "y": 0.7783426642417908, "z": 0.1044543981552124, "visibility": 0.8069268465042114, "presence": 0.998596727848053}, "timestamp": "20240418-205721"}