{"nose": {"x": 0.8485661149024963, "y": 0.35535383224487305, "z": 0.1269465833902359, "visibility": 0.9993037581443787, "presence": 0.9996328353881836}, "left eye (inner)": {"x": 0.8471723198890686, "y": 0.34270650148391724, "z": 0.10818808525800705, "visibility": 0.9988330006599426, "presence": 0.9994589686393738}, "left eye": {"x": 0.8467773199081421, "y": 0.3420567512512207, "z": 0.10802672058343887, "visibility": 0.9987776875495911, "presence": 0.9994757771492004}, "left eye (outer)": {"x": 0.8464558124542236, "y": 0.34140339493751526, "z": 0.10802141577005386, "visibility": 0.9986144304275513, "presence": 0.9992058873176575}, "right eye (inner)": {"x": 0.8506003618240356, "y": 0.3413953185081482, "z": 0.12508004903793335, "visibility": 0.9993943572044373, "presence": 0.9994428753852844}, "right eye": {"x": 0.852346658706665, "y": 0.34004873037338257, "z": 0.12485837936401367, "visibility": 0.9995437860488892, "presence": 0.9995643496513367}, "right eye (outer)": {"x": 0.853935956954956, "y": 0.3386915326118469, "z": 0.12474724650382996, "visibility": 0.9995914101600647, "presence": 0.9994825124740601}, "left ear": {"x": 0.8553408980369568, "y": 0.3372496962547302, "z": 0.04152701795101166, "visibility": 0.9993078708648682, "presence": 0.9992644190788269}, "right ear": {"x": 0.8586227893829346, "y": 0.335689514875412, "z": 0.11992262303829193, "visibility": 0.9995137453079224, "presence": 0.9992995262145996}, "mouth (left)": {"x": 0.8504528999328613, "y": 0.3630576729774475, "z": 0.10779710859060287, "visibility": 0.9970224499702454, "presence": 0.9986351132392883}, "mouth (right)": {"x": 0.8541573882102966, "y": 0.3622332215309143, "z": 0.12915030121803284, "visibility": 0.9975994229316711, "presence": 0.9977378845214844}, "left shoulder": {"x": 0.8638029098510742, "y": 0.36692118644714355, "z": -0.033937614411115646, "visibility": 0.9999465346336365, "presence": 0.9993846416473389}, "right shoulder": {"x": 0.907087504863739, "y": 0.3763590157032013, "z": 0.14534151554107666, "visibility": 0.9995749592781067, "presence": 0.9993185997009277}, "left elbow": {"x": 0.8309287428855896, "y": 0.43318989872932434, "z": -0.05886553227901459, "visibility": 0.81549471616745, "presence": 0.9978986978530884}, "right elbow": {"x": 0.9482381343841553, "y": 0.4746963381767273, "z": 0.14018923044204712, "visibility": 0.3337049186229706, "presence": 0.9987448453903198}, "left wrist": {"x": 0.8109456896781921, "y": 0.4602181017398834, "z": 0.002239230554550886, "visibility": 0.699073851108551, "presence": 0.9971752166748047}, "right wrist": {"x": 0.9578490257263184, "y": 0.5719681978225708, "z": 0.1133485659956932, "visibility": 0.41318297386169434, "presence": 0.9992382526397705}, "left pinky": {"x": 0.8045177459716797, "y": 0.4697803854942322, "z": -0.002328325994312763, "visibility": 0.7063252329826355, "presence": 0.9928679466247559}, "right pinky": {"x": 0.9628466963768005, "y": 0.5921852588653564, "z": 0.11656267195940018, "visibility": 0.4084932506084442, "presence": 0.9981538653373718}, "left index": {"x": 0.8060593605041504, "y": 0.46562960743904114, "z": 0.002139256801456213, "visibility": 0.7003876566886902, "presence": 0.9917706251144409}, "right index": {"x": 0.9611570239067078, "y": 0.5954268574714661, "z": 0.10624635964632034, "visibility": 0.405838280916214, "presence": 0.9977689981460571}, "left thumb": {"x": 0.8097693920135498, "y": 0.46336615085601807, "z": 0.006870751269161701, "visibility": 0.6756113767623901, "presence": 0.994541347026825}, "right thumb": {"x": 0.959500253200531, "y": 0.589902937412262, "z": 0.10800676792860031, "visibility": 0.40116408467292786, "presence": 0.9988258481025696}, "left hip": {"x": 0.9382569193840027, "y": 0.5380503535270691, "z": -0.07050551474094391, "visibility": 0.9997495412826538, "presence": 0.9989652633666992}, "right hip": {"x": 0.9530645608901978, "y": 0.524756133556366, "z": 0.0701877698302269, "visibility": 0.9995012283325195, "presence": 0.9993906021118164}, "left knee": {"x": 0.9400193691253662, "y": 0.6855544447898865, "z": -0.07398946583271027, "visibility": 0.9808564186096191, "presence": 0.9942252039909363}, "right knee": {"x": 0.8868435025215149, "y": 0.6082799434661865, "z": 0.17643219232559204, "visibility": 0.4432387948036194, "presence": 0.9951257109642029}, "left ankle": {"x": 1.0109002590179443, "y": 0.7715710401535034, "z": -0.08219415694475174, "visibility": 0.948684811592102, "presence": 0.8324127793312073}, "right ankle": {"x": 0.8885325789451599, "y": 0.750944972038269, "z": 0.19836974143981934, "visibility": 0.5894515514373779, "presence": 0.892076849937439}, "left heel": {"x": 1.0502980947494507, "y": 0.7852821946144104, "z": -0.0847817063331604, "visibility": 0.8765606880187988, "presence": 0.5485828518867493}, "right heel": {"x": 0.8989976048469543, "y": 0.7800750136375427, "z": 0.19572971761226654, "visibility": 0.6709452867507935, "presence": 0.8819801807403564}, "left foot index": {"x": 0.9961068034172058, "y": 0.8393532037734985, "z": -0.11981554329395294, "visibility": 0.912887692451477, "presence": 0.5968807339668274}, "right foot index": {"x": 0.8514387011528015, "y": 0.7776032090187073, "z": 0.21205417811870575, "visibility": 0.6047724485397339, "presence": 0.7897318005561829}, "timestamp": "20240418-205735"}