{"nose": {"x": 0.8405085802078247, "y": 0.28461429476737976, "z": -0.170481339097023, "visibility": 0.9999024868011475, "presence": 0.999988317489624}, "left eye (inner)": {"x": 0.8434240818023682, "y": 0.2670195996761322, "z": -0.18107229471206665, "visibility": 0.9998607039451599, "presence": 0.9999825954437256}, "left eye": {"x": 0.8454979062080383, "y": 0.26523733139038086, "z": -0.18125887215137482, "visibility": 0.9998574256896973, "presence": 0.9999845027923584}, "left eye (outer)": {"x": 0.847669243812561, "y": 0.26313793659210205, "z": -0.1812271773815155, "visibility": 0.9998558759689331, "presence": 0.9999786615371704}, "right eye (inner)": {"x": 0.8415400385856628, "y": 0.26789557933807373, "z": -0.15592128038406372, "visibility": 0.9998906254768372, "presence": 0.9999778270721436}, "right eye": {"x": 0.8416658639907837, "y": 0.2669946551322937, "z": -0.15614129602909088, "visibility": 0.9999059438705444, "presence": 0.9999823570251465}, "right eye (outer)": {"x": 0.8415863513946533, "y": 0.2659907639026642, "z": -0.15623505413532257, "visibility": 0.9999036192893982, "presence": 0.999980092048645}, "left ear": {"x": 0.8622041344642639, "y": 0.25798478722572327, "z": -0.19013729691505432, "visibility": 0.9999269843101501, "presence": 0.9999836683273315}, "right ear": {"x": 0.8536149263381958, "y": 0.26243746280670166, "z": -0.07449661940336227, "visibility": 0.9998036026954651, "presence": 0.9999823570251465}, "mouth (left)": {"x": 0.8500674962997437, "y": 0.2934372127056122, "z": -0.16958767175674438, "visibility": 0.9997256994247437, "presence": 0.9999940395355225}, "mouth (right)": {"x": 0.8464584946632385, "y": 0.2971391975879669, "z": -0.13758505880832672, "visibility": 0.9997202754020691, "presence": 0.9999868869781494}, "left shoulder": {"x": 0.911577045917511, "y": 0.3081619143486023, "z": -0.20932041108608246, "visibility": 0.9999814629554749, "presence": 0.999991774559021}, "right shoulder": {"x": 0.8605432510375977, "y": 0.34414708614349365, "z": 0.023185184225440025, "visibility": 0.9997425675392151, "presence": 0.999984622001648}, "left elbow": {"x": 0.9356838464736938, "y": 0.39647018909454346, "z": -0.3014342486858368, "visibility": 0.9789227247238159, "presence": 0.9996142387390137}, "right elbow": {"x": 0.8570922613143921, "y": 0.43765538930892944, "z": 0.03390464931726456, "visibility": 0.7991852760314941, "presence": 0.9998766183853149}, "left wrist": {"x": 0.8701778650283813, "y": 0.4110865592956543, "z": -0.3418789803981781, "visibility": 0.9572852849960327, "presence": 0.9999923706054688}, "right wrist": {"x": 0.8086303472518921, "y": 0.5045037865638733, "z": -0.07379161566495895, "visibility": 0.8447252511978149, "presence": 0.9999387264251709}, "left pinky": {"x": 0.8550273776054382, "y": 0.41957390308380127, "z": -0.3700820803642273, "visibility": 0.954592764377594, "presence": 0.9999867677688599}, "right pinky": {"x": 0.7957043647766113, "y": 0.5255808234214783, "z": -0.08728773891925812, "visibility": 0.8358399868011475, "presence": 0.9998663663864136}, "left index": {"x": 0.8518742918968201, "y": 0.4049502909183502, "z": -0.36381402611732483, "visibility": 0.9533092379570007, "presence": 0.9999891519546509}, "right index": {"x": 0.7862453460693359, "y": 0.5265718698501587, "z": -0.10936316847801208, "visibility": 0.836669921875, "presence": 0.9998538494110107}, "left thumb": {"x": 0.8561544418334961, "y": 0.4034893810749054, "z": -0.33835819363594055, "visibility": 0.9344788789749146, "presence": 0.9999935626983643}, "right thumb": {"x": 0.7943736910820007, "y": 0.5186717510223389, "z": -0.08709077537059784, "visibility": 0.822781503200531, "presence": 0.9999319314956665}, "left hip": {"x": 0.9457048773765564, "y": 0.49009445309638977, "z": -0.06791753321886063, "visibility": 0.9994339942932129, "presence": 0.9999574422836304}, "right hip": {"x": 0.9035438895225525, "y": 0.5020887851715088, "z": 0.06777071207761765, "visibility": 0.9988034963607788, "presence": 0.9999759197235107}, "left knee": {"x": 0.9403823018074036, "y": 0.6252070665359497, "z": -0.24981093406677246, "visibility": 0.9916167855262756, "presence": 0.9999455213546753}, "right knee": {"x": 0.873102068901062, "y": 0.616546094417572, "z": 0.00925963744521141, "visibility": 0.8355346918106079, "presence": 0.9999032020568848}, "left ankle": {"x": 0.970262348651886, "y": 0.7845412492752075, "z": -0.19688814878463745, "visibility": 0.9884570240974426, "presence": 0.9988995790481567}, "right ankle": {"x": 0.8762352466583252, "y": 0.7462992072105408, "z": 0.14755134284496307, "visibility": 0.7845977544784546, "presence": 0.9989144802093506}, "left heel": {"x": 0.9773187637329102, "y": 0.8041000962257385, "z": -0.19663015007972717, "visibility": 0.9216734766960144, "presence": 0.9949772953987122}, "right heel": {"x": 0.885425865650177, "y": 0.7708636522293091, "z": 0.15721239149570465, "visibility": 0.7564270496368408, "presence": 0.9987561702728271}, "left foot index": {"x": 0.9618636965751648, "y": 0.8436526656150818, "z": -0.29835864901542664, "visibility": 0.9867407083511353, "presence": 0.9911385178565979}, "right foot index": {"x": 0.8466163277626038, "y": 0.7844903469085693, "z": 0.0995488315820694, "visibility": 0.825047492980957, "presence": 0.996566116809845}, "timestamp": "20240418-205611"}