{"nose": {"x": 0.8482188582420349, "y": 0.37219712138175964, "z": 0.16634991765022278, "visibility": 0.9998674988746643, "presence": 0.9999983310699463}, "left eye (inner)": {"x": 0.8466478586196899, "y": 0.3571157157421112, "z": 0.14408425986766815, "visibility": 0.9998063445091248, "presence": 0.9999970197677612}, "left eye": {"x": 0.8455819487571716, "y": 0.3563516438007355, "z": 0.14395108819007874, "visibility": 0.9998120069503784, "presence": 0.9999970197677612}, "left eye (outer)": {"x": 0.8438248634338379, "y": 0.3559611141681671, "z": 0.1439480483531952, "visibility": 0.9998084902763367, "presence": 0.999995231628418}, "right eye (inner)": {"x": 0.8498715758323669, "y": 0.3551432192325592, "z": 0.15768396854400635, "visibility": 0.9998596906661987, "presence": 0.9999973773956299}, "right eye": {"x": 0.8516561388969421, "y": 0.35313880443573, "z": 0.15745516121387482, "visibility": 0.9998828768730164, "presence": 0.9999979734420776}, "right eye (outer)": {"x": 0.8532124757766724, "y": 0.35144054889678955, "z": 0.15735644102096558, "visibility": 0.9998819828033447, "presence": 0.9999974966049194}, "left ear": {"x": 0.8498744964599609, "y": 0.35189691185951233, "z": 0.06318464875221252, "visibility": 0.9999033212661743, "presence": 0.9999951124191284}, "right ear": {"x": 0.8594250082969666, "y": 0.3473483920097351, "z": 0.12447784841060638, "visibility": 0.9997819662094116, "presence": 0.9999970197677612}, "mouth (left)": {"x": 0.8493025898933411, "y": 0.3785943388938904, "z": 0.14265155792236328, "visibility": 0.9994489550590515, "presence": 0.9999847412109375}, "mouth (right)": {"x": 0.853605329990387, "y": 0.3774775564670563, "z": 0.1592406928539276, "visibility": 0.9993828535079956, "presence": 0.9999769926071167}, "left shoulder": {"x": 0.8551011085510254, "y": 0.38698169589042664, "z": -0.015489279292523861, "visibility": 0.9999809265136719, "presence": 0.9999853372573853}, "right shoulder": {"x": 0.9114184975624084, "y": 0.381314218044281, "z": 0.1272362321615219, "visibility": 0.9997833371162415, "presence": 0.9999933242797852}, "left elbow": {"x": 0.8159821629524231, "y": 0.4669063687324524, "z": 0.034711360931396484, "visibility": 0.8862084746360779, "presence": 0.999915599822998}, "right elbow": {"x": 0.9544679522514343, "y": 0.47410857677459717, "z": 0.08886808902025223, "visibility": 0.4585016071796417, "presence": 0.9998998641967773}, "left wrist": {"x": 0.8184009194374084, "y": 0.457250714302063, "z": 0.19972454011440277, "visibility": 0.6974717378616333, "presence": 0.9998514652252197}, "right wrist": {"x": 0.9652631282806396, "y": 0.5813798308372498, "z": 0.05818209797143936, "visibility": 0.39714327454566956, "presence": 0.9999450445175171}, "left pinky": {"x": 0.8171263933181763, "y": 0.455737441778183, "z": 0.21604028344154358, "visibility": 0.687024712562561, "presence": 0.9996551275253296}, "right pinky": {"x": 0.9683510065078735, "y": 0.5975640416145325, "z": 0.045797716826200485, "visibility": 0.38643011450767517, "presence": 0.9999027252197266}, "left index": {"x": 0.8215965628623962, "y": 0.4478016793727875, "z": 0.2114161252975464, "visibility": 0.6822731494903564, "presence": 0.9994460940361023}, "right index": {"x": 0.9654077887535095, "y": 0.6013562679290771, "z": 0.03403033688664436, "visibility": 0.38440412282943726, "presence": 0.9998593330383301}, "left thumb": {"x": 0.8234398365020752, "y": 0.44823157787323, "z": 0.2026069164276123, "visibility": 0.6506326794624329, "presence": 0.9996602535247803}, "right thumb": {"x": 0.9648780822753906, "y": 0.5995397567749023, "z": 0.04407040774822235, "visibility": 0.37989240884780884, "presence": 0.9999237060546875}, "left hip": {"x": 0.9357831478118896, "y": 0.553891122341156, "z": -0.0775894895195961, "visibility": 0.9994205832481384, "presence": 0.9999938011169434}, "right hip": {"x": 0.9596741199493408, "y": 0.5286009907722473, "z": 0.07744017243385315, "visibility": 0.9989955425262451, "presence": 0.9999972581863403}, "left knee": {"x": 0.9328109622001648, "y": 0.6986690759658813, "z": -0.032490815967321396, "visibility": 0.9880580902099609, "presence": 0.9999768733978271}, "right knee": {"x": 0.889147162437439, "y": 0.6127338409423828, "z": 0.17639359831809998, "visibility": 0.47073841094970703, "presence": 0.9999881982803345}, "left ankle": {"x": 1.0020744800567627, "y": 0.7965469360351562, "z": -0.03445043787360191, "visibility": 0.9700721502304077, "presence": 0.9993439316749573}, "right ankle": {"x": 0.8899057507514954, "y": 0.7540587782859802, "z": 0.1764013022184372, "visibility": 0.6281811594963074, "presence": 0.9996863603591919}, "left heel": {"x": 1.0350464582443237, "y": 0.8179076313972473, "z": -0.035777121782302856, "visibility": 0.8993881344795227, "presence": 0.9973846077919006}, "right heel": {"x": 0.9003362059593201, "y": 0.7858151793479919, "z": 0.17628413438796997, "visibility": 0.6905455589294434, "presence": 0.9995842576026917}, "left foot index": {"x": 0.9861173629760742, "y": 0.8578392267227173, "z": -0.06153566390275955, "visibility": 0.9594050645828247, "presence": 0.99741131067276}, "right foot index": {"x": 0.853808581829071, "y": 0.7806256413459778, "z": 0.18184004724025726, "visibility": 0.6663603186607361, "presence": 0.9989100694656372}, "timestamp": "20240418-205607"}