{"nose": {"x": 0.5789700150489807, "y": 0.3091276288032532, "z": -0.19280362129211426, "visibility": 0.9998093247413635, "presence": 0.9999980926513672}, "left eye (inner)": {"x": 0.5804005265235901, "y": 0.29332080483436584, "z": -0.20145055651664734, "visibility": 0.999849259853363, "presence": 0.9999974966049194}, "left eye": {"x": 0.5824823975563049, "y": 0.2915492057800293, "z": -0.2016630917787552, "visibility": 0.9998245239257812, "presence": 0.9999978542327881}, "left eye (outer)": {"x": 0.5844923853874207, "y": 0.28993141651153564, "z": -0.20161311328411102, "visibility": 0.9998736381530762, "presence": 0.9999971389770508}, "right eye (inner)": {"x": 0.5777775049209595, "y": 0.29468950629234314, "z": -0.17969253659248352, "visibility": 0.9998812079429626, "presence": 0.9999949932098389}, "right eye": {"x": 0.5776016116142273, "y": 0.2940312623977661, "z": -0.17986959218978882, "visibility": 0.9998795390129089, "presence": 0.9999946355819702}, "right eye (outer)": {"x": 0.5772556662559509, "y": 0.29332032799720764, "z": -0.17995120584964752, "visibility": 0.9999016523361206, "presence": 0.9999922513961792}, "left ear": {"x": 0.596180260181427, "y": 0.28378796577453613, "z": -0.1974797248840332, "visibility": 0.9998874664306641, "presence": 0.9999972581863403}, "right ear": {"x": 0.5863977074623108, "y": 0.2886626422405243, "z": -0.09838882833719254, "visibility": 0.9997233152389526, "presence": 0.99998939037323}, "mouth (left)": {"x": 0.5876324772834778, "y": 0.3157140612602234, "z": -0.18693655729293823, "visibility": 0.9995392560958862, "presence": 0.9999961853027344}, "mouth (right)": {"x": 0.5834572911262512, "y": 0.3183310627937317, "z": -0.15950854122638702, "visibility": 0.9994282126426697, "presence": 0.9999878406524658}, "left shoulder": {"x": 0.6295521259307861, "y": 0.3218957483768463, "z": -0.2209300845861435, "visibility": 0.9999710321426392, "presence": 0.9999963045120239}, "right shoulder": {"x": 0.606535017490387, "y": 0.3478683829307556, "z": 0.012418832629919052, "visibility": 0.9998631477355957, "presence": 0.9999591112136841}, "left elbow": {"x": 0.6487547159194946, "y": 0.39685311913490295, "z": -0.28202325105667114, "visibility": 0.9705894589424133, "presence": 0.9999046325683594}, "right elbow": {"x": 0.6266436576843262, "y": 0.42303258180618286, "z": 0.03227765113115311, "visibility": 0.43676793575286865, "presence": 0.9998281002044678}, "left wrist": {"x": 0.5952866673469543, "y": 0.4161262810230255, "z": -0.33291101455688477, "visibility": 0.9664082527160645, "presence": 0.9999951124191284}, "right wrist": {"x": 0.6180217862129211, "y": 0.4593285024166107, "z": -0.061637140810489655, "visibility": 0.4770437479019165, "presence": 0.9999412298202515}, "left pinky": {"x": 0.5818206071853638, "y": 0.427426815032959, "z": -0.366224467754364, "visibility": 0.9546852111816406, "presence": 0.9999865293502808}, "right pinky": {"x": 0.6155188083648682, "y": 0.4723888337612152, "z": -0.0758884847164154, "visibility": 0.4801217317581177, "presence": 0.9998838901519775}, "left index": {"x": 0.5786393284797668, "y": 0.4199114441871643, "z": -0.36024391651153564, "visibility": 0.9532245397567749, "presence": 0.9999880790710449}, "right index": {"x": 0.6103700399398804, "y": 0.47291526198387146, "z": -0.09578593075275421, "visibility": 0.49125468730926514, "presence": 0.9998824596405029}, "left thumb": {"x": 0.5833743214607239, "y": 0.41711562871932983, "z": -0.33016887307167053, "visibility": 0.9080736637115479, "presence": 0.9999934434890747}, "right thumb": {"x": 0.6137564778327942, "y": 0.4651542603969574, "z": -0.0735376849770546, "visibility": 0.4549718201160431, "presence": 0.9999396800994873}, "left hip": {"x": 0.6897629499435425, "y": 0.4705061912536621, "z": -0.07334145903587341, "visibility": 0.9997348189353943, "presence": 0.9999866485595703}, "right hip": {"x": 0.6551938652992249, "y": 0.46847426891326904, "z": 0.07320880144834518, "visibility": 0.9993833899497986, "presence": 0.9999843835830688}, "left knee": {"x": 0.7049847841262817, "y": 0.5942569971084595, "z": -0.11961865425109863, "visibility": 0.858984112739563, "presence": 0.99991774559021}, "right knee": {"x": 0.6009854674339294, "y": 0.4940095543861389, "z": 0.1266641765832901, "visibility": 0.30292248725891113, "presence": 0.99972003698349}, "left ankle": {"x": 0.7531680464744568, "y": 0.7020027041435242, "z": -0.09755691885948181, "visibility": 0.7573777437210083, "presence": 0.9986200332641602}, "right ankle": {"x": 0.6288694739341736, "y": 0.5819892287254333, "z": 0.24727565050125122, "visibility": 0.27167701721191406, "presence": 0.9996567964553833}, "left heel": {"x": 0.7658148407936096, "y": 0.7129957675933838, "z": -0.10163765400648117, "visibility": 0.5687563419342041, "presence": 0.9934247732162476}, "right heel": {"x": 0.6320240497589111, "y": 0.6005236506462097, "z": 0.25695666670799255, "visibility": 0.2987542748451233, "presence": 0.9997052550315857}, "left foot index": {"x": 0.7451906204223633, "y": 0.7558615207672119, "z": -0.19376936554908752, "visibility": 0.783657968044281, "presence": 0.9924060702323914}, "right foot index": {"x": 0.6097849011421204, "y": 0.6050534248352051, "z": 0.22916026413440704, "visibility": 0.36738884449005127, "presence": 0.9992609620094299}, "timestamp": "20240418-205642"}