{"nose": {"x": 0.8332996964454651, "y": 0.35789158940315247, "z": 0.15967731177806854, "visibility": 0.9999215602874756, "presence": 0.9999985694885254}, "left eye (inner)": {"x": 0.8310472965240479, "y": 0.344741553068161, "z": 0.13632670044898987, "visibility": 0.9998819231987, "presence": 0.9999971389770508}, "left eye": {"x": 0.8299140334129333, "y": 0.34427911043167114, "z": 0.13619515299797058, "visibility": 0.9998849630355835, "presence": 0.9999970197677612}, "left eye (outer)": {"x": 0.8276036381721497, "y": 0.3438032269477844, "z": 0.1362047791481018, "visibility": 0.9998824596405029, "presence": 0.9999948740005493}, "right eye (inner)": {"x": 0.834322988986969, "y": 0.3428579866886139, "z": 0.15071628987789154, "visibility": 0.999912440776825, "presence": 0.999997615814209}, "right eye": {"x": 0.8363024592399597, "y": 0.34094783663749695, "z": 0.1504794806241989, "visibility": 0.9999258518218994, "presence": 0.9999982118606567}, "right eye (outer)": {"x": 0.8380528688430786, "y": 0.3390497863292694, "z": 0.1503884494304657, "visibility": 0.9999302625656128, "presence": 0.9999978542327881}, "left ear": {"x": 0.8384779095649719, "y": 0.34084153175354004, "z": 0.05302463471889496, "visibility": 0.9999377131462097, "presence": 0.9999947547912598}, "right ear": {"x": 0.8431074619293213, "y": 0.3353647291660309, "z": 0.11805960536003113, "visibility": 0.999871551990509, "presence": 0.999997615814209}, "mouth (left)": {"x": 0.8349325060844421, "y": 0.3650112450122833, "z": 0.13536220788955688, "visibility": 0.9996780753135681, "presence": 0.9999868869781494}, "mouth (right)": {"x": 0.8394337892532349, "y": 0.36334699392318726, "z": 0.15289272367954254, "visibility": 0.9997172355651855, "presence": 0.999982476234436}, "left shoulder": {"x": 0.8448399901390076, "y": 0.3752026855945587, "z": -0.02339031547307968, "visibility": 0.9999871253967285, "presence": 0.9999828338623047}, "right shoulder": {"x": 0.8971284627914429, "y": 0.36790797114372253, "z": 0.1312865912914276, "visibility": 0.9998862147331238, "presence": 0.9999948740005493}, "left elbow": {"x": 0.8073749542236328, "y": 0.4553161561489105, "z": 0.016144700348377228, "visibility": 0.903241753578186, "presence": 0.9998501539230347}, "right elbow": {"x": 0.9465190768241882, "y": 0.4556124806404114, "z": 0.11632316559553146, "visibility": 0.47558268904685974, "presence": 0.9999475479125977}, "left wrist": {"x": 0.812473475933075, "y": 0.44423675537109375, "z": 0.17646470665931702, "visibility": 0.7271000742912292, "presence": 0.999711811542511}, "right wrist": {"x": 0.9558117985725403, "y": 0.5673728585243225, "z": 0.09109393507242203, "visibility": 0.46165621280670166, "presence": 0.9999697208404541}, "left pinky": {"x": 0.8115159273147583, "y": 0.4423302412033081, "z": 0.19030331075191498, "visibility": 0.7213440537452698, "presence": 0.9993176460266113}, "right pinky": {"x": 0.9649565815925598, "y": 0.5862069725990295, "z": 0.09652245044708252, "visibility": 0.4531553387641907, "presence": 0.9999297857284546}, "left index": {"x": 0.8156628608703613, "y": 0.43912094831466675, "z": 0.1873580813407898, "visibility": 0.7168223261833191, "presence": 0.9989570379257202}, "right index": {"x": 0.9614036679267883, "y": 0.5908323526382446, "z": 0.08557863533496857, "visibility": 0.45132994651794434, "presence": 0.9998986721038818}, "left thumb": {"x": 0.8184728026390076, "y": 0.43754470348358154, "z": 0.17972275614738464, "visibility": 0.6907344460487366, "presence": 0.9993782043457031}, "right thumb": {"x": 0.958204448223114, "y": 0.5857164263725281, "z": 0.08509360253810883, "visibility": 0.44232940673828125, "presence": 0.9999485015869141}, "left hip": {"x": 0.9254644513130188, "y": 0.5349718928337097, "z": -0.07779892534017563, "visibility": 0.9997628927230835, "presence": 0.999997615814209}, "right hip": {"x": 0.9472974538803101, "y": 0.5156835913658142, "z": 0.07764929533004761, "visibility": 0.9995223879814148, "presence": 0.9999991655349731}, "left knee": {"x": 0.9286423921585083, "y": 0.6806862950325012, "z": -0.03988725692033768, "visibility": 0.9920716285705566, "presence": 0.9999831914901733}, "right knee": {"x": 0.8753626346588135, "y": 0.6074727773666382, "z": 0.14716669917106628, "visibility": 0.5518410801887512, "presence": 0.9999958276748657}, "left ankle": {"x": 0.9972601532936096, "y": 0.7762495279312134, "z": -0.03079829178750515, "visibility": 0.9858139753341675, "presence": 0.9998432397842407}, "right ankle": {"x": 0.8752021193504333, "y": 0.7503753900527954, "z": 0.14684633910655975, "visibility": 0.7264949679374695, "presence": 0.999934196472168}, "left heel": {"x": 1.0209908485412598, "y": 0.7931052446365356, "z": -0.03145459294319153, "visibility": 0.930654764175415, "presence": 0.9993970394134521}, "right heel": {"x": 0.886055052280426, "y": 0.7812325954437256, "z": 0.14629486203193665, "visibility": 0.7546548247337341, "presence": 0.9999043941497803}, "left foot index": {"x": 0.9793265461921692, "y": 0.8462558388710022, "z": -0.06450679153203964, "visibility": 0.9836572408676147, "presence": 0.9992141723632812}, "right foot index": {"x": 0.837918758392334, "y": 0.7785259485244751, "z": 0.1380721479654312, "visibility": 0.7844712734222412, "presence": 0.9996028542518616}, "timestamp": "20240418-205818"}