{"nose": {"x": 0.8759459257125854, "y": 0.25084081292152405, "z": -0.29430630803108215, "visibility": 0.9998233318328857, "presence": 0.9999721050262451}, "left eye (inner)": {"x": 0.8783978819847107, "y": 0.2348616123199463, "z": -0.2941058576107025, "visibility": 0.9997420907020569, "presence": 0.9999552965164185}, "left eye": {"x": 0.8808692693710327, "y": 0.23342600464820862, "z": -0.29433473944664, "visibility": 0.9997730851173401, "presence": 0.9999663829803467}, "left eye (outer)": {"x": 0.8838481903076172, "y": 0.23181793093681335, "z": -0.2942883372306824, "visibility": 0.9998021125793457, "presence": 0.9999595880508423}, "right eye (inner)": {"x": 0.8750143051147461, "y": 0.23628094792366028, "z": -0.27960294485092163, "visibility": 0.9997531771659851, "presence": 0.9999078512191772}, "right eye": {"x": 0.8743770718574524, "y": 0.23623476922512054, "z": -0.2798239290714264, "visibility": 0.9997844099998474, "presence": 0.9999145269393921}, "right eye (outer)": {"x": 0.8735572695732117, "y": 0.23621675372123718, "z": -0.2799556255340576, "visibility": 0.9997996687889099, "presence": 0.9998874664306641}, "left ear": {"x": 0.900208592414856, "y": 0.2282027304172516, "z": -0.23833847045898438, "visibility": 0.9999094009399414, "presence": 0.9999731779098511}, "right ear": {"x": 0.8827498555183411, "y": 0.23434582352638245, "z": -0.1693786382675171, "visibility": 0.999657928943634, "presence": 0.9998551607131958}, "mouth (left)": {"x": 0.8849294781684875, "y": 0.26259559392929077, "z": -0.26788225769996643, "visibility": 0.9996562600135803, "presence": 0.9999877214431763}, "mouth (right)": {"x": 0.87941974401474, "y": 0.2644351124763489, "z": -0.2494482547044754, "visibility": 0.999453604221344, "presence": 0.9999407529830933}, "left shoulder": {"x": 0.9478021860122681, "y": 0.28587836027145386, "z": -0.1849922090768814, "visibility": 0.9999819993972778, "presence": 0.9999939203262329}, "right shoulder": {"x": 0.8625254034996033, "y": 0.310184508562088, "z": -0.07530238479375839, "visibility": 0.9997550249099731, "presence": 0.9998456239700317}, "left elbow": {"x": 0.9857801795005798, "y": 0.37139785289764404, "z": -0.2667766511440277, "visibility": 0.9597505331039429, "presence": 0.9995725750923157}, "right elbow": {"x": 0.8320784568786621, "y": 0.38837864995002747, "z": -0.15012791752815247, "visibility": 0.6586548089981079, "presence": 0.9980596899986267}, "left wrist": {"x": 0.9476922154426575, "y": 0.3804369270801544, "z": -0.43184295296669006, "visibility": 0.9195873141288757, "presence": 0.9999849796295166}, "right wrist": {"x": 0.8142244815826416, "y": 0.38926804065704346, "z": -0.36483678221702576, "visibility": 0.7172408103942871, "presence": 0.9994639754295349}, "left pinky": {"x": 0.9363982677459717, "y": 0.39281514286994934, "z": -0.4776306748390198, "visibility": 0.9166198968887329, "presence": 0.9999758005142212}, "right pinky": {"x": 0.8000375628471375, "y": 0.3968769907951355, "z": -0.41135090589523315, "visibility": 0.7113733291625977, "presence": 0.9994531273841858}, "left index": {"x": 0.9314281940460205, "y": 0.3704066276550293, "z": -0.4879152774810791, "visibility": 0.9134185910224915, "presence": 0.999984622001648}, "right index": {"x": 0.8030794858932495, "y": 0.38644999265670776, "z": -0.4260353744029999, "visibility": 0.7087015509605408, "presence": 0.9996041655540466}, "left thumb": {"x": 0.9331614971160889, "y": 0.36922943592071533, "z": -0.43844297528266907, "visibility": 0.8818120956420898, "presence": 0.9999896287918091}, "right thumb": {"x": 0.8107235431671143, "y": 0.38466835021972656, "z": -0.3780178129673004, "visibility": 0.6881197690963745, "presence": 0.999745786190033}, "left hip": {"x": 0.9433253407478333, "y": 0.4934186637401581, "z": -0.038427650928497314, "visibility": 0.9990512728691101, "presence": 0.9999402761459351}, "right hip": {"x": 0.8929499983787537, "y": 0.49554532766342163, "z": 0.03829309716820717, "visibility": 0.9980555176734924, "presence": 0.9999102354049683}, "left knee": {"x": 0.9497093558311462, "y": 0.6291258335113525, "z": -0.26985955238342285, "visibility": 0.9832910299301147, "presence": 0.999925971031189}, "right knee": {"x": 0.8490961194038391, "y": 0.614811360836029, "z": -0.015847278758883476, "visibility": 0.6535249352455139, "presence": 0.9996001124382019}, "left ankle": {"x": 0.9821774363517761, "y": 0.7977218627929688, "z": -0.18378669023513794, "visibility": 0.9864991307258606, "presence": 0.9996167421340942}, "right ankle": {"x": 0.8580060601234436, "y": 0.746613085269928, "z": 0.18131805956363678, "visibility": 0.6569787263870239, "presence": 0.9991626739501953}, "left heel": {"x": 0.9854532480239868, "y": 0.8216984272003174, "z": -0.183506041765213, "visibility": 0.9124839305877686, "presence": 0.9984564781188965}, "right heel": {"x": 0.8679413795471191, "y": 0.7679069638252258, "z": 0.19651037454605103, "visibility": 0.6766623854637146, "presence": 0.9992881417274475}, "left foot index": {"x": 0.97108393907547, "y": 0.8488801717758179, "z": -0.324165940284729, "visibility": 0.9895364046096802, "presence": 0.9975098371505737}, "right foot index": {"x": 0.824228823184967, "y": 0.7843248248100281, "z": 0.10892641544342041, "visibility": 0.7541048526763916, "presence": 0.9985474944114685}, "timestamp": "20240418-205816"}