{"nose": {"x": 0.5486722588539124, "y": 0.35991135239601135, "z": 0.04277171939611435, "visibility": 0.9969627261161804, "presence": 0.9996323585510254}, "left eye (inner)": {"x": 0.547007143497467, "y": 0.34615394473075867, "z": 0.025095393881201744, "visibility": 0.997750461101532, "presence": 0.9995037317276001}, "left eye": {"x": 0.5479229092597961, "y": 0.34458601474761963, "z": 0.024962499737739563, "visibility": 0.9973618984222412, "presence": 0.9994325041770935}, "left eye (outer)": {"x": 0.548737645149231, "y": 0.3432128131389618, "z": 0.024976126849651337, "visibility": 0.9980812072753906, "presence": 0.9991744160652161}, "right eye (inner)": {"x": 0.5464835166931152, "y": 0.3463369309902191, "z": 0.04973423108458519, "visibility": 0.998345673084259, "presence": 0.9995855689048767}, "right eye": {"x": 0.5471348762512207, "y": 0.34493914246559143, "z": 0.04954712092876434, "visibility": 0.9983458518981934, "presence": 0.9996843338012695}, "right eye (outer)": {"x": 0.5478162169456482, "y": 0.34360551834106445, "z": 0.049443989992141724, "visibility": 0.9987322688102722, "presence": 0.9996548891067505}, "left ear": {"x": 0.557171642780304, "y": 0.33561357855796814, "z": -0.029480932280421257, "visibility": 0.9982779622077942, "presence": 0.9987812638282776}, "right ear": {"x": 0.5575613975524902, "y": 0.3347937762737274, "z": 0.0794021338224411, "visibility": 0.9972901344299316, "presence": 0.9996395111083984}, "mouth (left)": {"x": 0.5549907088279724, "y": 0.3653276264667511, "z": 0.02581290528178215, "visibility": 0.9923925399780273, "presence": 0.9992927312850952}, "mouth (right)": {"x": 0.5548799633979797, "y": 0.365482360124588, "z": 0.05659180134534836, "visibility": 0.9909061193466187, "presence": 0.9990779161453247}, "left shoulder": {"x": 0.5739537477493286, "y": 0.3729349672794342, "z": -0.07205341011285782, "visibility": 0.9995765686035156, "presence": 0.9992129802703857}, "right shoulder": {"x": 0.59612637758255, "y": 0.3579106330871582, "z": 0.14162355661392212, "visibility": 0.9996269941329956, "presence": 0.9997690320014954}, "left elbow": {"x": 0.5500279664993286, "y": 0.42905423045158386, "z": -0.08875147253274918, "visibility": 0.7936180233955383, "presence": 0.9985026121139526}, "right elbow": {"x": 0.5791319012641907, "y": 0.3691488802433014, "z": 0.2144613116979599, "visibility": 0.1833980530500412, "presence": 0.9997947812080383}, "left wrist": {"x": 0.5258802771568298, "y": 0.4421345591545105, "z": 0.0327385850250721, "visibility": 0.7767860889434814, "presence": 0.9982749223709106}, "right wrist": {"x": 0.5040738582611084, "y": 0.34334054589271545, "z": 0.17184990644454956, "visibility": 0.2793617844581604, "presence": 0.9998291730880737}, "left pinky": {"x": 0.5176913738250732, "y": 0.4511491656303406, "z": 0.03876549378037453, "visibility": 0.7691161632537842, "presence": 0.9962946772575378}, "right pinky": {"x": 0.5017034411430359, "y": 0.3451293408870697, "z": 0.17070965468883514, "visibility": 0.29372650384902954, "presence": 0.9996260404586792}, "left index": {"x": 0.5157302618026733, "y": 0.44526681303977966, "z": 0.04091320559382439, "visibility": 0.7675949335098267, "presence": 0.9949755668640137}, "right index": {"x": 0.49332237243652344, "y": 0.34708771109580994, "z": 0.1511797457933426, "visibility": 0.29826223850250244, "presence": 0.9995406866073608}, "left thumb": {"x": 0.5191643238067627, "y": 0.4438919126987457, "z": 0.03850487992167473, "visibility": 0.7253038883209229, "presence": 0.9970520734786987}, "right thumb": {"x": 0.49735769629478455, "y": 0.3460831940174103, "z": 0.1619003564119339, "visibility": 0.2848389446735382, "presence": 0.9997584223747253}, "left hip": {"x": 0.6311589479446411, "y": 0.5005185604095459, "z": -0.06560611724853516, "visibility": 0.9995705485343933, "presence": 0.9999758005142212}, "right hip": {"x": 0.6491656303405762, "y": 0.5103329420089722, "z": 0.065566785633564, "visibility": 0.9994516372680664, "presence": 0.9999961853027344}, "left knee": {"x": 0.5708701014518738, "y": 0.5114392042160034, "z": 0.08890286833047867, "visibility": 0.1931389421224594, "presence": 0.999312162399292}, "right knee": {"x": 0.667360246181488, "y": 0.6326791048049927, "z": -0.028467943891882896, "visibility": 0.3152857720851898, "presence": 0.999987006187439}, "left ankle": {"x": 0.5462348461151123, "y": 0.5140072107315063, "z": 0.23347507417201996, "visibility": 0.23100218176841736, "presence": 0.9991718530654907}, "right ankle": {"x": 0.7400467991828918, "y": 0.7080585956573486, "z": -0.07819057255983353, "visibility": 0.32443127036094666, "presence": 0.9996182918548584}, "left heel": {"x": 0.549654483795166, "y": 0.5195577144622803, "z": 0.24692030251026154, "visibility": 0.2266286313533783, "presence": 0.9990372657775879}, "right heel": {"x": 0.7555829882621765, "y": 0.7125942707061768, "z": -0.0827728807926178, "visibility": 0.37087303400039673, "presence": 0.998898983001709}, "left foot index": {"x": 0.5051146745681763, "y": 0.4904446601867676, "z": 0.27320557832717896, "visibility": 0.26473093032836914, "presence": 0.9993659853935242}, "right foot index": {"x": 0.7355338931083679, "y": 0.7695744037628174, "z": -0.11096236854791641, "visibility": 0.3282572329044342, "presence": 0.9947644472122192}, "timestamp": "20240418-205638"}