{"nose": {"x": 0.5478358268737793, "y": 0.28611069917678833, "z": -0.18727265298366547, "visibility": 0.9998213052749634, "presence": 0.9999977350234985}, "left eye (inner)": {"x": 0.5507144927978516, "y": 0.2702482044696808, "z": -0.18041303753852844, "visibility": 0.9996755719184875, "presence": 0.999995231628418}, "left eye": {"x": 0.5534711480140686, "y": 0.2686961591243744, "z": -0.18059797585010529, "visibility": 0.999655544757843, "presence": 0.9999953508377075}, "left eye (outer)": {"x": 0.5567402243614197, "y": 0.2673262357711792, "z": -0.18052877485752106, "visibility": 0.9997496604919434, "presence": 0.9999936819076538}, "right eye (inner)": {"x": 0.5456036925315857, "y": 0.2725820541381836, "z": -0.17204950749874115, "visibility": 0.999657154083252, "presence": 0.999992847442627}, "right eye": {"x": 0.5445047616958618, "y": 0.27281150221824646, "z": -0.1722242534160614, "visibility": 0.9996783137321472, "presence": 0.9999932050704956}, "right eye (outer)": {"x": 0.5432561635971069, "y": 0.27294689416885376, "z": -0.17230632901191711, "visibility": 0.9996752738952637, "presence": 0.9999910593032837}, "left ear": {"x": 0.5675747990608215, "y": 0.26633012294769287, "z": -0.11923346668481827, "visibility": 0.9997965097427368, "presence": 0.9999923706054688}, "right ear": {"x": 0.5465739369392395, "y": 0.2746809720993042, "z": -0.0802578330039978, "visibility": 0.9989817142486572, "presence": 0.999984860420227}, "mouth (left)": {"x": 0.5551333427429199, "y": 0.294820636510849, "z": -0.1614803671836853, "visibility": 0.9996843338012695, "presence": 0.9999963045120239}, "mouth (right)": {"x": 0.5483572483062744, "y": 0.29733774065971375, "z": -0.15160028636455536, "visibility": 0.9994993209838867, "presence": 0.9999878406524658}, "left shoulder": {"x": 0.6055362820625305, "y": 0.3159395456314087, "z": -0.07126955687999725, "visibility": 0.9999768733978271, "presence": 0.999994158744812}, "right shoulder": {"x": 0.5326744914054871, "y": 0.3445139229297638, "z": -0.021457038819789886, "visibility": 0.9997727870941162, "presence": 0.999963641166687}, "left elbow": {"x": 0.6296432018280029, "y": 0.37770840525627136, "z": -0.11717123538255692, "visibility": 0.9382485747337341, "presence": 0.9998904466629028}, "right elbow": {"x": 0.5132179260253906, "y": 0.4200456440448761, "z": -0.09679820388555527, "visibility": 0.5856961011886597, "presence": 0.999722421169281}, "left wrist": {"x": 0.6063655018806458, "y": 0.4173966646194458, "z": -0.28230664134025574, "visibility": 0.9563952088356018, "presence": 0.9999935626983643}, "right wrist": {"x": 0.5035885572433472, "y": 0.419392853975296, "z": -0.29608267545700073, "visibility": 0.7652710676193237, "presence": 0.9999767541885376}, "left pinky": {"x": 0.601675271987915, "y": 0.43738868832588196, "z": -0.3246687650680542, "visibility": 0.9529301524162292, "presence": 0.9999804496765137}, "right pinky": {"x": 0.4965699315071106, "y": 0.4284297227859497, "z": -0.342515766620636, "visibility": 0.7663275599479675, "presence": 0.9999502897262573}, "left index": {"x": 0.5962483286857605, "y": 0.43031609058380127, "z": -0.33544108271598816, "visibility": 0.9536662697792053, "presence": 0.9999895095825195}, "right index": {"x": 0.502176821231842, "y": 0.4197501242160797, "z": -0.35567957162857056, "visibility": 0.7655947804450989, "presence": 0.9999725818634033}, "left thumb": {"x": 0.5965137481689453, "y": 0.42481303215026855, "z": -0.2898001968860626, "visibility": 0.9200605154037476, "presence": 0.9999936819076538}, "right thumb": {"x": 0.5051029324531555, "y": 0.4178697466850281, "z": -0.3081200420856476, "visibility": 0.7387067675590515, "presence": 0.9999847412109375}, "left hip": {"x": 0.6036463379859924, "y": 0.49256667494773865, "z": -0.01114207785576582, "visibility": 0.9988876581192017, "presence": 0.9999797344207764}, "right hip": {"x": 0.5588138103485107, "y": 0.5014108419418335, "z": 0.011021197773516178, "visibility": 0.9986304044723511, "presence": 0.9999754428863525}, "left knee": {"x": 0.6184691190719604, "y": 0.5969505906105042, "z": -0.047654975205659866, "visibility": 0.35559701919555664, "presence": 0.9993317723274231}, "right knee": {"x": 0.5485395789146423, "y": 0.5929582118988037, "z": -0.03914580121636391, "visibility": 0.20600658655166626, "presence": 0.999092698097229}, "left ankle": {"x": 0.6268578767776489, "y": 0.7259495258331299, "z": 0.021102724596858025, "visibility": 0.37637701630592346, "presence": 0.9986733198165894}, "right ankle": {"x": 0.5596034526824951, "y": 0.7171291708946228, "z": 0.07301215827465057, "visibility": 0.2693778872489929, "presence": 0.9983536005020142}, "left heel": {"x": 0.622108519077301, "y": 0.7400711178779602, "z": 0.02193891629576683, "visibility": 0.3347209393978119, "presence": 0.9968773126602173}, "right heel": {"x": 0.5652352571487427, "y": 0.7313471436500549, "z": 0.08037891238927841, "visibility": 0.2792512774467468, "presence": 0.9985232949256897}, "left foot index": {"x": 0.626316487789154, "y": 0.7589355707168579, "z": -0.07422732561826706, "visibility": 0.4296718239784241, "presence": 0.9975739121437073}, "right foot index": {"x": 0.5561176538467407, "y": 0.7519374489784241, "z": 0.0026524572167545557, "visibility": 0.310321569442749, "presence": 0.9980904459953308}, "timestamp": "20240418-205636"}