{"nose": {"x": 0.5767329931259155, "y": 0.31043311953544617, "z": -0.18693037331104279, "visibility": 0.999800443649292, "presence": 0.9999995231628418}, "left eye (inner)": {"x": 0.5777932405471802, "y": 0.29505279660224915, "z": -0.1924327164888382, "visibility": 0.9998265504837036, "presence": 0.9999991655349731}, "left eye": {"x": 0.5789925456047058, "y": 0.29355955123901367, "z": -0.1926194727420807, "visibility": 0.9998107552528381, "presence": 0.9999992847442627}, "left eye (outer)": {"x": 0.5799721479415894, "y": 0.2922849953174591, "z": -0.1925523579120636, "visibility": 0.9998474717140198, "presence": 0.9999990463256836}, "right eye (inner)": {"x": 0.5766456723213196, "y": 0.2977731227874756, "z": -0.17489559948444366, "visibility": 0.9998992681503296, "presence": 0.9999985694885254}, "right eye": {"x": 0.5769779086112976, "y": 0.2981542646884918, "z": -0.17512260377407074, "visibility": 0.999898374080658, "presence": 0.9999983310699463}, "right eye (outer)": {"x": 0.5772272348403931, "y": 0.29864025115966797, "z": -0.17519208788871765, "visibility": 0.9999265670776367, "presence": 0.999997615814209}, "left ear": {"x": 0.5929173231124878, "y": 0.28904828429222107, "z": -0.1838882863521576, "visibility": 0.9997860193252563, "presence": 0.9999992847442627}, "right ear": {"x": 0.5893712043762207, "y": 0.2947826087474823, "z": -0.10292018204927444, "visibility": 0.9997535943984985, "presence": 0.9999972581863403}, "mouth (left)": {"x": 0.5833994746208191, "y": 0.3195423483848572, "z": -0.18005187809467316, "visibility": 0.9991920590400696, "presence": 0.9999996423721313}, "mouth (right)": {"x": 0.5814012885093689, "y": 0.32268938422203064, "z": -0.1581587940454483, "visibility": 0.9991393089294434, "presence": 0.9999988079071045}, "left shoulder": {"x": 0.6379594206809998, "y": 0.3039167523384094, "z": -0.19340188801288605, "visibility": 0.9999239444732666, "presence": 0.9999998807907104}, "right shoulder": {"x": 0.5933181643486023, "y": 0.3629327118396759, "z": -0.031261853873729706, "visibility": 0.9997032880783081, "presence": 0.9999988079071045}, "left elbow": {"x": 0.6741746664047241, "y": 0.3505064845085144, "z": -0.282662034034729, "visibility": 0.879282534122467, "presence": 0.9999830722808838}, "right elbow": {"x": 0.5655646920204163, "y": 0.41667869687080383, "z": -0.08292756974697113, "visibility": 0.19391606748104095, "presence": 0.9999359846115112}, "left wrist": {"x": 0.6211013197898865, "y": 0.3409297466278076, "z": -0.3775114119052887, "visibility": 0.7810148596763611, "presence": 0.9999986886978149}, "right wrist": {"x": 0.5310460925102234, "y": 0.39034098386764526, "z": -0.22312204539775848, "visibility": 0.23560383915901184, "presence": 0.9999649524688721}, "left pinky": {"x": 0.6073011755943298, "y": 0.33625611662864685, "z": -0.4068777859210968, "visibility": 0.754319429397583, "presence": 0.9999977350234985}, "right pinky": {"x": 0.5199368000030518, "y": 0.4024556577205658, "z": -0.24865734577178955, "visibility": 0.2352731078863144, "presence": 0.9999558925628662}, "left index": {"x": 0.6064988970756531, "y": 0.3256775438785553, "z": -0.4061257243156433, "visibility": 0.7412253618240356, "presence": 0.9999980926513672}, "right index": {"x": 0.5184219479560852, "y": 0.3992324471473694, "z": -0.2551245093345642, "visibility": 0.2348107397556305, "presence": 0.9999616146087646}, "left thumb": {"x": 0.6114357709884644, "y": 0.3291269838809967, "z": -0.3777426779270172, "visibility": 0.6591129899024963, "presence": 0.9999986886978149}, "right thumb": {"x": 0.5227755904197693, "y": 0.3984376788139343, "z": -0.23141519725322723, "visibility": 0.21922481060028076, "presence": 0.9999750852584839}, "left hip": {"x": 0.6771077513694763, "y": 0.4786085784435272, "z": -0.045042090117931366, "visibility": 0.9999280571937561, "presence": 0.9999998807907104}, "right hip": {"x": 0.6432668566703796, "y": 0.4797612130641937, "z": 0.04479387775063515, "visibility": 0.999836266040802, "presence": 0.9999998807907104}, "left knee": {"x": 0.7063856720924377, "y": 0.6021566987037659, "z": -0.132986918091774, "visibility": 0.8814259171485901, "presence": 0.9999995231628418}, "right knee": {"x": 0.5702785849571228, "y": 0.4471692442893982, "z": -0.009202773682773113, "visibility": 0.32783186435699463, "presence": 0.9999997615814209}, "left ankle": {"x": 0.7628490924835205, "y": 0.6985517144203186, "z": -0.06440935283899307, "visibility": 0.9096937775611877, "presence": 0.9999973773956299}, "right ankle": {"x": 0.5030625462532043, "y": 0.45819103717803955, "z": -0.02140924707055092, "visibility": 0.453063428401947, "presence": 0.9999997615814209}, "left heel": {"x": 0.7749104499816895, "y": 0.7096429467201233, "z": -0.062077537178993225, "visibility": 0.8426665663719177, "presence": 0.9999830722808838}, "right heel": {"x": 0.5015612840652466, "y": 0.47908374667167664, "z": -0.024760914966464043, "visibility": 0.5751794576644897, "presence": 0.9999997615814209}, "left foot index": {"x": 0.7645990252494812, "y": 0.7543861269950867, "z": -0.15642917156219482, "visibility": 0.9204676747322083, "presence": 0.9999849796295166}, "right foot index": {"x": 0.46480587124824524, "y": 0.4238699674606323, "z": -0.0736040472984314, "visibility": 0.5971449017524719, "presence": 0.9999982118606567}, "timestamp": "20240418-205649"}