{"nose": {"x": 0.8310016989707947, "y": 0.28812462091445923, "z": -0.015573614276945591, "visibility": 0.9999209642410278, "presence": 0.9999966621398926}, "left eye (inner)": {"x": 0.832164466381073, "y": 0.2707839012145996, "z": -0.03246452659368515, "visibility": 0.9998860359191895, "presence": 0.999994158744812}, "left eye": {"x": 0.8335708975791931, "y": 0.26907020807266235, "z": -0.03260659798979759, "visibility": 0.9998838305473328, "presence": 0.9999946355819702}, "left eye (outer)": {"x": 0.8350675106048584, "y": 0.26728522777557373, "z": -0.0325942188501358, "visibility": 0.9998849630355835, "presence": 0.999992847442627}, "right eye (inner)": {"x": 0.8312892913818359, "y": 0.2709636688232422, "z": -0.006781983654946089, "visibility": 0.9999114274978638, "presence": 0.999992847442627}, "right eye": {"x": 0.8319061994552612, "y": 0.2697398364543915, "z": -0.0069738649763166904, "visibility": 0.9999242424964905, "presence": 0.999994158744812}, "right eye (outer)": {"x": 0.8325412273406982, "y": 0.2684149444103241, "z": -0.007018778473138809, "visibility": 0.9999233484268188, "presence": 0.9999934434890747}, "left ear": {"x": 0.8479898571968079, "y": 0.2608017921447754, "z": -0.0769336000084877, "visibility": 0.9999428391456604, "presence": 0.9999947547912598}, "right ear": {"x": 0.8452274203300476, "y": 0.2632664144039154, "z": 0.04068969190120697, "visibility": 0.9998466372489929, "presence": 0.999994158744812}, "mouth (left)": {"x": 0.83906489610672, "y": 0.29552599787712097, "z": -0.02769506350159645, "visibility": 0.999795138835907, "presence": 0.9999974966049194}, "mouth (right)": {"x": 0.8376442790031433, "y": 0.2974180281162262, "z": 0.0049254861660301685, "visibility": 0.9997875094413757, "presence": 0.9999948740005493}, "left shoulder": {"x": 0.8829413652420044, "y": 0.30585190653800964, "z": -0.14023876190185547, "visibility": 0.9999851584434509, "presence": 0.9999983310699463}, "right shoulder": {"x": 0.8650484681129456, "y": 0.33763712644577026, "z": 0.12046292424201965, "visibility": 0.9997978806495667, "presence": 0.9999960660934448}, "left elbow": {"x": 0.8964759111404419, "y": 0.40116292238235474, "z": -0.2194119691848755, "visibility": 0.9836297631263733, "presence": 0.9999520778656006}, "right elbow": {"x": 0.8924528956413269, "y": 0.43614450097084045, "z": 0.14300908148288727, "visibility": 0.6328573226928711, "presence": 0.999977707862854}, "left wrist": {"x": 0.839401125907898, "y": 0.40955883264541626, "z": -0.23115813732147217, "visibility": 0.9670920968055725, "presence": 0.9999982118606567}, "right wrist": {"x": 0.862504780292511, "y": 0.5176238417625427, "z": 0.07739350944757462, "visibility": 0.7280519604682922, "presence": 0.9999924898147583}, "left pinky": {"x": 0.8251617550849915, "y": 0.417502224445343, "z": -0.2519649863243103, "visibility": 0.9633934497833252, "presence": 0.9999953508377075}, "right pinky": {"x": 0.8549118638038635, "y": 0.539272129535675, "z": 0.07584518194198608, "visibility": 0.731033444404602, "presence": 0.9999829530715942}, "left index": {"x": 0.8253780603408813, "y": 0.40255874395370483, "z": -0.24028702080249786, "visibility": 0.9618890285491943, "presence": 0.9999958276748657}, "right index": {"x": 0.8505495190620422, "y": 0.5414035320281982, "z": 0.05608261749148369, "visibility": 0.7308298945426941, "presence": 0.9999808073043823}, "left thumb": {"x": 0.8295276761054993, "y": 0.4026757478713989, "z": -0.2246973216533661, "visibility": 0.9434851408004761, "presence": 0.9999977350234985}, "right thumb": {"x": 0.854827344417572, "y": 0.5342249274253845, "z": 0.06604672223329544, "visibility": 0.7219843864440918, "presence": 0.9999905824661255}, "left hip": {"x": 0.9533707499504089, "y": 0.47896498441696167, "z": -0.08071775734424591, "visibility": 0.9995770454406738, "presence": 0.9999924898147583}, "right hip": {"x": 0.9222217202186584, "y": 0.48749813437461853, "z": 0.08059484511613846, "visibility": 0.999106764793396, "presence": 0.9999961853027344}, "left knee": {"x": 0.9392209053039551, "y": 0.6207218766212463, "z": -0.1783272922039032, "visibility": 0.9921170473098755, "presence": 0.9999856948852539}, "right knee": {"x": 0.8899088501930237, "y": 0.6078488230705261, "z": 0.13197162747383118, "visibility": 0.7239732146263123, "presence": 0.9999812841415405}, "left ankle": {"x": 0.9855527281761169, "y": 0.7727307677268982, "z": -0.1796293556690216, "visibility": 0.9872531294822693, "presence": 0.9997830986976624}, "right ankle": {"x": 0.8835566639900208, "y": 0.7470114827156067, "z": 0.17306344211101532, "visibility": 0.7648878693580627, "presence": 0.999679684638977}, "left heel": {"x": 0.9996584057807922, "y": 0.7923087477684021, "z": -0.18115992844104767, "visibility": 0.9243643283843994, "presence": 0.9987140893936157}, "right heel": {"x": 0.8948108553886414, "y": 0.7768427729606628, "z": 0.1726558357477188, "visibility": 0.7453635931015015, "presence": 0.999543309211731}, "left foot index": {"x": 0.9655585885047913, "y": 0.8424212336540222, "z": -0.26285919547080994, "visibility": 0.9857059121131897, "presence": 0.9981564879417419}, "right foot index": {"x": 0.8479028940200806, "y": 0.7821841835975647, "z": 0.13745315372943878, "visibility": 0.8161689639091492, "presence": 0.9988449811935425}, "timestamp": "20240418-205611"}