{"nose": {"x": 0.8408642411231995, "y": 0.36831310391426086, "z": 0.11175244301557541, "visibility": 0.9999386072158813, "presence": 0.9999986886978149}, "left eye (inner)": {"x": 0.8392716646194458, "y": 0.35665565729141235, "z": 0.08972255140542984, "visibility": 0.9999073147773743, "presence": 0.9999978542327881}, "left eye": {"x": 0.8384832739830017, "y": 0.35562416911125183, "z": 0.08958989381790161, "visibility": 0.9999062418937683, "presence": 0.999997615814209}, "left eye (outer)": {"x": 0.8377500176429749, "y": 0.3545043170452118, "z": 0.08960864692926407, "visibility": 0.9999047517776489, "presence": 0.9999959468841553}, "right eye (inner)": {"x": 0.8422499895095825, "y": 0.354707270860672, "z": 0.10975021123886108, "visibility": 0.9999315738677979, "presence": 0.9999979734420776}, "right eye": {"x": 0.8437275290489197, "y": 0.3525298833847046, "z": 0.10952793806791306, "visibility": 0.9999446868896484, "presence": 0.9999983310699463}, "right eye (outer)": {"x": 0.8451246619224548, "y": 0.3501143753528595, "z": 0.10945416241884232, "visibility": 0.999941885471344, "presence": 0.9999978542327881}, "left ear": {"x": 0.842538058757782, "y": 0.3456062078475952, "z": 0.017899781465530396, "visibility": 0.9999458193778992, "presence": 0.9999942779541016}, "right ear": {"x": 0.8512260913848877, "y": 0.3430652618408203, "z": 0.10865801572799683, "visibility": 0.9999089241027832, "presence": 0.999996542930603}, "mouth (left)": {"x": 0.8439076542854309, "y": 0.3727734088897705, "z": 0.09110669791698456, "visibility": 0.9997469782829285, "presence": 0.9999871253967285}, "mouth (right)": {"x": 0.8474670648574829, "y": 0.3712780773639679, "z": 0.11633811146020889, "visibility": 0.9997684955596924, "presence": 0.9999812841415405}, "left shoulder": {"x": 0.8535769581794739, "y": 0.37169313430786133, "z": -0.052276015281677246, "visibility": 0.9999861121177673, "presence": 0.9999868869781494}, "right shoulder": {"x": 0.898709774017334, "y": 0.38019317388534546, "z": 0.13884232938289642, "visibility": 0.9998638033866882, "presence": 0.9999912977218628}, "left elbow": {"x": 0.8156151175498962, "y": 0.4280828833580017, "z": -0.06870454549789429, "visibility": 0.9089295268058777, "presence": 0.9999469518661499}, "right elbow": {"x": 0.9414457678794861, "y": 0.47530633211135864, "z": 0.13064981997013092, "visibility": 0.3200227618217468, "presence": 0.9999666213989258}, "left wrist": {"x": 0.8016394972801208, "y": 0.4493178427219391, "z": 0.018627095967531204, "visibility": 0.7914930582046509, "presence": 0.9998980760574341}, "right wrist": {"x": 0.9507676959037781, "y": 0.5704911351203918, "z": 0.08911699056625366, "visibility": 0.4072273373603821, "presence": 0.9999868869781494}, "left pinky": {"x": 0.7964327335357666, "y": 0.45666104555130005, "z": 0.019876331090927124, "visibility": 0.7906020283699036, "presence": 0.9996880292892456}, "right pinky": {"x": 0.9553014039993286, "y": 0.5942162275314331, "z": 0.09065421670675278, "visibility": 0.41519418358802795, "presence": 0.9999697208404541}, "left index": {"x": 0.798034131526947, "y": 0.4541887044906616, "z": 0.02319314517080784, "visibility": 0.7820886373519897, "presence": 0.9995834231376648}, "right index": {"x": 0.9534146189689636, "y": 0.5966065526008606, "z": 0.07815976440906525, "visibility": 0.41228872537612915, "presence": 0.9999576807022095}, "left thumb": {"x": 0.8013272285461426, "y": 0.4522721469402313, "z": 0.023668959736824036, "visibility": 0.7504937052726746, "presence": 0.9997557997703552}, "right thumb": {"x": 0.9516218304634094, "y": 0.590114951133728, "z": 0.08202210068702698, "visibility": 0.40759965777397156, "presence": 0.9999781847000122}, "left hip": {"x": 0.9277348518371582, "y": 0.5395628809928894, "z": -0.07422836869955063, "visibility": 0.9998853206634521, "presence": 0.9999977350234985}, "right hip": {"x": 0.9405051469802856, "y": 0.5306821465492249, "z": 0.07401370257139206, "visibility": 0.9997972846031189, "presence": 0.9999990463256836}, "left knee": {"x": 0.928051769733429, "y": 0.6826364398002625, "z": -0.07039384543895721, "visibility": 0.9924095273017883, "presence": 0.9999878406524658}, "right knee": {"x": 0.8739123344421387, "y": 0.6065114140510559, "z": 0.1410948783159256, "visibility": 0.5848644375801086, "presence": 0.9999942779541016}, "left ankle": {"x": 1.0004806518554688, "y": 0.7871226668357849, "z": -0.09359459578990936, "visibility": 0.9884661436080933, "presence": 0.9998797178268433}, "right ankle": {"x": 0.8741825819015503, "y": 0.7477191686630249, "z": 0.129204660654068, "visibility": 0.7831445932388306, "presence": 0.9999374151229858}, "left heel": {"x": 1.018897533416748, "y": 0.7987714409828186, "z": -0.09818293899297714, "visibility": 0.9447882771492004, "presence": 0.9993743300437927}, "right heel": {"x": 0.8842531442642212, "y": 0.7785747051239014, "z": 0.12614679336547852, "visibility": 0.8057803511619568, "presence": 0.999906063079834}, "left foot index": {"x": 0.9805915951728821, "y": 0.8453187942504883, "z": -0.13391055166721344, "visibility": 0.9851210117340088, "presence": 0.9990676045417786}, "right foot index": {"x": 0.83597332239151, "y": 0.7743425965309143, "z": 0.12381166219711304, "visibility": 0.825217604637146, "presence": 0.9996131062507629}, "timestamp": "20240418-205730"}