{"nose": {"x": 0.618951678276062, "y": 0.31438636779785156, "z": -0.16322407126426697, "visibility": 0.9988213777542114, "presence": 1.0}, "left eye (inner)": {"x": 0.621430516242981, "y": 0.29979071021080017, "z": -0.17317593097686768, "visibility": 0.9991262555122375, "presence": 0.9999998807907104}, "left eye": {"x": 0.6231966018676758, "y": 0.2978086769580841, "z": -0.17338323593139648, "visibility": 0.9989752769470215, "presence": 1.0}, "left eye (outer)": {"x": 0.6250789761543274, "y": 0.2958886921405792, "z": -0.17333975434303284, "visibility": 0.9992547035217285, "presence": 1.0}, "right eye (inner)": {"x": 0.6193044185638428, "y": 0.30244719982147217, "z": -0.15391196310520172, "visibility": 0.9993566870689392, "presence": 0.9999998807907104}, "right eye": {"x": 0.6191737055778503, "y": 0.3024841547012329, "z": -0.15409177541732788, "visibility": 0.9993565082550049, "presence": 0.9999998807907104}, "right eye (outer)": {"x": 0.6188263297080994, "y": 0.3025113642215729, "z": -0.15413787961006165, "visibility": 0.9995065331459045, "presence": 0.9999997615814209}, "left ear": {"x": 0.6377763152122498, "y": 0.2900642156600952, "z": -0.15931636095046997, "visibility": 0.9993311762809753, "presence": 1.0}, "right ear": {"x": 0.6275390982627869, "y": 0.29762014746665955, "z": -0.09233445674180984, "visibility": 0.9989418387413025, "presence": 0.9999997615814209}, "mouth (left)": {"x": 0.6266069412231445, "y": 0.3201946020126343, "z": -0.1622077077627182, "visibility": 0.9970462918281555, "presence": 1.0}, "mouth (right)": {"x": 0.6226624250411987, "y": 0.323975145816803, "z": -0.1361762136220932, "visibility": 0.9964637756347656, "presence": 0.9999998807907104}, "left shoulder": {"x": 0.6873159408569336, "y": 0.3268774747848511, "z": -0.13959680497646332, "visibility": 0.9998342990875244, "presence": 1.0}, "right shoulder": {"x": 0.6276112794876099, "y": 0.3621654510498047, "z": -0.04166989028453827, "visibility": 0.9997990131378174, "presence": 0.9999986886978149}, "left elbow": {"x": 0.7193974256515503, "y": 0.3988296389579773, "z": -0.25061482191085815, "visibility": 0.9032451510429382, "presence": 0.9999909400939941}, "right elbow": {"x": 0.5952253341674805, "y": 0.3412076234817505, "z": -0.07592476904392242, "visibility": 0.373250275850296, "presence": 0.9999845027923584}, "left wrist": {"x": 0.6774216890335083, "y": 0.3705137372016907, "z": -0.36922988295555115, "visibility": 0.8923737406730652, "presence": 1.0}, "right wrist": {"x": 0.6129973530769348, "y": 0.27908408641815186, "z": -0.18855011463165283, "visibility": 0.4531082510948181, "presence": 0.9999878406524658}, "left pinky": {"x": 0.6620500683784485, "y": 0.3757461905479431, "z": -0.39881348609924316, "visibility": 0.881757915019989, "presence": 1.0}, "right pinky": {"x": 0.6229220032691956, "y": 0.2566288113594055, "z": -0.20887431502342224, "visibility": 0.451925665140152, "presence": 0.9999850988388062}, "left index": {"x": 0.6629274487495422, "y": 0.36347541213035583, "z": -0.3997799754142761, "visibility": 0.8787553906440735, "presence": 1.0}, "right index": {"x": 0.6253978610038757, "y": 0.25193119049072266, "z": -0.13821254670619965, "visibility": 0.4515187442302704, "presence": 0.9999860525131226}, "left thumb": {"x": 0.6672230958938599, "y": 0.36396878957748413, "z": -0.3706442415714264, "visibility": 0.8353462219238281, "presence": 1.0}, "right thumb": {"x": 0.6237748861312866, "y": 0.26225805282592773, "z": -0.14444875717163086, "visibility": 0.42231398820877075, "presence": 0.999990701675415}, "left hip": {"x": 0.7001644372940063, "y": 0.5051765441894531, "z": -0.04003925248980522, "visibility": 0.9997987747192383, "presence": 0.9999978542327881}, "right hip": {"x": 0.666154682636261, "y": 0.5115571618080139, "z": 0.03987627848982811, "visibility": 0.9996756911277771, "presence": 0.9999961853027344}, "left knee": {"x": 0.7128907442092896, "y": 0.613703191280365, "z": -0.27255502343177795, "visibility": 0.6763266921043396, "presence": 0.999998927116394}, "right knee": {"x": 0.6345851421356201, "y": 0.5936095118522644, "z": 0.19339489936828613, "visibility": 0.422250896692276, "presence": 0.9999889135360718}, "left ankle": {"x": 0.7593876123428345, "y": 0.7315750122070312, "z": -0.3095588982105255, "visibility": 0.6775029897689819, "presence": 0.9999948740005493}, "right ankle": {"x": 0.6288979649543762, "y": 0.68925940990448, "z": 0.41213297843933105, "visibility": 0.4371156096458435, "presence": 0.9999727010726929}, "left heel": {"x": 0.7716776728630066, "y": 0.7521932721138, "z": -0.315898597240448, "visibility": 0.6393317580223083, "presence": 0.9999802112579346}, "right heel": {"x": 0.6348263621330261, "y": 0.7039549946784973, "z": 0.4316774308681488, "visibility": 0.521472692489624, "presence": 0.9999818801879883}, "left foot index": {"x": 0.7448415756225586, "y": 0.7724013328552246, "z": -0.40725386142730713, "visibility": 0.698633074760437, "presence": 0.9999881982803345}, "right foot index": {"x": 0.6092089414596558, "y": 0.7255038022994995, "z": 0.39023876190185547, "visibility": 0.5268272757530212, "presence": 0.9999809265136719}, "timestamp": "20240418-205639"}