{"nose": {"x": 0.8690152168273926, "y": 0.25885164737701416, "z": -0.203569695353508, "visibility": 0.9998789429664612, "presence": 0.9999675750732422}, "left eye (inner)": {"x": 0.8708312511444092, "y": 0.24157464504241943, "z": -0.20382624864578247, "visibility": 0.9998102784156799, "presence": 0.9999595880508423}, "left eye": {"x": 0.8731913566589355, "y": 0.23954667150974274, "z": -0.2040221244096756, "visibility": 0.999841570854187, "presence": 0.9999643564224243}, "left eye (outer)": {"x": 0.8761612772941589, "y": 0.23735849559307098, "z": -0.20393988490104675, "visibility": 0.999851405620575, "presence": 0.999954104423523}, "right eye (inner)": {"x": 0.8668668270111084, "y": 0.24436253309249878, "z": -0.18655243515968323, "visibility": 0.9998120665550232, "presence": 0.9999419450759888}, "right eye": {"x": 0.8660289645195007, "y": 0.2443034052848816, "z": -0.18675550818443298, "visibility": 0.9998506307601929, "presence": 0.9999479055404663}, "right eye (outer)": {"x": 0.8650888800621033, "y": 0.24415571987628937, "z": -0.1868821382522583, "visibility": 0.9998321533203125, "presence": 0.9999369382858276}, "left ear": {"x": 0.8906219005584717, "y": 0.23224017024040222, "z": -0.1650468111038208, "visibility": 0.9999376535415649, "presence": 0.999958872795105}, "right ear": {"x": 0.8718955516815186, "y": 0.24099935591220856, "z": -0.08522621542215347, "visibility": 0.999782383441925, "presence": 0.9999169111251831}, "mouth (left)": {"x": 0.8780937790870667, "y": 0.26854944229125977, "z": -0.18493270874023438, "visibility": 0.9998183250427246, "presence": 0.9999779462814331}, "mouth (right)": {"x": 0.8723301291465759, "y": 0.2714432179927826, "z": -0.1632646918296814, "visibility": 0.9996834993362427, "presence": 0.9999294281005859}, "left shoulder": {"x": 0.9401131868362427, "y": 0.2888447344303131, "z": -0.14542454481124878, "visibility": 0.9999789595603943, "presence": 0.9999792575836182}, "right shoulder": {"x": 0.8590023517608643, "y": 0.30234837532043457, "z": -0.003483859822154045, "visibility": 0.9997514486312866, "presence": 0.9998685121536255}, "left elbow": {"x": 0.9592427611351013, "y": 0.3875143826007843, "z": -0.2496023327112198, "visibility": 0.9510045051574707, "presence": 0.9949181079864502}, "right elbow": {"x": 0.8128154873847961, "y": 0.3208758533000946, "z": -0.09349171072244644, "visibility": 0.4844563603401184, "presence": 0.9983605742454529}, "left wrist": {"x": 0.9079779982566833, "y": 0.34261757135391235, "z": -0.3739503026008606, "visibility": 0.9237743020057678, "presence": 0.9999836683273315}, "right wrist": {"x": 0.8046305179595947, "y": 0.24786673486232758, "z": -0.2837868630886078, "visibility": 0.5898213386535645, "presence": 0.9999282360076904}, "left pinky": {"x": 0.888273298740387, "y": 0.3351879417896271, "z": -0.40865108370780945, "visibility": 0.9229502081871033, "presence": 0.9999821186065674}, "right pinky": {"x": 0.7980382442474365, "y": 0.22700300812721252, "z": -0.32317617535591125, "visibility": 0.603983998298645, "presence": 0.9999184608459473}, "left index": {"x": 0.8902530074119568, "y": 0.3168450891971588, "z": -0.40720701217651367, "visibility": 0.9196621179580688, "presence": 0.9999879598617554}, "right index": {"x": 0.8026339411735535, "y": 0.21855711936950684, "z": -0.32165223360061646, "visibility": 0.5989511013031006, "presence": 0.9999468326568604}, "left thumb": {"x": 0.8952643275260925, "y": 0.3205062747001648, "z": -0.3739255368709564, "visibility": 0.8940690159797668, "presence": 0.9999911785125732}, "right thumb": {"x": 0.8073272705078125, "y": 0.22774656116962433, "z": -0.2906775176525116, "visibility": 0.5917881727218628, "presence": 0.9999693632125854}, "left hip": {"x": 0.9296727180480957, "y": 0.48642662167549133, "z": -0.04806016758084297, "visibility": 0.9996306896209717, "presence": 0.9998464584350586}, "right hip": {"x": 0.8837364912033081, "y": 0.4941929280757904, "z": 0.04791029170155525, "visibility": 0.9994159936904907, "presence": 0.9998458623886108}, "left knee": {"x": 0.9458457827568054, "y": 0.6222187280654907, "z": -0.24458719789981842, "visibility": 0.981630265712738, "presence": 0.9997593760490417}, "right knee": {"x": 0.838284432888031, "y": 0.6154720187187195, "z": -0.04509826749563217, "visibility": 0.5896561741828918, "presence": 0.999342143535614}, "left ankle": {"x": 0.9767355918884277, "y": 0.7793201208114624, "z": -0.17928914725780487, "visibility": 0.9836135506629944, "presence": 0.9993292093276978}, "right ankle": {"x": 0.8677551746368408, "y": 0.7340644598007202, "z": 0.1341218203306198, "visibility": 0.7009623050689697, "presence": 0.9996529817581177}, "left heel": {"x": 0.9813670516014099, "y": 0.8008760809898376, "z": -0.17974409461021423, "visibility": 0.9404141902923584, "presence": 0.9975839853286743}, "right heel": {"x": 0.880952775478363, "y": 0.7519699931144714, "z": 0.14892052114009857, "visibility": 0.7673787474632263, "presence": 0.9996572732925415}, "left foot index": {"x": 0.9667527675628662, "y": 0.8303738236427307, "z": -0.29965710639953613, "visibility": 0.9829232692718506, "presence": 0.9949359893798828}, "right foot index": {"x": 0.8368971347808838, "y": 0.7751395106315613, "z": 0.08028692752122879, "visibility": 0.7831356525421143, "presence": 0.9986252784729004}, "timestamp": "20240418-205727"}