{"nose": {"x": 0.8708878755569458, "y": 0.25420621037483215, "z": -0.24785232543945312, "visibility": 0.9998822808265686, "presence": 0.9999186992645264}, "left eye (inner)": {"x": 0.8751654028892517, "y": 0.2380947321653366, "z": -0.24812552332878113, "visibility": 0.9998329281806946, "presence": 0.999876856803894}, "left eye": {"x": 0.8772323727607727, "y": 0.23669593036174774, "z": -0.2483367621898651, "visibility": 0.9998489022254944, "presence": 0.9999077320098877}, "left eye (outer)": {"x": 0.8796143531799316, "y": 0.23520152270793915, "z": -0.24827398359775543, "visibility": 0.9998632669448853, "presence": 0.9998947381973267}, "right eye (inner)": {"x": 0.8710673451423645, "y": 0.24024397134780884, "z": -0.23371882736682892, "visibility": 0.9998508095741272, "presence": 0.9997634291648865}, "right eye": {"x": 0.8699726462364197, "y": 0.24027186632156372, "z": -0.233957439661026, "visibility": 0.999869167804718, "presence": 0.9997844099998474}, "right eye (outer)": {"x": 0.8688031435012817, "y": 0.24039293825626373, "z": -0.23409411311149597, "visibility": 0.9998683929443359, "presence": 0.9997325539588928}, "left ear": {"x": 0.893980085849762, "y": 0.23238398134708405, "z": -0.20304015278816223, "visibility": 0.9999293684959412, "presence": 0.999936580657959}, "right ear": {"x": 0.8795070052146912, "y": 0.23917317390441895, "z": -0.13358983397483826, "visibility": 0.9997625350952148, "presence": 0.9996634721755981}, "mouth (left)": {"x": 0.8789408802986145, "y": 0.26625579595565796, "z": -0.225757896900177, "visibility": 0.9997362494468689, "presence": 0.9999679327011108}, "mouth (right)": {"x": 0.8751405477523804, "y": 0.26843541860580444, "z": -0.20717494189739227, "visibility": 0.9995962381362915, "presence": 0.9998341798782349}, "left shoulder": {"x": 0.9455034136772156, "y": 0.29031044244766235, "z": -0.1608947217464447, "visibility": 0.9999864101409912, "presence": 0.999991774559021}, "right shoulder": {"x": 0.8646083474159241, "y": 0.32016706466674805, "z": -0.03531971201300621, "visibility": 0.999578595161438, "presence": 0.9997978806495667}, "left elbow": {"x": 0.981361985206604, "y": 0.37148725986480713, "z": -0.23363597691059113, "visibility": 0.9784753918647766, "presence": 0.9996702671051025}, "right elbow": {"x": 0.8315029144287109, "y": 0.39555686712265015, "z": -0.0318712443113327, "visibility": 0.6584507822990417, "presence": 0.9993796348571777}, "left wrist": {"x": 0.9467307329177856, "y": 0.40432971715927124, "z": -0.3638416528701782, "visibility": 0.9503879547119141, "presence": 0.9999867677688599}, "right wrist": {"x": 0.7941478490829468, "y": 0.3984605073928833, "z": -0.1239331066608429, "visibility": 0.7074506282806396, "presence": 0.9997628331184387}, "left pinky": {"x": 0.9385616183280945, "y": 0.41787829995155334, "z": -0.3990432322025299, "visibility": 0.9477963447570801, "presence": 0.9999749660491943}, "right pinky": {"x": 0.7761742472648621, "y": 0.41199883818626404, "z": -0.14667066931724548, "visibility": 0.7011505961418152, "presence": 0.9996094107627869}, "left index": {"x": 0.9334589242935181, "y": 0.40150752663612366, "z": -0.4081729054450989, "visibility": 0.9460554718971252, "presence": 0.9999792575836182}, "right index": {"x": 0.7760242819786072, "y": 0.40693745017051697, "z": -0.17399774491786957, "visibility": 0.7055131196975708, "presence": 0.999572217464447}, "left thumb": {"x": 0.9342213869094849, "y": 0.3990720510482788, "z": -0.36872151494026184, "visibility": 0.9313330054283142, "presence": 0.9999878406524658}, "right thumb": {"x": 0.7836592197418213, "y": 0.40136629343032837, "z": -0.13907445967197418, "visibility": 0.6954254508018494, "presence": 0.9997913241386414}, "left hip": {"x": 0.9418551921844482, "y": 0.4941318929195404, "z": -0.04419858008623123, "visibility": 0.9991774559020996, "presence": 0.999970555305481}, "right hip": {"x": 0.8932850956916809, "y": 0.4996742308139801, "z": 0.04403088614344597, "visibility": 0.997816264629364, "presence": 0.9999581575393677}, "left knee": {"x": 0.9550718665122986, "y": 0.625274658203125, "z": -0.2387193888425827, "visibility": 0.9932486414909363, "presence": 0.9999545812606812}, "right knee": {"x": 0.8482992649078369, "y": 0.6175990104675293, "z": -0.01462982315570116, "visibility": 0.7850692272186279, "presence": 0.9997590184211731}, "left ankle": {"x": 0.9899955987930298, "y": 0.7906000018119812, "z": -0.19196787476539612, "visibility": 0.991808295249939, "presence": 0.9995183944702148}, "right ankle": {"x": 0.8725058436393738, "y": 0.7351036667823792, "z": 0.17081817984580994, "visibility": 0.7600105404853821, "presence": 0.9994845390319824}, "left heel": {"x": 0.9901507496833801, "y": 0.8186073303222656, "z": -0.1941823810338974, "visibility": 0.9471687078475952, "presence": 0.9978927969932556}, "right heel": {"x": 0.8851879835128784, "y": 0.7577043175697327, "z": 0.18577684462070465, "visibility": 0.7945400476455688, "presence": 0.9995131492614746}, "left foot index": {"x": 0.9838945865631104, "y": 0.8439768552780151, "z": -0.31898829340934753, "visibility": 0.9909834861755371, "presence": 0.9942347407341003}, "right foot index": {"x": 0.83894282579422, "y": 0.7821211218833923, "z": 0.1218481957912445, "visibility": 0.8112182021141052, "presence": 0.9983281493186951}, "timestamp": "20240418-205707"}