{"nose": {"x": 0.8123806118965149, "y": 0.3113403618335724, "z": -0.033188723027706146, "visibility": 0.9999105334281921, "presence": 0.999984622001648}, "left eye (inner)": {"x": 0.8130868077278137, "y": 0.29370352625846863, "z": -0.04925767332315445, "visibility": 0.9998507499694824, "presence": 0.999983549118042}, "left eye": {"x": 0.8147047758102417, "y": 0.29166179895401, "z": -0.049411457031965256, "visibility": 0.9998548626899719, "presence": 0.9999861717224121}, "left eye (outer)": {"x": 0.8163834810256958, "y": 0.2894119322299957, "z": -0.04939078539609909, "visibility": 0.9998677372932434, "presence": 0.9999833106994629}, "right eye (inner)": {"x": 0.8116969466209412, "y": 0.2940632402896881, "z": -0.023351099342107773, "visibility": 0.9998700618743896, "presence": 0.9999735355377197}, "right eye": {"x": 0.8119462728500366, "y": 0.2929237186908722, "z": -0.023568620905280113, "visibility": 0.9998900294303894, "presence": 0.999976634979248}, "right eye (outer)": {"x": 0.8120715022087097, "y": 0.2915279269218445, "z": -0.023645319044589996, "visibility": 0.9998870491981506, "presence": 0.9999713897705078}, "left ear": {"x": 0.8294931650161743, "y": 0.2805766761302948, "z": -0.08603894710540771, "visibility": 0.9999309182167053, "presence": 0.9999874830245972}, "right ear": {"x": 0.824877917766571, "y": 0.2846393287181854, "z": 0.03233668580651283, "visibility": 0.9997735023498535, "presence": 0.9999722242355347}, "mouth (left)": {"x": 0.8221724033355713, "y": 0.3171573281288147, "z": -0.04198647290468216, "visibility": 0.9998129606246948, "presence": 0.9999902248382568}, "mouth (right)": {"x": 0.8199779391288757, "y": 0.31894221901893616, "z": -0.009156118147075176, "visibility": 0.9997807741165161, "presence": 0.9999736547470093}, "left shoulder": {"x": 0.8650859594345093, "y": 0.3231329619884491, "z": -0.14567391574382782, "visibility": 0.9999838471412659, "presence": 0.9999973773956299}, "right shoulder": {"x": 0.8479666113853455, "y": 0.3435421586036682, "z": 0.11704248189926147, "visibility": 0.9998307228088379, "presence": 0.9999849796295166}, "left elbow": {"x": 0.870924174785614, "y": 0.4103085696697235, "z": -0.22683347761631012, "visibility": 0.9783907532691956, "presence": 0.9999679327011108}, "right elbow": {"x": 0.8890068531036377, "y": 0.42753252387046814, "z": 0.15251724421977997, "visibility": 0.6503509879112244, "presence": 0.9999390840530396}, "left wrist": {"x": 0.8171099424362183, "y": 0.41575169563293457, "z": -0.24961814284324646, "visibility": 0.9565872550010681, "presence": 0.9999979734420776}, "right wrist": {"x": 0.8849540948867798, "y": 0.4992516040802002, "z": 0.10193508118391037, "visibility": 0.7013713717460632, "presence": 0.9999663829803467}, "left pinky": {"x": 0.8046305179595947, "y": 0.419669508934021, "z": -0.27393555641174316, "visibility": 0.9512921571731567, "presence": 0.9999943971633911}, "right pinky": {"x": 0.8844441771507263, "y": 0.5214549899101257, "z": 0.10163343697786331, "visibility": 0.6941823959350586, "presence": 0.9999408721923828}, "left index": {"x": 0.8044785857200623, "y": 0.40721389651298523, "z": -0.2626945674419403, "visibility": 0.9490885138511658, "presence": 0.9999940395355225}, "right index": {"x": 0.8794164657592773, "y": 0.5239154696464539, "z": 0.0821080207824707, "visibility": 0.6935417056083679, "presence": 0.9999228715896606}, "left thumb": {"x": 0.8091347217559814, "y": 0.40864741802215576, "z": -0.2436448186635971, "visibility": 0.9259635806083679, "presence": 0.9999967813491821}, "right thumb": {"x": 0.8804001212120056, "y": 0.5151959657669067, "z": 0.09138915687799454, "visibility": 0.6857151985168457, "presence": 0.9999569654464722}, "left hip": {"x": 0.9377186894416809, "y": 0.47855767607688904, "z": -0.08050497621297836, "visibility": 0.9996567368507385, "presence": 0.9999915361404419}, "right hip": {"x": 0.9059537649154663, "y": 0.48487740755081177, "z": 0.08039581775665283, "visibility": 0.9993366599082947, "presence": 0.9999936819076538}, "left knee": {"x": 0.9278740286827087, "y": 0.6237934827804565, "z": -0.17563846707344055, "visibility": 0.9926341772079468, "presence": 0.9999649524688721}, "right knee": {"x": 0.8714359402656555, "y": 0.6032925248146057, "z": 0.09227478504180908, "visibility": 0.7618067860603333, "presence": 0.9999538660049438}, "left ankle": {"x": 0.9783855676651001, "y": 0.7640114426612854, "z": -0.15708592534065247, "visibility": 0.9788357615470886, "presence": 0.9994670748710632}, "right ankle": {"x": 0.8578362464904785, "y": 0.7383713722229004, "z": 0.13454066216945648, "visibility": 0.7919698357582092, "presence": 0.9992085099220276}, "left heel": {"x": 0.992903470993042, "y": 0.7770267128944397, "z": -0.1587803214788437, "visibility": 0.900340735912323, "presence": 0.9972878694534302}, "right heel": {"x": 0.8676190972328186, "y": 0.7682135701179504, "z": 0.13459421694278717, "visibility": 0.7608537077903748, "presence": 0.9989172220230103}, "left foot index": {"x": 0.9624828696250916, "y": 0.8346118330955505, "z": -0.23491576313972473, "visibility": 0.9762893319129944, "presence": 0.9965655207633972}, "right foot index": {"x": 0.8197181224822998, "y": 0.7739037275314331, "z": 0.09455358237028122, "visibility": 0.8232505321502686, "presence": 0.9973624348640442}, "timestamp": "20240418-205549"}