{"nose": {"x": 0.8386390805244446, "y": 0.29751330614089966, "z": -0.034000616520643234, "visibility": 0.99978107213974, "presence": 0.9999927282333374}, "left eye (inner)": {"x": 0.8391878604888916, "y": 0.279948353767395, "z": -0.05141524598002434, "visibility": 0.9996673464775085, "presence": 0.9999886751174927}, "left eye": {"x": 0.84075927734375, "y": 0.278171569108963, "z": -0.0515669509768486, "visibility": 0.9996917843818665, "presence": 0.9999898672103882}, "left eye (outer)": {"x": 0.8425037264823914, "y": 0.2762429118156433, "z": -0.05154191702604294, "visibility": 0.9996673464775085, "presence": 0.9999868869781494}, "right eye (inner)": {"x": 0.8381903171539307, "y": 0.28022652864456177, "z": -0.026064805686473846, "visibility": 0.9997361302375793, "presence": 0.9999864101409912}, "right eye": {"x": 0.838636577129364, "y": 0.2791435718536377, "z": -0.0262603759765625, "visibility": 0.9997817277908325, "presence": 0.9999892711639404}, "right eye (outer)": {"x": 0.8389814496040344, "y": 0.27781736850738525, "z": -0.026319749653339386, "visibility": 0.9997653365135193, "presence": 0.9999885559082031}, "left ear": {"x": 0.8559083938598633, "y": 0.2703746557235718, "z": -0.0957682877779007, "visibility": 0.9998489022254944, "presence": 0.9999916553497314}, "right ear": {"x": 0.8526104688644409, "y": 0.27254125475883484, "z": 0.02083580382168293, "visibility": 0.9996238946914673, "presence": 0.9999905824661255}, "mouth (left)": {"x": 0.8479655385017395, "y": 0.3050207495689392, "z": -0.045716553926467896, "visibility": 0.99935382604599, "presence": 0.9999959468841553}, "mouth (right)": {"x": 0.8467355370521545, "y": 0.3073541522026062, "z": -0.013429257087409496, "visibility": 0.999321699142456, "presence": 0.9999915361404419}, "left shoulder": {"x": 0.8938515782356262, "y": 0.31450900435447693, "z": -0.153764545917511, "visibility": 0.9999639391899109, "presence": 0.9999978542327881}, "right shoulder": {"x": 0.8722381591796875, "y": 0.3436456322669983, "z": 0.10063067823648453, "visibility": 0.9996190071105957, "presence": 0.9999947547912598}, "left elbow": {"x": 0.9102059602737427, "y": 0.4036688804626465, "z": -0.23501987755298615, "visibility": 0.9789937138557434, "presence": 0.9999086856842041}, "right elbow": {"x": 0.8945343494415283, "y": 0.43520328402519226, "z": 0.1331988275051117, "visibility": 0.679337203502655, "presence": 0.9999746084213257}, "left wrist": {"x": 0.8499584794044495, "y": 0.4081540107727051, "z": -0.25768089294433594, "visibility": 0.959189772605896, "presence": 0.9999985694885254}, "right wrist": {"x": 0.8711234331130981, "y": 0.5153025984764099, "z": 0.08046798408031464, "visibility": 0.7691146731376648, "presence": 0.999991774559021}, "left pinky": {"x": 0.8357300758361816, "y": 0.41581055521965027, "z": -0.2799583077430725, "visibility": 0.9542841911315918, "presence": 0.9999969005584717}, "right pinky": {"x": 0.8614280819892883, "y": 0.5401846766471863, "z": 0.08028893917798996, "visibility": 0.7531630992889404, "presence": 0.9999791383743286}, "left index": {"x": 0.833625853061676, "y": 0.4013673663139343, "z": -0.2672135829925537, "visibility": 0.9523385763168335, "presence": 0.9999972581863403}, "right index": {"x": 0.8575582504272461, "y": 0.5421633720397949, "z": 0.06045766547322273, "visibility": 0.7529997229576111, "presence": 0.9999765157699585}, "left thumb": {"x": 0.8389216661453247, "y": 0.4004380404949188, "z": -0.25087618827819824, "visibility": 0.9312532544136047, "presence": 0.9999984502792358}, "right thumb": {"x": 0.8632965087890625, "y": 0.5334480404853821, "z": 0.06958910077810287, "visibility": 0.7428553104400635, "presence": 0.9999887943267822}, "left hip": {"x": 0.9577469229698181, "y": 0.4762974679470062, "z": -0.08024565875530243, "visibility": 0.999417781829834, "presence": 0.9999707937240601}, "right hip": {"x": 0.924462616443634, "y": 0.4839383363723755, "z": 0.08010340481996536, "visibility": 0.9990300536155701, "presence": 0.9999834299087524}, "left knee": {"x": 0.9489049315452576, "y": 0.6190329790115356, "z": -0.20526014268398285, "visibility": 0.9903022646903992, "presence": 0.9999524354934692}, "right knee": {"x": 0.8883187174797058, "y": 0.6025301218032837, "z": 0.14876149594783783, "visibility": 0.7503964304924011, "presence": 0.9998911619186401}, "left ankle": {"x": 0.9914942979812622, "y": 0.7707082033157349, "z": -0.26391375064849854, "visibility": 0.9847649335861206, "presence": 0.9991835951805115}, "right ankle": {"x": 0.885130763053894, "y": 0.7373928427696228, "z": 0.2385808527469635, "visibility": 0.7652302384376526, "presence": 0.9984391331672668}, "left heel": {"x": 1.002975344657898, "y": 0.7919966578483582, "z": -0.2574935257434845, "visibility": 0.9102339744567871, "presence": 0.9954453706741333}, "right heel": {"x": 0.8967490792274475, "y": 0.765789270401001, "z": 0.24633941054344177, "visibility": 0.7494264841079712, "presence": 0.9982900023460388}, "left foot index": {"x": 0.9763879776000977, "y": 0.8308183550834656, "z": -0.32619184255599976, "visibility": 0.98125159740448, "presence": 0.994442880153656}, "right foot index": {"x": 0.8531737327575684, "y": 0.7729763388633728, "z": 0.20758295059204102, "visibility": 0.800096869468689, "presence": 0.9971731901168823}, "timestamp": "20240418-205626"}