{"nose": {"x": 0.6359895467758179, "y": 0.34865111112594604, "z": 0.019069062545895576, "visibility": 0.9995924234390259, "presence": 0.9999889135360718}, "left eye (inner)": {"x": 0.635849118232727, "y": 0.33490705490112305, "z": 0.0007390152895823121, "visibility": 0.99959397315979, "presence": 0.9999880790710449}, "left eye": {"x": 0.6368387341499329, "y": 0.33313339948654175, "z": 0.0006164424703456461, "visibility": 0.999525785446167, "presence": 0.9999897480010986}, "left eye (outer)": {"x": 0.6377780437469482, "y": 0.3314524292945862, "z": 0.0006566316005773842, "visibility": 0.999642014503479, "presence": 0.9999862909317017}, "right eye (inner)": {"x": 0.6354401111602783, "y": 0.3355221152305603, "z": 0.02848111279308796, "visibility": 0.999634325504303, "presence": 0.9999780654907227}, "right eye": {"x": 0.6360546946525574, "y": 0.3343670964241028, "z": 0.028293335810303688, "visibility": 0.9996063113212585, "presence": 0.9999769926071167}, "right eye (outer)": {"x": 0.6366392970085144, "y": 0.33316507935523987, "z": 0.02822924591600895, "visibility": 0.9996960163116455, "presence": 0.9999669790267944}, "left ear": {"x": 0.6473475694656372, "y": 0.32359471917152405, "z": -0.051503442227840424, "visibility": 0.9996732473373413, "presence": 0.999988317489624}, "right ear": {"x": 0.646564245223999, "y": 0.32511192560195923, "z": 0.07522700726985931, "visibility": 0.9991355538368225, "presence": 0.9999605417251587}, "mouth (left)": {"x": 0.6425136923789978, "y": 0.3545394539833069, "z": 0.004630834795534611, "visibility": 0.998432993888855, "presence": 0.9999786615371704}, "mouth (right)": {"x": 0.6418045163154602, "y": 0.35501620173454285, "z": 0.03994877263903618, "visibility": 0.9975688457489014, "presence": 0.9999136924743652}, "left shoulder": {"x": 0.6682646870613098, "y": 0.35487794876098633, "z": -0.12957054376602173, "visibility": 0.9999295473098755, "presence": 0.9999899864196777}, "right shoulder": {"x": 0.6816871166229248, "y": 0.3608962595462799, "z": 0.14831626415252686, "visibility": 0.9992529153823853, "presence": 0.9999368190765381}, "left elbow": {"x": 0.6654669046401978, "y": 0.41191062331199646, "z": -0.23979182541370392, "visibility": 0.8838030099868774, "presence": 0.9998730421066284}, "right elbow": {"x": 0.7150573134422302, "y": 0.43445342779159546, "z": 0.21470892429351807, "visibility": 0.15863372385501862, "presence": 0.9998462200164795}, "left wrist": {"x": 0.6213843822479248, "y": 0.4388689398765564, "z": -0.269502192735672, "visibility": 0.7381705641746521, "presence": 0.9999628067016602}, "right wrist": {"x": 0.7087870836257935, "y": 0.48568788170814514, "z": 0.23160071671009064, "visibility": 0.1694435477256775, "presence": 0.9999316930770874}, "left pinky": {"x": 0.6098184585571289, "y": 0.4471637010574341, "z": -0.2910512685775757, "visibility": 0.729927122592926, "presence": 0.9998815059661865}, "right pinky": {"x": 0.7065230011940002, "y": 0.49920013546943665, "z": 0.24317492544651031, "visibility": 0.17431709170341492, "presence": 0.9998830556869507}, "left index": {"x": 0.6078317761421204, "y": 0.4421500265598297, "z": -0.27297645807266235, "visibility": 0.7202658653259277, "presence": 0.9998891353607178}, "right index": {"x": 0.6992008686065674, "y": 0.499778151512146, "z": 0.22901827096939087, "visibility": 0.1773238629102707, "presence": 0.9998558759689331}, "left thumb": {"x": 0.6121477484703064, "y": 0.44172942638397217, "z": -0.26063069701194763, "visibility": 0.6398568749427795, "presence": 0.999931812286377}, "right thumb": {"x": 0.7000863552093506, "y": 0.4941820502281189, "z": 0.2249077558517456, "visibility": 0.16490373015403748, "presence": 0.999914288520813}, "left hip": {"x": 0.7159446477890015, "y": 0.5217285752296448, "z": -0.08431252837181091, "visibility": 0.9999150037765503, "presence": 0.9999923706054688}, "right hip": {"x": 0.7016372084617615, "y": 0.5218719244003296, "z": 0.08413933217525482, "visibility": 0.9997954964637756, "presence": 0.9999934434890747}, "left knee": {"x": 0.7187967896461487, "y": 0.657602071762085, "z": -0.13567331433296204, "visibility": 0.8481686115264893, "presence": 0.9995587468147278}, "right knee": {"x": 0.6439985632896423, "y": 0.5847198963165283, "z": 0.062403690069913864, "visibility": 0.13271819055080414, "presence": 0.9997578263282776}, "left ankle": {"x": 0.7912953495979309, "y": 0.7266219258308411, "z": -0.1178993284702301, "visibility": 0.7920305728912354, "presence": 0.9953332543373108}, "right ankle": {"x": 0.6618369817733765, "y": 0.7072148323059082, "z": 0.08536236733198166, "visibility": 0.17869675159454346, "presence": 0.9988471269607544}, "left heel": {"x": 0.8058159351348877, "y": 0.7303873896598816, "z": -0.11737611144781113, "visibility": 0.6695485711097717, "presence": 0.9846092462539673}, "right heel": {"x": 0.6743420958518982, "y": 0.7267504930496216, "z": 0.08601373434066772, "visibility": 0.27335500717163086, "presence": 0.9983221888542175}, "left foot index": {"x": 0.7903261184692383, "y": 0.7764047384262085, "z": -0.16102249920368195, "visibility": 0.7849655151367188, "presence": 0.988402783870697}, "right foot index": {"x": 0.6327124834060669, "y": 0.7448364496231079, "z": 0.06817025691270828, "visibility": 0.25650307536125183, "presence": 0.9962185025215149}, "timestamp": "20240418-205802"}