{"nose": {"x": 0.8763942718505859, "y": 0.23110006749629974, "z": -0.28594550490379333, "visibility": 0.9999135732650757, "presence": 0.9999903440475464}, "left eye (inner)": {"x": 0.8806379437446594, "y": 0.2159510999917984, "z": -0.2864730656147003, "visibility": 0.9998655915260315, "presence": 0.9999853372573853}, "left eye": {"x": 0.8829901218414307, "y": 0.21490105986595154, "z": -0.2867034375667572, "visibility": 0.9998786449432373, "presence": 0.999988317489624}, "left eye (outer)": {"x": 0.8853676319122314, "y": 0.21382316946983337, "z": -0.2866610884666443, "visibility": 0.9998961687088013, "presence": 0.9999854564666748}, "right eye (inner)": {"x": 0.8772388100624084, "y": 0.2169685959815979, "z": -0.26972833275794983, "visibility": 0.9998682737350464, "presence": 0.9999715089797974}, "right eye": {"x": 0.8772923350334167, "y": 0.21670733392238617, "z": -0.2699606418609619, "visibility": 0.9998816847801208, "presence": 0.999972939491272}, "right eye (outer)": {"x": 0.8772411942481995, "y": 0.21639762818813324, "z": -0.2700732350349426, "visibility": 0.9998798370361328, "presence": 0.9999638795852661}, "left ear": {"x": 0.9012077450752258, "y": 0.21295331418514252, "z": -0.2411794811487198, "visibility": 0.9999457597732544, "presence": 0.9999884366989136}, "right ear": {"x": 0.8882112503051758, "y": 0.21705272793769836, "z": -0.16148856282234192, "visibility": 0.9997586607933044, "presence": 0.9999433755874634}, "mouth (left)": {"x": 0.8852272033691406, "y": 0.2447255700826645, "z": -0.26394638419151306, "visibility": 0.9998406171798706, "presence": 0.9999926090240479}, "mouth (right)": {"x": 0.8804049491882324, "y": 0.24602694809436798, "z": -0.24253806471824646, "visibility": 0.9997364282608032, "presence": 0.9999698400497437}, "left shoulder": {"x": 0.9512506723403931, "y": 0.27157944440841675, "z": -0.20815248787403107, "visibility": 0.9999868869781494, "presence": 0.9999935626983643}, "right shoulder": {"x": 0.8741118907928467, "y": 0.3026820421218872, "z": -0.047678232192993164, "visibility": 0.9997496008872986, "presence": 0.9999097585678101}, "left elbow": {"x": 0.9905555844306946, "y": 0.35331612825393677, "z": -0.2867595851421356, "visibility": 0.9781165719032288, "presence": 0.9996967315673828}, "right elbow": {"x": 0.8482796549797058, "y": 0.388713002204895, "z": -0.08258736878633499, "visibility": 0.6628509759902954, "presence": 0.9996446371078491}, "left wrist": {"x": 0.9430664777755737, "y": 0.3780149817466736, "z": -0.42815306782722473, "visibility": 0.9494609832763672, "presence": 0.9999947547912598}, "right wrist": {"x": 0.8163654804229736, "y": 0.4252241849899292, "z": -0.2045292854309082, "visibility": 0.7352184057235718, "presence": 0.9997989535331726}, "left pinky": {"x": 0.9301372170448303, "y": 0.3933747708797455, "z": -0.4710348844528198, "visibility": 0.9481766223907471, "presence": 0.9999901056289673}, "right pinky": {"x": 0.8037946224212646, "y": 0.444680392742157, "z": -0.2271491289138794, "visibility": 0.7147118449211121, "presence": 0.9995831847190857}, "left index": {"x": 0.9247187376022339, "y": 0.3741072416305542, "z": -0.4753884971141815, "visibility": 0.9463513493537903, "presence": 0.999992847442627}, "right index": {"x": 0.8031835556030273, "y": 0.43993380665779114, "z": -0.26044848561286926, "visibility": 0.7119033336639404, "presence": 0.9995943903923035}, "left thumb": {"x": 0.9276777505874634, "y": 0.3708656430244446, "z": -0.43137750029563904, "visibility": 0.9234566688537598, "presence": 0.9999958276748657}, "right thumb": {"x": 0.8094003796577454, "y": 0.43380609154701233, "z": -0.25970956683158875, "visibility": 0.6938185691833496, "presence": 0.9998082518577576}, "left hip": {"x": 0.9539446234703064, "y": 0.4758869707584381, "z": -0.050630711019039154, "visibility": 0.9994136095046997, "presence": 0.999930739402771}, "right hip": {"x": 0.9070378541946411, "y": 0.4800618886947632, "z": 0.05045336112380028, "visibility": 0.998702347278595, "presence": 0.9999033212661743}, "left knee": {"x": 0.9623762965202332, "y": 0.621491014957428, "z": -0.27042922377586365, "visibility": 0.9849156141281128, "presence": 0.9998980760574341}, "right knee": {"x": 0.8691365122795105, "y": 0.6019433736801147, "z": 0.007436775602400303, "visibility": 0.6884719133377075, "presence": 0.9993721842765808}, "left ankle": {"x": 0.9929581880569458, "y": 0.7895889282226562, "z": -0.24535080790519714, "visibility": 0.9820809960365295, "presence": 0.9982701539993286}, "right ankle": {"x": 0.8768795728683472, "y": 0.736483097076416, "z": 0.20177437365055084, "visibility": 0.7165918350219727, "presence": 0.9973862767219543}, "left heel": {"x": 0.9932478070259094, "y": 0.8161025047302246, "z": -0.24993185698986053, "visibility": 0.9194863438606262, "presence": 0.9924353957176208}, "right heel": {"x": 0.8895520567893982, "y": 0.7575006484985352, "z": 0.2166624367237091, "visibility": 0.7380601763725281, "presence": 0.9976389408111572}, "left foot index": {"x": 0.9863450527191162, "y": 0.8371308445930481, "z": -0.3841168284416199, "visibility": 0.9863637089729309, "presence": 0.9869892001152039}, "right foot index": {"x": 0.8471651673316956, "y": 0.7812943458557129, "z": 0.1451318860054016, "visibility": 0.7776017189025879, "presence": 0.9950492978096008}, "timestamp": "20240418-205733"}