{"nose": {"x": 0.5742724537849426, "y": 0.3210805356502533, "z": -0.11522068828344345, "visibility": 0.9999335408210754, "presence": 0.9999998807907104}, "left eye (inner)": {"x": 0.5742173790931702, "y": 0.3078397512435913, "z": -0.1312449425458908, "visibility": 0.9999478459358215, "presence": 0.9999998807907104}, "left eye": {"x": 0.5754068493843079, "y": 0.3062581419944763, "z": -0.13145948946475983, "visibility": 0.9999333024024963, "presence": 0.9999998807907104}, "left eye (outer)": {"x": 0.5764639973640442, "y": 0.30480191111564636, "z": -0.1314135044813156, "visibility": 0.9999550580978394, "presence": 0.9999998807907104}, "right eye (inner)": {"x": 0.5735062956809998, "y": 0.3084821403026581, "z": -0.10661522299051285, "visibility": 0.999962329864502, "presence": 0.9999997615814209}, "right eye": {"x": 0.5740161538124084, "y": 0.3075718283653259, "z": -0.10677839815616608, "visibility": 0.9999584555625916, "presence": 0.9999997615814209}, "right eye (outer)": {"x": 0.5745080709457397, "y": 0.3065681457519531, "z": -0.10682621598243713, "visibility": 0.9999691247940063, "presence": 0.9999996423721313}, "left ear": {"x": 0.5876379013061523, "y": 0.2970023453235626, "z": -0.16080527007579803, "visibility": 0.9999290108680725, "presence": 0.9999998807907104}, "right ear": {"x": 0.5861297249794006, "y": 0.30016273260116577, "z": -0.04622052237391472, "visibility": 0.9998827576637268, "presence": 0.9999996423721313}, "mouth (left)": {"x": 0.5813440084457397, "y": 0.3272072672843933, "z": -0.12084915488958359, "visibility": 0.9997130632400513, "presence": 0.9999998807907104}, "mouth (right)": {"x": 0.5804181098937988, "y": 0.32927048206329346, "z": -0.0890745297074318, "visibility": 0.9996672868728638, "presence": 0.9999996423721313}, "left shoulder": {"x": 0.6247880458831787, "y": 0.3124065101146698, "z": -0.19575563073158264, "visibility": 0.9999778866767883, "presence": 0.9999998807907104}, "right shoulder": {"x": 0.6056254506111145, "y": 0.35923659801483154, "z": 0.030592402443289757, "visibility": 0.9997276663780212, "presence": 0.9999991655349731}, "left elbow": {"x": 0.6641836166381836, "y": 0.34451621770858765, "z": -0.27790749073028564, "visibility": 0.9145997166633606, "presence": 0.9999691247940063}, "right elbow": {"x": 0.6113026142120361, "y": 0.4338531494140625, "z": -0.05372978374361992, "visibility": 0.13706322014331818, "presence": 0.9999556541442871}, "left wrist": {"x": 0.6132153868675232, "y": 0.3657172620296478, "z": -0.31084975600242615, "visibility": 0.824445903301239, "presence": 0.9999982118606567}, "right wrist": {"x": 0.595914363861084, "y": 0.4400191903114319, "z": -0.2379942685365677, "visibility": 0.17095744609832764, "presence": 0.9999816417694092}, "left pinky": {"x": 0.6010022163391113, "y": 0.3729124367237091, "z": -0.33700504899024963, "visibility": 0.806526243686676, "presence": 0.9999978542327881}, "right pinky": {"x": 0.5891938805580139, "y": 0.44479724764823914, "z": -0.2670241594314575, "visibility": 0.17968538403511047, "presence": 0.9999831914901733}, "left index": {"x": 0.5984323024749756, "y": 0.36098167300224304, "z": -0.3296118676662445, "visibility": 0.7952758073806763, "presence": 0.9999983310699463}, "right index": {"x": 0.5860658288002014, "y": 0.43755418062210083, "z": -0.2713608145713806, "visibility": 0.1820187270641327, "presence": 0.9999866485595703}, "left thumb": {"x": 0.6030493378639221, "y": 0.3605753481388092, "z": -0.30690938234329224, "visibility": 0.6999800205230713, "presence": 0.9999986886978149}, "right thumb": {"x": 0.5893969535827637, "y": 0.43617841601371765, "z": -0.24678935110569, "visibility": 0.17185792326927185, "presence": 0.9999897480010986}, "left hip": {"x": 0.6742631793022156, "y": 0.47644487023353577, "z": -0.07630021870136261, "visibility": 0.9998829364776611, "presence": 0.9999996423721313}, "right hip": {"x": 0.6498512029647827, "y": 0.4710144102573395, "z": 0.07610847055912018, "visibility": 0.9996690154075623, "presence": 0.9999996423721313}, "left knee": {"x": 0.6987908482551575, "y": 0.6037969589233398, "z": -0.1606072187423706, "visibility": 0.8982439637184143, "presence": 0.9999997615814209}, "right knee": {"x": 0.5964214205741882, "y": 0.43104541301727295, "z": 0.21953871846199036, "visibility": 0.17129111289978027, "presence": 0.9999992847442627}, "left ankle": {"x": 0.7614566087722778, "y": 0.7093351483345032, "z": -0.23313844203948975, "visibility": 0.9113715291023254, "presence": 0.9999953508377075}, "right ankle": {"x": 0.5589643716812134, "y": 0.47907158732414246, "z": 0.31468337774276733, "visibility": 0.2608121335506439, "presence": 0.9999994039535522}, "left heel": {"x": 0.7765182852745056, "y": 0.7206518650054932, "z": -0.24558600783348083, "visibility": 0.8344732522964478, "presence": 0.9999666213989258}, "right heel": {"x": 0.564048707485199, "y": 0.5009334683418274, "z": 0.3217495083808899, "visibility": 0.41040778160095215, "presence": 0.9999994039535522}, "left foot index": {"x": 0.7507495284080505, "y": 0.7652985453605652, "z": -0.296669065952301, "visibility": 0.9241898059844971, "presence": 0.9999756813049316}, "right foot index": {"x": 0.5148463249206543, "y": 0.4714106619358063, "z": 0.31132587790489197, "visibility": 0.4149664342403412, "presence": 0.9999986886978149}, "timestamp": "20240418-205752"}