{"nose": {"x": 0.6056669354438782, "y": 0.29690492153167725, "z": -0.28701481223106384, "visibility": 0.9997221231460571, "presence": 0.9999996423721313}, "left eye (inner)": {"x": 0.6077334880828857, "y": 0.28217923641204834, "z": -0.29453766345977783, "visibility": 0.9997825026512146, "presence": 0.9999995231628418}, "left eye": {"x": 0.609933614730835, "y": 0.28059661388397217, "z": -0.2947545349597931, "visibility": 0.9997459053993225, "presence": 0.9999996423721313}, "left eye (outer)": {"x": 0.6122651696205139, "y": 0.2790091335773468, "z": -0.2947368919849396, "visibility": 0.9998165965080261, "presence": 0.9999995231628418}, "right eye (inner)": {"x": 0.6048761606216431, "y": 0.28376176953315735, "z": -0.2733862102031708, "visibility": 0.9998324513435364, "presence": 0.9999988079071045}, "right eye": {"x": 0.6044536828994751, "y": 0.28374406695365906, "z": -0.2735436260700226, "visibility": 0.9998303651809692, "presence": 0.9999988079071045}, "right eye (outer)": {"x": 0.6038724184036255, "y": 0.28379881381988525, "z": -0.27357998490333557, "visibility": 0.9998639822006226, "presence": 0.9999980926513672}, "left ear": {"x": 0.6246412992477417, "y": 0.27408215403556824, "z": -0.26011911034584045, "visibility": 0.9998358488082886, "presence": 0.9999996423721313}, "right ear": {"x": 0.6126008033752441, "y": 0.28116658329963684, "z": -0.18089093267917633, "visibility": 0.9996340870857239, "presence": 0.9999971389770508}, "mouth (left)": {"x": 0.6138244271278381, "y": 0.30501434206962585, "z": -0.2794724702835083, "visibility": 0.9993149638175964, "presence": 0.9999996423721313}, "mouth (right)": {"x": 0.6095001697540283, "y": 0.30752480030059814, "z": -0.24953997135162354, "visibility": 0.9991670250892639, "presence": 0.9999982118606567}, "left shoulder": {"x": 0.6679847836494446, "y": 0.3212890326976776, "z": -0.23645804822444916, "visibility": 0.9999600648880005, "presence": 0.9999996423721313}, "right shoulder": {"x": 0.609836220741272, "y": 0.34927642345428467, "z": -0.07163508981466293, "visibility": 0.9998958706855774, "presence": 0.9999886751174927}, "left elbow": {"x": 0.7023109793663025, "y": 0.3861726224422455, "z": -0.3195502758026123, "visibility": 0.9671167731285095, "presence": 0.9999395608901978}, "right elbow": {"x": 0.5930455923080444, "y": 0.4294356107711792, "z": -0.06434814631938934, "visibility": 0.634776771068573, "presence": 0.9997972846031189}, "left wrist": {"x": 0.6507898569107056, "y": 0.40360739827156067, "z": -0.44137266278266907, "visibility": 0.9672671556472778, "presence": 0.9999982118606567}, "right wrist": {"x": 0.5662422180175781, "y": 0.48726755380630493, "z": -0.18327362835407257, "visibility": 0.6561274528503418, "presence": 0.9993544220924377}, "left pinky": {"x": 0.635636568069458, "y": 0.4151417315006256, "z": -0.48390018939971924, "visibility": 0.9591561555862427, "presence": 0.9999961853027344}, "right pinky": {"x": 0.5562002658843994, "y": 0.49523577094078064, "z": -0.206471785902977, "visibility": 0.6340464353561401, "presence": 0.9986155033111572}, "left index": {"x": 0.6331548094749451, "y": 0.4007261097431183, "z": -0.4820508062839508, "visibility": 0.9586448669433594, "presence": 0.9999972581863403}, "right index": {"x": 0.5548136234283447, "y": 0.4945835471153259, "z": -0.22835302352905273, "visibility": 0.6461215019226074, "presence": 0.9987529516220093}, "left thumb": {"x": 0.637035608291626, "y": 0.39843064546585083, "z": -0.4421384930610657, "visibility": 0.9279509782791138, "presence": 0.9999983310699463}, "right thumb": {"x": 0.5602211356163025, "y": 0.49154943227767944, "z": -0.1967887282371521, "visibility": 0.6070278882980347, "presence": 0.9993699193000793}, "left hip": {"x": 0.6926383972167969, "y": 0.48127391934394836, "z": -0.04532661288976669, "visibility": 0.999652087688446, "presence": 0.9999929666519165}, "right hip": {"x": 0.6494916081428528, "y": 0.48524010181427, "z": 0.04511123150587082, "visibility": 0.9992145895957947, "presence": 0.9999854564666748}, "left knee": {"x": 0.7193766236305237, "y": 0.590258777141571, "z": -0.2387695014476776, "visibility": 0.8173518180847168, "presence": 0.9999387264251709}, "right knee": {"x": 0.5955434441566467, "y": 0.5199766159057617, "z": 0.03483991324901581, "visibility": 0.3516089916229248, "presence": 0.9995019435882568}, "left ankle": {"x": 0.7408034801483154, "y": 0.7146964073181152, "z": -0.1402740776538849, "visibility": 0.6787779927253723, "presence": 0.9994738698005676}, "right ankle": {"x": 0.5995075106620789, "y": 0.6123191118240356, "z": 0.19466334581375122, "visibility": 0.28448331356048584, "presence": 0.9983128309249878}, "left heel": {"x": 0.741122305393219, "y": 0.7316053509712219, "z": -0.1339508295059204, "visibility": 0.4920811355113983, "presence": 0.9981208443641663}, "right heel": {"x": 0.6080065965652466, "y": 0.6322696208953857, "z": 0.20833095908164978, "visibility": 0.28614509105682373, "presence": 0.9988847374916077}, "left foot index": {"x": 0.7480455040931702, "y": 0.7541736364364624, "z": -0.22847595810890198, "visibility": 0.7157913446426392, "presence": 0.9979109168052673}, "right foot index": {"x": 0.5893088579177856, "y": 0.6280038356781006, "z": 0.15497176349163055, "visibility": 0.3607947826385498, "presence": 0.9981830716133118}, "timestamp": "20240418-205642"}