{"nose": {"x": 0.7897077202796936, "y": 0.2711237668991089, "z": -0.2047695815563202, "visibility": 0.9998086094856262, "presence": 0.9999998807907104}, "left eye (inner)": {"x": 0.7925938963890076, "y": 0.25455692410469055, "z": -0.21164849400520325, "visibility": 0.9997291564941406, "presence": 0.9999996423721313}, "left eye": {"x": 0.7946067452430725, "y": 0.25321659445762634, "z": -0.21184058487415314, "visibility": 0.9997414350509644, "presence": 0.9999997615814209}, "left eye (outer)": {"x": 0.7966229319572449, "y": 0.25177472829818726, "z": -0.21175487339496613, "visibility": 0.9997607469558716, "presence": 0.9999996423721313}, "right eye (inner)": {"x": 0.7903546094894409, "y": 0.2556650638580322, "z": -0.1918369084596634, "visibility": 0.9997356534004211, "presence": 0.9999996423721313}, "right eye": {"x": 0.7904599905014038, "y": 0.2550850212574005, "z": -0.1920204907655716, "visibility": 0.9997668862342834, "presence": 0.9999996423721313}, "right eye (outer)": {"x": 0.7904517650604248, "y": 0.2542828321456909, "z": -0.19207927584648132, "visibility": 0.9997509121894836, "presence": 0.9999996423721313}, "left ear": {"x": 0.80887371301651, "y": 0.24993394315242767, "z": -0.20531313121318817, "visibility": 0.9998869299888611, "presence": 0.9999996423721313}, "right ear": {"x": 0.8013911843299866, "y": 0.253086656332016, "z": -0.10815601795911789, "visibility": 0.9995790719985962, "presence": 0.9999996423721313}, "mouth (left)": {"x": 0.7980684041976929, "y": 0.28127986192703247, "z": -0.19790470600128174, "visibility": 0.9994983673095703, "presence": 0.9999997615814209}, "mouth (right)": {"x": 0.7947962880134583, "y": 0.28301361203193665, "z": -0.17199738323688507, "visibility": 0.9993230700492859, "presence": 0.9999995231628418}, "left shoulder": {"x": 0.8569372296333313, "y": 0.30210015177726746, "z": -0.20859216153621674, "visibility": 0.9999685287475586, "presence": 0.9999994039535522}, "right shoulder": {"x": 0.8018249869346619, "y": 0.3428362011909485, "z": -0.014338061213493347, "visibility": 0.999409556388855, "presence": 0.999998927116394}, "left elbow": {"x": 0.8968603610992432, "y": 0.35697826743125916, "z": -0.298446923494339, "visibility": 0.9786125421524048, "presence": 0.9999107122421265}, "right elbow": {"x": 0.7925596833229065, "y": 0.4383675158023834, "z": 0.00783601589500904, "visibility": 0.7378131151199341, "presence": 0.9999896287918091}, "left wrist": {"x": 0.845544159412384, "y": 0.41179895401000977, "z": -0.4099220931529999, "visibility": 0.9608082175254822, "presence": 0.9999966621398926}, "right wrist": {"x": 0.756895899772644, "y": 0.5162696838378906, "z": -0.07983996719121933, "visibility": 0.8095160126686096, "presence": 0.9999982118606567}, "left pinky": {"x": 0.831171452999115, "y": 0.4339057207107544, "z": -0.4488440454006195, "visibility": 0.9580822587013245, "presence": 0.9999938011169434}, "right pinky": {"x": 0.7460444569587708, "y": 0.5423707962036133, "z": -0.09685493260622025, "visibility": 0.8035269379615784, "presence": 0.9999949932098389}, "left index": {"x": 0.8269803524017334, "y": 0.42080068588256836, "z": -0.448443740606308, "visibility": 0.9566974639892578, "presence": 0.9999954700469971}, "right index": {"x": 0.7418869733810425, "y": 0.5436246991157532, "z": -0.12182489782571793, "visibility": 0.8027468323707581, "presence": 0.999995231628418}, "left thumb": {"x": 0.8303128480911255, "y": 0.41537001729011536, "z": -0.41098785400390625, "visibility": 0.9418227672576904, "presence": 0.9999973773956299}, "right thumb": {"x": 0.7475078701972961, "y": 0.5358853936195374, "z": -0.09363406151533127, "visibility": 0.7897706031799316, "presence": 0.9999978542327881}, "left hip": {"x": 0.8777225613594055, "y": 0.48879319429397583, "z": -0.06674087047576904, "visibility": 0.9997390508651733, "presence": 0.99997878074646}, "right hip": {"x": 0.8385280966758728, "y": 0.4938030242919922, "z": 0.06655190885066986, "visibility": 0.999478280544281, "presence": 0.9999890327453613}, "left knee": {"x": 0.8957042098045349, "y": 0.6306878924369812, "z": -0.16830137372016907, "visibility": 0.9825109243392944, "presence": 0.9999551773071289}, "right knee": {"x": 0.7883037328720093, "y": 0.5889749526977539, "z": 0.14933432638645172, "visibility": 0.7882062792778015, "presence": 0.999925971031189}, "left ankle": {"x": 0.9399122595787048, "y": 0.7571887373924255, "z": -0.157533660531044, "visibility": 0.9701690077781677, "presence": 0.9995891451835632}, "right ankle": {"x": 0.7691736221313477, "y": 0.7040446996688843, "z": 0.28579071164131165, "visibility": 0.8127659559249878, "presence": 0.9997428059577942}, "left heel": {"x": 0.9459595680236816, "y": 0.776349663734436, "z": -0.16305826604366302, "visibility": 0.8662956357002258, "presence": 0.9978450536727905}, "right heel": {"x": 0.7746971845626831, "y": 0.7330308556556702, "z": 0.29602983593940735, "visibility": 0.7798375487327576, "presence": 0.9997281432151794}, "left foot index": {"x": 0.922977864742279, "y": 0.8036857843399048, "z": -0.2689310312271118, "visibility": 0.9612430334091187, "presence": 0.9980747699737549}, "right foot index": {"x": 0.7336878776550293, "y": 0.7136628031730652, "z": 0.2522628903388977, "visibility": 0.8358346819877625, "presence": 0.9996241331100464}, "timestamp": "20240418-205631"}