{"nose": {"x": 0.8608870506286621, "y": 0.3344425857067108, "z": 0.05633140727877617, "visibility": 0.9987757802009583, "presence": 0.9999905824661255}, "left eye (inner)": {"x": 0.8626146912574768, "y": 0.3188502788543701, "z": 0.03935669735074043, "visibility": 0.9982348084449768, "presence": 0.9999910593032837}, "left eye": {"x": 0.8637044429779053, "y": 0.31751173734664917, "z": 0.039208073168992996, "visibility": 0.9982754588127136, "presence": 0.9999934434890747}, "left eye (outer)": {"x": 0.8646876811981201, "y": 0.31636181473731995, "z": 0.03926266357302666, "visibility": 0.9978574514389038, "presence": 0.999992847442627}, "right eye (inner)": {"x": 0.8630316257476807, "y": 0.319679319858551, "z": 0.06507295370101929, "visibility": 0.9990158081054688, "presence": 0.9999790191650391}, "right eye": {"x": 0.8644077777862549, "y": 0.3188110589981079, "z": 0.06482906639575958, "visibility": 0.9992819428443909, "presence": 0.9999791383743286}, "right eye (outer)": {"x": 0.8657574653625488, "y": 0.3179418444633484, "z": 0.06472744047641754, "visibility": 0.9992674589157104, "presence": 0.9999728202819824}, "left ear": {"x": 0.8758755326271057, "y": 0.31313297152519226, "z": -0.008101248182356358, "visibility": 0.9990655183792114, "presence": 0.9999974966049194}, "right ear": {"x": 0.8756390810012817, "y": 0.31483522057533264, "z": 0.11610709130764008, "visibility": 0.9991956353187561, "presence": 0.9999761581420898}, "mouth (left)": {"x": 0.8659616112709045, "y": 0.34239041805267334, "z": 0.04387640208005905, "visibility": 0.9943267703056335, "presence": 0.9999920129776001}, "mouth (right)": {"x": 0.866923451423645, "y": 0.34390780329704285, "z": 0.07658575475215912, "visibility": 0.995316743850708, "presence": 0.9999629259109497}, "left shoulder": {"x": 0.9077852964401245, "y": 0.338212788105011, "z": -0.06970734149217606, "visibility": 0.9998705983161926, "presence": 0.9999966621398926}, "right shoulder": {"x": 0.8948850631713867, "y": 0.37151575088500977, "z": 0.1757371574640274, "visibility": 0.9984538555145264, "presence": 0.9998379945755005}, "left elbow": {"x": 0.9159108400344849, "y": 0.3976896107196808, "z": -0.11591866612434387, "visibility": 0.8628497123718262, "presence": 0.9999061822891235}, "right elbow": {"x": 0.8845481276512146, "y": 0.40044644474983215, "z": 0.25686565041542053, "visibility": 0.30777254700660706, "presence": 0.9995439648628235}, "left wrist": {"x": 0.8704187273979187, "y": 0.3686666786670685, "z": -0.06399694830179214, "visibility": 0.6770254373550415, "presence": 0.9999983310699463}, "right wrist": {"x": 0.8861554265022278, "y": 0.4110969007015228, "z": 0.309378445148468, "visibility": 0.24619431793689728, "presence": 0.999866247177124}, "left pinky": {"x": 0.8557579517364502, "y": 0.366088330745697, "z": -0.0671008974313736, "visibility": 0.6728726625442505, "presence": 0.9999969005584717}, "right pinky": {"x": 0.8863235116004944, "y": 0.41126304864883423, "z": 0.3253920376300812, "visibility": 0.23940786719322205, "presence": 0.9998778104782104}, "left index": {"x": 0.8564423322677612, "y": 0.3537047803401947, "z": -0.05455755814909935, "visibility": 0.6647397875785828, "presence": 0.9999969005584717}, "right index": {"x": 0.8880912065505981, "y": 0.40820184350013733, "z": 0.319538414478302, "visibility": 0.2343541532754898, "presence": 0.9998544454574585}, "left thumb": {"x": 0.8619251251220703, "y": 0.3588261604309082, "z": -0.0542929507791996, "visibility": 0.6308375000953674, "presence": 0.9999980926513672}, "right thumb": {"x": 0.8898128271102905, "y": 0.40682950615882874, "z": 0.30687862634658813, "visibility": 0.23257245123386383, "presence": 0.9998972415924072}, "left hip": {"x": 0.9458256959915161, "y": 0.5304506421089172, "z": -0.0815349668264389, "visibility": 0.9991922378540039, "presence": 0.9999319314956665}, "right hip": {"x": 0.9237152934074402, "y": 0.5495757460594177, "z": 0.08130766451358795, "visibility": 0.998557984828949, "presence": 0.9998326301574707}, "left knee": {"x": 0.9478405117988586, "y": 0.6576048731803894, "z": -0.28548356890678406, "visibility": 0.9839791655540466, "presence": 0.9999183416366577}, "right knee": {"x": 0.8600488901138306, "y": 0.6198784112930298, "z": 0.10340284556150436, "visibility": 0.4359721839427948, "presence": 0.9986850619316101}, "left ankle": {"x": 1.0177404880523682, "y": 0.791692852973938, "z": -0.436874657869339, "visibility": 0.9694107174873352, "presence": 0.9976391792297363}, "right ankle": {"x": 0.8973490595817566, "y": 0.7510388493537903, "z": 0.2163967788219452, "visibility": 0.6402012705802917, "presence": 0.9939175844192505}, "left heel": {"x": 1.0458956956863403, "y": 0.8208426833152771, "z": -0.4544646143913269, "visibility": 0.9196141958236694, "presence": 0.9873064756393433}, "right heel": {"x": 0.9094827771186829, "y": 0.7800605893135071, "z": 0.22287096083164215, "visibility": 0.729519784450531, "presence": 0.9952046871185303}, "left foot index": {"x": 0.9926580190658569, "y": 0.8512217998504639, "z": -0.5405434370040894, "visibility": 0.9492769837379456, "presence": 0.9885421991348267}, "right foot index": {"x": 0.8619725704193115, "y": 0.7815465331077576, "z": 0.20394200086593628, "visibility": 0.6545470952987671, "presence": 0.9922512173652649}, "timestamp": "20240418-205623"}