{"nose": {"x": 0.5951128005981445, "y": 0.2984592616558075, "z": -0.2511117160320282, "visibility": 0.9997479915618896, "presence": 0.9999980926513672}, "left eye (inner)": {"x": 0.5966224074363708, "y": 0.2843378186225891, "z": -0.25819939374923706, "visibility": 0.9998024106025696, "presence": 0.9999977350234985}, "left eye": {"x": 0.5987091660499573, "y": 0.28272145986557007, "z": -0.25843381881713867, "visibility": 0.9997692108154297, "presence": 0.9999983310699463}, "left eye (outer)": {"x": 0.6007250547409058, "y": 0.28122708201408386, "z": -0.25839313864707947, "visibility": 0.9998336434364319, "presence": 0.9999978542327881}, "right eye (inner)": {"x": 0.5937086939811707, "y": 0.28624626994132996, "z": -0.2371835559606552, "visibility": 0.9998469948768616, "presence": 0.9999954700469971}, "right eye": {"x": 0.5933300256729126, "y": 0.2862606346607208, "z": -0.2373732030391693, "visibility": 0.9998449683189392, "presence": 0.9999955892562866}, "right eye (outer)": {"x": 0.5927584767341614, "y": 0.28628668189048767, "z": -0.23745010793209076, "visibility": 0.9998753070831299, "presence": 0.9999940395355225}, "left ear": {"x": 0.6137823462486267, "y": 0.2759746313095093, "z": -0.24508501589298248, "visibility": 0.9998512864112854, "presence": 0.9999988079071045}, "right ear": {"x": 0.6015828251838684, "y": 0.2832429111003876, "z": -0.14604242146015167, "visibility": 0.9996598362922668, "presence": 0.9999933242797852}, "mouth (left)": {"x": 0.6031118035316467, "y": 0.306110143661499, "z": -0.24159500002861023, "visibility": 0.9993820190429688, "presence": 0.999998927116394}, "mouth (right)": {"x": 0.5989502668380737, "y": 0.3092287480831146, "z": -0.21423892676830292, "visibility": 0.9992465376853943, "presence": 0.9999954700469971}, "left shoulder": {"x": 0.655587375164032, "y": 0.3209519684314728, "z": -0.22736169397830963, "visibility": 0.999963641166687, "presence": 0.9999992847442627}, "right shoulder": {"x": 0.6059069037437439, "y": 0.3518562614917755, "z": -0.04229114204645157, "visibility": 0.9998951554298401, "presence": 0.999985933303833}, "left elbow": {"x": 0.6835556030273438, "y": 0.39246445894241333, "z": -0.30045950412750244, "visibility": 0.9653331637382507, "presence": 0.9998742341995239}, "right elbow": {"x": 0.6027386784553528, "y": 0.4342758059501648, "z": -0.058727215975522995, "visibility": 0.5797784924507141, "presence": 0.9996914863586426}, "left wrist": {"x": 0.6312884092330933, "y": 0.4068011939525604, "z": -0.39432352781295776, "visibility": 0.9609178900718689, "presence": 0.9999966621398926}, "right wrist": {"x": 0.5880715847015381, "y": 0.47335541248321533, "z": -0.19151417911052704, "visibility": 0.5953031778335571, "presence": 0.999276340007782}, "left pinky": {"x": 0.6153635382652283, "y": 0.4194176495075226, "z": -0.4323986768722534, "visibility": 0.949394941329956, "presence": 0.9999951124191284}, "right pinky": {"x": 0.5849372148513794, "y": 0.484965056180954, "z": -0.21656638383865356, "visibility": 0.5763411521911621, "presence": 0.9990015625953674}, "left index": {"x": 0.6136308312416077, "y": 0.4065505564212799, "z": -0.42765331268310547, "visibility": 0.9478976130485535, "presence": 0.9999960660934448}, "right index": {"x": 0.5795237421989441, "y": 0.48112940788269043, "z": -0.2332964390516281, "visibility": 0.5875237584114075, "presence": 0.999098539352417}, "left thumb": {"x": 0.6181119084358215, "y": 0.40485361218452454, "z": -0.3927839994430542, "visibility": 0.9022834300994873, "presence": 0.9999972581863403}, "right thumb": {"x": 0.5853287577629089, "y": 0.47761452198028564, "z": -0.20340439677238464, "visibility": 0.5510184168815613, "presence": 0.9994489550590515}, "left hip": {"x": 0.6924072504043579, "y": 0.48017531633377075, "z": -0.053991734981536865, "visibility": 0.9996815323829651, "presence": 0.9999977350234985}, "right hip": {"x": 0.6499444246292114, "y": 0.4850713014602661, "z": 0.053813863545656204, "visibility": 0.9992784261703491, "presence": 0.9999961853027344}, "left knee": {"x": 0.717430591583252, "y": 0.5920453071594238, "z": -0.22714844346046448, "visibility": 0.8324523568153381, "presence": 0.9999802112579346}, "right knee": {"x": 0.5974013209342957, "y": 0.5177300572395325, "z": 0.09851810336112976, "visibility": 0.32981619238853455, "presence": 0.999836802482605}, "left ankle": {"x": 0.741106390953064, "y": 0.7143920660018921, "z": -0.11537880450487137, "visibility": 0.6938403248786926, "presence": 0.9997784495353699}, "right ankle": {"x": 0.6003613471984863, "y": 0.5980432629585266, "z": 0.26410481333732605, "visibility": 0.2671676576137543, "presence": 0.9997106194496155}, "left heel": {"x": 0.7419401407241821, "y": 0.7298756837844849, "z": -0.1083410307765007, "visibility": 0.5015459656715393, "presence": 0.9990917444229126}, "right heel": {"x": 0.6084772944450378, "y": 0.6147969961166382, "z": 0.27775079011917114, "visibility": 0.2737504541873932, "presence": 0.9998213648796082}, "left foot index": {"x": 0.7465565800666809, "y": 0.7542898654937744, "z": -0.20272623002529144, "visibility": 0.7286967039108276, "presence": 0.9988607168197632}, "right foot index": {"x": 0.588472843170166, "y": 0.6147770881652832, "z": 0.23232200741767883, "visibility": 0.34506651759147644, "presence": 0.9995710253715515}, "timestamp": "20240418-205642"}