{"nose": {"x": 0.8461754322052002, "y": 0.3277845084667206, "z": 0.004229606594890356, "visibility": 0.999798059463501, "presence": 0.9999790191650391}, "left eye (inner)": {"x": 0.8470150232315063, "y": 0.31040656566619873, "z": -0.012500319629907608, "visibility": 0.9997285604476929, "presence": 0.9999750852584839}, "left eye": {"x": 0.8482659459114075, "y": 0.30852898955345154, "z": -0.012650237418711185, "visibility": 0.9997360706329346, "presence": 0.999983549118042}, "left eye (outer)": {"x": 0.8494860529899597, "y": 0.3070142865180969, "z": -0.012603242881596088, "visibility": 0.9997587203979492, "presence": 0.9999816417694092}, "right eye (inner)": {"x": 0.8470041751861572, "y": 0.3115940988063812, "z": 0.012524666264653206, "visibility": 0.9997902512550354, "presence": 0.9999446868896484}, "right eye": {"x": 0.8481238484382629, "y": 0.3105342984199524, "z": 0.012325236573815346, "visibility": 0.9998165369033813, "presence": 0.9999516010284424}, "right eye (outer)": {"x": 0.8492509722709656, "y": 0.3094424307346344, "z": 0.012246486730873585, "visibility": 0.999832034111023, "presence": 0.9999407529830933}, "left ear": {"x": 0.8618431091308594, "y": 0.3021118938922882, "z": -0.0559186190366745, "visibility": 0.9998573064804077, "presence": 0.9999938011169434}, "right ear": {"x": 0.8608962893486023, "y": 0.30431321263313293, "z": 0.06128513067960739, "visibility": 0.9997017979621887, "presence": 0.9999462366104126}, "mouth (left)": {"x": 0.8526738882064819, "y": 0.333633691072464, "z": -0.007099964655935764, "visibility": 0.9994354844093323, "presence": 0.9999920129776001}, "mouth (right)": {"x": 0.8527849316596985, "y": 0.33444562554359436, "z": 0.025108635425567627, "visibility": 0.9992502927780151, "presence": 0.9999594688415527}, "left shoulder": {"x": 0.9005863070487976, "y": 0.32431453466415405, "z": -0.11457846313714981, "visibility": 0.9999785423278809, "presence": 0.9999978542327881}, "right shoulder": {"x": 0.8731884360313416, "y": 0.3707561790943146, "z": 0.1300804316997528, "visibility": 0.9995459318161011, "presence": 0.9998701810836792}, "left elbow": {"x": 0.9198678731918335, "y": 0.3780374825000763, "z": -0.2223455011844635, "visibility": 0.9204472899436951, "presence": 0.9998477697372437}, "right elbow": {"x": 0.8590888381004333, "y": 0.4382871091365814, "z": 0.1379702240228653, "visibility": 0.19813814759254456, "presence": 0.9994547963142395}, "left wrist": {"x": 0.8605836629867554, "y": 0.3718467354774475, "z": -0.2842639982700348, "visibility": 0.8025050163269043, "presence": 0.9999960660934448}, "right wrist": {"x": 0.8158368468284607, "y": 0.4882962107658386, "z": 0.0572826974093914, "visibility": 0.24200916290283203, "presence": 0.9993588328361511}, "left pinky": {"x": 0.8465562462806702, "y": 0.37411391735076904, "z": -0.3082428574562073, "visibility": 0.8042811751365662, "presence": 0.9999933242797852}, "right pinky": {"x": 0.8040696382522583, "y": 0.503236711025238, "z": 0.053017180413007736, "visibility": 0.2501583993434906, "presence": 0.9993621706962585}, "left index": {"x": 0.845560610294342, "y": 0.3647732138633728, "z": -0.29624101519584656, "visibility": 0.7945684194564819, "presence": 0.9999945163726807}, "right index": {"x": 0.7982710003852844, "y": 0.5033453106880188, "z": 0.03659646958112717, "visibility": 0.2475295066833496, "presence": 0.999325156211853}, "left thumb": {"x": 0.8496666550636292, "y": 0.3675609230995178, "z": -0.2786008417606354, "visibility": 0.7352827787399292, "presence": 0.9999964237213135}, "right thumb": {"x": 0.8041523694992065, "y": 0.4987165331840515, "z": 0.04638336971402168, "visibility": 0.24562056362628937, "presence": 0.9995694756507874}, "left hip": {"x": 0.938313901424408, "y": 0.5253479480743408, "z": -0.07587263733148575, "visibility": 0.9997859597206116, "presence": 0.9999697208404541}, "right hip": {"x": 0.9087212085723877, "y": 0.5332990288734436, "z": 0.07565392553806305, "visibility": 0.9994570016860962, "presence": 0.9999476671218872}, "left knee": {"x": 0.9324235320091248, "y": 0.6510641574859619, "z": -0.2619258165359497, "visibility": 0.9870749711990356, "presence": 0.99994957447052}, "right knee": {"x": 0.8544226884841919, "y": 0.6233395338058472, "z": 0.20140178501605988, "visibility": 0.390012264251709, "presence": 0.9990993738174438}, "left ankle": {"x": 1.0023319721221924, "y": 0.7823649644851685, "z": -0.369684100151062, "visibility": 0.9836448431015015, "presence": 0.9982448816299438}, "right ankle": {"x": 0.8725528120994568, "y": 0.7489883303642273, "z": 0.2865890860557556, "visibility": 0.5825521945953369, "presence": 0.9966379404067993}, "left heel": {"x": 1.0281871557235718, "y": 0.8193342685699463, "z": -0.3840234577655792, "visibility": 0.9511806964874268, "presence": 0.9908201098442078}, "right heel": {"x": 0.8840261101722717, "y": 0.7752699851989746, "z": 0.29649198055267334, "visibility": 0.6636606454849243, "presence": 0.9976660013198853}, "left foot index": {"x": 0.9812873005867004, "y": 0.8458110094070435, "z": -0.47352683544158936, "visibility": 0.9849988222122192, "presence": 0.9925851225852966}, "right foot index": {"x": 0.836217999458313, "y": 0.7769050598144531, "z": 0.2780730128288269, "visibility": 0.6548565626144409, "presence": 0.9964820146560669}, "timestamp": "20240418-205731"}