{"nose": {"x": 0.8679904937744141, "y": 0.29685935378074646, "z": -0.085150808095932, "visibility": 0.999850869178772, "presence": 0.9999915361404419}, "left eye (inner)": {"x": 0.8709545731544495, "y": 0.27999985218048096, "z": -0.08968687802553177, "visibility": 0.9998252391815186, "presence": 0.9999861717224121}, "left eye": {"x": 0.8731979727745056, "y": 0.27838343381881714, "z": -0.08983075618743896, "visibility": 0.9998244047164917, "presence": 0.9999895095825195}, "left eye (outer)": {"x": 0.875538170337677, "y": 0.27691543102264404, "z": -0.08972098678350449, "visibility": 0.9998182058334351, "presence": 0.9999885559082031}, "right eye (inner)": {"x": 0.8682186603546143, "y": 0.28170716762542725, "z": -0.07463225722312927, "visibility": 0.9998687505722046, "presence": 0.9999754428863525}, "right eye": {"x": 0.8683294653892517, "y": 0.281439870595932, "z": -0.07486546039581299, "visibility": 0.99988853931427, "presence": 0.9999781847000122}, "right eye (outer)": {"x": 0.8684784770011902, "y": 0.2810230255126953, "z": -0.07497727125883102, "visibility": 0.9998872876167297, "presence": 0.9999756813049316}, "left ear": {"x": 0.8909810185432434, "y": 0.2730357050895691, "z": -0.08317440003156662, "visibility": 0.9999085664749146, "presence": 0.9999971389770508}, "right ear": {"x": 0.8821313977241516, "y": 0.2772081196308136, "z": -0.011354384012520313, "visibility": 0.9998424053192139, "presence": 0.9999847412109375}, "mouth (left)": {"x": 0.8765699863433838, "y": 0.306716650724411, "z": -0.0781022384762764, "visibility": 0.9994637966156006, "presence": 0.9999967813491821}, "mouth (right)": {"x": 0.8722014427185059, "y": 0.3085021674633026, "z": -0.05892636626958847, "visibility": 0.9993685483932495, "presence": 0.9999866485595703}, "left shoulder": {"x": 0.9471516013145447, "y": 0.3245885372161865, "z": -0.09044080972671509, "visibility": 0.9999786019325256, "presence": 0.9999963045120239}, "right shoulder": {"x": 0.8718323111534119, "y": 0.3458181619644165, "z": 0.03924201801419258, "visibility": 0.999428391456604, "presence": 0.9999650716781616}, "left elbow": {"x": 0.9746066927909851, "y": 0.4087829291820526, "z": -0.16114041209220886, "visibility": 0.948969304561615, "presence": 0.9997976422309875}, "right elbow": {"x": 0.8251256942749023, "y": 0.31995636224746704, "z": 0.035144463181495667, "visibility": 0.4437103867530823, "presence": 0.9999325275421143}, "left wrist": {"x": 0.9207347631454468, "y": 0.37579086422920227, "z": -0.2530844807624817, "visibility": 0.8819456696510315, "presence": 0.9999997615814209}, "right wrist": {"x": 0.8442603945732117, "y": 0.2622206509113312, "z": 0.12826816737651825, "visibility": 0.4818790853023529, "presence": 0.9999740123748779}, "left pinky": {"x": 0.9007888436317444, "y": 0.3756013512611389, "z": -0.24280551075935364, "visibility": 0.8779741525650024, "presence": 0.9999996423721313}, "right pinky": {"x": 0.8463483452796936, "y": 0.2429809719324112, "z": 0.13314425945281982, "visibility": 0.479763001203537, "presence": 0.9999568462371826}, "left index": {"x": 0.9014268517494202, "y": 0.3608415424823761, "z": -0.24516385793685913, "visibility": 0.8733832240104675, "presence": 0.9999997615814209}, "right index": {"x": 0.8559083938598633, "y": 0.2406589537858963, "z": 0.15123338997364044, "visibility": 0.47109338641166687, "presence": 0.999954104423523}, "left thumb": {"x": 0.9067462682723999, "y": 0.36180469393730164, "z": -0.2522517144680023, "visibility": 0.8496040105819702, "presence": 0.9999997615814209}, "right thumb": {"x": 0.8415816426277161, "y": 0.24999764561653137, "z": 0.13637472689151764, "visibility": 0.4638846814632416, "presence": 0.9999738931655884}, "left hip": {"x": 0.9573318362236023, "y": 0.5236197710037231, "z": -0.05008106306195259, "visibility": 0.9998222589492798, "presence": 0.9999902248382568}, "right hip": {"x": 0.9076263904571533, "y": 0.5443426370620728, "z": 0.0499412827193737, "visibility": 0.9995719790458679, "presence": 0.9999877214431763}, "left knee": {"x": 0.9516791105270386, "y": 0.6374898552894592, "z": -0.31034812331199646, "visibility": 0.9923473596572876, "presence": 0.9999964237213135}, "right knee": {"x": 0.8576160073280334, "y": 0.671697199344635, "z": 0.09259992092847824, "visibility": 0.6185339093208313, "presence": 0.9999657869338989}, "left ankle": {"x": 0.9847954511642456, "y": 0.7981579303741455, "z": -0.33815115690231323, "visibility": 0.9859740138053894, "presence": 0.9999392032623291}, "right ankle": {"x": 0.8934829831123352, "y": 0.7564781904220581, "z": 0.37112197279930115, "visibility": 0.6956396102905273, "presence": 0.9999223947525024}, "left heel": {"x": 0.9929271340370178, "y": 0.8235414028167725, "z": -0.3443089425563812, "visibility": 0.9570676684379578, "presence": 0.9997212290763855}, "right heel": {"x": 0.909311830997467, "y": 0.7716898322105408, "z": 0.3983355462551117, "visibility": 0.7554452419281006, "presence": 0.9999443292617798}, "left foot index": {"x": 0.9650126099586487, "y": 0.8517287969589233, "z": -0.4613252878189087, "visibility": 0.9811781048774719, "presence": 0.9993906021118164}, "right foot index": {"x": 0.8625527024269104, "y": 0.7863609194755554, "z": 0.3739282190799713, "visibility": 0.7567152380943298, "presence": 0.9998903274536133}, "timestamp": "20240418-205614"}