{"nose": {"x": 0.7928845882415771, "y": 0.29958468675613403, "z": 0.039378780871629715, "visibility": 0.9999439716339111, "presence": 0.9999933242797852}, "left eye (inner)": {"x": 0.793336808681488, "y": 0.28115200996398926, "z": 0.0200810506939888, "visibility": 0.9999130964279175, "presence": 0.9999914169311523}, "left eye": {"x": 0.7945295572280884, "y": 0.2792878746986389, "z": 0.019945703446865082, "visibility": 0.9999198913574219, "presence": 0.9999927282333374}, "left eye (outer)": {"x": 0.7956620454788208, "y": 0.2773202955722809, "z": 0.019970642402768135, "visibility": 0.9999328255653381, "presence": 0.9999912977218628}, "right eye (inner)": {"x": 0.7921218276023865, "y": 0.28082242608070374, "z": 0.04554121568799019, "visibility": 0.9999160170555115, "presence": 0.9999850988388062}, "right eye": {"x": 0.7922449111938477, "y": 0.27894529700279236, "z": 0.04532812163233757, "visibility": 0.9999262094497681, "presence": 0.9999858140945435}, "right eye (outer)": {"x": 0.7919551730155945, "y": 0.27666643261909485, "z": 0.045289333909749985, "visibility": 0.9999213218688965, "presence": 0.9999825954437256}, "left ear": {"x": 0.8065243363380432, "y": 0.26893487572669983, "z": -0.03733528032898903, "visibility": 0.9999665021896362, "presence": 0.9999960660934448}, "right ear": {"x": 0.804282009601593, "y": 0.2684828042984009, "z": 0.08011478930711746, "visibility": 0.9998611211776733, "presence": 0.9999862909317017}, "mouth (left)": {"x": 0.8014570474624634, "y": 0.30643242597579956, "z": 0.023447072133421898, "visibility": 0.9999261498451233, "presence": 0.9999943971633911}, "mouth (right)": {"x": 0.7991870641708374, "y": 0.3067564368247986, "z": 0.05600964277982712, "visibility": 0.9998587965965271, "presence": 0.9999804496765137}, "left shoulder": {"x": 0.834208607673645, "y": 0.29855918884277344, "z": -0.10384370386600494, "visibility": 0.9999910593032837, "presence": 0.9999973773956299}, "right shoulder": {"x": 0.8369394540786743, "y": 0.3200235068798065, "z": 0.1555705964565277, "visibility": 0.9998683929443359, "presence": 0.999976634979248}, "left elbow": {"x": 0.8355956077575684, "y": 0.37335121631622314, "z": -0.16474834084510803, "visibility": 0.9898470044136047, "presence": 0.9999501705169678}, "right elbow": {"x": 0.8544201850891113, "y": 0.38849198818206787, "z": 0.26420965790748596, "visibility": 0.5624170899391174, "presence": 0.9999524354934692}, "left wrist": {"x": 0.7997151017189026, "y": 0.40015852451324463, "z": -0.13445410132408142, "visibility": 0.9777258038520813, "presence": 0.9999936819076538}, "right wrist": {"x": 0.8270389437675476, "y": 0.40840280055999756, "z": 0.3393373191356659, "visibility": 0.6698542237281799, "presence": 0.9999935626983643}, "left pinky": {"x": 0.7879042029380798, "y": 0.409961074590683, "z": -0.14208783209323883, "visibility": 0.9728942513465881, "presence": 0.9999836683273315}, "right pinky": {"x": 0.8197184205055237, "y": 0.4072882831096649, "z": 0.36106470227241516, "visibility": 0.685434103012085, "presence": 0.9999892711639404}, "left index": {"x": 0.7861396074295044, "y": 0.40093231201171875, "z": -0.13213713467121124, "visibility": 0.9711577892303467, "presence": 0.999982476234436}, "right index": {"x": 0.8170685172080994, "y": 0.4050002992153168, "z": 0.3474714457988739, "visibility": 0.6859886050224304, "presence": 0.9999865293502808}, "left thumb": {"x": 0.7922123670578003, "y": 0.4009557366371155, "z": -0.12712106108665466, "visibility": 0.9551185965538025, "presence": 0.9999904632568359}, "right thumb": {"x": 0.8187472224235535, "y": 0.4060625433921814, "z": 0.33426621556282043, "visibility": 0.6780008673667908, "presence": 0.9999924898147583}, "left hip": {"x": 0.9084017872810364, "y": 0.46319860219955444, "z": -0.07903892546892166, "visibility": 0.9998865127563477, "presence": 0.999975323677063}, "right hip": {"x": 0.8891651630401611, "y": 0.4773990213871002, "z": 0.07892067730426788, "visibility": 0.9998068809509277, "presence": 0.9999760389328003}, "left knee": {"x": 0.8986400961875916, "y": 0.601591169834137, "z": -0.21788997948169708, "visibility": 0.9771167039871216, "presence": 0.9999605417251587}, "right knee": {"x": 0.8489842414855957, "y": 0.5837814211845398, "z": 0.02445436269044876, "visibility": 0.7606590986251831, "presence": 0.9999549388885498}, "left ankle": {"x": 0.9665972590446472, "y": 0.7236254215240479, "z": -0.27101564407348633, "visibility": 0.956289529800415, "presence": 0.9993834495544434}, "right ankle": {"x": 0.8701648712158203, "y": 0.7221139669418335, "z": -0.021793724969029427, "visibility": 0.8146392107009888, "presence": 0.9991366267204285}, "left heel": {"x": 0.9847915768623352, "y": 0.7331119775772095, "z": -0.2785774767398834, "visibility": 0.8285163640975952, "presence": 0.9963070154190063}, "right heel": {"x": 0.8842040300369263, "y": 0.7515586614608765, "z": -0.02862612158060074, "visibility": 0.779055118560791, "presence": 0.9984934329986572}, "left foot index": {"x": 0.9624935388565063, "y": 0.7975295782089233, "z": -0.3326037526130676, "visibility": 0.9553471803665161, "presence": 0.9950891137123108}, "right foot index": {"x": 0.8315505385398865, "y": 0.7631076574325562, "z": -0.05443151295185089, "visibility": 0.8535999059677124, "presence": 0.9954583644866943}, "timestamp": "20240418-205658"}