{"nose": {"x": 0.5928277969360352, "y": 0.3355395793914795, "z": -0.020022155717015266, "visibility": 0.9999912977218628, "presence": 0.9999974966049194}, "left eye (inner)": {"x": 0.5921062231063843, "y": 0.3204821050167084, "z": -0.03449053317308426, "visibility": 0.9999899864196777, "presence": 0.9999969005584717}, "left eye": {"x": 0.5933255553245544, "y": 0.31824466586112976, "z": -0.03464176505804062, "visibility": 0.9999886751174927, "presence": 0.9999971389770508}, "left eye (outer)": {"x": 0.5944532752037048, "y": 0.31647929549217224, "z": -0.034612953662872314, "visibility": 0.999991774559021, "presence": 0.9999958276748657}, "right eye (inner)": {"x": 0.5907354354858398, "y": 0.32168105244636536, "z": -0.009300668723881245, "visibility": 0.9999901056289673, "presence": 0.9999945163726807}, "right eye": {"x": 0.5910041928291321, "y": 0.32036149501800537, "z": -0.009519544430077076, "visibility": 0.9999886751174927, "presence": 0.9999943971633911}, "right eye (outer)": {"x": 0.5912295579910278, "y": 0.31908562779426575, "z": -0.009601036086678505, "visibility": 0.9999897480010986, "presence": 0.9999921321868896}, "left ear": {"x": 0.6038702130317688, "y": 0.3080432116985321, "z": -0.06958552449941635, "visibility": 0.9999913573265076, "presence": 0.9999953508377075}, "right ear": {"x": 0.6008628010749817, "y": 0.31015121936798096, "z": 0.045662447810173035, "visibility": 0.9999577403068542, "presence": 0.9999886751174927}, "mouth (left)": {"x": 0.6001904606819153, "y": 0.3397708535194397, "z": -0.02850685641169548, "visibility": 0.9999595880508423, "presence": 0.9999852180480957}, "mouth (right)": {"x": 0.5990366339683533, "y": 0.3415243923664093, "z": 0.003617215668782592, "visibility": 0.999936044216156, "presence": 0.9999555349349976}, "left shoulder": {"x": 0.6234128475189209, "y": 0.3369145393371582, "z": -0.1277785748243332, "visibility": 0.999987006187439, "presence": 0.9999780654907227}, "right shoulder": {"x": 0.626546323299408, "y": 0.34615668654441833, "z": 0.12988433241844177, "visibility": 0.9997924566268921, "presence": 0.9998679161071777}, "left elbow": {"x": 0.5985381603240967, "y": 0.38980692625045776, "z": -0.15180940926074982, "visibility": 0.9757887125015259, "presence": 0.9998716115951538}, "right elbow": {"x": 0.6255505681037903, "y": 0.38036951422691345, "z": 0.183426171541214, "visibility": 0.35946890711784363, "presence": 0.9998834133148193}, "left wrist": {"x": 0.5681191682815552, "y": 0.4109145998954773, "z": -0.07663146406412125, "visibility": 0.9500772356987, "presence": 0.9999096393585205}, "right wrist": {"x": 0.6103079915046692, "y": 0.41189873218536377, "z": 0.16778017580509186, "visibility": 0.3724779784679413, "presence": 0.9999314546585083}, "left pinky": {"x": 0.5628666877746582, "y": 0.4152766466140747, "z": -0.08339302986860275, "visibility": 0.942543625831604, "presence": 0.9997195601463318}, "right pinky": {"x": 0.6047317981719971, "y": 0.4188968539237976, "z": 0.17476175725460052, "visibility": 0.3697291612625122, "presence": 0.9998487234115601}, "left index": {"x": 0.5610476136207581, "y": 0.4107457399368286, "z": -0.07712724059820175, "visibility": 0.9412438273429871, "presence": 0.9996637105941772}, "right index": {"x": 0.6020370125770569, "y": 0.4176270663738251, "z": 0.16156478226184845, "visibility": 0.3770315945148468, "presence": 0.9998071789741516}, "left thumb": {"x": 0.5647015571594238, "y": 0.4098864197731018, "z": -0.0706896185874939, "visibility": 0.9041751623153687, "presence": 0.9998167157173157}, "right thumb": {"x": 0.604005753993988, "y": 0.4153144955635071, "z": 0.16019070148468018, "visibility": 0.3473097085952759, "presence": 0.9999011754989624}, "left hip": {"x": 0.6968736052513123, "y": 0.47998344898223877, "z": -0.08508305996656418, "visibility": 0.999894380569458, "presence": 0.9999909400939941}, "right hip": {"x": 0.6830874085426331, "y": 0.48328226804733276, "z": 0.08487801253795624, "visibility": 0.9997179508209229, "presence": 0.9999922513961792}, "left knee": {"x": 0.7072129249572754, "y": 0.6170323491096497, "z": -0.17841869592666626, "visibility": 0.917341411113739, "presence": 0.9999550580978394}, "right knee": {"x": 0.6628044247627258, "y": 0.5704917907714844, "z": 0.17007139325141907, "visibility": 0.25591230392456055, "presence": 0.999902606010437}, "left ankle": {"x": 0.78165602684021, "y": 0.6955155730247498, "z": -0.21009531617164612, "visibility": 0.9046460390090942, "presence": 0.9996126294136047}, "right ankle": {"x": 0.7063708901405334, "y": 0.6440181136131287, "z": 0.26229873299598694, "visibility": 0.2881794273853302, "presence": 0.9998292922973633}, "left heel": {"x": 0.7990940809249878, "y": 0.698438823223114, "z": -0.21611104905605316, "visibility": 0.7914263010025024, "presence": 0.9983722567558289}, "right heel": {"x": 0.7212084531784058, "y": 0.6478374004364014, "z": 0.2713147699832916, "visibility": 0.35335099697113037, "presence": 0.9998611211776733}, "left foot index": {"x": 0.7762625813484192, "y": 0.7592735290527344, "z": -0.2791641354560852, "visibility": 0.9318388104438782, "presence": 0.9957179427146912}, "right foot index": {"x": 0.6894925236701965, "y": 0.6973451972007751, "z": 0.2792791724205017, "visibility": 0.40957731008529663, "presence": 0.9995009899139404}, "timestamp": "20240418-205801"}