{"nose": {"x": 0.8615696430206299, "y": 0.30593809485435486, "z": 0.039047401398420334, "visibility": 0.9986221790313721, "presence": 0.9999730587005615}, "left eye (inner)": {"x": 0.8626748323440552, "y": 0.2908599078655243, "z": 0.019853614270687103, "visibility": 0.9983415603637695, "presence": 0.9999738931655884}, "left eye": {"x": 0.8631458282470703, "y": 0.28897932171821594, "z": 0.01970292441546917, "visibility": 0.9983436465263367, "presence": 0.9999796152114868}, "left eye (outer)": {"x": 0.8634742498397827, "y": 0.2873478829860687, "z": 0.01973404549062252, "visibility": 0.9981793165206909, "presence": 0.9999759197235107}, "right eye (inner)": {"x": 0.8637357950210571, "y": 0.29167988896369934, "z": 0.04547257348895073, "visibility": 0.9987999200820923, "presence": 0.99994957447052}, "right eye": {"x": 0.8651347160339355, "y": 0.29028719663619995, "z": 0.04520980641245842, "visibility": 0.9990398287773132, "presence": 0.9999524354934692}, "right eye (outer)": {"x": 0.8663966655731201, "y": 0.28896865248680115, "z": 0.04510568454861641, "visibility": 0.9990094900131226, "presence": 0.9999408721923828}, "left ear": {"x": 0.8728871941566467, "y": 0.2834128141403198, "z": -0.029729146510362625, "visibility": 0.9992859363555908, "presence": 0.9999889135360718}, "right ear": {"x": 0.8758381605148315, "y": 0.28475627303123474, "z": 0.08985146880149841, "visibility": 0.998866856098175, "presence": 0.9999480247497559}, "mouth (left)": {"x": 0.8663128018379211, "y": 0.312590092420578, "z": 0.026422202587127686, "visibility": 0.9929489493370056, "presence": 0.9999736547470093}, "mouth (right)": {"x": 0.8671398162841797, "y": 0.3135151267051697, "z": 0.05880320817232132, "visibility": 0.990962028503418, "presence": 0.9999091625213623}, "left shoulder": {"x": 0.905436635017395, "y": 0.3100799024105072, "z": -0.08642558008432388, "visibility": 0.9998031258583069, "presence": 0.9999935626983643}, "right shoulder": {"x": 0.8926233053207397, "y": 0.3338366746902466, "z": 0.15668655931949615, "visibility": 0.9977141618728638, "presence": 0.9999130964279175}, "left elbow": {"x": 0.9047073125839233, "y": 0.36783772706985474, "z": -0.1297033280134201, "visibility": 0.83463454246521, "presence": 0.9998729228973389}, "right elbow": {"x": 0.9127613306045532, "y": 0.40838921070098877, "z": 0.22709733247756958, "visibility": 0.1586511731147766, "presence": 0.9996895790100098}, "left wrist": {"x": 0.8589318990707397, "y": 0.3505995571613312, "z": -0.07709253579378128, "visibility": 0.6352726221084595, "presence": 0.9999946355819702}, "right wrist": {"x": 0.918059766292572, "y": 0.4439263641834259, "z": 0.2526952028274536, "visibility": 0.1594741940498352, "presence": 0.9998741149902344}, "left pinky": {"x": 0.8477593064308167, "y": 0.35180795192718506, "z": -0.08126560598611832, "visibility": 0.6457633972167969, "presence": 0.9999884366989136}, "right pinky": {"x": 0.9204514026641846, "y": 0.4554993212223053, "z": 0.26485154032707214, "visibility": 0.16954170167446136, "presence": 0.9998469352722168}, "left index": {"x": 0.8479775786399841, "y": 0.34000518918037415, "z": -0.06783677637577057, "visibility": 0.6389420032501221, "presence": 0.9999884366989136}, "right index": {"x": 0.9173519611358643, "y": 0.4525201916694641, "z": 0.25572627782821655, "visibility": 0.16825281083583832, "presence": 0.9998074173927307}, "left thumb": {"x": 0.8531118035316467, "y": 0.3424203097820282, "z": -0.06699693948030472, "visibility": 0.5894413590431213, "presence": 0.9999926090240479}, "right thumb": {"x": 0.9161869287490845, "y": 0.44728341698646545, "z": 0.24836908280849457, "visibility": 0.1680046021938324, "presence": 0.9998724460601807}, "left hip": {"x": 0.9359345436096191, "y": 0.5082330703735352, "z": -0.07804848998785019, "visibility": 0.9983721375465393, "presence": 0.9999258518218994}, "right hip": {"x": 0.9168704748153687, "y": 0.5168454647064209, "z": 0.07786832004785538, "visibility": 0.9969179630279541, "presence": 0.9998822212219238}, "left knee": {"x": 0.9419833421707153, "y": 0.6442975401878357, "z": -0.19107785820960999, "visibility": 0.9746323227882385, "presence": 0.999842643737793}, "right knee": {"x": 0.8666287660598755, "y": 0.6153090000152588, "z": 0.11687924712896347, "visibility": 0.35867610573768616, "presence": 0.9991434812545776}, "left ankle": {"x": 1.0087575912475586, "y": 0.7616506814956665, "z": -0.2880917489528656, "visibility": 0.9226561784744263, "presence": 0.9972346425056458}, "right ankle": {"x": 0.8955470323562622, "y": 0.7513337731361389, "z": 0.17808248102664948, "visibility": 0.5402134656906128, "presence": 0.9950792789459229}, "left heel": {"x": 1.0353715419769287, "y": 0.7912750244140625, "z": -0.3008377254009247, "visibility": 0.8789913058280945, "presence": 0.9851657152175903}, "right heel": {"x": 0.9072174429893494, "y": 0.778482973575592, "z": 0.18056119978427887, "visibility": 0.6877766251564026, "presence": 0.9945675134658813}, "left foot index": {"x": 0.995215892791748, "y": 0.825016975402832, "z": -0.376808226108551, "visibility": 0.8673139810562134, "presence": 0.9763944745063782}, "right foot index": {"x": 0.8584063053131104, "y": 0.7800277471542358, "z": 0.15822821855545044, "visibility": 0.5228847861289978, "presence": 0.9874489307403564}, "timestamp": "20240418-205835"}