{"nose": {"x": 0.8663927912712097, "y": 0.2571614682674408, "z": -0.30329880118370056, "visibility": 0.9998728036880493, "presence": 0.9999926090240479}, "left eye (inner)": {"x": 0.8693240284919739, "y": 0.24026866257190704, "z": -0.3058643341064453, "visibility": 0.9998195767402649, "presence": 0.9999914169311523}, "left eye": {"x": 0.8713870048522949, "y": 0.23893386125564575, "z": -0.3060843050479889, "visibility": 0.9998155832290649, "presence": 0.999993085861206}, "left eye (outer)": {"x": 0.8740091919898987, "y": 0.23757217824459076, "z": -0.3060292899608612, "visibility": 0.999811053276062, "presence": 0.9999912977218628}, "right eye (inner)": {"x": 0.8656308650970459, "y": 0.2412368804216385, "z": -0.28927406668663025, "visibility": 0.9998580813407898, "presence": 0.9999847412109375}, "right eye": {"x": 0.865286111831665, "y": 0.24069499969482422, "z": -0.2894858717918396, "visibility": 0.9998779296875, "presence": 0.999985933303833}, "right eye (outer)": {"x": 0.8648366332054138, "y": 0.2400544434785843, "z": -0.2895905673503876, "visibility": 0.9998738765716553, "presence": 0.9999817609786987}, "left ear": {"x": 0.8903321027755737, "y": 0.23436139523983002, "z": -0.2658540904521942, "visibility": 0.9999041557312012, "presence": 0.9999924898147583}, "right ear": {"x": 0.8756716847419739, "y": 0.23716504871845245, "z": -0.18571603298187256, "visibility": 0.9997437596321106, "presence": 0.9999711513519287}, "mouth (left)": {"x": 0.8743826150894165, "y": 0.26945433020591736, "z": -0.2822186052799225, "visibility": 0.9996271729469299, "presence": 0.9999948740005493}, "mouth (right)": {"x": 0.8700098395347595, "y": 0.27160683274269104, "z": -0.26075318455696106, "visibility": 0.9996227622032166, "presence": 0.9999792575836182}, "left shoulder": {"x": 0.9459554553031921, "y": 0.28954070806503296, "z": -0.2334335893392563, "visibility": 0.9999774098396301, "presence": 0.9999955892562866}, "right shoulder": {"x": 0.8642798066139221, "y": 0.31973132491111755, "z": -0.07482341676950455, "visibility": 0.9996595978736877, "presence": 0.9999487400054932}, "left elbow": {"x": 0.984988808631897, "y": 0.3786201477050781, "z": -0.3159900903701782, "visibility": 0.9727662205696106, "presence": 0.9995028972625732}, "right elbow": {"x": 0.8408747911453247, "y": 0.41902801394462585, "z": -0.05728309974074364, "visibility": 0.7867959141731262, "presence": 0.9996724128723145}, "left wrist": {"x": 0.9329901933670044, "y": 0.39516130089759827, "z": -0.45050686597824097, "visibility": 0.9443377256393433, "presence": 0.9999935626983643}, "right wrist": {"x": 0.8022270202636719, "y": 0.44105827808380127, "z": -0.18070757389068604, "visibility": 0.8242880702018738, "presence": 0.999897837638855}, "left pinky": {"x": 0.9200999736785889, "y": 0.4140714108943939, "z": -0.491099089384079, "visibility": 0.9429467916488647, "presence": 0.9999895095825195}, "right pinky": {"x": 0.7841636538505554, "y": 0.4576002359390259, "z": -0.20441113412380219, "visibility": 0.8171379566192627, "presence": 0.9998015761375427}, "left index": {"x": 0.9128448963165283, "y": 0.39452117681503296, "z": -0.4951382875442505, "visibility": 0.9417591691017151, "presence": 0.9999922513961792}, "right index": {"x": 0.7839251160621643, "y": 0.4555214047431946, "z": -0.2273670881986618, "visibility": 0.8176759481430054, "presence": 0.9998019337654114}, "left thumb": {"x": 0.9167361259460449, "y": 0.3912723958492279, "z": -0.45315778255462646, "visibility": 0.9232229590415955, "presence": 0.999995231628418}, "right thumb": {"x": 0.792067289352417, "y": 0.44983068108558655, "z": -0.19480623304843903, "visibility": 0.8018436431884766, "presence": 0.9999057054519653}, "left hip": {"x": 0.9464882016181946, "y": 0.4855128824710846, "z": -0.050644755363464355, "visibility": 0.9992589950561523, "presence": 0.9999678134918213}, "right hip": {"x": 0.8974888324737549, "y": 0.4909413754940033, "z": 0.05048983544111252, "visibility": 0.9984143376350403, "presence": 0.9999622106552124}, "left knee": {"x": 0.9476240277290344, "y": 0.6236525774002075, "z": -0.26143938302993774, "visibility": 0.990738034248352, "presence": 0.9999642372131348}, "right knee": {"x": 0.85684734582901, "y": 0.6200936436653137, "z": 0.022532787173986435, "visibility": 0.8178419470787048, "presence": 0.9998438358306885}, "left ankle": {"x": 0.970714271068573, "y": 0.7836317420005798, "z": -0.181523859500885, "visibility": 0.990183413028717, "presence": 0.9997422099113464}, "right ankle": {"x": 0.8740552663803101, "y": 0.7331441044807434, "z": 0.2170398086309433, "visibility": 0.7582764029502869, "presence": 0.9995301961898804}, "left heel": {"x": 0.9748469591140747, "y": 0.8018551468849182, "z": -0.17989851534366608, "visibility": 0.9263786673545837, "presence": 0.9988970756530762}, "right heel": {"x": 0.8842544555664062, "y": 0.7515955567359924, "z": 0.23241513967514038, "visibility": 0.7318406105041504, "presence": 0.9995734095573425}, "left foot index": {"x": 0.9621421694755554, "y": 0.8431974053382874, "z": -0.30391839146614075, "visibility": 0.9887924194335938, "presence": 0.9974541068077087}, "right foot index": {"x": 0.8498207330703735, "y": 0.7824475765228271, "z": 0.16051818430423737, "visibility": 0.8054211735725403, "presence": 0.9985878467559814}, "timestamp": "20240418-205610"}