{"nose": {"x": 0.7510993480682373, "y": 0.23606522381305695, "z": -0.10198455303907394, "visibility": 0.9997539520263672, "presence": 0.999993085861206}, "left eye (inner)": {"x": 0.7538111209869385, "y": 0.2220897078514099, "z": -0.10682036727666855, "visibility": 0.9995651841163635, "presence": 0.9999905824661255}, "left eye": {"x": 0.7559597492218018, "y": 0.2210017889738083, "z": -0.10698990523815155, "visibility": 0.9996063113212585, "presence": 0.9999915361404419}, "left eye (outer)": {"x": 0.75859534740448, "y": 0.21968621015548706, "z": -0.10694222897291183, "visibility": 0.9997061491012573, "presence": 0.9999890327453613}, "right eye (inner)": {"x": 0.7512747049331665, "y": 0.22206319868564606, "z": -0.08784916251897812, "visibility": 0.9994606971740723, "presence": 0.9999862909317017}, "right eye": {"x": 0.7509247064590454, "y": 0.2215345799922943, "z": -0.08805529028177261, "visibility": 0.9995193481445312, "presence": 0.9999884366989136}, "right eye (outer)": {"x": 0.7504595518112183, "y": 0.22088812291622162, "z": -0.08813481777906418, "visibility": 0.9995561838150024, "presence": 0.9999861717224121}, "left ear": {"x": 0.771966814994812, "y": 0.21717685461044312, "z": -0.10098854452371597, "visibility": 0.9998506307601929, "presence": 0.9999905824661255}, "right ear": {"x": 0.759367823600769, "y": 0.22079306840896606, "z": -0.013959298841655254, "visibility": 0.9990721344947815, "presence": 0.9999852180480957}, "mouth (left)": {"x": 0.7587071657180786, "y": 0.24700938165187836, "z": -0.09672930836677551, "visibility": 0.999756395816803, "presence": 0.9999951124191284}, "mouth (right)": {"x": 0.753384530544281, "y": 0.24763046205043793, "z": -0.07296078652143478, "visibility": 0.999413788318634, "presence": 0.9999881982803345}, "left shoulder": {"x": 0.806368350982666, "y": 0.2544157803058624, "z": -0.12566639482975006, "visibility": 0.9999879002571106, "presence": 0.9999959468841553}, "right shoulder": {"x": 0.7640580534934998, "y": 0.30390283465385437, "z": 0.05923536419868469, "visibility": 0.9998735785484314, "presence": 0.9999862909317017}, "left elbow": {"x": 0.8236331939697266, "y": 0.3242725133895874, "z": -0.2335534244775772, "visibility": 0.9881710410118103, "presence": 0.9999138116836548}, "right elbow": {"x": 0.7718390822410583, "y": 0.39957094192504883, "z": 0.07027184218168259, "visibility": 0.7366690635681152, "presence": 0.9998961687088013}, "left wrist": {"x": 0.7690515518188477, "y": 0.32996752858161926, "z": -0.31877002120018005, "visibility": 0.9807968139648438, "presence": 0.9999984502792358}, "right wrist": {"x": 0.7476520538330078, "y": 0.47070202231407166, "z": -0.00916289072483778, "visibility": 0.7999498248100281, "presence": 0.9999707937240601}, "left pinky": {"x": 0.7548941969871521, "y": 0.335295706987381, "z": -0.3500864505767822, "visibility": 0.9772779941558838, "presence": 0.9999963045120239}, "right pinky": {"x": 0.739761233329773, "y": 0.49455368518829346, "z": -0.02054566703736782, "visibility": 0.7900068163871765, "presence": 0.9999376535415649}, "left index": {"x": 0.7537638545036316, "y": 0.3249739110469818, "z": -0.34191370010375977, "visibility": 0.9763626456260681, "presence": 0.9999969005584717}, "right index": {"x": 0.7384998798370361, "y": 0.49655288457870483, "z": -0.04071756452322006, "visibility": 0.79537034034729, "presence": 0.9999300241470337}, "left thumb": {"x": 0.7579858899116516, "y": 0.3250790536403656, "z": -0.3159940838813782, "visibility": 0.9586052298545837, "presence": 0.9999983310699463}, "right thumb": {"x": 0.7422277927398682, "y": 0.48799431324005127, "z": -0.020829180255532265, "visibility": 0.7799659967422485, "presence": 0.9999655485153198}, "left hip": {"x": 0.8380309343338013, "y": 0.4507753551006317, "z": -0.04852668195962906, "visibility": 0.9999459385871887, "presence": 0.9999935626983643}, "right hip": {"x": 0.8020219802856445, "y": 0.45844566822052, "z": 0.048396751284599304, "visibility": 0.9999210834503174, "presence": 0.9999955892562866}, "left knee": {"x": 0.8369677066802979, "y": 0.596930205821991, "z": -0.10951772332191467, "visibility": 0.9486075043678284, "presence": 0.9999725818634033}, "right knee": {"x": 0.7724503874778748, "y": 0.5814858675003052, "z": 0.0030400559771806, "visibility": 0.8865198493003845, "presence": 0.9999681711196899}, "left ankle": {"x": 0.8541350364685059, "y": 0.7198209166526794, "z": -0.0026890316512435675, "visibility": 0.9130227565765381, "presence": 0.9997768998146057}, "right ankle": {"x": 0.7559946179389954, "y": 0.7045773863792419, "z": 0.09742483496665955, "visibility": 0.8804423809051514, "presence": 0.9997270703315735}, "left heel": {"x": 0.8581160306930542, "y": 0.7337726950645447, "z": 0.01802407205104828, "visibility": 0.7304492592811584, "presence": 0.9990599751472473}, "right heel": {"x": 0.762478232383728, "y": 0.7284768223762512, "z": 0.10478102415800095, "visibility": 0.8271995186805725, "presence": 0.9996240139007568}, "left foot index": {"x": 0.8462638854980469, "y": 0.7674480676651001, "z": -0.09292253851890564, "visibility": 0.9130644202232361, "presence": 0.9983457326889038}, "right foot index": {"x": 0.720059871673584, "y": 0.7340206503868103, "z": 0.04469865933060646, "visibility": 0.8899019956588745, "presence": 0.9983355402946472}, "timestamp": "20240418-205807"}