{"nose": {"x": 0.8587983846664429, "y": 0.27938586473464966, "z": -0.10195444524288177, "visibility": 0.9997175335884094, "presence": 0.9999982118606567}, "left eye (inner)": {"x": 0.8612895607948303, "y": 0.26267334818840027, "z": -0.1064085140824318, "visibility": 0.9995964169502258, "presence": 0.9999972581863403}, "left eye": {"x": 0.8635079264640808, "y": 0.25982406735420227, "z": -0.10657401382923126, "visibility": 0.9996411204338074, "presence": 0.999997615814209}, "left eye (outer)": {"x": 0.8658474087715149, "y": 0.2572340965270996, "z": -0.1064748466014862, "visibility": 0.9996477961540222, "presence": 0.9999971389770508}, "right eye (inner)": {"x": 0.859149694442749, "y": 0.2656783163547516, "z": -0.08711535483598709, "visibility": 0.9996725916862488, "presence": 0.9999960660934448}, "right eye": {"x": 0.8594085574150085, "y": 0.2653748691082001, "z": -0.08732504397630692, "visibility": 0.9997373223304749, "presence": 0.9999966621398926}, "right eye (outer)": {"x": 0.8594333529472351, "y": 0.2648847699165344, "z": -0.08742467314004898, "visibility": 0.9997540712356567, "presence": 0.9999963045120239}, "left ear": {"x": 0.8802623152732849, "y": 0.2504768967628479, "z": -0.09489560127258301, "visibility": 0.9998441934585571, "presence": 0.9999982118606567}, "right ear": {"x": 0.8703785538673401, "y": 0.25589796900749207, "z": -0.004249829798936844, "visibility": 0.9996739029884338, "presence": 0.9999961853027344}, "mouth (left)": {"x": 0.868506908416748, "y": 0.28770017623901367, "z": -0.09318787604570389, "visibility": 0.9993993043899536, "presence": 0.9999986886978149}, "mouth (right)": {"x": 0.8642477989196777, "y": 0.28943273425102234, "z": -0.06846240162849426, "visibility": 0.9992657899856567, "presence": 0.9999963045120239}, "left shoulder": {"x": 0.9346551895141602, "y": 0.3019197881221771, "z": -0.10291394591331482, "visibility": 0.9999821186065674, "presence": 0.9999977350234985}, "right shoulder": {"x": 0.8636177778244019, "y": 0.32045871019363403, "z": 0.054942503571510315, "visibility": 0.9997183680534363, "presence": 0.9999853372573853}, "left elbow": {"x": 0.9564400315284729, "y": 0.3904305398464203, "z": -0.1989615112543106, "visibility": 0.9500356912612915, "presence": 0.9993886947631836}, "right elbow": {"x": 0.8122037649154663, "y": 0.3249506950378418, "z": -0.0548514761030674, "visibility": 0.4008259177207947, "presence": 0.9998264908790588}, "left wrist": {"x": 0.897577702999115, "y": 0.35612449049949646, "z": -0.28193560242652893, "visibility": 0.8830898404121399, "presence": 0.9999991655349731}, "right wrist": {"x": 0.8291855454444885, "y": 0.2481626272201538, "z": -0.23336179554462433, "visibility": 0.48974600434303284, "presence": 0.9999972581863403}, "left pinky": {"x": 0.8800556063652039, "y": 0.3523472249507904, "z": -0.3102552592754364, "visibility": 0.8781249523162842, "presence": 0.9999992847442627}, "right pinky": {"x": 0.8271530270576477, "y": 0.2225942760705948, "z": -0.2701580226421356, "visibility": 0.4966621994972229, "presence": 0.999997615814209}, "left index": {"x": 0.8808140754699707, "y": 0.33851706981658936, "z": -0.3037283420562744, "visibility": 0.8717692494392395, "presence": 0.9999994039535522}, "right index": {"x": 0.8341765403747559, "y": 0.21821153163909912, "z": -0.2584931254386902, "visibility": 0.4904131293296814, "presence": 0.9999984502792358}, "left thumb": {"x": 0.8859308958053589, "y": 0.3408423364162445, "z": -0.27844032645225525, "visibility": 0.8424607515335083, "presence": 0.9999995231628418}, "right thumb": {"x": 0.8363180160522461, "y": 0.22934481501579285, "z": -0.23566798865795135, "visibility": 0.4817388951778412, "presence": 0.9999990463256836}, "left hip": {"x": 0.9366390705108643, "y": 0.5074096322059631, "z": -0.05796821042895317, "visibility": 0.9996991157531738, "presence": 0.9999642372131348}, "right hip": {"x": 0.8926876783370972, "y": 0.5178291201591492, "z": 0.0577901229262352, "visibility": 0.9993828535079956, "presence": 0.9999608993530273}, "left knee": {"x": 0.940626323223114, "y": 0.6344161033630371, "z": -0.31266698241233826, "visibility": 0.9937443733215332, "presence": 0.9999499320983887}, "right knee": {"x": 0.8357008695602417, "y": 0.6350745558738708, "z": 0.04999978095293045, "visibility": 0.6625093221664429, "presence": 0.9996374845504761}, "left ankle": {"x": 0.9761732220649719, "y": 0.785585880279541, "z": -0.3583941161632538, "visibility": 0.9896628856658936, "presence": 0.9998182654380798}, "right ankle": {"x": 0.8775808811187744, "y": 0.7421632409095764, "z": 0.3282681405544281, "visibility": 0.7699257135391235, "presence": 0.9998188614845276}, "left heel": {"x": 0.9828301668167114, "y": 0.8109215497970581, "z": -0.36920976638793945, "visibility": 0.9671312570571899, "presence": 0.9993054866790771}, "right heel": {"x": 0.8925547003746033, "y": 0.7559869289398193, "z": 0.34947431087493896, "visibility": 0.8158868551254272, "presence": 0.9998724460601807}, "left foot index": {"x": 0.9616832733154297, "y": 0.8372344970703125, "z": -0.4950633645057678, "visibility": 0.9871218800544739, "presence": 0.9992392063140869}, "right foot index": {"x": 0.8472707271575928, "y": 0.7862175703048706, "z": 0.2956838309764862, "visibility": 0.814039945602417, "presence": 0.9997304081916809}, "timestamp": "20240418-205825"}