{"nose": {"x": 0.839471697807312, "y": 0.3186708986759186, "z": -0.15174885094165802, "visibility": 0.9999269843101501, "presence": 0.9999957084655762}, "left eye (inner)": {"x": 0.8408639430999756, "y": 0.30119800567626953, "z": -0.16463862359523773, "visibility": 0.9998867511749268, "presence": 0.9999940395355225}, "left eye": {"x": 0.8427373766899109, "y": 0.2991877794265747, "z": -0.16483154892921448, "visibility": 0.9998957514762878, "presence": 0.9999951124191284}, "left eye (outer)": {"x": 0.8447226285934448, "y": 0.2970426380634308, "z": -0.16479216516017914, "visibility": 0.9999004006385803, "presence": 0.9999935626983643}, "right eye (inner)": {"x": 0.8390978574752808, "y": 0.3019147217273712, "z": -0.14050446450710297, "visibility": 0.9998986721038818, "presence": 0.9999915361404419}, "right eye": {"x": 0.8392547369003296, "y": 0.30068668723106384, "z": -0.14073088765144348, "visibility": 0.9999154806137085, "presence": 0.9999933242797852}, "right eye (outer)": {"x": 0.839244544506073, "y": 0.29931461811065674, "z": -0.14082451164722443, "visibility": 0.9999092817306519, "presence": 0.9999923706054688}, "left ear": {"x": 0.8594455718994141, "y": 0.28976091742515564, "z": -0.18140511214733124, "visibility": 0.9999532699584961, "presence": 0.9999961853027344}, "right ear": {"x": 0.8521568179130554, "y": 0.29395267367362976, "z": -0.07149644196033478, "visibility": 0.9998461604118347, "presence": 0.9999942779541016}, "mouth (left)": {"x": 0.8491207957267761, "y": 0.32640111446380615, "z": -0.153868168592453, "visibility": 0.9998364448547363, "presence": 0.9999978542327881}, "mouth (right)": {"x": 0.8467090129852295, "y": 0.3283669948577881, "z": -0.12321276217699051, "visibility": 0.9997624754905701, "presence": 0.999995231628418}, "left shoulder": {"x": 0.9099791049957275, "y": 0.33235877752304077, "z": -0.20408472418785095, "visibility": 0.9999758005142212, "presence": 0.9999979734420776}, "right shoulder": {"x": 0.8684772849082947, "y": 0.3632025420665741, "z": 0.01912924461066723, "visibility": 0.9997700452804565, "presence": 0.999995231628418}, "left elbow": {"x": 0.9273701906204224, "y": 0.4196581542491913, "z": -0.26971280574798584, "visibility": 0.9849202036857605, "presence": 0.9998780488967896}, "right elbow": {"x": 0.8717113137245178, "y": 0.4468032419681549, "z": 0.05586438998579979, "visibility": 0.6575859189033508, "presence": 0.9999624490737915}, "left wrist": {"x": 0.864515483379364, "y": 0.42807477712631226, "z": -0.32231053709983826, "visibility": 0.971036970615387, "presence": 0.9999986886978149}, "right wrist": {"x": 0.8489408493041992, "y": 0.5290558338165283, "z": 0.006011962424963713, "visibility": 0.736903965473175, "presence": 0.9999529123306274}, "left pinky": {"x": 0.8498107194900513, "y": 0.44006505608558655, "z": -0.34918469190597534, "visibility": 0.9649743437767029, "presence": 0.9999977350234985}, "right pinky": {"x": 0.8418726325035095, "y": 0.5573285222053528, "z": 0.001997433602809906, "visibility": 0.7274707555770874, "presence": 0.9998952150344849}, "left index": {"x": 0.8471174836158752, "y": 0.42644691467285156, "z": -0.34203624725341797, "visibility": 0.9628503322601318, "presence": 0.9999978542327881}, "right index": {"x": 0.8392393589019775, "y": 0.5576856732368469, "z": -0.01864250935614109, "visibility": 0.729040265083313, "presence": 0.9998687505722046}, "left thumb": {"x": 0.8521214127540588, "y": 0.42380908131599426, "z": -0.3186665177345276, "visibility": 0.9345894455909729, "presence": 0.9999988079071045}, "right thumb": {"x": 0.8424782752990723, "y": 0.5495491027832031, "z": -0.005140196997672319, "visibility": 0.7157606482505798, "presence": 0.9999384880065918}, "left hip": {"x": 0.962654173374176, "y": 0.49786147475242615, "z": -0.07108943909406662, "visibility": 0.9974132180213928, "presence": 0.9999785423278809}, "right hip": {"x": 0.9242824912071228, "y": 0.506890594959259, "z": 0.07093911617994308, "visibility": 0.9959074258804321, "presence": 0.9999871253967285}, "left knee": {"x": 0.9540444016456604, "y": 0.6331040859222412, "z": -0.2144167423248291, "visibility": 0.9835614562034607, "presence": 0.9999779462814331}, "right knee": {"x": 0.8863399624824524, "y": 0.620669960975647, "z": 0.1282019019126892, "visibility": 0.7052135467529297, "presence": 0.9999061822891235}, "left ankle": {"x": 0.9942806959152222, "y": 0.7828883528709412, "z": -0.19922684133052826, "visibility": 0.9756941795349121, "presence": 0.999376118183136}, "right ankle": {"x": 0.8868741989135742, "y": 0.7414233684539795, "z": 0.26797354221343994, "visibility": 0.6747120022773743, "presence": 0.9984908103942871}, "left heel": {"x": 1.0049399137496948, "y": 0.7995729446411133, "z": -0.2016611397266388, "visibility": 0.8945769667625427, "presence": 0.9965241551399231}, "right heel": {"x": 0.897024929523468, "y": 0.7674187421798706, "z": 0.2766779661178589, "visibility": 0.6856507658958435, "presence": 0.9986265897750854}, "left foot index": {"x": 0.9838516116142273, "y": 0.8410479426383972, "z": -0.292860209941864, "visibility": 0.9786708950996399, "presence": 0.9942595958709717}, "right foot index": {"x": 0.8536558747291565, "y": 0.7820298075675964, "z": 0.24811439216136932, "visibility": 0.7441120147705078, "presence": 0.9973351359367371}, "timestamp": "20240418-205538"}