{"nose": {"x": 0.8854709267616272, "y": 0.24557797610759735, "z": -0.2970353364944458, "visibility": 0.9999396800994873, "presence": 0.9999960660934448}, "left eye (inner)": {"x": 0.8894537091255188, "y": 0.22908231616020203, "z": -0.2963055372238159, "visibility": 0.999917209148407, "presence": 0.9999934434890747}, "left eye": {"x": 0.8923180103302002, "y": 0.22773432731628418, "z": -0.29655003547668457, "visibility": 0.9999166131019592, "presence": 0.9999949932098389}, "left eye (outer)": {"x": 0.8959314823150635, "y": 0.22630800306797028, "z": -0.2964930832386017, "visibility": 0.9999186396598816, "presence": 0.9999936819076538}, "right eye (inner)": {"x": 0.8860484957695007, "y": 0.23063267767429352, "z": -0.28100067377090454, "visibility": 0.9999306797981262, "presence": 0.999985933303833}, "right eye": {"x": 0.8857028484344482, "y": 0.23052646219730377, "z": -0.28121986985206604, "visibility": 0.999938428401947, "presence": 0.999987006187439}, "right eye (outer)": {"x": 0.885155200958252, "y": 0.230410635471344, "z": -0.2813263237476349, "visibility": 0.9999356269836426, "presence": 0.9999825954437256}, "left ear": {"x": 0.9105864763259888, "y": 0.22488191723823547, "z": -0.24210888147354126, "visibility": 0.9999575614929199, "presence": 0.9999955892562866}, "right ear": {"x": 0.8959852457046509, "y": 0.23082232475280762, "z": -0.16778339445590973, "visibility": 0.9998787641525269, "presence": 0.9999728202819824}, "mouth (left)": {"x": 0.8953421115875244, "y": 0.2590654492378235, "z": -0.2715439796447754, "visibility": 0.999800443649292, "presence": 0.9999971389770508}, "mouth (right)": {"x": 0.8898025155067444, "y": 0.260053426027298, "z": -0.25159525871276855, "visibility": 0.9997464418411255, "presence": 0.9999856948852539}, "left shoulder": {"x": 0.9598808884620667, "y": 0.2839801609516144, "z": -0.19346341490745544, "visibility": 0.9999846816062927, "presence": 0.9999955892562866}, "right shoulder": {"x": 0.8753451704978943, "y": 0.3175663352012634, "z": -0.07604388147592545, "visibility": 0.9996094107627869, "presence": 0.9998836517333984}, "left elbow": {"x": 0.9959994554519653, "y": 0.35318297147750854, "z": -0.2842620015144348, "visibility": 0.9786199927330017, "presence": 0.9996114373207092}, "right elbow": {"x": 0.8514652252197266, "y": 0.4045201241970062, "z": -0.14778679609298706, "visibility": 0.690611720085144, "presence": 0.9986334443092346}, "left wrist": {"x": 0.9621917605400085, "y": 0.3927094638347626, "z": -0.46259525418281555, "visibility": 0.944391667842865, "presence": 0.9999788999557495}, "right wrist": {"x": 0.8358813524246216, "y": 0.42562225461006165, "z": -0.3582038879394531, "visibility": 0.7240713834762573, "presence": 0.9996058344841003}, "left pinky": {"x": 0.9536527991294861, "y": 0.41262829303741455, "z": -0.5133624076843262, "visibility": 0.9425725936889648, "presence": 0.9999679327011108}, "right pinky": {"x": 0.8269386887550354, "y": 0.43878787755966187, "z": -0.40634405612945557, "visibility": 0.7234365940093994, "presence": 0.9995831847190857}, "left index": {"x": 0.9476909637451172, "y": 0.39619794487953186, "z": -0.5248983502388, "visibility": 0.9405561089515686, "presence": 0.9999804496765137}, "right index": {"x": 0.8272892236709595, "y": 0.42715024948120117, "z": -0.425555557012558, "visibility": 0.7267533540725708, "presence": 0.9997190833091736}, "left thumb": {"x": 0.9488067030906677, "y": 0.39130502939224243, "z": -0.4702521860599518, "visibility": 0.9189772009849548, "presence": 0.9999862909317017}, "right thumb": {"x": 0.832945704460144, "y": 0.4225374460220337, "z": -0.37310662865638733, "visibility": 0.6924468278884888, "presence": 0.9998173117637634}, "left hip": {"x": 0.95442795753479, "y": 0.4904981851577759, "z": -0.04078264534473419, "visibility": 0.9971602559089661, "presence": 0.9999494552612305}, "right hip": {"x": 0.9044960141181946, "y": 0.49444258213043213, "z": 0.040570009499788284, "visibility": 0.9929494857788086, "presence": 0.9999055862426758}, "left knee": {"x": 0.9625239372253418, "y": 0.6315663456916809, "z": -0.28181031346321106, "visibility": 0.9900121092796326, "presence": 0.9999337196350098}, "right knee": {"x": 0.8641749620437622, "y": 0.6177319288253784, "z": 0.061903148889541626, "visibility": 0.7411522269248962, "presence": 0.9993152618408203}, "left ankle": {"x": 0.9916532039642334, "y": 0.802925169467926, "z": -0.2674366533756256, "visibility": 0.9863719940185547, "presence": 0.9996423721313477}, "right ankle": {"x": 0.8745291829109192, "y": 0.746698260307312, "z": 0.28900179266929626, "visibility": 0.6929870247840881, "presence": 0.9986847043037415}, "left heel": {"x": 0.9901065230369568, "y": 0.8313761949539185, "z": -0.27375373244285583, "visibility": 0.9397175312042236, "presence": 0.998569130897522}, "right heel": {"x": 0.8863962888717651, "y": 0.7699766159057617, "z": 0.30691561102867126, "visibility": 0.7069481015205383, "presence": 0.9991278052330017}, "left foot index": {"x": 0.9841349720954895, "y": 0.8504570126533508, "z": -0.42224884033203125, "visibility": 0.9915857315063477, "presence": 0.9981694221496582}, "right foot index": {"x": 0.8406789302825928, "y": 0.7836634516716003, "z": 0.22944985330104828, "visibility": 0.7755386233329773, "presence": 0.9984807372093201}, "timestamp": "20240418-205821"}