{"nose": {"x": 0.8449369668960571, "y": 0.2746567726135254, "z": -0.2209211140871048, "visibility": 0.9998040199279785, "presence": 0.9999994039535522}, "left eye (inner)": {"x": 0.847780168056488, "y": 0.25710609555244446, "z": -0.22213447093963623, "visibility": 0.9997014403343201, "presence": 0.9999991655349731}, "left eye": {"x": 0.8498048782348633, "y": 0.25623437762260437, "z": -0.222328320145607, "visibility": 0.9997085332870483, "presence": 0.9999992847442627}, "left eye (outer)": {"x": 0.8522230982780457, "y": 0.2548718750476837, "z": -0.2222670614719391, "visibility": 0.9997088313102722, "presence": 0.9999990463256836}, "right eye (inner)": {"x": 0.8449934720993042, "y": 0.25741153955459595, "z": -0.20565320551395416, "visibility": 0.9997682571411133, "presence": 0.9999986886978149}, "right eye": {"x": 0.8448331356048584, "y": 0.2569821774959564, "z": -0.20588664710521698, "visibility": 0.9998065829277039, "presence": 0.9999988079071045}, "right eye (outer)": {"x": 0.844501256942749, "y": 0.2566058039665222, "z": -0.20601847767829895, "visibility": 0.9998050332069397, "presence": 0.9999984502792358}, "left ear": {"x": 0.8661751747131348, "y": 0.24992670118808746, "z": -0.20023807883262634, "visibility": 0.9998602271080017, "presence": 0.9999992847442627}, "right ear": {"x": 0.8568012118339539, "y": 0.2549104690551758, "z": -0.1116730347275734, "visibility": 0.999686062335968, "presence": 0.9999978542327881}, "mouth (left)": {"x": 0.8539080619812012, "y": 0.2857851982116699, "z": -0.20285733044147491, "visibility": 0.9994828701019287, "presence": 0.9999994039535522}, "mouth (right)": {"x": 0.850849986076355, "y": 0.29029417037963867, "z": -0.18085846304893494, "visibility": 0.9994237422943115, "presence": 0.9999980926513672}, "left shoulder": {"x": 0.9174649119377136, "y": 0.3004966378211975, "z": -0.19406284391880035, "visibility": 0.9999753832817078, "presence": 0.9999990463256836}, "right shoulder": {"x": 0.8543521165847778, "y": 0.33401918411254883, "z": -0.01484345830976963, "visibility": 0.9996052384376526, "presence": 0.9999933242797852}, "left elbow": {"x": 0.960429310798645, "y": 0.3789617419242859, "z": -0.2825697958469391, "visibility": 0.969914972782135, "presence": 0.9998475313186646}, "right elbow": {"x": 0.8339862823486328, "y": 0.42990630865097046, "z": -0.0004010059346910566, "visibility": 0.739567220211029, "presence": 0.9999219179153442}, "left wrist": {"x": 0.9027696251869202, "y": 0.398978054523468, "z": -0.39311346411705017, "visibility": 0.9543388485908508, "presence": 0.9999988079071045}, "right wrist": {"x": 0.7913056015968323, "y": 0.48611119389533997, "z": -0.11159319430589676, "visibility": 0.811903715133667, "presence": 0.9999721050262451}, "left pinky": {"x": 0.8865218758583069, "y": 0.41190993785858154, "z": -0.42810875177383423, "visibility": 0.9545347690582275, "presence": 0.9999978542327881}, "right pinky": {"x": 0.7762298583984375, "y": 0.5067037343978882, "z": -0.1288388967514038, "visibility": 0.8026232123374939, "presence": 0.9999338388442993}, "left index": {"x": 0.8831146955490112, "y": 0.3969860374927521, "z": -0.4263240396976471, "visibility": 0.9530230760574341, "presence": 0.9999985694885254}, "right index": {"x": 0.7751854658126831, "y": 0.5081377029418945, "z": -0.15134327113628387, "visibility": 0.8007394075393677, "presence": 0.9999371767044067}, "left thumb": {"x": 0.8867759108543396, "y": 0.39469435811042786, "z": -0.39277803897857666, "visibility": 0.9386147856712341, "presence": 0.9999991655349731}, "right thumb": {"x": 0.7814192175865173, "y": 0.5017054677009583, "z": -0.12499813735485077, "visibility": 0.7916231751441956, "presence": 0.9999716281890869}, "left hip": {"x": 0.9376117587089539, "y": 0.4818343222141266, "z": -0.05954723060131073, "visibility": 0.9996748566627502, "presence": 0.9999622106552124}, "right hip": {"x": 0.8910729289054871, "y": 0.4920596778392792, "z": 0.059372033923864365, "visibility": 0.9993352293968201, "presence": 0.9999680519104004}, "left knee": {"x": 0.9396780133247375, "y": 0.6153428554534912, "z": -0.26254409551620483, "visibility": 0.9916152358055115, "presence": 0.9999722242355347}, "right knee": {"x": 0.8478130102157593, "y": 0.6073777675628662, "z": 0.0077028763480484486, "visibility": 0.8197646737098694, "presence": 0.999881386756897}, "left ankle": {"x": 0.9703678488731384, "y": 0.7774850726127625, "z": -0.23446787893772125, "visibility": 0.9859550595283508, "presence": 0.999518632888794}, "right ankle": {"x": 0.863594114780426, "y": 0.7401827573776245, "z": 0.1450962871313095, "visibility": 0.8190571665763855, "presence": 0.9994103908538818}, "left heel": {"x": 0.9761418104171753, "y": 0.7972150444984436, "z": -0.23720525205135345, "visibility": 0.9307994842529297, "presence": 0.9975699782371521}, "right heel": {"x": 0.873837947845459, "y": 0.7642862200737, "z": 0.1586192101240158, "visibility": 0.8219059109687805, "presence": 0.999383807182312}, "left foot index": {"x": 0.9621722102165222, "y": 0.8340074419975281, "z": -0.3449907600879669, "visibility": 0.9799267649650574, "presence": 0.994988203048706}, "right foot index": {"x": 0.83077472448349, "y": 0.7797799110412598, "z": 0.08674953132867813, "visibility": 0.846805214881897, "presence": 0.9982863068580627}, "timestamp": "20240418-205738"}