{"nose": {"x": 0.641374409198761, "y": 0.33870336413383484, "z": 0.02918832376599312, "visibility": 0.9998713135719299, "presence": 0.9999960660934448}, "left eye (inner)": {"x": 0.6404626965522766, "y": 0.32386454939842224, "z": 0.00916299968957901, "visibility": 0.9998462796211243, "presence": 0.9999958276748657}, "left eye": {"x": 0.6412694454193115, "y": 0.3222697675228119, "z": 0.00901258084923029, "visibility": 0.9998550415039062, "presence": 0.9999966621398926}, "left eye (outer)": {"x": 0.6419073343276978, "y": 0.3208596408367157, "z": 0.009040841832756996, "visibility": 0.9998921751976013, "presence": 0.9999958276748657}, "right eye (inner)": {"x": 0.6408030986785889, "y": 0.32403409481048584, "z": 0.0360771082341671, "visibility": 0.9998394846916199, "presence": 0.9999898672103882}, "right eye": {"x": 0.6418597102165222, "y": 0.32257989048957825, "z": 0.03586168959736824, "visibility": 0.9998399019241333, "presence": 0.9999885559082031}, "right eye (outer)": {"x": 0.6428806781768799, "y": 0.3211505115032196, "z": 0.03581332415342331, "visibility": 0.9998412728309631, "presence": 0.9999834299087524}, "left ear": {"x": 0.6513532400131226, "y": 0.3134480118751526, "z": -0.04986836761236191, "visibility": 0.999925434589386, "presence": 0.9999977350234985}, "right ear": {"x": 0.6527227163314819, "y": 0.31287452578544617, "z": 0.07475391775369644, "visibility": 0.9995906352996826, "presence": 0.9999792575836182}, "mouth (left)": {"x": 0.6481644511222839, "y": 0.34453266859054565, "z": 0.012615956366062164, "visibility": 0.9997116327285767, "presence": 0.999990701675415}, "mouth (right)": {"x": 0.6485704779624939, "y": 0.3442739248275757, "z": 0.04730254411697388, "visibility": 0.9994109869003296, "presence": 0.9999572038650513}, "left shoulder": {"x": 0.6711397767066956, "y": 0.34203872084617615, "z": -0.1219262033700943, "visibility": 0.9999861121177673, "presence": 0.9999936819076538}, "right shoulder": {"x": 0.6898966431617737, "y": 0.34047508239746094, "z": 0.1503974199295044, "visibility": 0.9995965361595154, "presence": 0.999872088432312}, "left elbow": {"x": 0.6525953412055969, "y": 0.38878247141838074, "z": -0.19594621658325195, "visibility": 0.9641083478927612, "presence": 0.9999427795410156}, "right elbow": {"x": 0.7064085006713867, "y": 0.3881843090057373, "z": 0.24394379556179047, "visibility": 0.28023993968963623, "presence": 0.9997641444206238}, "left wrist": {"x": 0.6273933053016663, "y": 0.4084254503250122, "z": -0.1689550131559372, "visibility": 0.9353421330451965, "presence": 0.9999687671661377}, "right wrist": {"x": 0.7054740786552429, "y": 0.42277854681015015, "z": 0.31727662682533264, "visibility": 0.2686116099357605, "presence": 0.9997726082801819}, "left pinky": {"x": 0.6153953075408936, "y": 0.4154520332813263, "z": -0.18015028536319733, "visibility": 0.9264504313468933, "presence": 0.9999072551727295}, "right pinky": {"x": 0.7068508863449097, "y": 0.42890259623527527, "z": 0.3403681814670563, "visibility": 0.26450300216674805, "presence": 0.9996521472930908}, "left index": {"x": 0.6169270873069763, "y": 0.41245296597480774, "z": -0.16983890533447266, "visibility": 0.9238130450248718, "presence": 0.9998929500579834}, "right index": {"x": 0.7025977969169617, "y": 0.4337286353111267, "z": 0.3293148875236511, "visibility": 0.2704518139362335, "presence": 0.9995582699775696}, "left thumb": {"x": 0.6211181879043579, "y": 0.4101535379886627, "z": -0.1623685359954834, "visibility": 0.8743252754211426, "presence": 0.9999394416809082}, "right thumb": {"x": 0.7009682655334473, "y": 0.432176411151886, "z": 0.3134477138519287, "visibility": 0.25008425116539, "presence": 0.9997298121452332}, "left hip": {"x": 0.7462998032569885, "y": 0.4893903434276581, "z": -0.08881857246160507, "visibility": 0.9998318552970886, "presence": 0.9999979734420776}, "right hip": {"x": 0.7340940833091736, "y": 0.4953243136405945, "z": 0.0885872021317482, "visibility": 0.9996156692504883, "presence": 0.9999970197677612}, "left knee": {"x": 0.7631432414054871, "y": 0.6176586151123047, "z": -0.222627654671669, "visibility": 0.8917356133460999, "presence": 0.9999909400939941}, "right knee": {"x": 0.6893894672393799, "y": 0.5843989253044128, "z": 0.14710931479930878, "visibility": 0.3152783215045929, "presence": 0.9999690055847168}, "left ankle": {"x": 0.844541072845459, "y": 0.6958082318305969, "z": -0.32598811388015747, "visibility": 0.8318240642547607, "presence": 0.9998646974563599}, "right ankle": {"x": 0.7067677974700928, "y": 0.7071186900138855, "z": 0.16110660135746002, "visibility": 0.39253920316696167, "presence": 0.999819815158844}, "left heel": {"x": 0.8609882593154907, "y": 0.6953585743904114, "z": -0.3391880989074707, "visibility": 0.6643680930137634, "presence": 0.9991633892059326}, "right heel": {"x": 0.7186365127563477, "y": 0.7311477065086365, "z": 0.15508639812469482, "visibility": 0.4242364764213562, "presence": 0.9997889399528503}, "left foot index": {"x": 0.8439285159111023, "y": 0.7584401369094849, "z": -0.41087833046913147, "visibility": 0.8473738431930542, "presence": 0.9979038238525391}, "right foot index": {"x": 0.6760628819465637, "y": 0.7421057820320129, "z": 0.16091814637184143, "visibility": 0.4639770984649658, "presence": 0.9991816878318787}, "timestamp": "20240418-205653"}