{"nose": {"x": 0.5753576159477234, "y": 0.3651615083217621, "z": -0.03956135734915733, "visibility": 0.9998798370361328, "presence": 0.9999998807907104}, "left eye (inner)": {"x": 0.5752487778663635, "y": 0.3505837023258209, "z": -0.055484626442193985, "visibility": 0.9999030232429504, "presence": 0.9999998807907104}, "left eye": {"x": 0.5766260027885437, "y": 0.3489687740802765, "z": -0.055646125227212906, "visibility": 0.999888002872467, "presence": 0.9999998807907104}, "left eye (outer)": {"x": 0.5779737234115601, "y": 0.3475795388221741, "z": -0.0555914081633091, "visibility": 0.9999194741249084, "presence": 0.9999998807907104}, "right eye (inner)": {"x": 0.574215829372406, "y": 0.3509737253189087, "z": -0.03154426068067551, "visibility": 0.9999222159385681, "presence": 0.9999997615814209}, "right eye": {"x": 0.5746325850486755, "y": 0.3499562442302704, "z": -0.03172992542386055, "visibility": 0.9999208450317383, "presence": 0.9999997615814209}, "right eye (outer)": {"x": 0.575110137462616, "y": 0.348939448595047, "z": -0.031764619052410126, "visibility": 0.9999354481697083, "presence": 0.9999996423721313}, "left ear": {"x": 0.5877780914306641, "y": 0.34046855568885803, "z": -0.0926169902086258, "visibility": 0.9999278783798218, "presence": 0.9999998807907104}, "right ear": {"x": 0.5856309533119202, "y": 0.34181344509124756, "z": 0.01731480285525322, "visibility": 0.9998122453689575, "presence": 0.9999994039535522}, "mouth (left)": {"x": 0.5827844142913818, "y": 0.3710232973098755, "z": -0.04835193604230881, "visibility": 0.9996933341026306, "presence": 0.9999994039535522}, "mouth (right)": {"x": 0.5821539163589478, "y": 0.3720102906227112, "z": -0.01782093569636345, "visibility": 0.9996017217636108, "presence": 0.9999980926513672}, "left shoulder": {"x": 0.6064839959144592, "y": 0.3705363869667053, "z": -0.14527373015880585, "visibility": 0.999976634979248, "presence": 0.9999992847442627}, "right shoulder": {"x": 0.6128478646278381, "y": 0.3727520704269409, "z": 0.10053767263889313, "visibility": 0.9997271299362183, "presence": 0.9999881982803345}, "left elbow": {"x": 0.5878424048423767, "y": 0.4306561350822449, "z": -0.17041310667991638, "visibility": 0.9511964917182922, "presence": 0.9999834299087524}, "right elbow": {"x": 0.6132016181945801, "y": 0.4288971424102783, "z": 0.11049212515354156, "visibility": 0.2677263915538788, "presence": 0.9999384880065918}, "left wrist": {"x": 0.5527186393737793, "y": 0.4494636058807373, "z": -0.11614078283309937, "visibility": 0.917194664478302, "presence": 0.9999951124191284}, "right wrist": {"x": 0.578468382358551, "y": 0.45858141779899597, "z": 0.04460307955741882, "visibility": 0.30050015449523926, "presence": 0.9999617338180542}, "left pinky": {"x": 0.5432553291320801, "y": 0.4577023684978485, "z": -0.12796051800251007, "visibility": 0.8960307836532593, "presence": 0.9999908208847046}, "right pinky": {"x": 0.5689528584480286, "y": 0.46827295422554016, "z": 0.04146325960755348, "visibility": 0.3095148205757141, "presence": 0.9999544620513916}, "left index": {"x": 0.542005181312561, "y": 0.45065435767173767, "z": -0.12123265117406845, "visibility": 0.8901554346084595, "presence": 0.9999895095825195}, "right index": {"x": 0.5644862651824951, "y": 0.4694366157054901, "z": 0.0297644454985857, "visibility": 0.31638234853744507, "presence": 0.9999465942382812}, "left thumb": {"x": 0.5465922355651855, "y": 0.4478774070739746, "z": -0.11062994599342346, "visibility": 0.8196809887886047, "presence": 0.9999933242797852}, "right thumb": {"x": 0.5672570466995239, "y": 0.4665829837322235, "z": 0.03614027798175812, "visibility": 0.2948078215122223, "presence": 0.9999650716781616}, "left hip": {"x": 0.6773889064788818, "y": 0.5060651898384094, "z": -0.07837480306625366, "visibility": 0.9998178482055664, "presence": 0.9999980926513672}, "right hip": {"x": 0.6631062626838684, "y": 0.49496567249298096, "z": 0.0781998261809349, "visibility": 0.9995436668395996, "presence": 0.999997615814209}, "left knee": {"x": 0.6909064054489136, "y": 0.6431567072868347, "z": -0.13316138088703156, "visibility": 0.9057683348655701, "presence": 0.9999979734420776}, "right knee": {"x": 0.6178752779960632, "y": 0.5001336336135864, "z": 0.16263766586780548, "visibility": 0.19362571835517883, "presence": 0.9999957084655762}, "left ankle": {"x": 0.7685891389846802, "y": 0.7056481838226318, "z": -0.16549301147460938, "visibility": 0.8395588994026184, "presence": 0.9999412298202515}, "right ankle": {"x": 0.5806436538696289, "y": 0.5414366126060486, "z": 0.2606268525123596, "visibility": 0.18983030319213867, "presence": 0.9999908208847046}, "left heel": {"x": 0.7859240174293518, "y": 0.714661180973053, "z": -0.17058371007442474, "visibility": 0.6982628703117371, "presence": 0.9996588230133057}, "right heel": {"x": 0.5851331949234009, "y": 0.5597904920578003, "z": 0.2778743803501129, "visibility": 0.2634660601615906, "presence": 0.9999933242797852}, "left foot index": {"x": 0.7554389834403992, "y": 0.7634789347648621, "z": -0.22558069229125977, "visibility": 0.855390191078186, "presence": 0.9997250437736511}, "right foot index": {"x": 0.538627564907074, "y": 0.535787045955658, "z": 0.2863039970397949, "visibility": 0.28745272755622864, "presence": 0.9999874830245972}, "timestamp": "20240418-205643"}