{"nose": {"x": 0.5793878436088562, "y": 0.36704155802726746, "z": -0.027382224798202515, "visibility": 0.999731183052063, "presence": 0.9999998807907104}, "left eye (inner)": {"x": 0.5789560675621033, "y": 0.3515460193157196, "z": -0.05039016157388687, "visibility": 0.9997677206993103, "presence": 0.9999998807907104}, "left eye": {"x": 0.5798631310462952, "y": 0.34994351863861084, "z": -0.05055484175682068, "visibility": 0.9997484683990479, "presence": 0.9999998807907104}, "left eye (outer)": {"x": 0.5807926654815674, "y": 0.3483824133872986, "z": -0.05042695626616478, "visibility": 0.9997954964637756, "presence": 0.9999998807907104}, "right eye (inner)": {"x": 0.5785181522369385, "y": 0.3522939085960388, "z": -0.02381514199078083, "visibility": 0.9998670220375061, "presence": 0.9999997615814209}, "right eye": {"x": 0.5790196657180786, "y": 0.3514244854450226, "z": -0.02400810271501541, "visibility": 0.9998667240142822, "presence": 0.9999997615814209}, "right eye (outer)": {"x": 0.5795854926109314, "y": 0.35071542859077454, "z": -0.024000966921448708, "visibility": 0.9999039769172668, "presence": 0.9999997615814209}, "left ear": {"x": 0.591031551361084, "y": 0.34158599376678467, "z": -0.10584702342748642, "visibility": 0.9997107982635498, "presence": 0.9999998807907104}, "right ear": {"x": 0.5905367732048035, "y": 0.34372788667678833, "z": 0.011507440358400345, "visibility": 0.9996832609176636, "presence": 0.9999996423721313}, "mouth (left)": {"x": 0.5865015387535095, "y": 0.372314989566803, "z": -0.047357723116874695, "visibility": 0.9989033937454224, "presence": 0.9999997615814209}, "mouth (right)": {"x": 0.5862914323806763, "y": 0.37349075078964233, "z": -0.01367564033716917, "visibility": 0.9988406896591187, "presence": 0.9999992847442627}, "left shoulder": {"x": 0.6131002306938171, "y": 0.37019097805023193, "z": -0.17196829617023468, "visibility": 0.9998990297317505, "presence": 0.9999998807907104}, "right shoulder": {"x": 0.6245421171188354, "y": 0.37953996658325195, "z": 0.09028612077236176, "visibility": 0.9996709227561951, "presence": 0.9999980926513672}, "left elbow": {"x": 0.5870568752288818, "y": 0.4309576749801636, "z": -0.23945190012454987, "visibility": 0.8708207011222839, "presence": 0.9999958276748657}, "right elbow": {"x": 0.6220253109931946, "y": 0.4380491375923157, "z": 0.11130556464195251, "visibility": 0.17211328446865082, "presence": 0.9999896287918091}, "left wrist": {"x": 0.556814968585968, "y": 0.467960387468338, "z": -0.24100632965564728, "visibility": 0.7772170305252075, "presence": 0.9999960660934448}, "right wrist": {"x": 0.5879413485527039, "y": 0.4809343218803406, "z": 0.06509304791688919, "visibility": 0.20607493817806244, "presence": 0.9999873638153076}, "left pinky": {"x": 0.5479640960693359, "y": 0.4761672914028168, "z": -0.2618465721607208, "visibility": 0.7607887983322144, "presence": 0.9999898672103882}, "right pinky": {"x": 0.5794698596000671, "y": 0.48721104860305786, "z": 0.06548019498586655, "visibility": 0.20916645228862762, "presence": 0.9999802112579346}, "left index": {"x": 0.5466616749763489, "y": 0.474141389131546, "z": -0.25444212555885315, "visibility": 0.751940131187439, "presence": 0.9999874830245972}, "right index": {"x": 0.5756809711456299, "y": 0.4923569858074188, "z": 0.04944254830479622, "visibility": 0.21147096157073975, "presence": 0.9999735355377197}, "left thumb": {"x": 0.5499643683433533, "y": 0.4708555042743683, "z": -0.23646651208400726, "visibility": 0.6861628890037537, "presence": 0.9999926090240479}, "right thumb": {"x": 0.5717393755912781, "y": 0.49249395728111267, "z": 0.0555884949862957, "visibility": 0.199595645070076, "presence": 0.9999840259552002}, "left hip": {"x": 0.6754991412162781, "y": 0.5078401565551758, "z": -0.07661843299865723, "visibility": 0.9999087452888489, "presence": 1.0}, "right hip": {"x": 0.6679593920707703, "y": 0.5100538730621338, "z": 0.07646311074495316, "visibility": 0.9998075366020203, "presence": 1.0}, "left knee": {"x": 0.713966965675354, "y": 0.6306708455085754, "z": -0.09279010444879532, "visibility": 0.8409299254417419, "presence": 0.9999994039535522}, "right knee": {"x": 0.5947834253311157, "y": 0.4921225607395172, "z": 0.11468079686164856, "visibility": 0.2890108823776245, "presence": 0.9999996423721313}, "left ankle": {"x": 0.78128582239151, "y": 0.7112356424331665, "z": -0.14385555684566498, "visibility": 0.8809604644775391, "presence": 0.999992847442627}, "right ankle": {"x": 0.5381518006324768, "y": 0.511791467666626, "z": 0.15658560395240784, "visibility": 0.38158857822418213, "presence": 0.9999996423721313}, "left heel": {"x": 0.7966902852058411, "y": 0.722227931022644, "z": -0.1500091403722763, "visibility": 0.8042594194412231, "presence": 0.9999527931213379}, "right heel": {"x": 0.537016749382019, "y": 0.5291063785552979, "z": 0.160211443901062, "visibility": 0.4986262023448944, "presence": 0.9999996423721313}, "left foot index": {"x": 0.765731930732727, "y": 0.7624934911727905, "z": -0.22247561812400818, "visibility": 0.8962743878364563, "presence": 0.9999470710754395}, "right foot index": {"x": 0.5001137852668762, "y": 0.49056026339530945, "z": 0.1418849378824234, "visibility": 0.5131804347038269, "presence": 0.9999984502792358}, "timestamp": "20240418-205648"}