{"nose": {"x": 0.8359872698783875, "y": 0.3201174736022949, "z": 0.03451238200068474, "visibility": 0.9997543692588806, "presence": 0.9999257326126099}, "left eye (inner)": {"x": 0.8372153043746948, "y": 0.3015489876270294, "z": 0.0167074091732502, "visibility": 0.9996956586837769, "presence": 0.9999203681945801}, "left eye": {"x": 0.8388199806213379, "y": 0.2996927499771118, "z": 0.01654619164764881, "visibility": 0.9996993541717529, "presence": 0.9999362230300903}, "left eye (outer)": {"x": 0.8404152989387512, "y": 0.2981506884098053, "z": 0.016542179509997368, "visibility": 0.9997243285179138, "presence": 0.9999228715896606}, "right eye (inner)": {"x": 0.8362530469894409, "y": 0.30211469531059265, "z": 0.04206369072198868, "visibility": 0.9997466206550598, "presence": 0.9998401403427124}, "right eye": {"x": 0.8370243906974792, "y": 0.30082523822784424, "z": 0.04184114187955856, "visibility": 0.9997801184654236, "presence": 0.9998434782028198}, "right eye (outer)": {"x": 0.8377705812454224, "y": 0.29949551820755005, "z": 0.04177379608154297, "visibility": 0.9997860789299011, "presence": 0.9997933506965637}, "left ear": {"x": 0.8538675904273987, "y": 0.29300224781036377, "z": -0.034930817782878876, "visibility": 0.9998781085014343, "presence": 0.9999531507492065}, "right ear": {"x": 0.8523319363594055, "y": 0.2936323285102844, "z": 0.0807102769613266, "visibility": 0.9996654987335205, "presence": 0.9998070597648621}, "mouth (left)": {"x": 0.8449915647506714, "y": 0.32682400941848755, "z": 0.02016788348555565, "visibility": 0.9994796514511108, "presence": 0.9999186992645264}, "mouth (right)": {"x": 0.8437605500221252, "y": 0.3280445337295532, "z": 0.05223037675023079, "visibility": 0.9992552399635315, "presence": 0.9997627139091492}, "left shoulder": {"x": 0.8772591948509216, "y": 0.32700470089912415, "z": -0.11245977133512497, "visibility": 0.9999542832374573, "presence": 0.9999796152114868}, "right shoulder": {"x": 0.8799083828926086, "y": 0.3455359637737274, "z": 0.14637337625026703, "visibility": 0.9994333386421204, "presence": 0.999822199344635}, "left elbow": {"x": 0.8759382963180542, "y": 0.4087342619895935, "z": -0.20723962783813477, "visibility": 0.9788069128990173, "presence": 0.9998598098754883}, "right elbow": {"x": 0.926808774471283, "y": 0.4157007336616516, "z": 0.2058320790529251, "visibility": 0.4848712086677551, "presence": 0.9996587038040161}, "left wrist": {"x": 0.8324168920516968, "y": 0.43154874444007874, "z": -0.22094032168388367, "visibility": 0.9590649008750916, "presence": 0.9999723434448242}, "right wrist": {"x": 0.9480178356170654, "y": 0.46735522150993347, "z": 0.22628454864025116, "visibility": 0.5562225580215454, "presence": 0.9995962977409363}, "left pinky": {"x": 0.8218912482261658, "y": 0.4371003806591034, "z": -0.24235416948795319, "visibility": 0.9547926783561707, "presence": 0.9999120235443115}, "right pinky": {"x": 0.9578303098678589, "y": 0.4860185980796814, "z": 0.23635287582874298, "visibility": 0.559019923210144, "presence": 0.9992382526397705}, "left index": {"x": 0.8196580410003662, "y": 0.42659661173820496, "z": -0.2260303646326065, "visibility": 0.9528563618659973, "presence": 0.9999104738235474}, "right index": {"x": 0.9527831077575684, "y": 0.4917525351047516, "z": 0.2233450561761856, "visibility": 0.5602626204490662, "presence": 0.9990378618240356}, "left thumb": {"x": 0.8244596123695374, "y": 0.42698851227760315, "z": -0.21284626424312592, "visibility": 0.923073947429657, "presence": 0.9999507665634155}, "right thumb": {"x": 0.9501345753669739, "y": 0.4808710217475891, "z": 0.2203429639339447, "visibility": 0.5553510189056396, "presence": 0.99944669008255}, "left hip": {"x": 0.9664866328239441, "y": 0.4908868968486786, "z": -0.08357339352369308, "visibility": 0.9972314238548279, "presence": 0.9999349117279053}, "right hip": {"x": 0.9398109912872314, "y": 0.4984033703804016, "z": 0.08338393270969391, "visibility": 0.9956874847412109, "presence": 0.9999313354492188}, "left knee": {"x": 0.9483225345611572, "y": 0.6396702527999878, "z": -0.14531949162483215, "visibility": 0.9825312495231628, "presence": 0.9996682405471802}, "right knee": {"x": 0.8971970677375793, "y": 0.6155042052268982, "z": 0.1707564890384674, "visibility": 0.5716416835784912, "presence": 0.9991413354873657}, "left ankle": {"x": 1.0048373937606812, "y": 0.7727050185203552, "z": -0.1737927347421646, "visibility": 0.9638336300849915, "presence": 0.9903014898300171}, "right ankle": {"x": 0.8973605036735535, "y": 0.7492684125900269, "z": 0.20638017356395721, "visibility": 0.5973918437957764, "presence": 0.9778623580932617}, "left heel": {"x": 1.0381972789764404, "y": 0.7896407842636108, "z": -0.17920111119747162, "visibility": 0.887939453125, "presence": 0.9435681700706482}, "right heel": {"x": 0.9087597727775574, "y": 0.7788467407226562, "z": 0.20718657970428467, "visibility": 0.6368169188499451, "presence": 0.9700333476066589}, "left foot index": {"x": 0.986600399017334, "y": 0.8413698077201843, "z": -0.24506250023841858, "visibility": 0.9632961750030518, "presence": 0.9260197281837463}, "right foot index": {"x": 0.8603695631027222, "y": 0.78227299451828, "z": 0.18321096897125244, "visibility": 0.6573618054389954, "presence": 0.9447935819625854}, "timestamp": "20240418-205833"}