{"nose": {"x": 0.5919228196144104, "y": 0.28722313046455383, "z": -0.24880188703536987, "visibility": 0.999980092048645, "presence": 0.9999998807907104}, "left eye (inner)": {"x": 0.5926270484924316, "y": 0.2721728980541229, "z": -0.2563212811946869, "visibility": 0.9999682307243347, "presence": 0.9999998807907104}, "left eye": {"x": 0.5944773554801941, "y": 0.27052587270736694, "z": -0.25652554631233215, "visibility": 0.99996417760849, "presence": 0.9999998807907104}, "left eye (outer)": {"x": 0.5961511135101318, "y": 0.269112765789032, "z": -0.25644052028656006, "visibility": 0.9999739527702332, "presence": 0.9999997615814209}, "right eye (inner)": {"x": 0.5904306173324585, "y": 0.2740872800350189, "z": -0.23612289130687714, "visibility": 0.9999644160270691, "presence": 0.9999997615814209}, "right eye": {"x": 0.590379536151886, "y": 0.2738145887851715, "z": -0.2362670600414276, "visibility": 0.9999649524688721, "presence": 0.9999997615814209}, "right eye (outer)": {"x": 0.5902224183082581, "y": 0.2733456790447235, "z": -0.23629193007946014, "visibility": 0.9999614357948303, "presence": 0.9999997615814209}, "left ear": {"x": 0.6091160774230957, "y": 0.26473456621170044, "z": -0.2513694763183594, "visibility": 0.9999794363975525, "presence": 0.9999998807907104}, "right ear": {"x": 0.5994688272476196, "y": 0.2706681191921234, "z": -0.1531202495098114, "visibility": 0.9998552799224854, "presence": 0.9999997615814209}, "mouth (left)": {"x": 0.6003736853599548, "y": 0.29457879066467285, "z": -0.24031199514865875, "visibility": 0.999962568283081, "presence": 0.9999998807907104}, "mouth (right)": {"x": 0.596612274646759, "y": 0.29752248525619507, "z": -0.21252955496311188, "visibility": 0.999935507774353, "presence": 0.9999996423721313}, "left shoulder": {"x": 0.6488695740699768, "y": 0.305229514837265, "z": -0.2496827393770218, "visibility": 0.9999948740005493, "presence": 0.9999994039535522}, "right shoulder": {"x": 0.6113826036453247, "y": 0.3413485884666443, "z": -0.05333177000284195, "visibility": 0.9999205470085144, "presence": 0.9999983310699463}, "left elbow": {"x": 0.6735424399375916, "y": 0.36977776885032654, "z": -0.3253107964992523, "visibility": 0.9667174816131592, "presence": 0.9999339580535889}, "right elbow": {"x": 0.6161932349205017, "y": 0.42338642477989197, "z": -0.05744868144392967, "visibility": 0.5257263779640198, "presence": 0.9999762773513794}, "left wrist": {"x": 0.6201066970825195, "y": 0.3943101763725281, "z": -0.4145159423351288, "visibility": 0.9585942029953003, "presence": 0.999995231628418}, "right wrist": {"x": 0.5998107194900513, "y": 0.4683608114719391, "z": -0.1594807505607605, "visibility": 0.5623301863670349, "presence": 0.9999593496322632}, "left pinky": {"x": 0.606026828289032, "y": 0.40638893842697144, "z": -0.447689026594162, "visibility": 0.9497371315956116, "presence": 0.9999938011169434}, "right pinky": {"x": 0.5937121510505676, "y": 0.48019295930862427, "z": -0.17899172008037567, "visibility": 0.5485804677009583, "presence": 0.9999376535415649}, "left index": {"x": 0.6040610074996948, "y": 0.39405959844589233, "z": -0.44465234875679016, "visibility": 0.9491477012634277, "presence": 0.9999940395355225}, "right index": {"x": 0.5885149836540222, "y": 0.4820145070552826, "z": -0.1961185336112976, "visibility": 0.5566890835762024, "presence": 0.9999321699142456}, "left thumb": {"x": 0.6080286502838135, "y": 0.39264410734176636, "z": -0.4126344323158264, "visibility": 0.8985792398452759, "presence": 0.9999958276748657}, "right thumb": {"x": 0.5936925411224365, "y": 0.474150687456131, "z": -0.17047812044620514, "visibility": 0.512861430644989, "presence": 0.9999608993530273}, "left hip": {"x": 0.6931241154670715, "y": 0.4652586579322815, "z": -0.06424616277217865, "visibility": 0.9998021125793457, "presence": 0.9999996423721313}, "right hip": {"x": 0.6559547185897827, "y": 0.4739645719528198, "z": 0.06411393731832504, "visibility": 0.9995840191841125, "presence": 0.9999997615814209}, "left knee": {"x": 0.7120571732521057, "y": 0.5862522125244141, "z": -0.21937979757785797, "visibility": 0.8530697822570801, "presence": 0.9999970197677612}, "right knee": {"x": 0.6165478229522705, "y": 0.5272587537765503, "z": 0.1877182275056839, "visibility": 0.3232395648956299, "presence": 0.9999898672103882}, "left ankle": {"x": 0.7435875535011292, "y": 0.7037502527236938, "z": -0.17957697808742523, "visibility": 0.7732296586036682, "presence": 0.999976396560669}, "right ankle": {"x": 0.6302846670150757, "y": 0.5971545577049255, "z": 0.38859954476356506, "visibility": 0.2844697833061218, "presence": 0.999987006187439}, "left heel": {"x": 0.7507216334342957, "y": 0.7169284224510193, "z": -0.17952631413936615, "visibility": 0.6124095320701599, "presence": 0.9999116659164429}, "right heel": {"x": 0.6301558613777161, "y": 0.6034420728683472, "z": 0.4056481420993805, "visibility": 0.30525025725364685, "presence": 0.9999915361404419}, "left foot index": {"x": 0.7422286868095398, "y": 0.7540698647499084, "z": -0.28363919258117676, "visibility": 0.8099393844604492, "presence": 0.9999058246612549}, "right foot index": {"x": 0.613713800907135, "y": 0.6444174647331238, "z": 0.3608354330062866, "visibility": 0.3990857005119324, "presence": 0.9999768733978271}, "timestamp": "20240418-205647"}