{"nose": {"x": 0.8583272099494934, "y": 0.39129430055618286, "z": 0.1862480789422989, "visibility": 0.999822735786438, "presence": 0.9999958276748657}, "left eye (inner)": {"x": 0.8568241000175476, "y": 0.3790457844734192, "z": 0.16526228189468384, "visibility": 0.9997019171714783, "presence": 0.9999914169311523}, "left eye": {"x": 0.8564774990081787, "y": 0.37828192114830017, "z": 0.16512194275856018, "visibility": 0.9996457695960999, "presence": 0.9999908208847046}, "left eye (outer)": {"x": 0.856045663356781, "y": 0.37761566042900085, "z": 0.16512788832187653, "visibility": 0.9996232986450195, "presence": 0.999984622001648}, "right eye (inner)": {"x": 0.8596827983856201, "y": 0.3782441020011902, "z": 0.1793636530637741, "visibility": 0.9998554587364197, "presence": 0.9999924898147583}, "right eye": {"x": 0.8614771366119385, "y": 0.3768772482872009, "z": 0.17914940416812897, "visibility": 0.9998860955238342, "presence": 0.999994158744812}, "right eye (outer)": {"x": 0.8633466958999634, "y": 0.37553998827934265, "z": 0.1790637969970703, "visibility": 0.9999002814292908, "presence": 0.9999929666519165}, "left ear": {"x": 0.8591951727867126, "y": 0.37499529123306274, "z": 0.08139576017856598, "visibility": 0.9997194409370422, "presence": 0.9999802112579346}, "right ear": {"x": 0.8709784150123596, "y": 0.37140437960624695, "z": 0.1458226889371872, "visibility": 0.9998272657394409, "presence": 0.9999909400939941}, "mouth (left)": {"x": 0.8616337776184082, "y": 0.39735615253448486, "z": 0.16071166098117828, "visibility": 0.9989247918128967, "presence": 0.999967098236084}, "mouth (right)": {"x": 0.8652699589729309, "y": 0.3969639539718628, "z": 0.17828169465065002, "visibility": 0.9993079900741577, "presence": 0.999955415725708}, "left shoulder": {"x": 0.8557281494140625, "y": 0.40813353657722473, "z": 0.005550525616854429, "visibility": 0.9999803900718689, "presence": 0.999962568283081}, "right shoulder": {"x": 0.9206807017326355, "y": 0.4086286425590515, "z": 0.13606734573841095, "visibility": 0.9998750686645508, "presence": 0.9999871253967285}, "left elbow": {"x": 0.8169491291046143, "y": 0.4702143669128418, "z": 0.025884628295898438, "visibility": 0.8386462926864624, "presence": 0.9999169111251831}, "right elbow": {"x": 0.9636975526809692, "y": 0.5006355047225952, "z": 0.0982118472456932, "visibility": 0.44984713196754456, "presence": 0.9999556541442871}, "left wrist": {"x": 0.813884973526001, "y": 0.47716158628463745, "z": 0.15568597614765167, "visibility": 0.6497722864151001, "presence": 0.9998353719711304}, "right wrist": {"x": 0.9833362698554993, "y": 0.6038286685943604, "z": 0.06412369757890701, "visibility": 0.3845612406730652, "presence": 0.9999812841415405}, "left pinky": {"x": 0.8100971579551697, "y": 0.48313167691230774, "z": 0.1668636053800583, "visibility": 0.6375003457069397, "presence": 0.9994749426841736}, "right pinky": {"x": 0.9919800758361816, "y": 0.624093770980835, "z": 0.06542997807264328, "visibility": 0.3773645758628845, "presence": 0.9999502897262573}, "left index": {"x": 0.8135013580322266, "y": 0.4787195920944214, "z": 0.16745895147323608, "visibility": 0.629301130771637, "presence": 0.9992417097091675}, "right index": {"x": 0.9880428910255432, "y": 0.6288723945617676, "z": 0.05879057198762894, "visibility": 0.3723483383655548, "presence": 0.9999277591705322}, "left thumb": {"x": 0.8155889511108398, "y": 0.47868308424949646, "z": 0.1601170152425766, "visibility": 0.6016255021095276, "presence": 0.9995679259300232}, "right thumb": {"x": 0.9840401411056519, "y": 0.6236855983734131, "z": 0.060518935322761536, "visibility": 0.36317145824432373, "presence": 0.9999663829803467}, "left hip": {"x": 0.9285527467727661, "y": 0.5656381249427795, "z": -0.06871580332517624, "visibility": 0.9998520612716675, "presence": 0.9999984502792358}, "right hip": {"x": 0.9583011865615845, "y": 0.5503706336021423, "z": 0.06831006705760956, "visibility": 0.9997143149375916, "presence": 0.9999994039535522}, "left knee": {"x": 0.9202306270599365, "y": 0.7134674787521362, "z": -0.010559297166764736, "visibility": 0.9933835864067078, "presence": 0.9999918937683105}, "right knee": {"x": 0.8894215822219849, "y": 0.6010343432426453, "z": 0.1883975714445114, "visibility": 0.5906504392623901, "presence": 0.9999963045120239}, "left ankle": {"x": 0.9925718903541565, "y": 0.8039394617080688, "z": -0.0027306927368044853, "visibility": 0.9825180768966675, "presence": 0.9997822642326355}, "right ankle": {"x": 0.8876631855964661, "y": 0.7506866455078125, "z": 0.20847973227500916, "visibility": 0.8052546977996826, "presence": 0.9999274015426636}, "left heel": {"x": 1.0088121891021729, "y": 0.8137432336807251, "z": -0.003152530873194337, "visibility": 0.9361976385116577, "presence": 0.9990667700767517}, "right heel": {"x": 0.8960580825805664, "y": 0.7815502882003784, "z": 0.2095089703798294, "visibility": 0.8273638486862183, "presence": 0.9999008178710938}, "left foot index": {"x": 0.9758092164993286, "y": 0.8591293096542358, "z": -0.025105929002165794, "visibility": 0.9733374118804932, "presence": 0.9986205101013184}, "right foot index": {"x": 0.8513712286949158, "y": 0.775216817855835, "z": 0.21655403077602386, "visibility": 0.8244830965995789, "presence": 0.9996408224105835}, "timestamp": "20240418-205551"}