{"nose": {"x": 0.8791636824607849, "y": 0.2283376008272171, "z": -0.21675674617290497, "visibility": 0.9999020099639893, "presence": 0.9999780654907227}, "left eye (inner)": {"x": 0.8832051157951355, "y": 0.21379239857196808, "z": -0.21578919887542725, "visibility": 0.999850869178772, "presence": 0.9999648332595825}, "left eye": {"x": 0.8855052590370178, "y": 0.21288275718688965, "z": -0.21602770686149597, "visibility": 0.999866247177124, "presence": 0.9999730587005615}, "left eye (outer)": {"x": 0.8878743052482605, "y": 0.2119131237268448, "z": -0.2159671038389206, "visibility": 0.9998839497566223, "presence": 0.9999681711196899}, "right eye (inner)": {"x": 0.8802091479301453, "y": 0.21446442604064941, "z": -0.19942022860050201, "visibility": 0.9998558163642883, "presence": 0.9999327659606934}, "right eye": {"x": 0.8801429867744446, "y": 0.21422332525253296, "z": -0.19962701201438904, "visibility": 0.9998711943626404, "presence": 0.9999394416809082}, "right eye (outer)": {"x": 0.879968523979187, "y": 0.21387498080730438, "z": -0.19975519180297852, "visibility": 0.999870240688324, "presence": 0.9999251365661621}, "left ear": {"x": 0.903142511844635, "y": 0.2109730839729309, "z": -0.17220768332481384, "visibility": 0.9999403953552246, "presence": 0.9999804496765137}, "right ear": {"x": 0.8907684087753296, "y": 0.21504978835582733, "z": -0.09466581791639328, "visibility": 0.9997618198394775, "presence": 0.9999148845672607}, "mouth (left)": {"x": 0.8867548108100891, "y": 0.24058982729911804, "z": -0.1963588148355484, "visibility": 0.9998093843460083, "presence": 0.9999905824661255}, "mouth (right)": {"x": 0.8823366165161133, "y": 0.24161270260810852, "z": -0.17539380490779877, "visibility": 0.9996916055679321, "presence": 0.999962329864502}, "left shoulder": {"x": 0.9548130035400391, "y": 0.27166810631752014, "z": -0.14397354423999786, "visibility": 0.9999866485595703, "presence": 0.9999924898147583}, "right shoulder": {"x": 0.8775832653045654, "y": 0.3015693128108978, "z": -0.00871302280575037, "visibility": 0.9997329711914062, "presence": 0.9998675584793091}, "left elbow": {"x": 0.993077278137207, "y": 0.35773250460624695, "z": -0.22737258672714233, "visibility": 0.9742721915245056, "presence": 0.9991036057472229}, "right elbow": {"x": 0.8416057825088501, "y": 0.38137438893318176, "z": -0.09582460671663284, "visibility": 0.621742308139801, "presence": 0.9981429576873779}, "left wrist": {"x": 0.9436855316162109, "y": 0.3804794251918793, "z": -0.36975303292274475, "visibility": 0.9392849802970886, "presence": 0.99998939037323}, "right wrist": {"x": 0.8299102187156677, "y": 0.34892404079437256, "z": -0.3139973282814026, "visibility": 0.7034223675727844, "presence": 0.9999226331710815}, "left pinky": {"x": 0.9310431480407715, "y": 0.39703109860420227, "z": -0.4119859039783478, "visibility": 0.9387663006782532, "presence": 0.9999853372573853}, "right pinky": {"x": 0.8279693126678467, "y": 0.3336254358291626, "z": -0.3612575829029083, "visibility": 0.6838892102241516, "presence": 0.9999347925186157}, "left index": {"x": 0.9258266091346741, "y": 0.37487223744392395, "z": -0.4161180853843689, "visibility": 0.9364988207817078, "presence": 0.9999911785125732}, "right index": {"x": 0.8337898254394531, "y": 0.3107485771179199, "z": -0.36649221181869507, "visibility": 0.6777439117431641, "presence": 0.9999626874923706}, "left thumb": {"x": 0.9287765026092529, "y": 0.37219637632369995, "z": -0.37275591492652893, "visibility": 0.9121295809745789, "presence": 0.9999936819076538}, "right thumb": {"x": 0.8377248048782349, "y": 0.3171289563179016, "z": -0.3236697018146515, "visibility": 0.663241982460022, "presence": 0.9999743700027466}, "left hip": {"x": 0.9525291919708252, "y": 0.4820127785205841, "z": -0.05225370451807976, "visibility": 0.9993319511413574, "presence": 0.9996911287307739}, "right hip": {"x": 0.906998872756958, "y": 0.48545077443122864, "z": 0.052054513245821, "visibility": 0.9985171556472778, "presence": 0.9995579123497009}, "left knee": {"x": 0.9631310105323792, "y": 0.6297745108604431, "z": -0.25098085403442383, "visibility": 0.984667181968689, "presence": 0.9993187189102173}, "right knee": {"x": 0.8693880438804626, "y": 0.6089539527893066, "z": 0.08034276217222214, "visibility": 0.6502911448478699, "presence": 0.9953222870826721}, "left ankle": {"x": 0.9988409280776978, "y": 0.79487544298172, "z": -0.25563961267471313, "visibility": 0.9841400980949402, "presence": 0.9962232112884521}, "right ankle": {"x": 0.8716230988502502, "y": 0.7426705956459045, "z": 0.26637908816337585, "visibility": 0.709868311882019, "presence": 0.9950268864631653}, "left heel": {"x": 1.0020909309387207, "y": 0.8226289749145508, "z": -0.26358041167259216, "visibility": 0.9472483992576599, "presence": 0.9855546951293945}, "right heel": {"x": 0.8827536702156067, "y": 0.7661182880401611, "z": 0.28057801723480225, "visibility": 0.7482798099517822, "presence": 0.9962921142578125}, "left foot index": {"x": 0.9816753268241882, "y": 0.84473717212677, "z": -0.40397053956985474, "visibility": 0.9909312129020691, "presence": 0.9852411150932312}, "right foot index": {"x": 0.8371131420135498, "y": 0.7821739315986633, "z": 0.2084997445344925, "visibility": 0.781258761882782, "presence": 0.9937573671340942}, "timestamp": "20240418-205733"}