{"nose": {"x": 0.6170557141304016, "y": 0.24689629673957825, "z": -0.24848933517932892, "visibility": 0.9999201893806458, "presence": 0.9999963045120239}, "left eye (inner)": {"x": 0.6191587448120117, "y": 0.2320788949728012, "z": -0.24792350828647614, "visibility": 0.9999032616615295, "presence": 0.9999929666519165}, "left eye": {"x": 0.6216646432876587, "y": 0.23006996512413025, "z": -0.24812783300876617, "visibility": 0.9998948574066162, "presence": 0.9999942779541016}, "left eye (outer)": {"x": 0.6246123909950256, "y": 0.22814494371414185, "z": -0.24808979034423828, "visibility": 0.999919056892395, "presence": 0.9999929666519165}, "right eye (inner)": {"x": 0.6144660711288452, "y": 0.2337629348039627, "z": -0.23735320568084717, "visibility": 0.9999143481254578, "presence": 0.9999843835830688}, "right eye": {"x": 0.6134585738182068, "y": 0.23338474333286285, "z": -0.2375461608171463, "visibility": 0.999915361404419, "presence": 0.9999831914901733}, "right eye (outer)": {"x": 0.6125232577323914, "y": 0.2329787164926529, "z": -0.23761038482189178, "visibility": 0.9999143481254578, "presence": 0.9999746084213257}, "left ear": {"x": 0.6354215145111084, "y": 0.22305989265441895, "z": -0.1642586886882782, "visibility": 0.9999103546142578, "presence": 0.9999935626983643}, "right ear": {"x": 0.6168488264083862, "y": 0.23107784986495972, "z": -0.12343363463878632, "visibility": 0.9996839761734009, "presence": 0.9999544620513916}, "mouth (left)": {"x": 0.6241642832756042, "y": 0.2534075379371643, "z": -0.22824010252952576, "visibility": 0.9997383952140808, "presence": 0.9999953508377075}, "mouth (right)": {"x": 0.6181560158729553, "y": 0.25589969754219055, "z": -0.21209245920181274, "visibility": 0.9996818900108337, "presence": 0.9999773502349854}, "left shoulder": {"x": 0.6731554269790649, "y": 0.2713206112384796, "z": -0.11440259218215942, "visibility": 0.999971866607666, "presence": 0.9999973773956299}, "right shoulder": {"x": 0.6019759178161621, "y": 0.2939351499080658, "z": -0.03216665983200073, "visibility": 0.9998310804367065, "presence": 0.9999392032623291}, "left elbow": {"x": 0.6984520554542542, "y": 0.3370022177696228, "z": -0.18570373952388763, "visibility": 0.9069516658782959, "presence": 0.9999436140060425}, "right elbow": {"x": 0.5750759243965149, "y": 0.36080142855644226, "z": -0.07859620451927185, "visibility": 0.5709832906723022, "presence": 0.9995527863502502}, "left wrist": {"x": 0.6860846877098083, "y": 0.3590172231197357, "z": -0.3505060374736786, "visibility": 0.9062491059303284, "presence": 0.9999957084655762}, "right wrist": {"x": 0.5614279508590698, "y": 0.3825863003730774, "z": -0.26468902826309204, "visibility": 0.652016818523407, "presence": 0.9998290538787842}, "left pinky": {"x": 0.6818299293518066, "y": 0.3727302551269531, "z": -0.3957456350326538, "visibility": 0.8987943530082703, "presence": 0.9999891519546509}, "right pinky": {"x": 0.5526823997497559, "y": 0.38773205876350403, "z": -0.30560070276260376, "visibility": 0.6387267708778381, "presence": 0.9996989965438843}, "left index": {"x": 0.67713463306427, "y": 0.3618718385696411, "z": -0.4088391959667206, "visibility": 0.8951272964477539, "presence": 0.9999924898147583}, "right index": {"x": 0.556003212928772, "y": 0.37938833236694336, "z": -0.32934093475341797, "visibility": 0.6375860571861267, "presence": 0.9997765421867371}, "left thumb": {"x": 0.6765279173851013, "y": 0.3574029803276062, "z": -0.35849660634994507, "visibility": 0.8299886584281921, "presence": 0.9999954700469971}, "right thumb": {"x": 0.5614240765571594, "y": 0.37901148200035095, "z": -0.27938854694366455, "visibility": 0.5902513861656189, "presence": 0.9998763799667358}, "left hip": {"x": 0.6729652881622314, "y": 0.4540694057941437, "z": -0.02330487035214901, "visibility": 0.9994967579841614, "presence": 0.9999752044677734}, "right hip": {"x": 0.6291495561599731, "y": 0.4590027630329132, "z": 0.0231127068400383, "visibility": 0.9990628361701965, "presence": 0.9999562501907349}, "left knee": {"x": 0.7037204504013062, "y": 0.5743762254714966, "z": -0.16017910838127136, "visibility": 0.7179920673370361, "presence": 0.9998466968536377}, "right knee": {"x": 0.5886831879615784, "y": 0.5386784076690674, "z": -0.06953660398721695, "visibility": 0.2382344752550125, "presence": 0.9996577501296997}, "left ankle": {"x": 0.7240350246429443, "y": 0.7125034928321838, "z": -0.09691109508275986, "visibility": 0.7305592894554138, "presence": 0.9994489550590515}, "right ankle": {"x": 0.5772032737731934, "y": 0.6773786544799805, "z": 0.01116434670984745, "visibility": 0.27901631593704224, "presence": 0.9986490607261658}, "left heel": {"x": 0.7226142883300781, "y": 0.73040372133255, "z": -0.09778614342212677, "visibility": 0.5082486867904663, "presence": 0.9982820749282837}, "right heel": {"x": 0.5815308094024658, "y": 0.7002565264701843, "z": 0.01427263393998146, "visibility": 0.2843894362449646, "presence": 0.998637855052948}, "left foot index": {"x": 0.7299340963363647, "y": 0.7555243372917175, "z": -0.21192198991775513, "visibility": 0.7795211672782898, "presence": 0.9974529147148132}, "right foot index": {"x": 0.5611101984977722, "y": 0.7225587368011475, "z": -0.07723051309585571, "visibility": 0.35072264075279236, "presence": 0.9969045519828796}, "timestamp": "20240418-205651"}