{"nose": {"x": 0.6336419582366943, "y": 0.3037055432796478, "z": -0.2635975182056427, "visibility": 0.9998888373374939, "presence": 0.9999996423721313}, "left eye (inner)": {"x": 0.6371309161186218, "y": 0.2896081209182739, "z": -0.26390957832336426, "visibility": 0.9998791813850403, "presence": 0.9999992847442627}, "left eye": {"x": 0.639175534248352, "y": 0.2893630266189575, "z": -0.26412636041641235, "visibility": 0.9998735785484314, "presence": 0.9999994039535522}, "left eye (outer)": {"x": 0.6414071321487427, "y": 0.28922900557518005, "z": -0.2640705406665802, "visibility": 0.9998741149902344, "presence": 0.9999992847442627}, "right eye (inner)": {"x": 0.6334440112113953, "y": 0.2899107038974762, "z": -0.24700626730918884, "visibility": 0.9999189972877502, "presence": 0.999998927116394}, "right eye": {"x": 0.6327804327011108, "y": 0.28966063261032104, "z": -0.24719254672527313, "visibility": 0.9999268651008606, "presence": 0.999998927116394}, "right eye (outer)": {"x": 0.6320241093635559, "y": 0.28941261768341064, "z": -0.24727696180343628, "visibility": 0.999931275844574, "presence": 0.9999986886978149}, "left ear": {"x": 0.6538543701171875, "y": 0.2900359332561493, "z": -0.22732795774936676, "visibility": 0.999907910823822, "presence": 0.9999991655349731}, "right ear": {"x": 0.6398811936378479, "y": 0.2917212247848511, "z": -0.14991015195846558, "visibility": 0.9998836517333984, "presence": 0.9999983310699463}, "mouth (left)": {"x": 0.6414698362350464, "y": 0.31383708119392395, "z": -0.24638135731220245, "visibility": 0.999553918838501, "presence": 0.9999996423721313}, "mouth (right)": {"x": 0.6355610489845276, "y": 0.3143573999404907, "z": -0.22532576322555542, "visibility": 0.9996197819709778, "presence": 0.9999990463256836}, "left shoulder": {"x": 0.690068781375885, "y": 0.3476076126098633, "z": -0.2277064025402069, "visibility": 0.9999818205833435, "presence": 0.9999991655349731}, "right shoulder": {"x": 0.6333528757095337, "y": 0.35872265696525574, "z": -0.04534490406513214, "visibility": 0.9998910427093506, "presence": 0.9999971389770508}, "left elbow": {"x": 0.7198328971862793, "y": 0.42703068256378174, "z": -0.305390328168869, "visibility": 0.9609426856040955, "presence": 0.9998217225074768}, "right elbow": {"x": 0.5995687246322632, "y": 0.404915452003479, "z": -0.12461026757955551, "visibility": 0.5694006085395813, "presence": 0.9999197721481323}, "left wrist": {"x": 0.6795904636383057, "y": 0.4820924401283264, "z": -0.40854570269584656, "visibility": 0.9170573353767395, "presence": 0.9999860525131226}, "right wrist": {"x": 0.5728470683097839, "y": 0.3722180128097534, "z": -0.3398911952972412, "visibility": 0.7793753743171692, "presence": 0.9999961853027344}, "left pinky": {"x": 0.6693333387374878, "y": 0.498696893453598, "z": -0.45241931080818176, "visibility": 0.9134972095489502, "presence": 0.9999794960021973}, "right pinky": {"x": 0.561513364315033, "y": 0.3608304262161255, "z": -0.38432949781417847, "visibility": 0.7874248623847961, "presence": 0.9999957084655762}, "left index": {"x": 0.6641820073127747, "y": 0.49091923236846924, "z": -0.45552560687065125, "visibility": 0.911384642124176, "presence": 0.999985933303833}, "right index": {"x": 0.565619945526123, "y": 0.34677138924598694, "z": -0.3929206430912018, "visibility": 0.7804805040359497, "presence": 0.9999973773956299}, "left thumb": {"x": 0.6672408580780029, "y": 0.4845755994319916, "z": -0.4111926853656769, "visibility": 0.891467273235321, "presence": 0.9999890327453613}, "right thumb": {"x": 0.5721113681793213, "y": 0.3518684506416321, "z": -0.35140886902809143, "visibility": 0.7659869194030762, "presence": 0.9999982118606567}, "left hip": {"x": 0.7003107666969299, "y": 0.5217125415802002, "z": -0.06887446343898773, "visibility": 0.9998932480812073, "presence": 0.9999738931655884}, "right hip": {"x": 0.6714707612991333, "y": 0.5121375918388367, "z": 0.06871508806943893, "visibility": 0.9998404383659363, "presence": 0.9999814033508301}, "left knee": {"x": 0.6423522233963013, "y": 0.598497748374939, "z": -0.1432293951511383, "visibility": 0.8933392763137817, "presence": 0.9999760389328003}, "right knee": {"x": 0.6321948170661926, "y": 0.5992535352706909, "z": 0.13638202846050262, "visibility": 0.562172532081604, "presence": 0.999964714050293}, "left ankle": {"x": 0.6616247296333313, "y": 0.7078902125358582, "z": -0.006957574747502804, "visibility": 0.9182945489883423, "presence": 0.9999330043792725}, "right ankle": {"x": 0.6435208916664124, "y": 0.6964255571365356, "z": 0.2787924110889435, "visibility": 0.7160763740539551, "presence": 0.9999426603317261}, "left heel": {"x": 0.6732973456382751, "y": 0.7299331426620483, "z": 0.005527819972485304, "visibility": 0.8877185583114624, "presence": 0.9998149275779724}, "right heel": {"x": 0.6505183577537537, "y": 0.728242039680481, "z": 0.2907082736492157, "visibility": 0.7839158177375793, "presence": 0.9999459981918335}, "left foot index": {"x": 0.6335111260414124, "y": 0.7376048564910889, "z": -0.07719280570745468, "visibility": 0.9445016980171204, "presence": 0.9998860359191895}, "right foot index": {"x": 0.6071397662162781, "y": 0.7104214429855347, "z": 0.26237693428993225, "visibility": 0.7807273864746094, "presence": 0.9999197721481323}, "timestamp": "20240418-205743"}