{"nose": {"x": 0.8840251564979553, "y": 0.2573060989379883, "z": -0.2803304195404053, "visibility": 0.9998684525489807, "presence": 0.999866247177124}, "left eye (inner)": {"x": 0.8866426348686218, "y": 0.24181638658046722, "z": -0.27999839186668396, "visibility": 0.9998157620429993, "presence": 0.9997919201850891}, "left eye": {"x": 0.8890136480331421, "y": 0.24027568101882935, "z": -0.2802157998085022, "visibility": 0.9998272061347961, "presence": 0.9998438358306885}, "left eye (outer)": {"x": 0.8913657665252686, "y": 0.23844102025032043, "z": -0.2801465392112732, "visibility": 0.9998299479484558, "presence": 0.9998180270195007}, "right eye (inner)": {"x": 0.8841714262962341, "y": 0.24300459027290344, "z": -0.26669231057167053, "visibility": 0.999824047088623, "presence": 0.9995693564414978}, "right eye": {"x": 0.8840628862380981, "y": 0.2427617758512497, "z": -0.2669040560722351, "visibility": 0.9998526573181152, "presence": 0.9996019005775452}, "right eye (outer)": {"x": 0.8838130235671997, "y": 0.24242740869522095, "z": -0.26705801486968994, "visibility": 0.9998236894607544, "presence": 0.9995042085647583}, "left ear": {"x": 0.9065058827400208, "y": 0.23325292766094208, "z": -0.22583238780498505, "visibility": 0.9999184608459473, "presence": 0.9998937845230103}, "right ear": {"x": 0.8950090408325195, "y": 0.24026428163051605, "z": -0.16217899322509766, "visibility": 0.9997045993804932, "presence": 0.9994055032730103}, "mouth (left)": {"x": 0.8916233777999878, "y": 0.2679542005062103, "z": -0.25441691279411316, "visibility": 0.9996868371963501, "presence": 0.9999525547027588}, "mouth (right)": {"x": 0.8876051306724548, "y": 0.26932382583618164, "z": -0.23743821680545807, "visibility": 0.9995862245559692, "presence": 0.9997692704200745}, "left shoulder": {"x": 0.9582170844078064, "y": 0.2953889071941376, "z": -0.1729826033115387, "visibility": 0.9999696612358093, "presence": 0.9999749660491943}, "right shoulder": {"x": 0.8748115301132202, "y": 0.31244462728500366, "z": -0.0776127353310585, "visibility": 0.9994069337844849, "presence": 0.999114453792572}, "left elbow": {"x": 0.9909828305244446, "y": 0.3844248354434967, "z": -0.26226502656936646, "visibility": 0.9669137001037598, "presence": 0.9967700242996216}, "right elbow": {"x": 0.8368082642555237, "y": 0.39465412497520447, "z": -0.166944220662117, "visibility": 0.6640604138374329, "presence": 0.9849086999893188}, "left wrist": {"x": 0.9612473845481873, "y": 0.396612286567688, "z": -0.43079516291618347, "visibility": 0.9326257109642029, "presence": 0.9999080896377563}, "right wrist": {"x": 0.8324677348136902, "y": 0.3100939989089966, "z": -0.38165566325187683, "visibility": 0.7134270668029785, "presence": 0.9989297986030579}, "left pinky": {"x": 0.9516969919204712, "y": 0.407321959733963, "z": -0.4737381637096405, "visibility": 0.9310080409049988, "presence": 0.9998791217803955}, "right pinky": {"x": 0.8231069445610046, "y": 0.2978644371032715, "z": -0.4311860203742981, "visibility": 0.7070457935333252, "presence": 0.9992546439170837}, "left index": {"x": 0.9478117823600769, "y": 0.3837929964065552, "z": -0.4827319085597992, "visibility": 0.9289923906326294, "presence": 0.9999308586120605}, "right index": {"x": 0.8266225457191467, "y": 0.29504746198654175, "z": -0.43497753143310547, "visibility": 0.7014256119728088, "presence": 0.999559223651886}, "left thumb": {"x": 0.9487985968589783, "y": 0.3839057385921478, "z": -0.4365805387496948, "visibility": 0.909672737121582, "presence": 0.9999493360519409}, "right thumb": {"x": 0.8327865600585938, "y": 0.3026176691055298, "z": -0.39056330919265747, "visibility": 0.6876587867736816, "presence": 0.9996715784072876}, "left hip": {"x": 0.951063334941864, "y": 0.4981589913368225, "z": -0.03683638200163841, "visibility": 0.9983498454093933, "presence": 0.9992471933364868}, "right hip": {"x": 0.9021100997924805, "y": 0.5012484788894653, "z": 0.03672051802277565, "visibility": 0.9960739612579346, "presence": 0.9989056587219238}, "left knee": {"x": 0.9585880637168884, "y": 0.6339248418807983, "z": -0.2182285636663437, "visibility": 0.9864363670349121, "presence": 0.9990084767341614}, "right knee": {"x": 0.8556835651397705, "y": 0.6320316195487976, "z": -0.016093267127871513, "visibility": 0.7281152009963989, "presence": 0.9926803112030029}, "left ankle": {"x": 0.9854608774185181, "y": 0.8062751889228821, "z": -0.18333496153354645, "visibility": 0.9889506697654724, "presence": 0.9971755743026733}, "right ankle": {"x": 0.8816072940826416, "y": 0.7266747951507568, "z": 0.24430756270885468, "visibility": 0.6881945729255676, "presence": 0.9984055161476135}, "left heel": {"x": 0.9912413358688354, "y": 0.8304499387741089, "z": -0.18726517260074615, "visibility": 0.9349296689033508, "presence": 0.989965558052063}, "right heel": {"x": 0.8943004608154297, "y": 0.7371885776519775, "z": 0.2682797610759735, "visibility": 0.710136890411377, "presence": 0.99901282787323}, "left foot index": {"x": 0.9647604823112488, "y": 0.8571171164512634, "z": -0.33965811133384705, "visibility": 0.9870919585227966, "presence": 0.9873098731040955}, "right foot index": {"x": 0.8616974949836731, "y": 0.7872762084007263, "z": 0.19598573446273804, "visibility": 0.7565823197364807, "presence": 0.9978577494621277}, "timestamp": "20240418-205615"}