{"nose": {"x": 0.8560588359832764, "y": 0.28146055340766907, "z": -0.1876094937324524, "visibility": 0.999679446220398, "presence": 0.9999990463256836}, "left eye (inner)": {"x": 0.8588340282440186, "y": 0.2653244435787201, "z": -0.19499030709266663, "visibility": 0.9995143413543701, "presence": 0.9999986886978149}, "left eye": {"x": 0.860569179058075, "y": 0.2638496458530426, "z": -0.19517141580581665, "visibility": 0.9995524287223816, "presence": 0.999998927116394}, "left eye (outer)": {"x": 0.8626701235771179, "y": 0.2621002495288849, "z": -0.19513094425201416, "visibility": 0.9995110034942627, "presence": 0.9999985694885254}, "right eye (inner)": {"x": 0.8566059470176697, "y": 0.26621681451797485, "z": -0.17425024509429932, "visibility": 0.9996116757392883, "presence": 0.9999979734420776}, "right eye": {"x": 0.856675922870636, "y": 0.2655409872531891, "z": -0.17444390058517456, "visibility": 0.9996787309646606, "presence": 0.9999982118606567}, "right eye (outer)": {"x": 0.8565954566001892, "y": 0.26484835147857666, "z": -0.174508199095726, "visibility": 0.9996521472930908, "presence": 0.9999977350234985}, "left ear": {"x": 0.8769690990447998, "y": 0.2566157877445221, "z": -0.1923767626285553, "visibility": 0.9997784495353699, "presence": 0.999998927116394}, "right ear": {"x": 0.8688167333602905, "y": 0.2607783377170563, "z": -0.0942615494132042, "visibility": 0.9994456171989441, "presence": 0.9999973773956299}, "mouth (left)": {"x": 0.8646524548530579, "y": 0.2924135625362396, "z": -0.18164321780204773, "visibility": 0.9990230202674866, "presence": 0.9999994039535522}, "mouth (right)": {"x": 0.8613365888595581, "y": 0.2949761152267456, "z": -0.15524104237556458, "visibility": 0.9989794492721558, "presence": 0.9999982118606567}, "left shoulder": {"x": 0.9282969832420349, "y": 0.31158649921417236, "z": -0.21080107986927032, "visibility": 0.9999485015869141, "presence": 0.999998927116394}, "right shoulder": {"x": 0.8658427000045776, "y": 0.3473883271217346, "z": 0.0015095529379323125, "visibility": 0.9994361996650696, "presence": 0.9999936819076538}, "left elbow": {"x": 0.9660082459449768, "y": 0.3973769247531891, "z": -0.28682732582092285, "visibility": 0.9717166423797607, "presence": 0.9998607635498047}, "right elbow": {"x": 0.8476637601852417, "y": 0.4388476014137268, "z": 0.003346832934767008, "visibility": 0.7644093632698059, "presence": 0.9999039173126221}, "left wrist": {"x": 0.9013596177101135, "y": 0.4049404561519623, "z": -0.44223862886428833, "visibility": 0.9456923604011536, "presence": 0.9999991655349731}, "right wrist": {"x": 0.8081846833229065, "y": 0.5000494122505188, "z": -0.10599853098392487, "visibility": 0.7983953356742859, "presence": 0.9999343156814575}, "left pinky": {"x": 0.8845167756080627, "y": 0.4134185314178467, "z": -0.4705497622489929, "visibility": 0.9433521628379822, "presence": 0.9999985694885254}, "right pinky": {"x": 0.7953978776931763, "y": 0.5231587290763855, "z": -0.12248893082141876, "visibility": 0.7771480679512024, "presence": 0.9998587369918823}, "left index": {"x": 0.883005678653717, "y": 0.39786577224731445, "z": -0.4404686689376831, "visibility": 0.9421189427375793, "presence": 0.999998927116394}, "right index": {"x": 0.7942149043083191, "y": 0.5235897302627563, "z": -0.1433052271604538, "visibility": 0.7770668864250183, "presence": 0.9998643398284912}, "left thumb": {"x": 0.8868494629859924, "y": 0.3968389630317688, "z": -0.42098212242126465, "visibility": 0.9271358251571655, "presence": 0.9999994039535522}, "right thumb": {"x": 0.7998758554458618, "y": 0.51628178358078, "z": -0.11870697140693665, "visibility": 0.7644102573394775, "presence": 0.9999366998672485}, "left hip": {"x": 0.9504369497299194, "y": 0.4863922894001007, "z": -0.05886077135801315, "visibility": 0.9991571307182312, "presence": 0.9999737739562988}, "right hip": {"x": 0.9054381847381592, "y": 0.4936734139919281, "z": 0.05868547037243843, "visibility": 0.998591959476471, "presence": 0.999977707862854}, "left knee": {"x": 0.9528138637542725, "y": 0.6226998567581177, "z": -0.26908963918685913, "visibility": 0.9893012642860413, "presence": 0.9999793767929077}, "right knee": {"x": 0.8648974895477295, "y": 0.6110268831253052, "z": -0.005880494602024555, "visibility": 0.8513848185539246, "presence": 0.9998857975006104}, "left ankle": {"x": 0.9835622310638428, "y": 0.7784703373908997, "z": -0.23715950548648834, "visibility": 0.9880903363227844, "presence": 0.9994334578514099}, "right ankle": {"x": 0.8800339102745056, "y": 0.7358757257461548, "z": 0.14716754853725433, "visibility": 0.832122802734375, "presence": 0.9992753863334656}, "left heel": {"x": 0.9877270460128784, "y": 0.7975988388061523, "z": -0.23913824558258057, "visibility": 0.9154447317123413, "presence": 0.9970344305038452}, "right heel": {"x": 0.8920111060142517, "y": 0.7586451768875122, "z": 0.15839315950870514, "visibility": 0.8056023120880127, "presence": 0.9992545247077942}, "left foot index": {"x": 0.9767613410949707, "y": 0.8317409157752991, "z": -0.345662385225296, "visibility": 0.9830867648124695, "presence": 0.9936869740486145}, "right foot index": {"x": 0.8538969159126282, "y": 0.7751061916351318, "z": 0.09735886752605438, "visibility": 0.845751166343689, "presence": 0.9980069994926453}, "timestamp": "20240418-205626"}