{"nose": {"x": 0.8205124139785767, "y": 0.3038492202758789, "z": 0.002491710474714637, "visibility": 0.9999456405639648, "presence": 0.9999992847442627}, "left eye (inner)": {"x": 0.8210698366165161, "y": 0.2853071689605713, "z": -0.013725277967751026, "visibility": 0.9999216794967651, "presence": 0.9999991655349731}, "left eye": {"x": 0.822648286819458, "y": 0.28326573967933655, "z": -0.013870305381715298, "visibility": 0.9999279379844666, "presence": 0.9999992847442627}, "left eye (outer)": {"x": 0.8242009878158569, "y": 0.2813839912414551, "z": -0.01385364681482315, "visibility": 0.9999377727508545, "presence": 0.9999992847442627}, "right eye (inner)": {"x": 0.820026159286499, "y": 0.28587061166763306, "z": 0.010828563943505287, "visibility": 0.9999289512634277, "presence": 0.9999983310699463}, "right eye": {"x": 0.8205682039260864, "y": 0.2846071124076843, "z": 0.010635938495397568, "visibility": 0.9999368190765381, "presence": 0.9999983310699463}, "right eye (outer)": {"x": 0.8210212588310242, "y": 0.28317487239837646, "z": 0.010615913197398186, "visibility": 0.9999368786811829, "presence": 0.9999977350234985}, "left ear": {"x": 0.8364682793617249, "y": 0.2749141454696655, "z": -0.05468479543924332, "visibility": 0.9999679923057556, "presence": 0.9999995231628418}, "right ear": {"x": 0.8342466950416565, "y": 0.27688562870025635, "z": 0.0573442243039608, "visibility": 0.9998757839202881, "presence": 0.9999974966049194}, "mouth (left)": {"x": 0.8299126029014587, "y": 0.31016805768013, "z": -0.007992759346961975, "visibility": 0.9999004006385803, "presence": 0.9999995231628418}, "mouth (right)": {"x": 0.8285898566246033, "y": 0.31222084164619446, "z": 0.022950535640120506, "visibility": 0.9998412132263184, "presence": 0.9999982118606567}, "left shoulder": {"x": 0.8702439665794373, "y": 0.3129960596561432, "z": -0.11936937272548676, "visibility": 0.9999920725822449, "presence": 0.9999998807907104}, "right shoulder": {"x": 0.8564318418502808, "y": 0.3379563093185425, "z": 0.137224480509758, "visibility": 0.9998033046722412, "presence": 0.9999967813491821}, "left elbow": {"x": 0.8892650008201599, "y": 0.3966507315635681, "z": -0.20764335989952087, "visibility": 0.9898197650909424, "presence": 0.999994158744812}, "right elbow": {"x": 0.8984200954437256, "y": 0.42701199650764465, "z": 0.1692284643650055, "visibility": 0.5471441149711609, "presence": 0.9999722242355347}, "left wrist": {"x": 0.8348048329353333, "y": 0.41394126415252686, "z": -0.24102550745010376, "visibility": 0.9790260791778564, "presence": 0.9999997615814209}, "right wrist": {"x": 0.9004971385002136, "y": 0.5227940082550049, "z": 0.12656722962856293, "visibility": 0.595220685005188, "presence": 0.9999750852584839}, "left pinky": {"x": 0.8220465779304504, "y": 0.4223327338695526, "z": -0.26549002528190613, "visibility": 0.9748974442481995, "presence": 0.9999992847442627}, "right pinky": {"x": 0.9012187719345093, "y": 0.5347372889518738, "z": 0.1281450241804123, "visibility": 0.5868262052536011, "presence": 0.9999574422836304}, "left index": {"x": 0.8207168579101562, "y": 0.4079805612564087, "z": -0.2510679066181183, "visibility": 0.9736596941947937, "presence": 0.9999994039535522}, "right index": {"x": 0.8970123529434204, "y": 0.534193217754364, "z": 0.11062625795602798, "visibility": 0.5904347896575928, "presence": 0.9999486207962036}, "left thumb": {"x": 0.8254003524780273, "y": 0.4083990752696991, "z": -0.23374617099761963, "visibility": 0.9582201242446899, "presence": 0.9999996423721313}, "right thumb": {"x": 0.894401490688324, "y": 0.5286353826522827, "z": 0.11700686067342758, "visibility": 0.5846505761146545, "presence": 0.9999707937240601}, "left hip": {"x": 0.9468054175376892, "y": 0.4757094085216522, "z": -0.07764774560928345, "visibility": 0.9996556639671326, "presence": 0.9999985694885254}, "right hip": {"x": 0.9153911471366882, "y": 0.4839199185371399, "z": 0.07751881331205368, "visibility": 0.9991254210472107, "presence": 0.9999980926513672}, "left knee": {"x": 0.9410476088523865, "y": 0.6208266615867615, "z": -0.18049079179763794, "visibility": 0.9937114715576172, "presence": 0.9999959468841553}, "right knee": {"x": 0.8836289048194885, "y": 0.60704505443573, "z": 0.10690054297447205, "visibility": 0.7452297806739807, "presence": 0.999985933303833}, "left ankle": {"x": 0.9871110320091248, "y": 0.768770694732666, "z": -0.1787937879562378, "visibility": 0.986946165561676, "presence": 0.9998940229415894}, "right ankle": {"x": 0.8763302564620972, "y": 0.7428193688392639, "z": 0.14355328679084778, "visibility": 0.7751830816268921, "presence": 0.9997016787528992}, "left heel": {"x": 1.000069260597229, "y": 0.787384033203125, "z": -0.1817387193441391, "visibility": 0.9245604872703552, "presence": 0.9993118047714233}, "right heel": {"x": 0.8864002823829651, "y": 0.7738540768623352, "z": 0.14317063987255096, "visibility": 0.7750338315963745, "presence": 0.9995653033256531}, "left foot index": {"x": 0.9724538326263428, "y": 0.8386076092720032, "z": -0.2601311504840851, "visibility": 0.9854444861412048, "presence": 0.9990045428276062}, "right foot index": {"x": 0.8402796387672424, "y": 0.7793086767196655, "z": 0.10758103430271149, "visibility": 0.8231058716773987, "presence": 0.9990227222442627}, "timestamp": "20240418-205709"}