{"nose": {"x": 0.8454142808914185, "y": 0.34632599353790283, "z": 0.0318552665412426, "visibility": 0.9997916221618652, "presence": 0.9999799728393555}, "left eye (inner)": {"x": 0.8447830080986023, "y": 0.3268257677555084, "z": 0.014216420240700245, "visibility": 0.9997223615646362, "presence": 0.9999717473983765}, "left eye": {"x": 0.8453248739242554, "y": 0.3249054253101349, "z": 0.014073409140110016, "visibility": 0.9997261166572571, "presence": 0.9999786615371704}, "left eye (outer)": {"x": 0.8461009860038757, "y": 0.3233889043331146, "z": 0.01412283070385456, "visibility": 0.9997482895851135, "presence": 0.9999736547470093}, "right eye (inner)": {"x": 0.8457391858100891, "y": 0.32749149203300476, "z": 0.03768579289317131, "visibility": 0.9997904896736145, "presence": 0.9999474287033081}, "right eye": {"x": 0.8470155000686646, "y": 0.3259568512439728, "z": 0.03745325282216072, "visibility": 0.9998169541358948, "presence": 0.9999533891677856}, "right eye (outer)": {"x": 0.8482195138931274, "y": 0.32431814074516296, "z": 0.03738391026854515, "visibility": 0.999835729598999, "presence": 0.9999417066574097}, "left ear": {"x": 0.8572291731834412, "y": 0.31853634119033813, "z": -0.03606977313756943, "visibility": 0.9998473525047302, "presence": 0.9999878406524658}, "right ear": {"x": 0.8578267097473145, "y": 0.32086968421936035, "z": 0.07295593619346619, "visibility": 0.9997107982635498, "presence": 0.9999477863311768}, "mouth (left)": {"x": 0.850941002368927, "y": 0.35088539123535156, "z": 0.018080847337841988, "visibility": 0.9993838667869568, "presence": 0.9999817609786987}, "mouth (right)": {"x": 0.8520297408103943, "y": 0.3508288562297821, "z": 0.04786592349410057, "visibility": 0.9991995692253113, "presence": 0.9999387264251709}, "left shoulder": {"x": 0.8915290832519531, "y": 0.3472760021686554, "z": -0.09887296706438065, "visibility": 0.9999769926071167, "presence": 0.9999960660934448}, "right shoulder": {"x": 0.8734714984893799, "y": 0.36954599618911743, "z": 0.13255849480628967, "visibility": 0.9995721578598022, "presence": 0.9999526739120483}, "left elbow": {"x": 0.9053366780281067, "y": 0.38060662150382996, "z": -0.2022559493780136, "visibility": 0.9120101928710938, "presence": 0.9999430179595947}, "right elbow": {"x": 0.8871563076972961, "y": 0.4220728576183319, "z": 0.17221467196941376, "visibility": 0.21677471697330475, "presence": 0.9999281167984009}, "left wrist": {"x": 0.8523962497711182, "y": 0.3839596211910248, "z": -0.24220091104507446, "visibility": 0.7819849252700806, "presence": 0.9999963045120239}, "right wrist": {"x": 0.8918827176094055, "y": 0.47951677441596985, "z": 0.17330482602119446, "visibility": 0.26474201679229736, "presence": 0.9999058246612549}, "left pinky": {"x": 0.8395209908485413, "y": 0.391276478767395, "z": -0.26260221004486084, "visibility": 0.7846163511276245, "presence": 0.9999915361404419}, "right pinky": {"x": 0.8926275968551636, "y": 0.49796703457832336, "z": 0.17907503247261047, "visibility": 0.2716672122478485, "presence": 0.9998562335968018}, "left index": {"x": 0.8378011584281921, "y": 0.37788674235343933, "z": -0.24846620857715607, "visibility": 0.7738823890686035, "presence": 0.9999920129776001}, "right index": {"x": 0.8884010910987854, "y": 0.50103360414505, "z": 0.1680760681629181, "visibility": 0.26868966221809387, "presence": 0.999815046787262}, "left thumb": {"x": 0.8412704467773438, "y": 0.3824608325958252, "z": -0.2352885603904724, "visibility": 0.710706353187561, "presence": 0.9999951124191284}, "right thumb": {"x": 0.8877944946289062, "y": 0.49301981925964355, "z": 0.16728679835796356, "visibility": 0.26608431339263916, "presence": 0.999889612197876}, "left hip": {"x": 0.9364573359489441, "y": 0.5317163467407227, "z": -0.07537538558244705, "visibility": 0.9997869729995728, "presence": 0.9999958276748657}, "right hip": {"x": 0.9125708341598511, "y": 0.5348841547966003, "z": 0.07513174414634705, "visibility": 0.999498724937439, "presence": 0.9999947547912598}, "left knee": {"x": 0.9322779774665833, "y": 0.6630817651748657, "z": -0.21356384456157684, "visibility": 0.9865617156028748, "presence": 0.999983549118042}, "right knee": {"x": 0.8583056926727295, "y": 0.6228861808776855, "z": 0.20594660937786102, "visibility": 0.39311397075653076, "presence": 0.9998579025268555}, "left ankle": {"x": 1.00259268283844, "y": 0.7822957634925842, "z": -0.3326342701911926, "visibility": 0.9842332005500793, "presence": 0.9996986389160156}, "right ankle": {"x": 0.8736746907234192, "y": 0.7490016222000122, "z": 0.3070336580276489, "visibility": 0.6044007539749146, "presence": 0.9992045760154724}, "left heel": {"x": 1.0302127599716187, "y": 0.8041324019432068, "z": -0.34740298986434937, "visibility": 0.9492479562759399, "presence": 0.9981339573860168}, "right heel": {"x": 0.8848341703414917, "y": 0.7752878069877625, "z": 0.3145582675933838, "visibility": 0.6732342839241028, "presence": 0.9992998838424683}, "left foot index": {"x": 0.9825075268745422, "y": 0.8457837700843811, "z": -0.4242493212223053, "visibility": 0.9843464493751526, "presence": 0.9978286623954773}, "right foot index": {"x": 0.836229145526886, "y": 0.7766799926757812, "z": 0.3040620982646942, "visibility": 0.671497642993927, "presence": 0.998626708984375}, "timestamp": "20240418-205731"}