{"nose": {"x": 0.6299505829811096, "y": 0.2719630002975464, "z": -0.2730835974216461, "visibility": 0.9999514818191528, "presence": 0.9999994039535522}, "left eye (inner)": {"x": 0.6316801905632019, "y": 0.2556721270084381, "z": -0.269883930683136, "visibility": 0.9999454617500305, "presence": 0.9999985694885254}, "left eye": {"x": 0.6347846388816833, "y": 0.2539311647415161, "z": -0.2701248824596405, "visibility": 0.9999344944953918, "presence": 0.999998927116394}, "left eye (outer)": {"x": 0.6372920870780945, "y": 0.25237709283828735, "z": -0.2700549364089966, "visibility": 0.9999552369117737, "presence": 0.9999985694885254}, "right eye (inner)": {"x": 0.6271839737892151, "y": 0.2576722502708435, "z": -0.2607243061065674, "visibility": 0.999942421913147, "presence": 0.9999970197677612}, "right eye": {"x": 0.6257936954498291, "y": 0.2576008141040802, "z": -0.26092395186424255, "visibility": 0.9999402165412903, "presence": 0.9999969005584717}, "right eye (outer)": {"x": 0.6245156526565552, "y": 0.2573525607585907, "z": -0.26100778579711914, "visibility": 0.9999396204948425, "presence": 0.9999954700469971}, "left ear": {"x": 0.6476378440856934, "y": 0.2486458271741867, "z": -0.20758076012134552, "visibility": 0.9999536871910095, "presence": 0.9999990463256836}, "right ear": {"x": 0.628796398639679, "y": 0.25526806712150574, "z": -0.16194599866867065, "visibility": 0.9997828602790833, "presence": 0.999993085861206}, "mouth (left)": {"x": 0.6362459659576416, "y": 0.27765923738479614, "z": -0.2444092482328415, "visibility": 0.999854326248169, "presence": 0.9999990463256836}, "mouth (right)": {"x": 0.6303680539131165, "y": 0.28066059947013855, "z": -0.23268701136112213, "visibility": 0.9997957944869995, "presence": 0.9999953508377075}, "left shoulder": {"x": 0.685146689414978, "y": 0.29549866914749146, "z": -0.1590326577425003, "visibility": 0.9999855756759644, "presence": 0.9999990463256836}, "right shoulder": {"x": 0.614870548248291, "y": 0.30838677287101746, "z": -0.08105237782001495, "visibility": 0.9998297095298767, "presence": 0.9999725818634033}, "left elbow": {"x": 0.7114015817642212, "y": 0.37817010283470154, "z": -0.23666439950466156, "visibility": 0.9122608304023743, "presence": 0.9998517036437988}, "right elbow": {"x": 0.5739317536354065, "y": 0.3456679582595825, "z": -0.17536215484142303, "visibility": 0.49257388710975647, "presence": 0.9995679259300232}, "left wrist": {"x": 0.6870297789573669, "y": 0.3600567579269409, "z": -0.38994595408439636, "visibility": 0.8886122107505798, "presence": 0.9999980926513672}, "right wrist": {"x": 0.579078197479248, "y": 0.28916117548942566, "z": -0.37491968274116516, "visibility": 0.5679986476898193, "presence": 0.9999401569366455}, "left pinky": {"x": 0.6770633459091187, "y": 0.3567354083061218, "z": -0.4343934953212738, "visibility": 0.8799328804016113, "presence": 0.9999978542327881}, "right pinky": {"x": 0.5751183032989502, "y": 0.27187851071357727, "z": -0.4233185648918152, "visibility": 0.5492608547210693, "presence": 0.9999439716339111}, "left index": {"x": 0.6757733821868896, "y": 0.3455214500427246, "z": -0.4399455785751343, "visibility": 0.8737431764602661, "presence": 0.9999985694885254}, "right index": {"x": 0.582797646522522, "y": 0.2641081213951111, "z": -0.42560237646102905, "visibility": 0.542988121509552, "presence": 0.9999672174453735}, "left thumb": {"x": 0.6776561737060547, "y": 0.3464851677417755, "z": -0.39495694637298584, "visibility": 0.7823997735977173, "presence": 0.9999988079071045}, "right thumb": {"x": 0.586741030216217, "y": 0.27172553539276123, "z": -0.3832463026046753, "visibility": 0.496867835521698, "presence": 0.9999775886535645}, "left hip": {"x": 0.6840550899505615, "y": 0.47705718874931335, "z": -0.028089458122849464, "visibility": 0.9997252225875854, "presence": 0.9999850988388062}, "right hip": {"x": 0.6378170251846313, "y": 0.4789488911628723, "z": 0.027880704030394554, "visibility": 0.9994000792503357, "presence": 0.999963641166687}, "left knee": {"x": 0.7141081690788269, "y": 0.5893611311912537, "z": -0.16414140164852142, "visibility": 0.8196194767951965, "presence": 0.9998741149902344}, "right knee": {"x": 0.5991778373718262, "y": 0.5296317338943481, "z": 0.18305367231369019, "visibility": 0.1642492413520813, "presence": 0.998816728591919}, "left ankle": {"x": 0.7373033761978149, "y": 0.717656135559082, "z": -0.12254394590854645, "visibility": 0.8333277702331543, "presence": 0.9997249245643616}, "right ankle": {"x": 0.5895681977272034, "y": 0.6238458752632141, "z": 0.40615788102149963, "visibility": 0.2195599228143692, "presence": 0.9993246793746948}, "left heel": {"x": 0.7372608184814453, "y": 0.7352509498596191, "z": -0.12346965074539185, "visibility": 0.6794183850288391, "presence": 0.9991872906684875}, "right heel": {"x": 0.5933244824409485, "y": 0.6417712569236755, "z": 0.423996239900589, "visibility": 0.2948601543903351, "presence": 0.9996819496154785}, "left foot index": {"x": 0.7439097762107849, "y": 0.7599148154258728, "z": -0.23350200057029724, "visibility": 0.8752182126045227, "presence": 0.9993746876716614}, "right foot index": {"x": 0.5716356635093689, "y": 0.653416097164154, "z": 0.3608807623386383, "visibility": 0.3337041139602661, "presence": 0.9995638728141785}, "timestamp": "20240418-205754"}