{"nose": {"x": 0.8385500907897949, "y": 0.2886159420013428, "z": -0.005838487297296524, "visibility": 0.9999411106109619, "presence": 0.9999868869781494}, "left eye (inner)": {"x": 0.8400020599365234, "y": 0.2699149549007416, "z": -0.020550943911075592, "visibility": 0.9999057054519653, "presence": 0.9999799728393555}, "left eye": {"x": 0.8415601253509521, "y": 0.2683003842830658, "z": -0.02070150338113308, "visibility": 0.9999133348464966, "presence": 0.999982476234436}, "left eye (outer)": {"x": 0.843546986579895, "y": 0.2664925754070282, "z": -0.02067534439265728, "visibility": 0.9999246597290039, "presence": 0.9999778270721436}, "right eye (inner)": {"x": 0.8383264541625977, "y": 0.27032291889190674, "z": 0.004028544295579195, "visibility": 0.9999173283576965, "presence": 0.9999717473983765}, "right eye": {"x": 0.8385190367698669, "y": 0.26925143599510193, "z": 0.00384565070271492, "visibility": 0.9999284744262695, "presence": 0.9999761581420898}, "right eye (outer)": {"x": 0.8386107683181763, "y": 0.2680700421333313, "z": 0.0037896374706178904, "visibility": 0.9999285340309143, "presence": 0.9999727010726929}, "left ear": {"x": 0.856846034526825, "y": 0.2618595361709595, "z": -0.05988367646932602, "visibility": 0.999965250492096, "presence": 0.9999865293502808}, "right ear": {"x": 0.8537377715110779, "y": 0.26350054144859314, "z": 0.05313410237431526, "visibility": 0.9998649954795837, "presence": 0.999976634979248}, "mouth (left)": {"x": 0.8466949462890625, "y": 0.297005832195282, "z": -0.016461728140711784, "visibility": 0.9999235272407532, "presence": 0.9999924898147583}, "mouth (right)": {"x": 0.8437950015068054, "y": 0.29913854598999023, "z": 0.014781709760427475, "visibility": 0.9998707175254822, "presence": 0.9999816417694092}, "left shoulder": {"x": 0.8919630646705627, "y": 0.30825477838516235, "z": -0.12759707868099213, "visibility": 0.9999909996986389, "presence": 0.9999970197677612}, "right shoulder": {"x": 0.8722359538078308, "y": 0.3416503965854645, "z": 0.12465768307447433, "visibility": 0.9998697638511658, "presence": 0.999985933303833}, "left elbow": {"x": 0.9037618041038513, "y": 0.3981837034225464, "z": -0.23290979862213135, "visibility": 0.9901973605155945, "presence": 0.9999042749404907}, "right elbow": {"x": 0.8928465843200684, "y": 0.4468165636062622, "z": 0.14798633754253387, "visibility": 0.6280643343925476, "presence": 0.9999371767044067}, "left wrist": {"x": 0.848231315612793, "y": 0.4098256528377533, "z": -0.27918875217437744, "visibility": 0.9777791500091553, "presence": 0.999997615814209}, "right wrist": {"x": 0.8741649985313416, "y": 0.5381974577903748, "z": 0.09523452818393707, "visibility": 0.7407971024513245, "presence": 0.9999816417694092}, "left pinky": {"x": 0.8334106206893921, "y": 0.4157811105251312, "z": -0.30669158697128296, "visibility": 0.9753930568695068, "presence": 0.999992847442627}, "right pinky": {"x": 0.8676623106002808, "y": 0.5677307844161987, "z": 0.09337186068296432, "visibility": 0.7292559742927551, "presence": 0.9999505281448364}, "left index": {"x": 0.8317370414733887, "y": 0.40198564529418945, "z": -0.2922014892101288, "visibility": 0.9743923544883728, "presence": 0.9999943971633911}, "right index": {"x": 0.8634586930274963, "y": 0.5714244246482849, "z": 0.07423495501279831, "visibility": 0.7293888330459595, "presence": 0.9999508857727051}, "left thumb": {"x": 0.8367739319801331, "y": 0.40181127190589905, "z": -0.2725776135921478, "visibility": 0.9591380953788757, "presence": 0.9999971389770508}, "right thumb": {"x": 0.8684594631195068, "y": 0.5597187280654907, "z": 0.08450731635093689, "visibility": 0.7198150753974915, "presence": 0.9999767541885376}, "left hip": {"x": 0.9552149772644043, "y": 0.48649659752845764, "z": -0.07951105386018753, "visibility": 0.9997032284736633, "presence": 0.9999808073043823}, "right hip": {"x": 0.9237089157104492, "y": 0.49420157074928284, "z": 0.07935521751642227, "visibility": 0.999374508857727, "presence": 0.9999858140945435}, "left knee": {"x": 0.9505645036697388, "y": 0.6304963231086731, "z": -0.162933811545372, "visibility": 0.9909130334854126, "presence": 0.9999462366104126}, "right knee": {"x": 0.8855997323989868, "y": 0.6145583987236023, "z": 0.1591389775276184, "visibility": 0.7103943824768066, "presence": 0.9998486042022705}, "left ankle": {"x": 0.9985857009887695, "y": 0.7765426635742188, "z": -0.17117393016815186, "visibility": 0.9852213263511658, "presence": 0.9991573095321655}, "right ankle": {"x": 0.8869976997375488, "y": 0.7465711236000061, "z": 0.25664564967155457, "visibility": 0.7547554969787598, "presence": 0.9985044002532959}, "left heel": {"x": 1.023329257965088, "y": 0.7982422709465027, "z": -0.17541208863258362, "visibility": 0.9375459551811218, "presence": 0.9951399564743042}, "right heel": {"x": 0.8982912302017212, "y": 0.7738759517669678, "z": 0.2611869275569916, "visibility": 0.7618207931518555, "presence": 0.9983166456222534}, "left foot index": {"x": 0.9823269248008728, "y": 0.8386635780334473, "z": -0.2523300349712372, "visibility": 0.9882532954216003, "presence": 0.9922813773155212}, "right foot index": {"x": 0.8501662015914917, "y": 0.7815608382225037, "z": 0.24546998739242554, "visibility": 0.801404595375061, "presence": 0.9959206581115723}, "timestamp": "20240418-205734"}