{"nose": {"x": 0.8714337944984436, "y": 0.259971022605896, "z": -0.2545125186443329, "visibility": 0.9998832941055298, "presence": 0.9999923706054688}, "left eye (inner)": {"x": 0.8763133883476257, "y": 0.2438567727804184, "z": -0.25355973839759827, "visibility": 0.9998435974121094, "presence": 0.9999902248382568}, "left eye": {"x": 0.8788125514984131, "y": 0.2424463927745819, "z": -0.2537691295146942, "visibility": 0.9998583793640137, "presence": 0.9999933242797852}, "left eye (outer)": {"x": 0.8817245364189148, "y": 0.24089939892292023, "z": -0.25369030237197876, "visibility": 0.9998680949211121, "presence": 0.9999924898147583}, "right eye (inner)": {"x": 0.8720576167106628, "y": 0.24638541042804718, "z": -0.24116817116737366, "visibility": 0.999864935874939, "presence": 0.9999741315841675}, "right eye": {"x": 0.8718241453170776, "y": 0.2465001493692398, "z": -0.2413683831691742, "visibility": 0.9998829364776611, "presence": 0.9999734163284302}, "right eye (outer)": {"x": 0.871511697769165, "y": 0.24661579728126526, "z": -0.24148480594158173, "visibility": 0.9998819828033447, "presence": 0.999962568283081}, "left ear": {"x": 0.8969061374664307, "y": 0.23910513520240784, "z": -0.20349553227424622, "visibility": 0.9999338984489441, "presence": 0.9999971389770508}, "right ear": {"x": 0.8813080787658691, "y": 0.24532979726791382, "z": -0.1420329362154007, "visibility": 0.9998083114624023, "presence": 0.9999454021453857}, "mouth (left)": {"x": 0.8807131052017212, "y": 0.27161476016044617, "z": -0.23047809302806854, "visibility": 0.9997154474258423, "presence": 0.9999948740005493}, "mouth (right)": {"x": 0.8755692839622498, "y": 0.2741183042526245, "z": -0.2142726182937622, "visibility": 0.9995733499526978, "presence": 0.999962329864502}, "left shoulder": {"x": 0.9487289190292358, "y": 0.3020285367965698, "z": -0.1627310812473297, "visibility": 0.9999872446060181, "presence": 0.9999958276748657}, "right shoulder": {"x": 0.8656622767448425, "y": 0.3242679238319397, "z": -0.047566015273332596, "visibility": 0.9995698928833008, "presence": 0.9996938705444336}, "left elbow": {"x": 0.9841481447219849, "y": 0.382060170173645, "z": -0.2371489703655243, "visibility": 0.9774813652038574, "presence": 0.9996589422225952}, "right elbow": {"x": 0.8311218023300171, "y": 0.3934101164340973, "z": -0.036412857472896576, "visibility": 0.6389740109443665, "presence": 0.9979859590530396}, "left wrist": {"x": 0.9485269784927368, "y": 0.41073912382125854, "z": -0.38641345500946045, "visibility": 0.9457061290740967, "presence": 0.9999954700469971}, "right wrist": {"x": 0.7922799587249756, "y": 0.3785548806190491, "z": -0.11160441488027573, "visibility": 0.6831184029579163, "presence": 0.9978533387184143}, "left pinky": {"x": 0.9394148588180542, "y": 0.4204391837120056, "z": -0.4204273223876953, "visibility": 0.9431462287902832, "presence": 0.9999932050704956}, "right pinky": {"x": 0.7709410190582275, "y": 0.38498765230178833, "z": -0.1283058524131775, "visibility": 0.6777340173721313, "presence": 0.9973249435424805}, "left index": {"x": 0.9352335333824158, "y": 0.4029448330402374, "z": -0.43173906207084656, "visibility": 0.9411343336105347, "presence": 0.9999942779541016}, "right index": {"x": 0.7712719440460205, "y": 0.37408891320228577, "z": -0.15303581953048706, "visibility": 0.6815875768661499, "presence": 0.9970744848251343}, "left thumb": {"x": 0.936409056186676, "y": 0.4020046293735504, "z": -0.3929552733898163, "visibility": 0.9260529279708862, "presence": 0.999996542930603}, "right thumb": {"x": 0.7800647616386414, "y": 0.36928728222846985, "z": -0.12381061911582947, "visibility": 0.6719794273376465, "presence": 0.9984149932861328}, "left hip": {"x": 0.9418877959251404, "y": 0.5021705627441406, "z": -0.045333120971918106, "visibility": 0.9991069436073303, "presence": 0.9997679591178894}, "right hip": {"x": 0.8935440182685852, "y": 0.5076032876968384, "z": 0.045183341950178146, "visibility": 0.997617244720459, "presence": 0.9994727969169617}, "left knee": {"x": 0.9538049697875977, "y": 0.629510223865509, "z": -0.28712567687034607, "visibility": 0.9931338429450989, "presence": 0.9998457431793213}, "right knee": {"x": 0.8458404541015625, "y": 0.6275819540023804, "z": 0.06487996131181717, "visibility": 0.7667441368103027, "presence": 0.996650755405426}, "left ankle": {"x": 0.9964281320571899, "y": 0.7927031517028809, "z": -0.2949419915676117, "visibility": 0.9917004704475403, "presence": 0.9977896213531494}, "right ankle": {"x": 0.8727594017982483, "y": 0.7395814061164856, "z": 0.28668540716171265, "visibility": 0.7451812028884888, "presence": 0.9958772659301758}, "left heel": {"x": 0.9994131922721863, "y": 0.8239462375640869, "z": -0.30291467905044556, "visibility": 0.9524654746055603, "presence": 0.9911041259765625}, "right heel": {"x": 0.8858321309089661, "y": 0.7629216313362122, "z": 0.2971981167793274, "visibility": 0.7942656874656677, "presence": 0.9973351359367371}, "left foot index": {"x": 0.9826666116714478, "y": 0.8471012711524963, "z": -0.424530565738678, "visibility": 0.991270899772644, "presence": 0.9859417080879211}, "right foot index": {"x": 0.8388605713844299, "y": 0.7829990983009338, "z": 0.2668702006340027, "visibility": 0.8026260733604431, "presence": 0.9959224462509155}, "timestamp": "20240418-205707"}