{"nose": {"x": 0.5894846320152283, "y": 0.2351582646369934, "z": -0.19195184111595154, "visibility": 0.9999548196792603, "presence": 0.9999964237213135}, "left eye (inner)": {"x": 0.5924030542373657, "y": 0.22082634270191193, "z": -0.1978132128715515, "visibility": 0.9999473094940186, "presence": 0.9999947547912598}, "left eye": {"x": 0.5942911505699158, "y": 0.21916534006595612, "z": -0.1980055719614029, "visibility": 0.9999441504478455, "presence": 0.9999954700469971}, "left eye (outer)": {"x": 0.5964196920394897, "y": 0.2174784392118454, "z": -0.1979627162218094, "visibility": 0.9999497532844543, "presence": 0.9999942779541016}, "right eye (inner)": {"x": 0.5887590646743774, "y": 0.22291439771652222, "z": -0.17881859838962555, "visibility": 0.9999611973762512, "presence": 0.9999910593032837}, "right eye": {"x": 0.5883002877235413, "y": 0.22257453203201294, "z": -0.1790018528699875, "visibility": 0.9999627470970154, "presence": 0.9999916553497314}, "right eye (outer)": {"x": 0.5878512859344482, "y": 0.22199265658855438, "z": -0.1790851354598999, "visibility": 0.9999651312828064, "presence": 0.99998939037323}, "left ear": {"x": 0.6082168817520142, "y": 0.21493910253047943, "z": -0.18324685096740723, "visibility": 0.999963104724884, "presence": 0.9999949932098389}, "right ear": {"x": 0.5961898565292358, "y": 0.22104254364967346, "z": -0.09611508250236511, "visibility": 0.9999235272407532, "presence": 0.9999873638153076}, "mouth (left)": {"x": 0.5976707935333252, "y": 0.24407480657100677, "z": -0.18247631192207336, "visibility": 0.9998535513877869, "presence": 0.9999970197677612}, "mouth (right)": {"x": 0.5925794243812561, "y": 0.2462083250284195, "z": -0.15850672125816345, "visibility": 0.9998661279678345, "presence": 0.9999908208847046}, "left shoulder": {"x": 0.6437440514564514, "y": 0.2549956142902374, "z": -0.18720628321170807, "visibility": 0.9999918341636658, "presence": 0.9999979734420776}, "right shoulder": {"x": 0.596537172794342, "y": 0.2977154850959778, "z": -0.00035459260107018054, "visibility": 0.9999400973320007, "presence": 0.999985933303833}, "left elbow": {"x": 0.6670716404914856, "y": 0.3224393129348755, "z": -0.27872392535209656, "visibility": 0.9828391671180725, "presence": 0.9999170303344727}, "right elbow": {"x": 0.5938364863395691, "y": 0.39128798246383667, "z": 0.01771744340658188, "visibility": 0.6178697943687439, "presence": 0.9999065399169922}, "left wrist": {"x": 0.6198883056640625, "y": 0.3378278613090515, "z": -0.39068931341171265, "visibility": 0.9665920734405518, "presence": 0.9999978542327881}, "right wrist": {"x": 0.5822473168373108, "y": 0.46717727184295654, "z": -0.08198364078998566, "visibility": 0.7625448107719421, "presence": 0.9999672174453735}, "left pinky": {"x": 0.6069125533103943, "y": 0.3485972285270691, "z": -0.4302675724029541, "visibility": 0.9617775082588196, "presence": 0.9999951124191284}, "right pinky": {"x": 0.5771095156669617, "y": 0.4851967692375183, "z": -0.10020983219146729, "visibility": 0.7550156712532043, "presence": 0.999927282333374}, "left index": {"x": 0.6044397950172424, "y": 0.3380618989467621, "z": -0.4251544177532196, "visibility": 0.9615688323974609, "presence": 0.9999964237213135}, "right index": {"x": 0.5743067860603333, "y": 0.48556265234947205, "z": -0.12430606037378311, "visibility": 0.7638964653015137, "presence": 0.9999226331710815}, "left thumb": {"x": 0.6092065572738647, "y": 0.3341524004936218, "z": -0.38986337184906006, "visibility": 0.9423326849937439, "presence": 0.9999979734420776}, "right thumb": {"x": 0.5778870582580566, "y": 0.4797051250934601, "z": -0.09564077854156494, "visibility": 0.7332484722137451, "presence": 0.9999617338180542}, "left hip": {"x": 0.6668360233306885, "y": 0.43729373812675476, "z": -0.05469246953725815, "visibility": 0.9998636841773987, "presence": 0.9999853372573853}, "right hip": {"x": 0.6350255012512207, "y": 0.4467369019985199, "z": 0.05459494888782501, "visibility": 0.9997948408126831, "presence": 0.9999871253967285}, "left knee": {"x": 0.652198076248169, "y": 0.564045786857605, "z": -0.06318079680204391, "visibility": 0.8202382326126099, "presence": 0.9999469518661499}, "right knee": {"x": 0.6116371750831604, "y": 0.545788586139679, "z": 0.09304478019475937, "visibility": 0.36518868803977966, "presence": 0.9998632669448853}, "left ankle": {"x": 0.65828537940979, "y": 0.6922427415847778, "z": -0.023827869445085526, "visibility": 0.8383013010025024, "presence": 0.9996469020843506}, "right ankle": {"x": 0.6186388731002808, "y": 0.6577081084251404, "z": 0.21898683905601501, "visibility": 0.4692229926586151, "presence": 0.9997064471244812}, "left heel": {"x": 0.6671454906463623, "y": 0.7151726484298706, "z": -0.02741718664765358, "visibility": 0.686937153339386, "presence": 0.9985067248344421}, "right heel": {"x": 0.6267454028129578, "y": 0.6752095222473145, "z": 0.22787071764469147, "visibility": 0.4949083626270294, "presence": 0.9996465444564819}, "left foot index": {"x": 0.6372281908988953, "y": 0.735332727432251, "z": -0.13134200870990753, "visibility": 0.8910541534423828, "presence": 0.998140811920166}, "right foot index": {"x": 0.59648597240448, "y": 0.692974865436554, "z": 0.16457097232341766, "visibility": 0.5739414095878601, "presence": 0.9993557333946228}, "timestamp": "20240418-205745"}