{"nose": {"x": 0.8540787100791931, "y": 0.33918729424476624, "z": 0.02709534950554371, "visibility": 0.9986476302146912, "presence": 0.9999885559082031}, "left eye (inner)": {"x": 0.8569450378417969, "y": 0.32246726751327515, "z": 0.011271962895989418, "visibility": 0.9980620741844177, "presence": 0.9999872446060181}, "left eye": {"x": 0.8582897186279297, "y": 0.32138776779174805, "z": 0.011150152422487736, "visibility": 0.9981184005737305, "presence": 0.9999898672103882}, "left eye (outer)": {"x": 0.859455943107605, "y": 0.32043716311454773, "z": 0.011179022490978241, "visibility": 0.9978384375572205, "presence": 0.9999886751174927}, "right eye (inner)": {"x": 0.8573304414749146, "y": 0.3224506080150604, "z": 0.03277955949306488, "visibility": 0.9987950921058655, "presence": 0.9999741315841675}, "right eye": {"x": 0.8590996265411377, "y": 0.3214896619319916, "z": 0.03257205709815025, "visibility": 0.999128520488739, "presence": 0.9999740123748779}, "right eye (outer)": {"x": 0.8609545230865479, "y": 0.3206690549850464, "z": 0.03252101317048073, "visibility": 0.9991140961647034, "presence": 0.999966025352478}, "left ear": {"x": 0.8662869930267334, "y": 0.3158945143222809, "z": -0.029012460261583328, "visibility": 0.9990741610527039, "presence": 0.9999939203262329}, "right ear": {"x": 0.8714162111282349, "y": 0.3174046576023102, "z": 0.0720323994755745, "visibility": 0.9989691972732544, "presence": 0.9999667406082153}, "mouth (left)": {"x": 0.8595143556594849, "y": 0.3477290868759155, "z": 0.01658034138381481, "visibility": 0.9929617643356323, "presence": 0.9999911785125732}, "mouth (right)": {"x": 0.8601028919219971, "y": 0.34854328632354736, "z": 0.04349120706319809, "visibility": 0.992904007434845, "presence": 0.9999686479568481}, "left shoulder": {"x": 0.8916252255439758, "y": 0.35162168741226196, "z": -0.08791522681713104, "visibility": 0.9999080896377563, "presence": 0.999997615814209}, "right shoulder": {"x": 0.8827461004257202, "y": 0.37883979082107544, "z": 0.13487598299980164, "visibility": 0.9992808699607849, "presence": 0.9999650716781616}, "left elbow": {"x": 0.9114095568656921, "y": 0.38479721546173096, "z": -0.18795116245746613, "visibility": 0.8120871186256409, "presence": 0.9999474287033081}, "right elbow": {"x": 0.9172957539558411, "y": 0.42792177200317383, "z": 0.20627659559249878, "visibility": 0.2698346972465515, "presence": 0.9998959302902222}, "left wrist": {"x": 0.8603760600090027, "y": 0.38083529472351074, "z": -0.21956568956375122, "visibility": 0.6003780364990234, "presence": 0.9999991655349731}, "right wrist": {"x": 0.9293951988220215, "y": 0.4631846845149994, "z": 0.2581467032432556, "visibility": 0.18936678767204285, "presence": 0.9999710321426392}, "left pinky": {"x": 0.847848117351532, "y": 0.3824382722377777, "z": -0.23515520989894867, "visibility": 0.5960191488265991, "presence": 0.9999980926513672}, "right pinky": {"x": 0.9340019822120667, "y": 0.47600165009498596, "z": 0.2731891870498657, "visibility": 0.19016523659229279, "presence": 0.99996018409729}, "left index": {"x": 0.8470861911773682, "y": 0.37332865595817566, "z": -0.22026939690113068, "visibility": 0.5904796123504639, "presence": 0.9999983310699463}, "right index": {"x": 0.9300169944763184, "y": 0.4749569892883301, "z": 0.26315608620643616, "visibility": 0.18904374539852142, "presence": 0.9999501705169678}, "left thumb": {"x": 0.851283848285675, "y": 0.3774997591972351, "z": -0.21169725060462952, "visibility": 0.5608347654342651, "presence": 0.9999990463256836}, "right thumb": {"x": 0.9278497099876404, "y": 0.4698425829410553, "z": 0.25436627864837646, "visibility": 0.18853051960468292, "presence": 0.9999699592590332}, "left hip": {"x": 0.9398557543754578, "y": 0.5361706018447876, "z": -0.06945472955703735, "visibility": 0.9991665482521057, "presence": 0.9999936819076538}, "right hip": {"x": 0.9212210774421692, "y": 0.5463211536407471, "z": 0.06927046179771423, "visibility": 0.9986563920974731, "presence": 0.9999899864196777}, "left knee": {"x": 0.9215201139450073, "y": 0.6542227268218994, "z": -0.18271280825138092, "visibility": 0.9710195064544678, "presence": 0.999993085861206}, "right knee": {"x": 0.8674166202545166, "y": 0.6342149972915649, "z": 0.051709625869989395, "visibility": 0.3639625310897827, "presence": 0.9999567270278931}, "left ankle": {"x": 0.9947977066040039, "y": 0.7766344547271729, "z": -0.2680962383747101, "visibility": 0.921616792678833, "presence": 0.9999027252197266}, "right ankle": {"x": 0.9046230912208557, "y": 0.7575991153717041, "z": 0.05437454953789711, "visibility": 0.5848639011383057, "presence": 0.9998749494552612}, "left heel": {"x": 1.0108444690704346, "y": 0.7874601483345032, "z": -0.2795904278755188, "visibility": 0.8618960976600647, "presence": 0.9992837309837341}, "right heel": {"x": 0.9171324372291565, "y": 0.7825440168380737, "z": 0.05211358144879341, "visibility": 0.7050837278366089, "presence": 0.9998103976249695}, "left foot index": {"x": 0.9804478883743286, "y": 0.8468419313430786, "z": -0.3477022647857666, "visibility": 0.8650743365287781, "presence": 0.9984610080718994}, "right foot index": {"x": 0.8691139817237854, "y": 0.7839112877845764, "z": 0.031280968338251114, "visibility": 0.5856721997261047, "presence": 0.9992954730987549}, "timestamp": "20240418-205540"}