{"nose": {"x": 0.8866134285926819, "y": 0.29068902134895325, "z": -0.23417161405086517, "visibility": 0.9997700452804565, "presence": 0.9999972581863403}, "left eye (inner)": {"x": 0.8889918327331543, "y": 0.2739105522632599, "z": -0.22969454526901245, "visibility": 0.9996710419654846, "presence": 0.9999938011169434}, "left eye": {"x": 0.8918003439903259, "y": 0.271972119808197, "z": -0.22989888489246368, "visibility": 0.999711275100708, "presence": 0.9999953508377075}, "left eye (outer)": {"x": 0.8947686553001404, "y": 0.27019572257995605, "z": -0.2298109233379364, "visibility": 0.9997491240501404, "presence": 0.9999942779541016}, "right eye (inner)": {"x": 0.88534015417099, "y": 0.2754978537559509, "z": -0.2199833244085312, "visibility": 0.9996874928474426, "presence": 0.9999864101409912}, "right eye": {"x": 0.884225606918335, "y": 0.27507922053337097, "z": -0.22018122673034668, "visibility": 0.9997254610061646, "presence": 0.9999860525131226}, "right eye (outer)": {"x": 0.8829899430274963, "y": 0.2744959592819214, "z": -0.22029179334640503, "visibility": 0.9997521042823792, "presence": 0.9999803304672241}, "left ear": {"x": 0.9083514213562012, "y": 0.26559215784072876, "z": -0.16584496200084686, "visibility": 0.9998845458030701, "presence": 0.9999970197677612}, "right ear": {"x": 0.889241099357605, "y": 0.2709976136684418, "z": -0.11761186271905899, "visibility": 0.9995914697647095, "presence": 0.9999747276306152}, "mouth (left)": {"x": 0.8941683173179626, "y": 0.300042986869812, "z": -0.20502468943595886, "visibility": 0.9995366930961609, "presence": 0.9999973773956299}, "mouth (right)": {"x": 0.8879024386405945, "y": 0.30227401852607727, "z": -0.19265566766262054, "visibility": 0.9992714524269104, "presence": 0.999985933303833}, "left shoulder": {"x": 0.9556248188018799, "y": 0.3226829171180725, "z": -0.12710604071617126, "visibility": 0.9999805092811584, "presence": 0.9999967813491821}, "right shoulder": {"x": 0.8729089498519897, "y": 0.3272649347782135, "z": -0.04169187322258949, "visibility": 0.9997371435165405, "presence": 0.9998689889907837}, "left elbow": {"x": 0.9799132943153381, "y": 0.4249047040939331, "z": -0.235307514667511, "visibility": 0.9478988647460938, "presence": 0.999131977558136}, "right elbow": {"x": 0.8284648656845093, "y": 0.3560943603515625, "z": -0.15426228940486908, "visibility": 0.5709987282752991, "presence": 0.998768150806427}, "left wrist": {"x": 0.9394639730453491, "y": 0.3778702914714813, "z": -0.4069761633872986, "visibility": 0.8917526602745056, "presence": 0.9999972581863403}, "right wrist": {"x": 0.8200262784957886, "y": 0.27999046444892883, "z": -0.3541024625301361, "visibility": 0.6273277401924133, "presence": 0.9998477697372437}, "left pinky": {"x": 0.9229707717895508, "y": 0.38412395119667053, "z": -0.44915181398391724, "visibility": 0.8878874778747559, "presence": 0.999997615814209}, "right pinky": {"x": 0.8143823146820068, "y": 0.25581422448158264, "z": -0.4016011655330658, "visibility": 0.6195574402809143, "presence": 0.9998822212219238}, "left index": {"x": 0.9231753945350647, "y": 0.3589232861995697, "z": -0.45375490188598633, "visibility": 0.8832588791847229, "presence": 0.9999984502792358}, "right index": {"x": 0.8175726532936096, "y": 0.23985028266906738, "z": -0.39900365471839905, "visibility": 0.6141843795776367, "presence": 0.9999256134033203}, "left thumb": {"x": 0.9263507723808289, "y": 0.362201988697052, "z": -0.41122403740882874, "visibility": 0.8432806134223938, "presence": 0.9999986886978149}, "right thumb": {"x": 0.8211361169815063, "y": 0.2535999119281769, "z": -0.3608658015727997, "visibility": 0.5937684774398804, "presence": 0.999946117401123}, "left hip": {"x": 0.9445102214813232, "y": 0.5207912921905518, "z": -0.0402940958738327, "visibility": 0.9991059303283691, "presence": 0.9998852014541626}, "right hip": {"x": 0.896651029586792, "y": 0.5285844802856445, "z": 0.04010233283042908, "visibility": 0.9981884360313416, "presence": 0.9997921586036682}, "left knee": {"x": 0.9476185441017151, "y": 0.6425961256027222, "z": -0.29161959886550903, "visibility": 0.9812674522399902, "presence": 0.9999088048934937}, "right knee": {"x": 0.8474092483520508, "y": 0.6603295803070068, "z": 0.1100800409913063, "visibility": 0.5721746683120728, "presence": 0.998515784740448}, "left ankle": {"x": 0.9923851490020752, "y": 0.8026235699653625, "z": -0.31267231702804565, "visibility": 0.9858052134513855, "presence": 0.9996232986450195}, "right ankle": {"x": 0.8596170544624329, "y": 0.7627769708633423, "z": 0.36189430952072144, "visibility": 0.6067467927932739, "presence": 0.9992713332176208}, "left heel": {"x": 0.9995627403259277, "y": 0.8269641399383545, "z": -0.3203146755695343, "visibility": 0.925281286239624, "presence": 0.9984771609306335}, "right heel": {"x": 0.8683990836143494, "y": 0.7818240523338318, "z": 0.38367167115211487, "visibility": 0.6547771096229553, "presence": 0.9995414018630981}, "left foot index": {"x": 0.9712581038475037, "y": 0.8503309488296509, "z": -0.45904025435447693, "visibility": 0.9892023801803589, "presence": 0.9987620115280151}, "right foot index": {"x": 0.823869526386261, "y": 0.7872137427330017, "z": 0.32138729095458984, "visibility": 0.7176820039749146, "presence": 0.9993851184844971}, "timestamp": "20240418-205816"}