{"nose": {"x": 0.8886117339134216, "y": 0.2521721422672272, "z": -0.27755436301231384, "visibility": 0.9999344348907471, "presence": 0.9999598264694214}, "left eye (inner)": {"x": 0.8924417495727539, "y": 0.23559029400348663, "z": -0.27811259031295776, "visibility": 0.999910295009613, "presence": 0.999940037727356}, "left eye": {"x": 0.8950283527374268, "y": 0.23435117304325104, "z": -0.2783418893814087, "visibility": 0.9999096393585205, "presence": 0.9999592304229736}, "left eye (outer)": {"x": 0.8975536227226257, "y": 0.2330891340970993, "z": -0.2782822251319885, "visibility": 0.9999115467071533, "presence": 0.9999550580978394}, "right eye (inner)": {"x": 0.8890851140022278, "y": 0.23671938478946686, "z": -0.2642165422439575, "visibility": 0.9999253749847412, "presence": 0.9998451471328735}, "right eye": {"x": 0.8889597654342651, "y": 0.23653551936149597, "z": -0.2644265294075012, "visibility": 0.9999337196350098, "presence": 0.9998501539230347}, "right eye (outer)": {"x": 0.8887034058570862, "y": 0.23625022172927856, "z": -0.26455241441726685, "visibility": 0.9999312162399292, "presence": 0.999795138835907}, "left ear": {"x": 0.9121870398521423, "y": 0.23158518970012665, "z": -0.22784282267093658, "visibility": 0.9999538064002991, "presence": 0.9999792575836182}, "right ear": {"x": 0.8985098004341125, "y": 0.23495203256607056, "z": -0.1603933721780777, "visibility": 0.9998741745948792, "presence": 0.999747097492218}, "mouth (left)": {"x": 0.8965400457382202, "y": 0.2652958035469055, "z": -0.2529691457748413, "visibility": 0.999779224395752, "presence": 0.9999815225601196}, "mouth (right)": {"x": 0.8915935158729553, "y": 0.2656124532222748, "z": -0.23500901460647583, "visibility": 0.9997207522392273, "presence": 0.9998869895935059}, "left shoulder": {"x": 0.9631285071372986, "y": 0.2921105623245239, "z": -0.18112079799175262, "visibility": 0.9999841451644897, "presence": 0.9999858140945435}, "right shoulder": {"x": 0.8774001002311707, "y": 0.32151147723197937, "z": -0.07040247321128845, "visibility": 0.9995829463005066, "presence": 0.9988238215446472}, "left elbow": {"x": 0.9979512095451355, "y": 0.3636956512928009, "z": -0.26510652899742126, "visibility": 0.9765504598617554, "presence": 0.9978609681129456}, "right elbow": {"x": 0.8455015420913696, "y": 0.40374863147735596, "z": -0.14931906759738922, "visibility": 0.6631028652191162, "presence": 0.9768186807632446}, "left wrist": {"x": 0.9668917655944824, "y": 0.40025970339775085, "z": -0.43302708864212036, "visibility": 0.938675582408905, "presence": 0.9998632669448853}, "right wrist": {"x": 0.8381308913230896, "y": 0.40196388959884644, "z": -0.3453729450702667, "visibility": 0.6964091062545776, "presence": 0.9818474650382996}, "left pinky": {"x": 0.957709550857544, "y": 0.4169033467769623, "z": -0.47989505529403687, "visibility": 0.9368065595626831, "presence": 0.9998351335525513}, "right pinky": {"x": 0.8339416980743408, "y": 0.4075925052165985, "z": -0.3905129134654999, "visibility": 0.6961294412612915, "presence": 0.9879850745201111}, "left index": {"x": 0.9530813694000244, "y": 0.3992268443107605, "z": -0.4900822639465332, "visibility": 0.9344761967658997, "presence": 0.9998984336853027}, "right index": {"x": 0.8359917998313904, "y": 0.3956940174102783, "z": -0.4020787179470062, "visibility": 0.6993281841278076, "presence": 0.9923377633094788}, "left thumb": {"x": 0.9544428586959839, "y": 0.39502307772636414, "z": -0.43980106711387634, "visibility": 0.9112648963928223, "presence": 0.9999194145202637}, "right thumb": {"x": 0.838740885257721, "y": 0.3942784070968628, "z": -0.3567826449871063, "visibility": 0.6632000207901001, "presence": 0.9936521053314209}, "left hip": {"x": 0.9545691013336182, "y": 0.49811553955078125, "z": -0.0397900752723217, "visibility": 0.9968768954277039, "presence": 0.9989299178123474}, "right hip": {"x": 0.9049704670906067, "y": 0.5010056495666504, "z": 0.03956736996769905, "visibility": 0.9922423958778381, "presence": 0.9976330995559692}, "left knee": {"x": 0.9599907398223877, "y": 0.6356751918792725, "z": -0.2828044593334198, "visibility": 0.9893266558647156, "presence": 0.9991586208343506}, "right knee": {"x": 0.8616206049919128, "y": 0.6243370771408081, "z": 0.06738585978746414, "visibility": 0.7162389159202576, "presence": 0.9861481189727783}, "left ankle": {"x": 1.0003342628479004, "y": 0.8065366744995117, "z": -0.2821519672870636, "visibility": 0.9856595993041992, "presence": 0.9947004318237305}, "right ankle": {"x": 0.8734565377235413, "y": 0.7486036419868469, "z": 0.2866300344467163, "visibility": 0.6664988398551941, "presence": 0.9884576201438904}, "left heel": {"x": 1.001852035522461, "y": 0.8394098281860352, "z": -0.2900756001472473, "visibility": 0.9394760727882385, "presence": 0.9808152914047241}, "right heel": {"x": 0.8847827315330505, "y": 0.7740039229393005, "z": 0.30452507734298706, "visibility": 0.6908869743347168, "presence": 0.9932333827018738}, "left foot index": {"x": 0.982103705406189, "y": 0.8565595746040344, "z": -0.44051918387413025, "visibility": 0.9911932349205017, "presence": 0.9837309122085571}, "right foot index": {"x": 0.8379203081130981, "y": 0.7836900353431702, "z": 0.2268528789281845, "visibility": 0.757515549659729, "presence": 0.9917075037956238}, "timestamp": "20240418-205821"}