{"nose": {"x": 0.5280058979988098, "y": 0.3608267903327942, "z": 0.04507092759013176, "visibility": 0.9996304512023926, "presence": 0.9999662637710571}, "left eye (inner)": {"x": 0.5263820886611938, "y": 0.3450373113155365, "z": 0.030665822327136993, "visibility": 0.9996846914291382, "presence": 0.9999771118164062}, "left eye": {"x": 0.5274739861488342, "y": 0.34281954169273376, "z": 0.030535617843270302, "visibility": 0.999643087387085, "presence": 0.9999792575836182}, "left eye (outer)": {"x": 0.528410792350769, "y": 0.34099018573760986, "z": 0.03056987188756466, "visibility": 0.9997676014900208, "presence": 0.999975323677063}, "right eye (inner)": {"x": 0.526037335395813, "y": 0.34552666544914246, "z": 0.0570051409304142, "visibility": 0.999701738357544, "presence": 0.9999502897262573}, "right eye": {"x": 0.5268704295158386, "y": 0.34379836916923523, "z": 0.056852787733078, "visibility": 0.9996767044067383, "presence": 0.9999464750289917}, "right eye (outer)": {"x": 0.5276634693145752, "y": 0.34220898151397705, "z": 0.05675213411450386, "visibility": 0.9997236132621765, "presence": 0.9999228715896606}, "left ear": {"x": 0.5377491116523743, "y": 0.3310035169124603, "z": -0.009613140486180782, "visibility": 0.9997817277908325, "presence": 0.9999727010726929}, "right ear": {"x": 0.5385428667068481, "y": 0.33182045817375183, "z": 0.10845309495925903, "visibility": 0.9991509914398193, "presence": 0.9999070167541504}, "mouth (left)": {"x": 0.5357992649078369, "y": 0.3634335696697235, "z": 0.034245263785123825, "visibility": 0.9994575381278992, "presence": 0.9999655485153198}, "mouth (right)": {"x": 0.5357301235198975, "y": 0.3639742434024811, "z": 0.06701137870550156, "visibility": 0.9989765286445618, "presence": 0.9998782873153687}, "left shoulder": {"x": 0.5611344575881958, "y": 0.3590455651283264, "z": -0.08255908638238907, "visibility": 0.9999725818634033, "presence": 0.9999793767929077}, "right shoulder": {"x": 0.5819216370582581, "y": 0.35163360834121704, "z": 0.18298231065273285, "visibility": 0.9997280836105347, "presence": 0.9998741149902344}, "left elbow": {"x": 0.551857590675354, "y": 0.40956470370292664, "z": -0.18742094933986664, "visibility": 0.9578291773796082, "presence": 0.999854326248169}, "right elbow": {"x": 0.6047359704971313, "y": 0.40666359663009644, "z": 0.2640768587589264, "visibility": 0.22603550553321838, "presence": 0.9995394945144653}, "left wrist": {"x": 0.5162928104400635, "y": 0.42747509479522705, "z": -0.21429097652435303, "visibility": 0.9534521102905273, "presence": 0.9999551773071289}, "right wrist": {"x": 0.6061803102493286, "y": 0.47014880180358887, "z": 0.2917112112045288, "visibility": 0.34131479263305664, "presence": 0.9998434782028198}, "left pinky": {"x": 0.5074880719184875, "y": 0.43557170033454895, "z": -0.23395904898643494, "visibility": 0.9409489035606384, "presence": 0.9998137354850769}, "right pinky": {"x": 0.6085253953933716, "y": 0.4848150610923767, "z": 0.3042764961719513, "visibility": 0.3560735285282135, "presence": 0.9997313618659973}, "left index": {"x": 0.5059708952903748, "y": 0.429052472114563, "z": -0.21991583704948425, "visibility": 0.9397578239440918, "presence": 0.9998064637184143}, "right index": {"x": 0.6036005616188049, "y": 0.48958003520965576, "z": 0.28411856293678284, "visibility": 0.362362802028656, "presence": 0.9996598958969116}, "left thumb": {"x": 0.5096210241317749, "y": 0.42715635895729065, "z": -0.20703177154064178, "visibility": 0.8896762728691101, "presence": 0.9999018907546997}, "right thumb": {"x": 0.6031981706619263, "y": 0.4846668541431427, "z": 0.282560795545578, "visibility": 0.3442835509777069, "presence": 0.9998124241828918}, "left hip": {"x": 0.6284753084182739, "y": 0.48232999444007874, "z": -0.07593458145856857, "visibility": 0.9995012283325195, "presence": 0.999995231628418}, "right hip": {"x": 0.6429858207702637, "y": 0.4835382103919983, "z": 0.07580310851335526, "visibility": 0.9993276000022888, "presence": 0.9999966621398926}, "left knee": {"x": 0.5785879492759705, "y": 0.5585490465164185, "z": 0.012331160716712475, "visibility": 0.23451901972293854, "presence": 0.999911904335022}, "right knee": {"x": 0.6516126990318298, "y": 0.6162876486778259, "z": -0.00763446232303977, "visibility": 0.18787117302417755, "presence": 0.9999606609344482}, "left ankle": {"x": 0.5906281471252441, "y": 0.6627139449119568, "z": 0.09830135107040405, "visibility": 0.2773047089576721, "presence": 0.999519944190979}, "right ankle": {"x": 0.7262459993362427, "y": 0.6790037155151367, "z": -0.08077631145715714, "visibility": 0.19901739060878754, "presence": 0.9992184638977051}, "left heel": {"x": 0.6039565801620483, "y": 0.6735969185829163, "z": 0.10576755553483963, "visibility": 0.2696375548839569, "presence": 0.9987353682518005}, "right heel": {"x": 0.742299497127533, "y": 0.6943590641021729, "z": -0.08845565468072891, "visibility": 0.25331300497055054, "presence": 0.9978541731834412}, "left foot index": {"x": 0.5630627274513245, "y": 0.7023560404777527, "z": 0.09930640459060669, "visibility": 0.3165418803691864, "presence": 0.9984863996505737}, "right foot index": {"x": 0.7298078536987305, "y": 0.7354269027709961, "z": -0.12614786624908447, "visibility": 0.22365663945674896, "presence": 0.991928219795227}, "timestamp": "20240418-205638"}