{"nose": {"x": 0.539551854133606, "y": 0.26347091794013977, "z": -0.1831314116716385, "visibility": 0.9997978806495667, "presence": 0.9999744892120361}, "left eye (inner)": {"x": 0.5416459441184998, "y": 0.24754463136196136, "z": -0.17976084351539612, "visibility": 0.9995984435081482, "presence": 0.9999462366104126}, "left eye": {"x": 0.5444019436836243, "y": 0.24553775787353516, "z": -0.17994436621665955, "visibility": 0.9995401501655579, "presence": 0.9999510049819946}, "left eye (outer)": {"x": 0.5473440289497375, "y": 0.24351191520690918, "z": -0.17989148199558258, "visibility": 0.9996817708015442, "presence": 0.9999358654022217}, "right eye (inner)": {"x": 0.5362125635147095, "y": 0.2500268816947937, "z": -0.16928625106811523, "visibility": 0.9996078014373779, "presence": 0.9999171495437622}, "right eye": {"x": 0.5349040627479553, "y": 0.2503081262111664, "z": -0.16948753595352173, "visibility": 0.999625563621521, "presence": 0.9999264478683472}, "right eye (outer)": {"x": 0.5336892008781433, "y": 0.2505035698413849, "z": -0.16958267986774445, "visibility": 0.9996440410614014, "presence": 0.9999064207077026}, "left ear": {"x": 0.5569771528244019, "y": 0.23880210518836975, "z": -0.13191628456115723, "visibility": 0.9997162222862244, "presence": 0.9999386072158813}, "right ear": {"x": 0.5389336347579956, "y": 0.24852603673934937, "z": -0.08271478116512299, "visibility": 0.9987925887107849, "presence": 0.9998747110366821}, "mouth (left)": {"x": 0.5472068190574646, "y": 0.27158522605895996, "z": -0.1615632027387619, "visibility": 0.9996665716171265, "presence": 0.9999680519104004}, "mouth (right)": {"x": 0.5404686331748962, "y": 0.2750469148159027, "z": -0.14881707727909088, "visibility": 0.999451756477356, "presence": 0.9998914003372192}, "left shoulder": {"x": 0.6013633608818054, "y": 0.2789757549762726, "z": -0.09755053371191025, "visibility": 0.9999759197235107, "presence": 0.9999831914901733}, "right shoulder": {"x": 0.5327872633934021, "y": 0.31343936920166016, "z": -0.013584884814918041, "visibility": 0.9997794032096863, "presence": 0.9998929500579834}, "left elbow": {"x": 0.6328439712524414, "y": 0.33656397461891174, "z": -0.15522170066833496, "visibility": 0.9369468688964844, "presence": 0.9998492002487183}, "right elbow": {"x": 0.5203970074653625, "y": 0.3993718922138214, "z": -0.035498905926942825, "visibility": 0.5445641875267029, "presence": 0.9997524619102478}, "left wrist": {"x": 0.6019831299781799, "y": 0.3838484585285187, "z": -0.28190648555755615, "visibility": 0.9558979272842407, "presence": 0.9999853372573853}, "right wrist": {"x": 0.5112577676773071, "y": 0.4350983798503876, "z": -0.16636978089809418, "visibility": 0.7546895742416382, "presence": 0.9999351501464844}, "left pinky": {"x": 0.5946873426437378, "y": 0.4011591076850891, "z": -0.3184012472629547, "visibility": 0.9512844681739807, "presence": 0.9999488592147827}, "right pinky": {"x": 0.5024836659431458, "y": 0.4540902376174927, "z": -0.19591717422008514, "visibility": 0.7594485878944397, "presence": 0.9998125433921814}, "left index": {"x": 0.5897220373153687, "y": 0.3947760760784149, "z": -0.32556623220443726, "visibility": 0.9529054760932922, "presence": 0.9999669790267944}, "right index": {"x": 0.5018503069877625, "y": 0.45215660333633423, "z": -0.2179214060306549, "visibility": 0.7645921111106873, "presence": 0.9998506307601929}, "left thumb": {"x": 0.5902994871139526, "y": 0.3897181749343872, "z": -0.28679248690605164, "visibility": 0.9156650304794312, "presence": 0.9999818801879883}, "right thumb": {"x": 0.5069737434387207, "y": 0.44740867614746094, "z": -0.1806926727294922, "visibility": 0.7280753254890442, "presence": 0.9999288320541382}, "left hip": {"x": 0.6089974641799927, "y": 0.4605233073234558, "z": -0.01626681536436081, "visibility": 0.9989920258522034, "presence": 0.9999666213989258}, "right hip": {"x": 0.5657434463500977, "y": 0.46689316630363464, "z": 0.01615283638238907, "visibility": 0.998755693435669, "presence": 0.9999700784683228}, "left knee": {"x": 0.6239550709724426, "y": 0.5851152539253235, "z": -0.06458637863397598, "visibility": 0.29286348819732666, "presence": 0.9987247586250305}, "right knee": {"x": 0.5506970882415771, "y": 0.5671476721763611, "z": -0.07590176165103912, "visibility": 0.173989936709404, "presence": 0.9990578293800354}, "left ankle": {"x": 0.6303898096084595, "y": 0.7223247289657593, "z": -0.020327862352132797, "visibility": 0.3129345774650574, "presence": 0.9965558052062988}, "right ankle": {"x": 0.5593838691711426, "y": 0.7131547927856445, "z": -0.012380162253975868, "visibility": 0.2238169014453888, "presence": 0.996076762676239}, "left heel": {"x": 0.62933349609375, "y": 0.7411518692970276, "z": -0.021783292293548584, "visibility": 0.2768082916736603, "presence": 0.9912449717521667}, "right heel": {"x": 0.5659164786338806, "y": 0.7321128249168396, "z": -0.010099751874804497, "visibility": 0.23230832815170288, "presence": 0.9957003593444824}, "left foot index": {"x": 0.6268108487129211, "y": 0.7624302506446838, "z": -0.11608341336250305, "visibility": 0.36162707209587097, "presence": 0.992366373538971}, "right foot index": {"x": 0.5499706864356995, "y": 0.7554425001144409, "z": -0.08873908966779709, "visibility": 0.26096972823143005, "presence": 0.9930850267410278}, "timestamp": "20240418-205636"}