{"nose": {"x": 0.8180853128433228, "y": 0.34467774629592896, "z": 0.11072197556495667, "visibility": 0.9999219179153442, "presence": 0.9999991655349731}, "left eye (inner)": {"x": 0.8171921372413635, "y": 0.3291530907154083, "z": 0.08796795457601547, "visibility": 0.9998794198036194, "presence": 0.9999988079071045}, "left eye": {"x": 0.8192709684371948, "y": 0.32754817605018616, "z": 0.08783411234617233, "visibility": 0.9998810887336731, "presence": 0.999998927116394}, "left eye (outer)": {"x": 0.821298360824585, "y": 0.32620975375175476, "z": 0.08783192932605743, "visibility": 0.9998924732208252, "presence": 0.9999983310699463}, "right eye (inner)": {"x": 0.8167493939399719, "y": 0.3282732367515564, "z": 0.10648899525403976, "visibility": 0.9999000430107117, "presence": 0.9999982118606567}, "right eye": {"x": 0.8186728358268738, "y": 0.32617607712745667, "z": 0.10624820739030838, "visibility": 0.9999150037765503, "presence": 0.9999983310699463}, "right eye (outer)": {"x": 0.82063227891922, "y": 0.3242093026638031, "z": 0.10617303103208542, "visibility": 0.9999147653579712, "presence": 0.9999974966049194}, "left ear": {"x": 0.8332160115242004, "y": 0.3180848956108093, "z": 0.013622324913740158, "visibility": 0.9999423027038574, "presence": 0.999998927116394}, "right ear": {"x": 0.8315528631210327, "y": 0.315234512090683, "z": 0.09827857464551926, "visibility": 0.9998272657394409, "presence": 0.9999971389770508}, "mouth (left)": {"x": 0.8263998627662659, "y": 0.3503183126449585, "z": 0.08962992578744888, "visibility": 0.9997857809066772, "presence": 0.9999949932098389}, "mouth (right)": {"x": 0.8277024626731873, "y": 0.34919896721839905, "z": 0.11284152418375015, "visibility": 0.9997341632843018, "presence": 0.9999860525131226}, "left shoulder": {"x": 0.8479990363121033, "y": 0.35587242245674133, "z": -0.056650854647159576, "visibility": 0.999985933303833, "presence": 0.9999960660934448}, "right shoulder": {"x": 0.8825278878211975, "y": 0.3407788574695587, "z": 0.1361001431941986, "visibility": 0.9998220801353455, "presence": 0.9999790191650391}, "left elbow": {"x": 0.8211288452148438, "y": 0.43654632568359375, "z": 0.0011864261468872428, "visibility": 0.9347301125526428, "presence": 0.999954104423523}, "right elbow": {"x": 0.9224881529808044, "y": 0.40111473202705383, "z": 0.12431658804416656, "visibility": 0.4335247576236725, "presence": 0.9998036026954651}, "left wrist": {"x": 0.8060008883476257, "y": 0.43520388007164, "z": 0.18404334783554077, "visibility": 0.8665273189544678, "presence": 0.9999319314956665}, "right wrist": {"x": 0.924946665763855, "y": 0.46121644973754883, "z": 0.07788552343845367, "visibility": 0.47366759181022644, "presence": 0.9996111989021301}, "left pinky": {"x": 0.7995956540107727, "y": 0.43609729409217834, "z": 0.19938386976718903, "visibility": 0.8601619601249695, "presence": 0.999826967716217}, "right pinky": {"x": 0.9260326027870178, "y": 0.46766340732574463, "z": 0.07925661653280258, "visibility": 0.4729381799697876, "presence": 0.9994871616363525}, "left index": {"x": 0.8040772676467896, "y": 0.42888250946998596, "z": 0.19843590259552002, "visibility": 0.8565449118614197, "presence": 0.9997428059577942}, "right index": {"x": 0.9204164743423462, "y": 0.47427698969841003, "z": 0.0709582194685936, "visibility": 0.4723513424396515, "presence": 0.999240517616272}, "left thumb": {"x": 0.8074367642402649, "y": 0.4282558560371399, "z": 0.18939243257045746, "visibility": 0.827549159526825, "presence": 0.9998432397842407}, "right thumb": {"x": 0.9207956790924072, "y": 0.47160232067108154, "z": 0.07149086147546768, "visibility": 0.4684845209121704, "presence": 0.999518632888794}, "left hip": {"x": 0.9316686987876892, "y": 0.5057047605514526, "z": -0.07962434738874435, "visibility": 0.9997603297233582, "presence": 0.9999939203262329}, "right hip": {"x": 0.9375630617141724, "y": 0.4898216128349304, "z": 0.07947330921888351, "visibility": 0.9995318055152893, "presence": 0.9999957084655762}, "left knee": {"x": 0.9277170896530151, "y": 0.6526975631713867, "z": -0.09536261111497879, "visibility": 0.9910163283348083, "presence": 0.9999691247940063}, "right knee": {"x": 0.8794320225715637, "y": 0.6034226417541504, "z": 0.19231969118118286, "visibility": 0.5965942740440369, "presence": 0.9999545812606812}, "left ankle": {"x": 0.9985157251358032, "y": 0.7608309388160706, "z": -0.15327215194702148, "visibility": 0.9770902395248413, "presence": 0.9993582367897034}, "right ankle": {"x": 0.8876634240150452, "y": 0.7478523850440979, "z": 0.21001334488391876, "visibility": 0.7294009923934937, "presence": 0.9994213581085205}, "left heel": {"x": 1.032387375831604, "y": 0.7781117558479309, "z": -0.16174538433551788, "visibility": 0.9061715006828308, "presence": 0.9966022968292236}, "right heel": {"x": 0.8989410400390625, "y": 0.7800507545471191, "z": 0.2100745290517807, "visibility": 0.742608904838562, "presence": 0.9992437362670898}, "left foot index": {"x": 0.9831320643424988, "y": 0.8373252749443054, "z": -0.20881614089012146, "visibility": 0.9723653197288513, "presence": 0.9961817264556885}, "right foot index": {"x": 0.8510869741439819, "y": 0.7739176154136658, "z": 0.21043814718723297, "visibility": 0.7759394645690918, "presence": 0.9983648657798767}, "timestamp": "20240418-205550"}