{"nose": {"x": 0.8639868497848511, "y": 0.30911797285079956, "z": -0.0014008480357006192, "visibility": 0.9997864365577698, "presence": 0.9999998807907104}, "left eye (inner)": {"x": 0.8665822148323059, "y": 0.29234588146209717, "z": -0.011135667562484741, "visibility": 0.9997555613517761, "presence": 0.9999998807907104}, "left eye": {"x": 0.868108332157135, "y": 0.2911541759967804, "z": -0.011288364417850971, "visibility": 0.9997520446777344, "presence": 0.9999998807907104}, "left eye (outer)": {"x": 0.8697133660316467, "y": 0.29015931487083435, "z": -0.011234764941036701, "visibility": 0.9997382164001465, "presence": 0.9999998807907104}, "right eye (inner)": {"x": 0.8660342693328857, "y": 0.2931687831878662, "z": 0.010784844867885113, "visibility": 0.9998245239257812, "presence": 0.9999997615814209}, "right eye": {"x": 0.8670258522033691, "y": 0.29248493909835815, "z": 0.010597219690680504, "visibility": 0.9998530745506287, "presence": 0.9999997615814209}, "right eye (outer)": {"x": 0.8678852319717407, "y": 0.2919709384441376, "z": 0.010532421991229057, "visibility": 0.9998542070388794, "presence": 0.9999996423721313}, "left ear": {"x": 0.8833562135696411, "y": 0.2893117070198059, "z": -0.027003325521945953, "visibility": 0.9998671412467957, "presence": 0.9999998807907104}, "right ear": {"x": 0.8779087066650391, "y": 0.2910956144332886, "z": 0.07479754835367203, "visibility": 0.9997997879981995, "presence": 0.9999996423721313}, "mouth (left)": {"x": 0.8696852326393127, "y": 0.3187732398509979, "z": -0.003195558674633503, "visibility": 0.9991898536682129, "presence": 0.9999998807907104}, "mouth (right)": {"x": 0.8690808415412903, "y": 0.32124045491218567, "z": 0.024527113884687424, "visibility": 0.9990578293800354, "presence": 0.9999996423721313}, "left shoulder": {"x": 0.9252554774284363, "y": 0.3150576055049896, "z": -0.07697611302137375, "visibility": 0.9999728798866272, "presence": 0.9999998807907104}, "right shoulder": {"x": 0.8789219856262207, "y": 0.366210401058197, "z": 0.14241521060466766, "visibility": 0.9991883635520935, "presence": 0.9999958276748657}, "left elbow": {"x": 0.9395824074745178, "y": 0.38089126348495483, "z": -0.17105381190776825, "visibility": 0.9253360033035278, "presence": 0.9999873638153076}, "right elbow": {"x": 0.8653674125671387, "y": 0.4121485948562622, "z": 0.03576614707708359, "visibility": 0.2591055631637573, "presence": 0.9999294281005859}, "left wrist": {"x": 0.8795307278633118, "y": 0.34586331248283386, "z": -0.22635163366794586, "visibility": 0.8226004242897034, "presence": 0.9999998807907104}, "right wrist": {"x": 0.8370797038078308, "y": 0.41607385873794556, "z": -0.17209942638874054, "visibility": 0.30115944147109985, "presence": 0.9999916553497314}, "left pinky": {"x": 0.8639849424362183, "y": 0.34239086508750916, "z": -0.25190505385398865, "visibility": 0.8171685338020325, "presence": 0.9999998807907104}, "right pinky": {"x": 0.8290441632270813, "y": 0.4122604429721832, "z": -0.2039540857076645, "visibility": 0.31525033712387085, "presence": 0.9999953508377075}, "left index": {"x": 0.8632693290710449, "y": 0.3359765112400055, "z": -0.24577076733112335, "visibility": 0.8102849125862122, "presence": 0.9999998807907104}, "right index": {"x": 0.830416738986969, "y": 0.4017483592033386, "z": -0.20764467120170593, "visibility": 0.3113204538822174, "presence": 0.9999961853027344}, "left thumb": {"x": 0.8679426908493042, "y": 0.33944427967071533, "z": -0.22306424379348755, "visibility": 0.7793354392051697, "presence": 0.9999998807907104}, "right thumb": {"x": 0.8370160460472107, "y": 0.40178391337394714, "z": -0.18144363164901733, "visibility": 0.3066674470901489, "presence": 0.9999972581863403}, "left hip": {"x": 0.9568881988525391, "y": 0.5151575803756714, "z": -0.07054829597473145, "visibility": 0.9998233318328857, "presence": 0.9999973773956299}, "right hip": {"x": 0.9200696349143982, "y": 0.542204737663269, "z": 0.07038334012031555, "visibility": 0.9995332956314087, "presence": 0.9999961853027344}, "left knee": {"x": 0.9440333843231201, "y": 0.6347981095314026, "z": -0.2993834614753723, "visibility": 0.9901485443115234, "presence": 0.9999983310699463}, "right knee": {"x": 0.8667726516723633, "y": 0.6403432488441467, "z": 0.09500960260629654, "visibility": 0.464909166097641, "presence": 0.9999732971191406}, "left ankle": {"x": 1.0032747983932495, "y": 0.7852299213409424, "z": -0.40405210852622986, "visibility": 0.9802215695381165, "presence": 0.9999698400497437}, "right ankle": {"x": 0.8986304998397827, "y": 0.7599053382873535, "z": 0.24352894723415375, "visibility": 0.6661772727966309, "presence": 0.9999455213546753}, "left heel": {"x": 1.0273042917251587, "y": 0.8233688473701477, "z": -0.41927048563957214, "visibility": 0.9466016888618469, "presence": 0.9998326301574707}, "right heel": {"x": 0.9101396203041077, "y": 0.7856365442276001, "z": 0.24915079772472382, "visibility": 0.7432210445404053, "presence": 0.9999569654464722}, "left foot index": {"x": 0.9798523187637329, "y": 0.8477752804756165, "z": -0.527512788772583, "visibility": 0.972198486328125, "presence": 0.9998610019683838}, "right foot index": {"x": 0.8629394769668579, "y": 0.7846289873123169, "z": 0.2093590646982193, "visibility": 0.7116133570671082, "presence": 0.9999175071716309}, "timestamp": "20240418-205613"}