{"nose": {"x": 0.6506057977676392, "y": 0.2721290588378906, "z": -0.25214824080467224, "visibility": 0.9999932050704956, "presence": 0.9999998807907104}, "left eye (inner)": {"x": 0.6533865928649902, "y": 0.25564178824424744, "z": -0.24510373175144196, "visibility": 0.9999926090240479, "presence": 0.9999997615814209}, "left eye": {"x": 0.6561369895935059, "y": 0.25375720858573914, "z": -0.24531589448451996, "visibility": 0.9999906420707703, "presence": 0.9999997615814209}, "left eye (outer)": {"x": 0.6583474278450012, "y": 0.25234273076057434, "z": -0.24524717032909393, "visibility": 0.9999937415122986, "presence": 0.9999997615814209}, "right eye (inner)": {"x": 0.6483354568481445, "y": 0.25817638635635376, "z": -0.24054571986198425, "visibility": 0.9999925494194031, "presence": 0.9999992847442627}, "right eye": {"x": 0.6462202668190002, "y": 0.2585178315639496, "z": -0.24075302481651306, "visibility": 0.9999912977218628, "presence": 0.9999991655349731}, "right eye (outer)": {"x": 0.6446502208709717, "y": 0.25841569900512695, "z": -0.24082514643669128, "visibility": 0.9999920129776001, "presence": 0.9999986886978149}, "left ear": {"x": 0.6676087975502014, "y": 0.250410795211792, "z": -0.17339763045310974, "visibility": 0.9999930262565613, "presence": 0.9999998807907104}, "right ear": {"x": 0.6470410227775574, "y": 0.2581115663051605, "z": -0.14916567504405975, "visibility": 0.9999608993530273, "presence": 0.9999980926513672}, "mouth (left)": {"x": 0.6564497947692871, "y": 0.27878338098526, "z": -0.22075656056404114, "visibility": 0.9999734163284302, "presence": 0.9999997615814209}, "mouth (right)": {"x": 0.649543821811676, "y": 0.28139784932136536, "z": -0.21509000658988953, "visibility": 0.9999599456787109, "presence": 0.9999988079071045}, "left shoulder": {"x": 0.7044486403465271, "y": 0.30367860198020935, "z": -0.1117064580321312, "visibility": 0.9999899864196777, "presence": 0.9999997615814209}, "right shoulder": {"x": 0.6321930289268494, "y": 0.31446224451065063, "z": -0.08165696263313293, "visibility": 0.9998413920402527, "presence": 0.9999727010726929}, "left elbow": {"x": 0.7266722321510315, "y": 0.3786461353302002, "z": -0.19226333498954773, "visibility": 0.9469677805900574, "presence": 0.9999803304672241}, "right elbow": {"x": 0.5921884179115295, "y": 0.35651546716690063, "z": -0.1767355054616928, "visibility": 0.6296888589859009, "presence": 0.99972003698349}, "left wrist": {"x": 0.7103820443153381, "y": 0.4005165100097656, "z": -0.35952338576316833, "visibility": 0.9153648614883423, "presence": 0.9999995231628418}, "right wrist": {"x": 0.5968629121780396, "y": 0.2962566018104553, "z": -0.364626407623291, "visibility": 0.6789060235023499, "presence": 0.9998486042022705}, "left pinky": {"x": 0.7063402533531189, "y": 0.4076344668865204, "z": -0.4059664011001587, "visibility": 0.9095412492752075, "presence": 0.9999994039535522}, "right pinky": {"x": 0.5953946113586426, "y": 0.27893349528312683, "z": -0.4137461185455322, "visibility": 0.6633645296096802, "presence": 0.9998598098754883}, "left index": {"x": 0.7031660676002502, "y": 0.3938125967979431, "z": -0.41999325156211853, "visibility": 0.9075151681900024, "presence": 0.9999995231628418}, "right index": {"x": 0.6050735712051392, "y": 0.2762395739555359, "z": -0.4164557456970215, "visibility": 0.6623861193656921, "presence": 0.9999042749404907}, "left thumb": {"x": 0.7030271887779236, "y": 0.3921692669391632, "z": -0.3696926534175873, "visibility": 0.868943989276886, "presence": 0.9999996423721313}, "right thumb": {"x": 0.6073047518730164, "y": 0.2841888666152954, "z": -0.372708797454834, "visibility": 0.6087515950202942, "presence": 0.9999295473098755}, "left hip": {"x": 0.7068030834197998, "y": 0.4762124717235565, "z": -0.02296910434961319, "visibility": 0.9997113943099976, "presence": 0.9999921321868896}, "right hip": {"x": 0.6718271374702454, "y": 0.49018239974975586, "z": 0.022823825478553772, "visibility": 0.9991149306297302, "presence": 0.9999659061431885}, "left knee": {"x": 0.7317634224891663, "y": 0.5899776220321655, "z": -0.18060331046581268, "visibility": 0.8922710418701172, "presence": 0.9999833106994629}, "right knee": {"x": 0.686782717704773, "y": 0.570038378238678, "z": 0.17678774893283844, "visibility": 0.278194397687912, "presence": 0.999543309211731}, "left ankle": {"x": 0.7614426612854004, "y": 0.7208223938941956, "z": -0.17967002093791962, "visibility": 0.9211395382881165, "presence": 0.9999114274978638}, "right ankle": {"x": 0.6940964460372925, "y": 0.5915383100509644, "z": 0.44546735286712646, "visibility": 0.27805832028388977, "presence": 0.9998077750205994}, "left heel": {"x": 0.7654067873954773, "y": 0.7390618324279785, "z": -0.1847228854894638, "visibility": 0.8060271143913269, "presence": 0.9996833801269531}, "right heel": {"x": 0.7010093927383423, "y": 0.6039314866065979, "z": 0.46896839141845703, "visibility": 0.32079777121543884, "presence": 0.9999083280563354}, "left foot index": {"x": 0.7602041363716125, "y": 0.7659428715705872, "z": -0.29259875416755676, "visibility": 0.9624631404876709, "presence": 0.9998538494110107}, "right foot index": {"x": 0.6898083090782166, "y": 0.6244841814041138, "z": 0.4169745445251465, "visibility": 0.3709190785884857, "presence": 0.9999498128890991}, "timestamp": "20240418-205759"}