{"nose": {"x": 0.851090669631958, "y": 0.3082066774368286, "z": -0.05904139205813408, "visibility": 0.9990921020507812, "presence": 0.9999971389770508}, "left eye (inner)": {"x": 0.8551086783409119, "y": 0.2906631529331207, "z": -0.06110159307718277, "visibility": 0.998693585395813, "presence": 0.999995231628418}, "left eye": {"x": 0.8575580716133118, "y": 0.2885327935218811, "z": -0.06123914197087288, "visibility": 0.998735249042511, "presence": 0.9999960660934448}, "left eye (outer)": {"x": 0.8587649464607239, "y": 0.28679314255714417, "z": -0.06117813289165497, "visibility": 0.9985542893409729, "presence": 0.9999955892562866}, "right eye (inner)": {"x": 0.852735161781311, "y": 0.2939809262752533, "z": -0.045557860285043716, "visibility": 0.999180793762207, "presence": 0.9999920129776001}, "right eye": {"x": 0.8532482981681824, "y": 0.29405221343040466, "z": -0.045746706426143646, "visibility": 0.9994060397148132, "presence": 0.9999924898147583}, "right eye (outer)": {"x": 0.8534677624702454, "y": 0.29416805505752563, "z": -0.045852940529584885, "visibility": 0.999395489692688, "presence": 0.9999908208847046}, "left ear": {"x": 0.8702594637870789, "y": 0.28395986557006836, "z": -0.04537750780582428, "visibility": 0.9993808269500732, "presence": 0.999997615814209}, "right ear": {"x": 0.8633847832679749, "y": 0.29018434882164, "z": 0.02770072966814041, "visibility": 0.9992913603782654, "presence": 0.9999918937683105}, "mouth (left)": {"x": 0.858915388584137, "y": 0.31454700231552124, "z": -0.048841819167137146, "visibility": 0.9953676462173462, "presence": 0.9999982118606567}, "mouth (right)": {"x": 0.8562901020050049, "y": 0.3193057179450989, "z": -0.029575210064649582, "visibility": 0.995313286781311, "presence": 0.9999933242797852}, "left shoulder": {"x": 0.9184672236442566, "y": 0.3165923058986664, "z": -0.0687544047832489, "visibility": 0.9999340772628784, "presence": 0.9999980926513672}, "right shoulder": {"x": 0.8546858429908752, "y": 0.3533927798271179, "z": 0.07207856327295303, "visibility": 0.9994859099388123, "presence": 0.9999805688858032}, "left elbow": {"x": 0.9375895857810974, "y": 0.39150184392929077, "z": -0.17608478665351868, "visibility": 0.8714274764060974, "presence": 0.9996180534362793}, "right elbow": {"x": 0.806766927242279, "y": 0.34230419993400574, "z": -0.06806042790412903, "visibility": 0.3521415591239929, "presence": 0.9996495246887207}, "left wrist": {"x": 0.8777680397033691, "y": 0.3499563932418823, "z": -0.2511503994464874, "visibility": 0.7355162501335144, "presence": 0.9999996423721313}, "right wrist": {"x": 0.8144330382347107, "y": 0.2902028262615204, "z": -0.24998781085014343, "visibility": 0.3932139575481415, "presence": 0.9999874830245972}, "left pinky": {"x": 0.8618654012680054, "y": 0.3440634608268738, "z": -0.2759177088737488, "visibility": 0.7325282096862793, "presence": 0.9999995231628418}, "right pinky": {"x": 0.8110414147377014, "y": 0.2761596739292145, "z": -0.284422904253006, "visibility": 0.4113995134830475, "presence": 0.9999886751174927}, "left index": {"x": 0.8620239496231079, "y": 0.3336813747882843, "z": -0.2679588198661804, "visibility": 0.7287297248840332, "presence": 0.9999996423721313}, "right index": {"x": 0.8183154463768005, "y": 0.26020824909210205, "z": -0.2682816684246063, "visibility": 0.4084378480911255, "presence": 0.9999922513961792}, "left thumb": {"x": 0.8672496676445007, "y": 0.3367827832698822, "z": -0.2475971132516861, "visibility": 0.7058889269828796, "presence": 0.9999997615814209}, "right thumb": {"x": 0.8199828863143921, "y": 0.27223920822143555, "z": -0.25032496452331543, "visibility": 0.4053966701030731, "presence": 0.9999949932098389}, "left hip": {"x": 0.9359643459320068, "y": 0.5189527869224548, "z": -0.05412694811820984, "visibility": 0.9994204044342041, "presence": 0.9999849796295166}, "right hip": {"x": 0.8936664462089539, "y": 0.5344669818878174, "z": 0.05394037067890167, "visibility": 0.9990653991699219, "presence": 0.9999856948852539}, "left knee": {"x": 0.9134951233863831, "y": 0.6304121017456055, "z": -0.24269594252109528, "visibility": 0.9749810099601746, "presence": 0.9999850988388062}, "right knee": {"x": 0.8487923741340637, "y": 0.6603334546089172, "z": -0.009957597590982914, "visibility": 0.4930759072303772, "presence": 0.9998612403869629}, "left ankle": {"x": 0.9414681792259216, "y": 0.7812871336936951, "z": -0.23467914760112762, "visibility": 0.9444000124931335, "presence": 0.9998680353164673}, "right ankle": {"x": 0.9019990563392639, "y": 0.7561004757881165, "z": 0.13398435711860657, "visibility": 0.6377365589141846, "presence": 0.9999452829360962}, "left heel": {"x": 0.9510853886604309, "y": 0.8044530153274536, "z": -0.2380642145872116, "visibility": 0.883780837059021, "presence": 0.9993187189102173}, "right heel": {"x": 0.9163854718208313, "y": 0.7727458477020264, "z": 0.15034714341163635, "visibility": 0.7361429333686829, "presence": 0.9999415874481201}, "left foot index": {"x": 0.9203080534934998, "y": 0.83818519115448, "z": -0.3394258916378021, "visibility": 0.9076690077781677, "presence": 0.9983823299407959}, "right foot index": {"x": 0.8685765862464905, "y": 0.7886902093887329, "z": 0.10225964337587357, "visibility": 0.6640927195549011, "presence": 0.9997733235359192}, "timestamp": "20240418-205541"}