{"nose": {"x": 0.8815306425094604, "y": 0.3053058683872223, "z": -0.11037425696849823, "visibility": 0.9995782375335693, "presence": 0.9998613595962524}, "left eye (inner)": {"x": 0.8851019144058228, "y": 0.29026541113853455, "z": -0.11356178671121597, "visibility": 0.9994269013404846, "presence": 0.9997535347938538}, "left eye": {"x": 0.8872823119163513, "y": 0.28907081484794617, "z": -0.11369974911212921, "visibility": 0.9994168877601624, "presence": 0.9998165965080261}, "left eye (outer)": {"x": 0.8893681764602661, "y": 0.28799036145210266, "z": -0.11361104249954224, "visibility": 0.9994611740112305, "presence": 0.9997947812080383}, "right eye (inner)": {"x": 0.8825842142105103, "y": 0.2908335030078888, "z": -0.10141606628894806, "visibility": 0.9995133280754089, "presence": 0.999603807926178}, "right eye": {"x": 0.8827319741249084, "y": 0.29018354415893555, "z": -0.10162943601608276, "visibility": 0.9995300769805908, "presence": 0.9996664524078369}, "right eye (outer)": {"x": 0.8826417922973633, "y": 0.289476215839386, "z": -0.10177265107631683, "visibility": 0.9995831251144409, "presence": 0.9996365308761597}, "left ear": {"x": 0.9037427306175232, "y": 0.28346168994903564, "z": -0.09656325727701187, "visibility": 0.999728798866272, "presence": 0.9999338388442993}, "right ear": {"x": 0.8928037285804749, "y": 0.2860070466995239, "z": -0.037326231598854065, "visibility": 0.9992712140083313, "presence": 0.999723494052887}, "mouth (left)": {"x": 0.8886964917182922, "y": 0.3163653016090393, "z": -0.0990293100476265, "visibility": 0.9990965723991394, "presence": 0.9999589920043945}, "mouth (right)": {"x": 0.8849783539772034, "y": 0.31628406047821045, "z": -0.08344309031963348, "visibility": 0.9989430904388428, "presence": 0.999824583530426}, "left shoulder": {"x": 0.9552427530288696, "y": 0.3385845422744751, "z": -0.08176422864198685, "visibility": 0.999977707862854, "presence": 0.999971866607666}, "right shoulder": {"x": 0.8766528367996216, "y": 0.34466153383255005, "z": 0.001525631407275796, "visibility": 0.9995892643928528, "presence": 0.9997475743293762}, "left elbow": {"x": 0.9689309000968933, "y": 0.44251731038093567, "z": -0.17875249683856964, "visibility": 0.9530559182167053, "presence": 0.9976778626441956}, "right elbow": {"x": 0.8307685256004333, "y": 0.32787710428237915, "z": -0.044560667127370834, "visibility": 0.5148485898971558, "presence": 0.9994231462478638}, "left wrist": {"x": 0.9200254082679749, "y": 0.38436275720596313, "z": -0.2844829857349396, "visibility": 0.8725978136062622, "presence": 0.9999974966049194}, "right wrist": {"x": 0.8697632551193237, "y": 0.26703712344169617, "z": -0.08035007119178772, "visibility": 0.5263724327087402, "presence": 0.999845027923584}, "left pinky": {"x": 0.9018504023551941, "y": 0.37570151686668396, "z": -0.3073110282421112, "visibility": 0.8634878993034363, "presence": 0.9999974966049194}, "right pinky": {"x": 0.8607416152954102, "y": 0.2465030699968338, "z": -0.09605085849761963, "visibility": 0.49569326639175415, "presence": 0.9997729659080505}, "left index": {"x": 0.9048876166343689, "y": 0.3603947162628174, "z": -0.3033432066440582, "visibility": 0.8580271601676941, "presence": 0.9999980926513672}, "right index": {"x": 0.8618670701980591, "y": 0.24932153522968292, "z": -0.07889329642057419, "visibility": 0.48604318499565125, "presence": 0.9997928738594055}, "left thumb": {"x": 0.9092456102371216, "y": 0.3643743693828583, "z": -0.2826794385910034, "visibility": 0.8196584582328796, "presence": 0.9999986886978149}, "right thumb": {"x": 0.8586006760597229, "y": 0.25775253772735596, "z": -0.07574701309204102, "visibility": 0.4685012698173523, "presence": 0.9998774528503418}, "left hip": {"x": 0.9440099000930786, "y": 0.5404952764511108, "z": -0.04080818593502045, "visibility": 0.999722957611084, "presence": 0.9999048709869385}, "right hip": {"x": 0.8925079703330994, "y": 0.5487490892410278, "z": 0.04063212126493454, "visibility": 0.9994300007820129, "presence": 0.9998871088027954}, "left knee": {"x": 0.9455482959747314, "y": 0.6483935117721558, "z": -0.3156144618988037, "visibility": 0.9915675520896912, "presence": 0.9999687671661377}, "right knee": {"x": 0.8362569808959961, "y": 0.6689186692237854, "z": 0.1022074893116951, "visibility": 0.6207869648933411, "presence": 0.9996644258499146}, "left ankle": {"x": 0.9830173254013062, "y": 0.7965880632400513, "z": -0.33435800671577454, "visibility": 0.985602080821991, "presence": 0.99969482421875}, "right ankle": {"x": 0.868557870388031, "y": 0.7465363144874573, "z": 0.38099613785743713, "visibility": 0.6423032879829407, "presence": 0.9994775652885437}, "left heel": {"x": 0.9889646768569946, "y": 0.8204825520515442, "z": -0.33685049414634705, "visibility": 0.9386908411979675, "presence": 0.9986889958381653}, "right heel": {"x": 0.8822193741798401, "y": 0.7551801204681396, "z": 0.40781810879707336, "visibility": 0.6949014067649841, "presence": 0.9996503591537476}, "left foot index": {"x": 0.9725543856620789, "y": 0.8458248376846313, "z": -0.45281776785850525, "visibility": 0.9834736585617065, "presence": 0.9974000453948975}, "right foot index": {"x": 0.8384705781936646, "y": 0.7882381677627563, "z": 0.3725815713405609, "visibility": 0.7049115300178528, "presence": 0.9992648959159851}, "timestamp": "20240418-205619"}