{"nose": {"x": 0.8147752285003662, "y": 0.30792540311813354, "z": -0.15023037791252136, "visibility": 0.9995564222335815, "presence": 0.9999933242797852}, "left eye (inner)": {"x": 0.8168246746063232, "y": 0.29056164622306824, "z": -0.16072334349155426, "visibility": 0.999443531036377, "presence": 0.9999902248382568}, "left eye": {"x": 0.8189319372177124, "y": 0.2885275185108185, "z": -0.16091270744800568, "visibility": 0.9994267821311951, "presence": 0.9999911785125732}, "left eye (outer)": {"x": 0.8210493326187134, "y": 0.2867044508457184, "z": -0.16088199615478516, "visibility": 0.9994568824768066, "presence": 0.9999878406524658}, "right eye (inner)": {"x": 0.8148924708366394, "y": 0.2925702631473541, "z": -0.13823248445987701, "visibility": 0.999521791934967, "presence": 0.9999885559082031}, "right eye": {"x": 0.8149935007095337, "y": 0.2922811508178711, "z": -0.13845616579055786, "visibility": 0.9995760321617126, "presence": 0.9999910593032837}, "right eye (outer)": {"x": 0.814907968044281, "y": 0.2919313609600067, "z": -0.13856124877929688, "visibility": 0.9995921850204468, "presence": 0.9999902248382568}, "left ear": {"x": 0.836336076259613, "y": 0.2819679379463196, "z": -0.17422425746917725, "visibility": 0.9996970295906067, "presence": 0.999990701675415}, "right ear": {"x": 0.8272796273231506, "y": 0.2873895466327667, "z": -0.0674772709608078, "visibility": 0.9993910789489746, "presence": 0.9999911785125732}, "mouth (left)": {"x": 0.8247283697128296, "y": 0.3170413672924042, "z": -0.15047602355480194, "visibility": 0.9975188970565796, "presence": 0.999996542930603}, "mouth (right)": {"x": 0.8212467432022095, "y": 0.31961914896965027, "z": -0.12132178992033005, "visibility": 0.9966338872909546, "presence": 0.9999926090240479}, "left shoulder": {"x": 0.8859096169471741, "y": 0.32609403133392334, "z": -0.19253046810626984, "visibility": 0.9999262094497681, "presence": 0.999995231628418}, "right shoulder": {"x": 0.8316452503204346, "y": 0.3649035096168518, "z": 0.01831892505288124, "visibility": 0.99894118309021, "presence": 0.9999933242797852}, "left elbow": {"x": 0.9121688604354858, "y": 0.4103294909000397, "z": -0.2850363850593567, "visibility": 0.9539667963981628, "presence": 0.999701201915741}, "right elbow": {"x": 0.8194200396537781, "y": 0.4496844708919525, "z": 0.02881317399442196, "visibility": 0.7243282198905945, "presence": 0.9999415874481201}, "left wrist": {"x": 0.8481384515762329, "y": 0.41573286056518555, "z": -0.30955812335014343, "visibility": 0.9243692755699158, "presence": 0.999996542930603}, "right wrist": {"x": 0.7829330563545227, "y": 0.5089923143386841, "z": -0.06878673285245895, "visibility": 0.7772066593170166, "presence": 0.9999732971191406}, "left pinky": {"x": 0.8324155211448669, "y": 0.42285916209220886, "z": -0.3343222439289093, "visibility": 0.9224197864532471, "presence": 0.9999936819076538}, "right pinky": {"x": 0.7708648443222046, "y": 0.5312135219573975, "z": -0.08063843846321106, "visibility": 0.7589938044548035, "presence": 0.999927282333374}, "left index": {"x": 0.8293527960777283, "y": 0.4085431694984436, "z": -0.32767605781555176, "visibility": 0.9202848076820374, "presence": 0.9999947547912598}, "right index": {"x": 0.7729059457778931, "y": 0.5305708050727844, "z": -0.10027654469013214, "visibility": 0.7575656175613403, "presence": 0.9999219179153442}, "left thumb": {"x": 0.8339915871620178, "y": 0.4086560904979706, "z": -0.30576038360595703, "visibility": 0.8986754417419434, "presence": 0.9999969005584717}, "right thumb": {"x": 0.778458297252655, "y": 0.5249478816986084, "z": -0.08087125420570374, "visibility": 0.7460740208625793, "presence": 0.9999663829803467}, "left hip": {"x": 0.9229183793067932, "y": 0.49718713760375977, "z": -0.059219568967819214, "visibility": 0.99931401014328, "presence": 0.9999798536300659}, "right hip": {"x": 0.8778335452079773, "y": 0.5117007493972778, "z": 0.05903654918074608, "visibility": 0.9987444281578064, "presence": 0.9999889135360718}, "left knee": {"x": 0.9223979115486145, "y": 0.6272427439689636, "z": -0.2443702220916748, "visibility": 0.9723021984100342, "presence": 0.9999641180038452}, "right knee": {"x": 0.83431476354599, "y": 0.6137888431549072, "z": 0.04177923500537872, "visibility": 0.7910561561584473, "presence": 0.9999344348907471}, "left ankle": {"x": 0.9581801295280457, "y": 0.7772048711776733, "z": -0.1663643717765808, "visibility": 0.950844407081604, "presence": 0.9993263483047485}, "right ankle": {"x": 0.8437067270278931, "y": 0.7430583238601685, "z": 0.16641898453235626, "visibility": 0.7752953171730042, "presence": 0.9989277720451355}, "left heel": {"x": 0.9636170864105225, "y": 0.7946643233299255, "z": -0.1629975587129593, "visibility": 0.8555930256843567, "presence": 0.9969694018363953}, "right heel": {"x": 0.8534988760948181, "y": 0.7679340839385986, "z": 0.1750015914440155, "visibility": 0.7478659749031067, "presence": 0.9989256262779236}, "left foot index": {"x": 0.9569877982139587, "y": 0.8344063758850098, "z": -0.24478380382061005, "visibility": 0.9357626438140869, "presence": 0.9929950833320618}, "right foot index": {"x": 0.8120561242103577, "y": 0.7769161462783813, "z": 0.13426248729228973, "visibility": 0.7864037752151489, "presence": 0.996220052242279}, "timestamp": "20240418-205559"}