{"nose": {"x": 0.8382840156555176, "y": 0.33768588304519653, "z": 0.1410083919763565, "visibility": 0.9998635649681091, "presence": 0.9999983310699463}, "left eye (inner)": {"x": 0.8388985991477966, "y": 0.32485049962997437, "z": 0.12015794217586517, "visibility": 0.9998308420181274, "presence": 0.9999973773956299}, "left eye": {"x": 0.8408402800559998, "y": 0.32435986399650574, "z": 0.12002887576818466, "visibility": 0.9998458623886108, "presence": 0.999997615814209}, "left eye (outer)": {"x": 0.8420722484588623, "y": 0.3235558271408081, "z": 0.12002675235271454, "visibility": 0.9998651146888733, "presence": 0.9999964237213135}, "right eye (inner)": {"x": 0.8392142653465271, "y": 0.32320526242256165, "z": 0.13616083562374115, "visibility": 0.9998501539230347, "presence": 0.9999964237213135}, "right eye": {"x": 0.8411733508110046, "y": 0.32155174016952515, "z": 0.13591855764389038, "visibility": 0.9998657703399658, "presence": 0.9999966621398926}, "right eye (outer)": {"x": 0.8431006073951721, "y": 0.31982314586639404, "z": 0.13584667444229126, "visibility": 0.999869704246521, "presence": 0.9999953508377075}, "left ear": {"x": 0.8516851663589478, "y": 0.32010984420776367, "z": 0.04783110320568085, "visibility": 0.999933660030365, "presence": 0.9999974966049194}, "right ear": {"x": 0.853417694568634, "y": 0.3167530596256256, "z": 0.12078642100095749, "visibility": 0.9997967481613159, "presence": 0.9999945163726807}, "mouth (left)": {"x": 0.8468513488769531, "y": 0.3456451892852783, "z": 0.12025909125804901, "visibility": 0.9996268153190613, "presence": 0.9999890327453613}, "mouth (right)": {"x": 0.8446157574653625, "y": 0.3442020118236542, "z": 0.14007143676280975, "visibility": 0.9994688034057617, "presence": 0.9999732971191406}, "left shoulder": {"x": 0.8607096076011658, "y": 0.35949093103408813, "z": -0.026770295575261116, "visibility": 0.9999829530715942, "presence": 0.9999927282333374}, "right shoulder": {"x": 0.9005787372589111, "y": 0.35187408328056335, "z": 0.15319466590881348, "visibility": 0.9996211528778076, "presence": 0.9999754428863525}, "left elbow": {"x": 0.8237128853797913, "y": 0.43412280082702637, "z": 0.010239680297672749, "visibility": 0.9005773663520813, "presence": 0.9999493360519409}, "right elbow": {"x": 0.9391361474990845, "y": 0.42205196619033813, "z": 0.16787323355674744, "visibility": 0.415068119764328, "presence": 0.9998302459716797}, "left wrist": {"x": 0.8179847002029419, "y": 0.4294327199459076, "z": 0.16669857501983643, "visibility": 0.8350335359573364, "presence": 0.9999160766601562}, "right wrist": {"x": 0.9429190754890442, "y": 0.4925207495689392, "z": 0.1685589700937271, "visibility": 0.489042192697525, "presence": 0.9997735619544983}, "left pinky": {"x": 0.8141647577285767, "y": 0.43035128712654114, "z": 0.17929163575172424, "visibility": 0.8400005102157593, "presence": 0.9997535347938538}, "right pinky": {"x": 0.943962812423706, "y": 0.5113954544067383, "z": 0.178193598985672, "visibility": 0.4831635653972626, "presence": 0.999634861946106}, "left index": {"x": 0.8174477219581604, "y": 0.42256593704223633, "z": 0.1784331500530243, "visibility": 0.8377751111984253, "presence": 0.999618411064148}, "right index": {"x": 0.9409255385398865, "y": 0.5185436010360718, "z": 0.1684940755367279, "visibility": 0.4831182658672333, "presence": 0.9994509816169739}, "left thumb": {"x": 0.8199553489685059, "y": 0.42291149497032166, "z": 0.1711016446352005, "visibility": 0.8200110197067261, "presence": 0.9997808337211609}, "right thumb": {"x": 0.9399060606956482, "y": 0.5114938020706177, "z": 0.16320207715034485, "visibility": 0.47757208347320557, "presence": 0.999674916267395}, "left hip": {"x": 0.9400014877319336, "y": 0.5168745517730713, "z": -0.07451604306697845, "visibility": 0.9997572898864746, "presence": 0.999990701675415}, "right hip": {"x": 0.9552011489868164, "y": 0.499310165643692, "z": 0.07434248924255371, "visibility": 0.9994581341743469, "presence": 0.9999934434890747}, "left knee": {"x": 0.940729022026062, "y": 0.6737797260284424, "z": -0.0740959420800209, "visibility": 0.9772933721542358, "presence": 0.9999411106109619}, "right knee": {"x": 0.8892619609832764, "y": 0.6082192063331604, "z": 0.14815430343151093, "visibility": 0.509016215801239, "presence": 0.9999450445175171}, "left ankle": {"x": 1.0075429677963257, "y": 0.7661484479904175, "z": -0.09711945056915283, "visibility": 0.9490041732788086, "presence": 0.998801589012146}, "right ankle": {"x": 0.8887034058570862, "y": 0.750964343547821, "z": 0.15916135907173157, "visibility": 0.608625054359436, "presence": 0.9991208910942078}, "left heel": {"x": 1.0449451208114624, "y": 0.7815166711807251, "z": -0.10090872645378113, "visibility": 0.8793063759803772, "presence": 0.9945114850997925}, "right heel": {"x": 0.8991006016731262, "y": 0.780333399772644, "z": 0.15945865213871002, "visibility": 0.654546856880188, "presence": 0.9988497495651245}, "left foot index": {"x": 0.9905558228492737, "y": 0.8399079442024231, "z": -0.13050326704978943, "visibility": 0.9361557364463806, "presence": 0.9943434000015259}, "right foot index": {"x": 0.851655900478363, "y": 0.7790491580963135, "z": 0.16322344541549683, "visibility": 0.6586408615112305, "presence": 0.9971761703491211}, "timestamp": "20240418-205735"}