{"nose": {"x": 0.6006161570549011, "y": 0.28254270553588867, "z": -0.2639640271663666, "visibility": 0.9999678730964661, "presence": 0.9999943971633911}, "left eye (inner)": {"x": 0.6034605503082275, "y": 0.26746660470962524, "z": -0.2672015130519867, "visibility": 0.9999662041664124, "presence": 0.999992847442627}, "left eye": {"x": 0.6062371134757996, "y": 0.265789657831192, "z": -0.2674158811569214, "visibility": 0.9999645948410034, "presence": 0.9999948740005493}, "left eye (outer)": {"x": 0.6082466244697571, "y": 0.2642655074596405, "z": -0.267375111579895, "visibility": 0.9999744296073914, "presence": 0.9999938011169434}, "right eye (inner)": {"x": 0.5999289751052856, "y": 0.2696562111377716, "z": -0.25038886070251465, "visibility": 0.999969482421875, "presence": 0.9999815225601196}, "right eye": {"x": 0.5995732545852661, "y": 0.26970142126083374, "z": -0.250564843416214, "visibility": 0.9999673962593079, "presence": 0.9999803304672241}, "right eye (outer)": {"x": 0.5991542339324951, "y": 0.26963627338409424, "z": -0.25062814354896545, "visibility": 0.9999693036079407, "presence": 0.9999701976776123}, "left ear": {"x": 0.6206038594245911, "y": 0.2609769105911255, "z": -0.25403469800949097, "visibility": 0.999977171421051, "presence": 0.9999960660934448}, "right ear": {"x": 0.6077374219894409, "y": 0.2679949104785919, "z": -0.16267384588718414, "visibility": 0.9998820424079895, "presence": 0.9999545812606812}, "mouth (left)": {"x": 0.6093128323554993, "y": 0.2917223572731018, "z": -0.25007855892181396, "visibility": 0.9999164938926697, "presence": 0.9999972581863403}, "mouth (right)": {"x": 0.603636622428894, "y": 0.2941243350505829, "z": -0.22877387702465057, "visibility": 0.9998810887336731, "presence": 0.9999847412109375}, "left shoulder": {"x": 0.6621542572975159, "y": 0.30825045704841614, "z": -0.21088548004627228, "visibility": 0.9999831318855286, "presence": 0.9999988079071045}, "right shoulder": {"x": 0.6028809547424316, "y": 0.3399873375892639, "z": -0.061805810779333115, "visibility": 0.9998915195465088, "presence": 0.999937891960144}, "left elbow": {"x": 0.6965505480766296, "y": 0.3767712116241455, "z": -0.2902684807777405, "visibility": 0.9667764902114868, "presence": 0.9999194145202637}, "right elbow": {"x": 0.5822428464889526, "y": 0.4248729646205902, "z": -0.05376720428466797, "visibility": 0.6116921305656433, "presence": 0.999189555644989}, "left wrist": {"x": 0.6462839245796204, "y": 0.39055323600769043, "z": -0.41467857360839844, "visibility": 0.9585637450218201, "presence": 0.9999978542327881}, "right wrist": {"x": 0.5567092299461365, "y": 0.48991531133651733, "z": -0.17118026316165924, "visibility": 0.6444910764694214, "presence": 0.998247504234314}, "left pinky": {"x": 0.6319042444229126, "y": 0.4007985293865204, "z": -0.45236527919769287, "visibility": 0.9544178247451782, "presence": 0.9999948740005493}, "right pinky": {"x": 0.5459337830543518, "y": 0.5031791925430298, "z": -0.19462527334690094, "visibility": 0.6207712292671204, "presence": 0.9966200590133667}, "left index": {"x": 0.6289966702461243, "y": 0.3872586488723755, "z": -0.4506550431251526, "visibility": 0.954189658164978, "presence": 0.9999964237213135}, "right index": {"x": 0.5461419224739075, "y": 0.49922120571136475, "z": -0.216878741979599, "visibility": 0.6306246519088745, "presence": 0.9969899654388428}, "left thumb": {"x": 0.6322546005249023, "y": 0.3854823112487793, "z": -0.4150921702384949, "visibility": 0.9316414594650269, "presence": 0.9999978542327881}, "right thumb": {"x": 0.5530148148536682, "y": 0.4988499581813812, "z": -0.18486349284648895, "visibility": 0.5953403115272522, "presence": 0.9984571933746338}, "left hip": {"x": 0.6818833947181702, "y": 0.4772869944572449, "z": -0.03302263841032982, "visibility": 0.9995938539505005, "presence": 0.9999828338623047}, "right hip": {"x": 0.6414899230003357, "y": 0.4798954725265503, "z": 0.03284797444939613, "visibility": 0.9990911483764648, "presence": 0.9999597072601318}, "left knee": {"x": 0.7083491086959839, "y": 0.592950165271759, "z": -0.1387753188610077, "visibility": 0.7579200863838196, "presence": 0.9998143315315247}, "right knee": {"x": 0.5869596004486084, "y": 0.532009482383728, "z": -0.02289680205285549, "visibility": 0.30070483684539795, "presence": 0.9990328550338745}, "left ankle": {"x": 0.7330230474472046, "y": 0.7149369716644287, "z": -0.04578558728098869, "visibility": 0.6983084678649902, "presence": 0.9987841248512268}, "right ankle": {"x": 0.5977608561515808, "y": 0.6289168000221252, "z": 0.11152317374944687, "visibility": 0.25586017966270447, "presence": 0.9980027079582214}, "left heel": {"x": 0.7343501448631287, "y": 0.730503499507904, "z": -0.04064624756574631, "visibility": 0.48445767164230347, "presence": 0.9960416555404663}, "right heel": {"x": 0.6038209199905396, "y": 0.6451089382171631, "z": 0.12147098034620285, "visibility": 0.2653430998325348, "presence": 0.9983648657798767}, "left foot index": {"x": 0.7408605217933655, "y": 0.7570196986198425, "z": -0.13648204505443573, "visibility": 0.7330998182296753, "presence": 0.995983362197876}, "right foot index": {"x": 0.5895538926124573, "y": 0.6479425430297852, "z": 0.05625315383076668, "visibility": 0.35072067379951477, "presence": 0.9970564842224121}, "timestamp": "20240418-205750"}