{"nose": {"x": 0.8543587923049927, "y": 0.34955424070358276, "z": -0.08906394243240356, "visibility": 0.9997427463531494, "presence": 0.9999997615814209}, "left eye (inner)": {"x": 0.856727123260498, "y": 0.33168643712997437, "z": -0.09424908459186554, "visibility": 0.9996603727340698, "presence": 0.9999992847442627}, "left eye": {"x": 0.8583898544311523, "y": 0.33048737049102783, "z": -0.09438733756542206, "visibility": 0.9996919631958008, "presence": 0.9999995231628418}, "left eye (outer)": {"x": 0.8598435521125793, "y": 0.3294714093208313, "z": -0.09429444372653961, "visibility": 0.999710202217102, "presence": 0.9999994039535522}, "right eye (inner)": {"x": 0.8559222221374512, "y": 0.33239537477493286, "z": -0.0793694257736206, "visibility": 0.9997178912162781, "presence": 0.9999986886978149}, "right eye": {"x": 0.8570652604103088, "y": 0.33168330788612366, "z": -0.07955816388130188, "visibility": 0.9997618198394775, "presence": 0.9999986886978149}, "right eye (outer)": {"x": 0.8581042885780334, "y": 0.3309101164340973, "z": -0.07963555306196213, "visibility": 0.9997676014900208, "presence": 0.9999984502792358}, "left ear": {"x": 0.8738905191421509, "y": 0.327616423368454, "z": -0.08708315342664719, "visibility": 0.999856173992157, "presence": 0.9999997615814209}, "right ear": {"x": 0.8709841966629028, "y": 0.329089879989624, "z": -0.01594199612736702, "visibility": 0.9996647238731384, "presence": 0.9999985694885254}, "mouth (left)": {"x": 0.8620497584342957, "y": 0.35762637853622437, "z": -0.08138276636600494, "visibility": 0.999351978302002, "presence": 0.9999997615814209}, "mouth (right)": {"x": 0.8606277108192444, "y": 0.3600280284881592, "z": -0.06263983994722366, "visibility": 0.9990553855895996, "presence": 0.9999991655349731}, "left shoulder": {"x": 0.9247638583183289, "y": 0.35424306988716125, "z": -0.10836796462535858, "visibility": 0.99998539686203, "presence": 0.9999997615814209}, "right shoulder": {"x": 0.8644043803215027, "y": 0.402424156665802, "z": 0.03722623363137245, "visibility": 0.9995806813240051, "presence": 0.9999921321868896}, "left elbow": {"x": 0.9638877511024475, "y": 0.4083123207092285, "z": -0.2212371826171875, "visibility": 0.953506350517273, "presence": 0.9998732805252075}, "right elbow": {"x": 0.816771388053894, "y": 0.40776586532592773, "z": -0.08044812083244324, "visibility": 0.3281118869781494, "presence": 0.999885082244873}, "left wrist": {"x": 0.9020659923553467, "y": 0.3993206024169922, "z": -0.3326336741447449, "visibility": 0.877594530582428, "presence": 0.9999997615814209}, "right wrist": {"x": 0.8105220794677734, "y": 0.37640953063964844, "z": -0.2553688883781433, "visibility": 0.3746981620788574, "presence": 0.999967098236084}, "left pinky": {"x": 0.8854151964187622, "y": 0.39962688088417053, "z": -0.364892840385437, "visibility": 0.8725828528404236, "presence": 0.9999998807907104}, "right pinky": {"x": 0.8061193227767944, "y": 0.3736693561077118, "z": -0.2922395169734955, "visibility": 0.3847128748893738, "presence": 0.9999769926071167}, "left index": {"x": 0.8836703300476074, "y": 0.3886255621910095, "z": -0.3610878884792328, "visibility": 0.867364764213562, "presence": 0.9999998807907104}, "right index": {"x": 0.814265787601471, "y": 0.3697870373725891, "z": -0.28579914569854736, "visibility": 0.380323588848114, "presence": 0.9999855756759644}, "left thumb": {"x": 0.888845682144165, "y": 0.39054328203201294, "z": -0.3314337134361267, "visibility": 0.8386545181274414, "presence": 0.9999998807907104}, "right thumb": {"x": 0.8157756924629211, "y": 0.37244945764541626, "z": -0.2596849203109741, "visibility": 0.3761267364025116, "presence": 0.9999884366989136}, "left hip": {"x": 0.9470839500427246, "y": 0.55527663230896, "z": -0.057263389229774475, "visibility": 0.999909520149231, "presence": 0.999985933303833}, "right hip": {"x": 0.9073533415794373, "y": 0.5696030259132385, "z": 0.057079099118709564, "visibility": 0.9997849464416504, "presence": 0.9999814033508301}, "left knee": {"x": 0.9247947931289673, "y": 0.6626608371734619, "z": -0.30542829632759094, "visibility": 0.9920397996902466, "presence": 0.9999966621398926}, "right knee": {"x": 0.8386127352714539, "y": 0.6558670401573181, "z": 0.16904664039611816, "visibility": 0.587867021560669, "presence": 0.9999350309371948}, "left ankle": {"x": 0.9958341121673584, "y": 0.791528582572937, "z": -0.3912275731563568, "visibility": 0.9885637164115906, "presence": 0.9999573230743408}, "right ankle": {"x": 0.8741053342819214, "y": 0.7531061172485352, "z": 0.40123021602630615, "visibility": 0.7488635778427124, "presence": 0.9999339580535889}, "left heel": {"x": 1.0149577856063843, "y": 0.8295298218727112, "z": -0.40350350737571716, "visibility": 0.9609014987945557, "presence": 0.9998015761375427}, "right heel": {"x": 0.8865619897842407, "y": 0.7753722071647644, "z": 0.42230626940727234, "visibility": 0.812237024307251, "presence": 0.9999597072601318}, "left foot index": {"x": 0.9765288829803467, "y": 0.8448542356491089, "z": -0.5037130117416382, "visibility": 0.9871511459350586, "presence": 0.9998987913131714}, "right foot index": {"x": 0.8380582332611084, "y": 0.7824386358261108, "z": 0.3922702968120575, "visibility": 0.8036312460899353, "presence": 0.9999452829360962}, "timestamp": "20240418-205706"}