{"nose": {"x": 0.8928919434547424, "y": 0.2958664298057556, "z": -0.2438264936208725, "visibility": 0.9997366666793823, "presence": 0.9999276399612427}, "left eye (inner)": {"x": 0.8966593146324158, "y": 0.2795999348163605, "z": -0.2435416430234909, "visibility": 0.9996018409729004, "presence": 0.9998729228973389}, "left eye": {"x": 0.8994196653366089, "y": 0.27816668152809143, "z": -0.24373742938041687, "visibility": 0.9996358156204224, "presence": 0.9999027252197266}, "left eye (outer)": {"x": 0.9019657373428345, "y": 0.2764933705329895, "z": -0.2436475157737732, "visibility": 0.9996567368507385, "presence": 0.9998825788497925}, "right eye (inner)": {"x": 0.8928682804107666, "y": 0.28108659386634827, "z": -0.22974373400211334, "visibility": 0.9996320009231567, "presence": 0.9997902512550354}, "right eye": {"x": 0.8925544619560242, "y": 0.2808138430118561, "z": -0.2299295961856842, "visibility": 0.9996734261512756, "presence": 0.9998137354850769}, "right eye (outer)": {"x": 0.8920295834541321, "y": 0.28045234084129333, "z": -0.23005859553813934, "visibility": 0.9996731281280518, "presence": 0.9997801184654236}, "left ear": {"x": 0.9175885319709778, "y": 0.2731153070926666, "z": -0.1957743614912033, "visibility": 0.999824047088623, "presence": 0.9999392032623291}, "right ear": {"x": 0.900364100933075, "y": 0.27741098403930664, "z": -0.12910372018814087, "visibility": 0.9994435906410217, "presence": 0.9997718930244446}, "mouth (left)": {"x": 0.9014284014701843, "y": 0.3074740469455719, "z": -0.2206437885761261, "visibility": 0.9993059635162354, "presence": 0.9999655485153198}, "mouth (right)": {"x": 0.8957552313804626, "y": 0.3089768588542938, "z": -0.20282314717769623, "visibility": 0.9990467429161072, "presence": 0.9998592138290405}, "left shoulder": {"x": 0.9660707116127014, "y": 0.33036667108535767, "z": -0.15607380867004395, "visibility": 0.9999711513519287, "presence": 0.9999502897262573}, "right shoulder": {"x": 0.8821718692779541, "y": 0.33707571029663086, "z": -0.057772569358348846, "visibility": 0.9996137022972107, "presence": 0.9993340373039246}, "left elbow": {"x": 0.9931346774101257, "y": 0.44011586904525757, "z": -0.2747335135936737, "visibility": 0.9248294830322266, "presence": 0.9644339680671692}, "right elbow": {"x": 0.8380154967308044, "y": 0.3491363227367401, "z": -0.1697126179933548, "visibility": 0.56327223777771, "presence": 0.986906111240387}, "left wrist": {"x": 0.9485644698143005, "y": 0.39766791462898254, "z": -0.4405488669872284, "visibility": 0.8630480766296387, "presence": 0.999816358089447}, "right wrist": {"x": 0.8363887667655945, "y": 0.26259249448776245, "z": -0.3619580864906311, "visibility": 0.5938123464584351, "presence": 0.9992386102676392}, "left pinky": {"x": 0.9322392344474792, "y": 0.40049925446510315, "z": -0.4815598726272583, "visibility": 0.8602914810180664, "presence": 0.9998703002929688}, "right pinky": {"x": 0.8341517448425293, "y": 0.2327578067779541, "z": -0.4079182744026184, "visibility": 0.5800694227218628, "presence": 0.9994708895683289}, "left index": {"x": 0.9326344132423401, "y": 0.3719365894794464, "z": -0.4816938638687134, "visibility": 0.8569154143333435, "presence": 0.9999226331710815}, "right index": {"x": 0.8404809236526489, "y": 0.2263966053724289, "z": -0.40093815326690674, "visibility": 0.5728453397750854, "presence": 0.9996917247772217}, "left thumb": {"x": 0.935970664024353, "y": 0.37462905049324036, "z": -0.4424726963043213, "visibility": 0.8158644437789917, "presence": 0.9999299049377441}, "right thumb": {"x": 0.8428881764411926, "y": 0.23808179795742035, "z": -0.3667612373828888, "visibility": 0.5539306402206421, "presence": 0.9997794032096863}, "left hip": {"x": 0.9495869874954224, "y": 0.5342579483985901, "z": -0.04135170951485634, "visibility": 0.9983757138252258, "presence": 0.9974518418312073}, "right hip": {"x": 0.9008133411407471, "y": 0.5421240329742432, "z": 0.04113401100039482, "visibility": 0.9972505569458008, "presence": 0.9964749217033386}, "left knee": {"x": 0.949518084526062, "y": 0.6488571763038635, "z": -0.301077663898468, "visibility": 0.9787411689758301, "presence": 0.99808669090271}, "right knee": {"x": 0.8463252186775208, "y": 0.666158139705658, "z": 0.07272039353847504, "visibility": 0.5704085826873779, "presence": 0.9798575043678284}, "left ankle": {"x": 0.9876372814178467, "y": 0.813395082950592, "z": -0.28405359387397766, "visibility": 0.9816797375679016, "presence": 0.9963728189468384}, "right ankle": {"x": 0.8638611435890198, "y": 0.7711271643638611, "z": 0.33312124013900757, "visibility": 0.5985075831413269, "presence": 0.9939186573028564}, "left heel": {"x": 0.9962812066078186, "y": 0.8365875482559204, "z": -0.2867010533809662, "visibility": 0.9107062220573425, "presence": 0.9881033301353455}, "right heel": {"x": 0.8756303191184998, "y": 0.7932887673377991, "z": 0.3543057441711426, "visibility": 0.6576211452484131, "presence": 0.9964703321456909}, "left foot index": {"x": 0.9704384207725525, "y": 0.8638249635696411, "z": -0.4244820177555084, "visibility": 0.9824148416519165, "presence": 0.9881505966186523}, "right foot index": {"x": 0.8285893201828003, "y": 0.8008430600166321, "z": 0.29540905356407166, "visibility": 0.694025456905365, "presence": 0.9949595928192139}, "timestamp": "20240418-205603"}