{"nose": {"x": 0.799608588218689, "y": 0.3104737102985382, "z": 0.03817882761359215, "visibility": 0.9999462366104126, "presence": 0.9999986886978149}, "left eye (inner)": {"x": 0.8001629710197449, "y": 0.29336363077163696, "z": 0.018852105364203453, "visibility": 0.9999258518218994, "presence": 0.9999984502792358}, "left eye": {"x": 0.8015242218971252, "y": 0.29188305139541626, "z": 0.0186943169683218, "visibility": 0.9999304413795471, "presence": 0.9999986886978149}, "left eye (outer)": {"x": 0.8029624223709106, "y": 0.2904369533061981, "z": 0.01874368079006672, "visibility": 0.9999426603317261, "presence": 0.9999983310699463}, "right eye (inner)": {"x": 0.7995150089263916, "y": 0.29285433888435364, "z": 0.04377938061952591, "visibility": 0.9999323487281799, "presence": 0.9999972581863403}, "right eye": {"x": 0.8000563383102417, "y": 0.2914949953556061, "z": 0.043541137129068375, "visibility": 0.9999392032623291, "presence": 0.9999973773956299}, "right eye (outer)": {"x": 0.8006003499031067, "y": 0.2900710105895996, "z": 0.043499868363142014, "visibility": 0.9999420046806335, "presence": 0.9999967813491821}, "left ear": {"x": 0.8154156804084778, "y": 0.2831367254257202, "z": -0.03718472272157669, "visibility": 0.9999712705612183, "presence": 0.9999992847442627}, "right ear": {"x": 0.8143021464347839, "y": 0.2834697365760803, "z": 0.07698801159858704, "visibility": 0.9998884201049805, "presence": 0.9999974966049194}, "mouth (left)": {"x": 0.8090965747833252, "y": 0.31789109110832214, "z": 0.022801224142313004, "visibility": 0.9999260306358337, "presence": 0.9999979734420776}, "mouth (right)": {"x": 0.8078399896621704, "y": 0.31818071007728577, "z": 0.05443498492240906, "visibility": 0.9998801946640015, "presence": 0.9999932050704956}, "left shoulder": {"x": 0.8417074680328369, "y": 0.3164938688278198, "z": -0.09822434186935425, "visibility": 0.9999904632568359, "presence": 0.9999984502792358}, "right shoulder": {"x": 0.8418408036231995, "y": 0.33314746618270874, "z": 0.15045467019081116, "visibility": 0.9998425245285034, "presence": 0.9999829530715942}, "left elbow": {"x": 0.8435714840888977, "y": 0.3980737328529358, "z": -0.12641306221485138, "visibility": 0.9875032901763916, "presence": 0.9999619722366333}, "right elbow": {"x": 0.8641812205314636, "y": 0.3890332579612732, "z": 0.26266470551490784, "visibility": 0.47882983088493347, "presence": 0.9999514818191528}, "left wrist": {"x": 0.8023998141288757, "y": 0.42086151242256165, "z": -0.060396648943424225, "visibility": 0.9709479808807373, "presence": 0.9999949932098389}, "right wrist": {"x": 0.8576189875602722, "y": 0.41263750195503235, "z": 0.3457118570804596, "visibility": 0.5344998836517334, "presence": 0.9999910593032837}, "left pinky": {"x": 0.7919121384620667, "y": 0.42636722326278687, "z": -0.06302018463611603, "visibility": 0.9632754921913147, "presence": 0.9999887943267822}, "right pinky": {"x": 0.8551963567733765, "y": 0.40968412160873413, "z": 0.36881542205810547, "visibility": 0.5311748385429382, "presence": 0.9999867677688599}, "left index": {"x": 0.7924720048904419, "y": 0.4184321165084839, "z": -0.05508410185575485, "visibility": 0.9600462317466736, "presence": 0.9999868869781494}, "right index": {"x": 0.8529235124588013, "y": 0.41086387634277344, "z": 0.35591650009155273, "visibility": 0.5300038456916809, "presence": 0.9999817609786987}, "left thumb": {"x": 0.7965880036354065, "y": 0.417850524187088, "z": -0.05334526672959328, "visibility": 0.936997652053833, "presence": 0.999992847442627}, "right thumb": {"x": 0.8472639918327332, "y": 0.4088805317878723, "z": 0.34092187881469727, "visibility": 0.5244451761245728, "presence": 0.9999896287918091}, "left hip": {"x": 0.9198978543281555, "y": 0.48153966665267944, "z": -0.07882805913686752, "visibility": 0.9998769760131836, "presence": 0.9999774694442749}, "right hip": {"x": 0.8960704803466797, "y": 0.49143677949905396, "z": 0.07868140190839767, "visibility": 0.9997555613517761, "presence": 0.9999743700027466}, "left knee": {"x": 0.9106807708740234, "y": 0.6233257055282593, "z": -0.1958547979593277, "visibility": 0.9879237413406372, "presence": 0.9999624490737915}, "right knee": {"x": 0.855972409248352, "y": 0.6051538586616516, "z": 0.12204216420650482, "visibility": 0.6034781336784363, "presence": 0.9999085664749146}, "left ankle": {"x": 0.97785884141922, "y": 0.7604106664657593, "z": -0.26738354563713074, "visibility": 0.9708752632141113, "presence": 0.9993240833282471}, "right ankle": {"x": 0.856482982635498, "y": 0.743661642074585, "z": 0.13644009828567505, "visibility": 0.6540154814720154, "presence": 0.9978839755058289}, "left heel": {"x": 0.9942073225975037, "y": 0.776203989982605, "z": -0.2771981656551361, "visibility": 0.8882485032081604, "presence": 0.9954782128334045}, "right heel": {"x": 0.8669840097427368, "y": 0.7739071249961853, "z": 0.1317148208618164, "visibility": 0.6723958849906921, "presence": 0.9971511960029602}, "left foot index": {"x": 0.9579609036445618, "y": 0.8311963677406311, "z": -0.33944857120513916, "visibility": 0.9716714024543762, "presence": 0.9938288331031799}, "right foot index": {"x": 0.8173761963844299, "y": 0.7744812965393066, "z": 0.11260086297988892, "visibility": 0.7244749069213867, "presence": 0.9956910014152527}, "timestamp": "20240418-205715"}