{"nose": {"x": 0.8438504338264465, "y": 0.3919026255607605, "z": 0.17130251228809357, "visibility": 0.9996824860572815, "presence": 0.9999942779541016}, "left eye (inner)": {"x": 0.8427439332008362, "y": 0.37932947278022766, "z": 0.15027502179145813, "visibility": 0.9995014071464539, "presence": 0.9999891519546509}, "left eye": {"x": 0.8423919677734375, "y": 0.37850141525268555, "z": 0.15014533698558807, "visibility": 0.9994812607765198, "presence": 0.9999895095825195}, "left eye (outer)": {"x": 0.8419260382652283, "y": 0.3777284324169159, "z": 0.1501619517803192, "visibility": 0.9994271397590637, "presence": 0.9999836683273315}, "right eye (inner)": {"x": 0.8454727530479431, "y": 0.37808841466903687, "z": 0.16225291788578033, "visibility": 0.9997122883796692, "presence": 0.9999895095825195}, "right eye": {"x": 0.8470591902732849, "y": 0.3766320049762726, "z": 0.16201934218406677, "visibility": 0.9997736811637878, "presence": 0.9999918937683105}, "right eye (outer)": {"x": 0.8486026525497437, "y": 0.37518471479415894, "z": 0.16192735731601715, "visibility": 0.9997824430465698, "presence": 0.9999901056289673}, "left ear": {"x": 0.8446986675262451, "y": 0.37481367588043213, "z": 0.07115750759840012, "visibility": 0.9996690154075623, "presence": 0.9999853372573853}, "right ear": {"x": 0.8555983901023865, "y": 0.3713088929653168, "z": 0.12594325840473175, "visibility": 0.9996827244758606, "presence": 0.9999890327453613}, "mouth (left)": {"x": 0.8462977409362793, "y": 0.3978669345378876, "z": 0.14828051626682281, "visibility": 0.9981158971786499, "presence": 0.9999678134918213}, "mouth (right)": {"x": 0.849669337272644, "y": 0.3969253599643707, "z": 0.16291169822216034, "visibility": 0.9982205033302307, "presence": 0.9999465942382812}, "left shoulder": {"x": 0.8439800143241882, "y": 0.4061377942562103, "z": -0.0001529485161881894, "visibility": 0.9999672174453735, "presence": 0.9999790191650391}, "right shoulder": {"x": 0.9048146605491638, "y": 0.40165942907333374, "z": 0.1276199370622635, "visibility": 0.9996091723442078, "presence": 0.9999849796295166}, "left elbow": {"x": 0.81158447265625, "y": 0.47350794076919556, "z": 0.036961037665605545, "visibility": 0.7845335602760315, "presence": 0.9999125003814697}, "right elbow": {"x": 0.9457472562789917, "y": 0.49702736735343933, "z": 0.09194505959749222, "visibility": 0.4670739769935608, "presence": 0.9999221563339233}, "left wrist": {"x": 0.803048849105835, "y": 0.49103447794914246, "z": 0.17849844694137573, "visibility": 0.5602127313613892, "presence": 0.9998866319656372}, "right wrist": {"x": 0.9691100716590881, "y": 0.5964058041572571, "z": 0.04529264196753502, "visibility": 0.42304208874702454, "presence": 0.9999349117279053}, "left pinky": {"x": 0.8000068068504333, "y": 0.501081645488739, "z": 0.19000473618507385, "visibility": 0.5573046803474426, "presence": 0.9996839761734009}, "right pinky": {"x": 0.9779024720191956, "y": 0.6147587299346924, "z": 0.047298721969127655, "visibility": 0.4091191589832306, "presence": 0.9998569488525391}, "left index": {"x": 0.8029605150222778, "y": 0.4955793023109436, "z": 0.19088047742843628, "visibility": 0.5533470511436462, "presence": 0.9995371103286743}, "right index": {"x": 0.9749078154563904, "y": 0.6182469725608826, "z": 0.04380322992801666, "visibility": 0.4050523638725281, "presence": 0.9998000264167786}, "left thumb": {"x": 0.8047483563423157, "y": 0.49419838190078735, "z": 0.1832687109708786, "visibility": 0.5275870561599731, "presence": 0.9997249245643616}, "right thumb": {"x": 0.9718003869056702, "y": 0.6153323650360107, "z": 0.043378908187150955, "visibility": 0.3925592303276062, "presence": 0.999895453453064}, "left hip": {"x": 0.9186779260635376, "y": 0.5642552971839905, "z": -0.07201458513736725, "visibility": 0.9997775554656982, "presence": 0.9999977350234985}, "right hip": {"x": 0.9456319808959961, "y": 0.5453211665153503, "z": 0.07173352688550949, "visibility": 0.9995883703231812, "presence": 0.999998927116394}, "left knee": {"x": 0.9146355390548706, "y": 0.7147713303565979, "z": -0.03751605749130249, "visibility": 0.9861695170402527, "presence": 0.9999873638153076}, "right knee": {"x": 0.8782870769500732, "y": 0.602662205696106, "z": 0.17869067192077637, "visibility": 0.47874465584754944, "presence": 0.9999929666519165}, "left ankle": {"x": 0.9912970662117004, "y": 0.8100405931472778, "z": -0.04075224697589874, "visibility": 0.9666292071342468, "presence": 0.9997979998588562}, "right ankle": {"x": 0.8722901344299316, "y": 0.7532921433448792, "z": 0.20210964977741241, "visibility": 0.7333875894546509, "presence": 0.9999051094055176}, "left heel": {"x": 1.0062856674194336, "y": 0.8230978846549988, "z": -0.042846646159887314, "visibility": 0.9030826687812805, "presence": 0.9991470575332642}, "right heel": {"x": 0.8808962106704712, "y": 0.7849088311195374, "z": 0.20387323200702667, "visibility": 0.768273651599884, "presence": 0.9998700618743896}, "left foot index": {"x": 0.9661625623703003, "y": 0.8586112260818481, "z": -0.0801163986325264, "visibility": 0.9542074203491211, "presence": 0.9988803267478943}, "right foot index": {"x": 0.8362917900085449, "y": 0.7753775119781494, "z": 0.19846422970294952, "visibility": 0.7611218094825745, "presence": 0.9996008276939392}, "timestamp": "20240418-205601"}