{"nose": {"x": 0.8339641690254211, "y": 0.27882814407348633, "z": -0.22294247150421143, "visibility": 0.9990593194961548, "presence": 0.9999973773956299}, "left eye (inner)": {"x": 0.8365257382392883, "y": 0.261760413646698, "z": -0.22999979555606842, "visibility": 0.9988284111022949, "presence": 0.9999971389770508}, "left eye": {"x": 0.8385043144226074, "y": 0.2606436014175415, "z": -0.23019413650035858, "visibility": 0.9989290237426758, "presence": 0.9999977350234985}, "left eye (outer)": {"x": 0.8404360413551331, "y": 0.2595165967941284, "z": -0.23014456033706665, "visibility": 0.9989076852798462, "presence": 0.9999971389770508}, "right eye (inner)": {"x": 0.8346084952354431, "y": 0.26237085461616516, "z": -0.21108675003051758, "visibility": 0.9990314841270447, "presence": 0.9999951124191284}, "right eye": {"x": 0.8348862528800964, "y": 0.2616901099681854, "z": -0.21131069958209991, "visibility": 0.9992127418518066, "presence": 0.9999954700469971}, "right eye (outer)": {"x": 0.8350191116333008, "y": 0.26099494099617004, "z": -0.21140643954277039, "visibility": 0.9992019534111023, "presence": 0.9999942779541016}, "left ear": {"x": 0.8549430966377258, "y": 0.2552679181098938, "z": -0.21450288593769073, "visibility": 0.9995392560958862, "presence": 0.999997615814209}, "right ear": {"x": 0.8483626246452332, "y": 0.25852352380752563, "z": -0.12518936395645142, "visibility": 0.9990054965019226, "presence": 0.9999918937683105}, "mouth (left)": {"x": 0.8427463173866272, "y": 0.28965631127357483, "z": -0.21140526235103607, "visibility": 0.9961076974868774, "presence": 0.9999979734420776}, "mouth (right)": {"x": 0.8399437069892883, "y": 0.29152145981788635, "z": -0.18708346784114838, "visibility": 0.9947186708450317, "presence": 0.9999914169311523}, "left shoulder": {"x": 0.9159529805183411, "y": 0.2942335903644562, "z": -0.19139426946640015, "visibility": 0.9999108910560608, "presence": 0.9999983310699463}, "right shoulder": {"x": 0.8417730331420898, "y": 0.3359825015068054, "z": -0.02984238602221012, "visibility": 0.9988502860069275, "presence": 0.9999840259552002}, "left elbow": {"x": 0.9609171152114868, "y": 0.37160584330558777, "z": -0.26404979825019836, "visibility": 0.9559484720230103, "presence": 0.9998483657836914}, "right elbow": {"x": 0.8254623413085938, "y": 0.4340038001537323, "z": -0.03796722739934921, "visibility": 0.6426973342895508, "presence": 0.9998526573181152}, "left wrist": {"x": 0.9228399991989136, "y": 0.40760743618011475, "z": -0.3808075487613678, "visibility": 0.9149391651153564, "presence": 0.9999948740005493}, "right wrist": {"x": 0.7825496196746826, "y": 0.4590380787849426, "z": -0.15938028693199158, "visibility": 0.7034465670585632, "presence": 0.9999340772628784}, "left pinky": {"x": 0.9154992699623108, "y": 0.4297889769077301, "z": -0.4162953197956085, "visibility": 0.9147288203239441, "presence": 0.9999887943267822}, "right pinky": {"x": 0.764357328414917, "y": 0.47672754526138306, "z": -0.18488211929798126, "visibility": 0.6897333264350891, "presence": 0.9998600482940674}, "left index": {"x": 0.9037960767745972, "y": 0.41272005438804626, "z": -0.4199887216091156, "visibility": 0.9123842120170593, "presence": 0.9999915361404419}, "right index": {"x": 0.7625995874404907, "y": 0.47478988766670227, "z": -0.2000163197517395, "visibility": 0.68412846326828, "presence": 0.9998595714569092}, "left thumb": {"x": 0.9057207703590393, "y": 0.40769097208976746, "z": -0.38324105739593506, "visibility": 0.8898839354515076, "presence": 0.9999951124191284}, "right thumb": {"x": 0.7696993350982666, "y": 0.46955642104148865, "z": -0.17042756080627441, "visibility": 0.6751843690872192, "presence": 0.9999343156814575}, "left hip": {"x": 0.9261217713356018, "y": 0.48664146661758423, "z": -0.045548465102910995, "visibility": 0.999097466468811, "presence": 0.9999637603759766}, "right hip": {"x": 0.8805086612701416, "y": 0.49462562799453735, "z": 0.0453859344124794, "visibility": 0.9980769157409668, "presence": 0.9999656677246094}, "left knee": {"x": 0.9293264746665955, "y": 0.6225656867027283, "z": -0.23545673489570618, "visibility": 0.9691325426101685, "presence": 0.999941349029541}, "right knee": {"x": 0.8324034214019775, "y": 0.61473548412323, "z": -0.011980429291725159, "visibility": 0.7215238809585571, "presence": 0.9998366832733154}, "left ankle": {"x": 0.9551044702529907, "y": 0.7804422378540039, "z": -0.1833677589893341, "visibility": 0.9440668821334839, "presence": 0.9991980195045471}, "right ankle": {"x": 0.8361852765083313, "y": 0.7401267886161804, "z": 0.1335524618625641, "visibility": 0.6665666103363037, "presence": 0.9988070726394653}, "left heel": {"x": 0.9600511193275452, "y": 0.7972313165664673, "z": -0.18440702557563782, "visibility": 0.8691036105155945, "presence": 0.9965370893478394}, "right heel": {"x": 0.8449558019638062, "y": 0.7625264525413513, "z": 0.14333200454711914, "visibility": 0.7143396735191345, "presence": 0.9987947940826416}, "left foot index": {"x": 0.9486953020095825, "y": 0.8420388698577881, "z": -0.29543304443359375, "visibility": 0.917071521282196, "presence": 0.9929143190383911}, "right foot index": {"x": 0.8083524703979492, "y": 0.7813072204589844, "z": 0.0787142887711525, "visibility": 0.7086976766586304, "presence": 0.9963418841362}, "timestamp": "20240418-205532"}