{"nose": {"x": 0.8507389426231384, "y": 0.2762205898761749, "z": -0.2091863453388214, "visibility": 0.9994373917579651, "presence": 0.9999799728393555}, "left eye (inner)": {"x": 0.8551605939865112, "y": 0.2607075870037079, "z": -0.2080734670162201, "visibility": 0.9991981387138367, "presence": 0.999969482421875}, "left eye": {"x": 0.8578486442565918, "y": 0.25899994373321533, "z": -0.20825335383415222, "visibility": 0.9992243647575378, "presence": 0.9999761581420898}, "left eye (outer)": {"x": 0.860270082950592, "y": 0.25691670179367065, "z": -0.2081623524427414, "visibility": 0.9991254210472107, "presence": 0.9999725818634033}, "right eye (inner)": {"x": 0.8510878682136536, "y": 0.26277968287467957, "z": -0.1929243803024292, "visibility": 0.9994776844978333, "presence": 0.9999376535415649}, "right eye": {"x": 0.8509692549705505, "y": 0.26250946521759033, "z": -0.19311988353729248, "visibility": 0.9996073842048645, "presence": 0.9999375343322754}, "right eye (outer)": {"x": 0.8511011600494385, "y": 0.26204556226730347, "z": -0.19324542582035065, "visibility": 0.9995984435081482, "presence": 0.9999186992645264}, "left ear": {"x": 0.8756409883499146, "y": 0.25160491466522217, "z": -0.1586402952671051, "visibility": 0.9996219873428345, "presence": 0.9999833106994629}, "right ear": {"x": 0.8614540696144104, "y": 0.2578234076499939, "z": -0.08783592283725739, "visibility": 0.9995109438896179, "presence": 0.9998936653137207}, "mouth (left)": {"x": 0.8602510094642639, "y": 0.2868589758872986, "z": -0.18608033657073975, "visibility": 0.9972503781318665, "presence": 0.9999916553497314}, "mouth (right)": {"x": 0.8542165160179138, "y": 0.2877251207828522, "z": -0.16696275770664215, "visibility": 0.9971950650215149, "presence": 0.9999573230743408}, "left shoulder": {"x": 0.9261242747306824, "y": 0.3077579736709595, "z": -0.12556155025959015, "visibility": 0.9999497532844543, "presence": 0.9999935626983643}, "right shoulder": {"x": 0.8472596406936646, "y": 0.31685614585876465, "z": -0.010917208157479763, "visibility": 0.999582052230835, "presence": 0.9997625946998596}, "left elbow": {"x": 0.9559991359710693, "y": 0.40838974714279175, "z": -0.23624715209007263, "visibility": 0.9169178009033203, "presence": 0.9985716342926025}, "right elbow": {"x": 0.8020922541618347, "y": 0.33036741614341736, "z": -0.12732675671577454, "visibility": 0.5793665647506714, "presence": 0.9970405697822571}, "left wrist": {"x": 0.9253149628639221, "y": 0.381563276052475, "z": -0.4002891480922699, "visibility": 0.8405349254608154, "presence": 0.9999948740005493}, "right wrist": {"x": 0.8007621169090271, "y": 0.25317785143852234, "z": -0.34735405445098877, "visibility": 0.6176040768623352, "presence": 0.9997534155845642}, "left pinky": {"x": 0.9122811555862427, "y": 0.3829043507575989, "z": -0.4411357343196869, "visibility": 0.8379841446876526, "presence": 0.9999934434890747}, "right pinky": {"x": 0.795865535736084, "y": 0.23022717237472534, "z": -0.3960920572280884, "visibility": 0.6082159876823425, "presence": 0.9997801184654236}, "left index": {"x": 0.9112768769264221, "y": 0.368730366230011, "z": -0.4443845748901367, "visibility": 0.8354812860488892, "presence": 0.9999963045120239}, "right index": {"x": 0.8016824722290039, "y": 0.2220713049173355, "z": -0.3910471796989441, "visibility": 0.5988664031028748, "presence": 0.9998741149902344}, "left thumb": {"x": 0.914214551448822, "y": 0.3691296875476837, "z": -0.40333253145217896, "visibility": 0.8164891600608826, "presence": 0.9999972581863403}, "right thumb": {"x": 0.804083526134491, "y": 0.23296251893043518, "z": -0.3537708818912506, "visibility": 0.5919002890586853, "presence": 0.9999169111251831}, "left hip": {"x": 0.9173814654350281, "y": 0.50401771068573, "z": -0.04494164511561394, "visibility": 0.9994346499443054, "presence": 0.9999464750289917}, "right hip": {"x": 0.8720364570617676, "y": 0.5138804316520691, "z": 0.04483707994222641, "visibility": 0.9990308880805969, "presence": 0.999907374382019}, "left knee": {"x": 0.9176939725875854, "y": 0.6295760273933411, "z": -0.2440337836742401, "visibility": 0.9773702621459961, "presence": 0.999906063079834}, "right knee": {"x": 0.8257863521575928, "y": 0.6529712080955505, "z": -0.011958545073866844, "visibility": 0.6317345499992371, "presence": 0.9986949563026428}, "left ankle": {"x": 0.9376513957977295, "y": 0.794218122959137, "z": -0.2354705035686493, "visibility": 0.9655560851097107, "presence": 0.9997432827949524}, "right ankle": {"x": 0.878730833530426, "y": 0.7218919396400452, "z": 0.2409382462501526, "visibility": 0.6351699233055115, "presence": 0.9999082088470459}, "left heel": {"x": 0.9468104839324951, "y": 0.8192252516746521, "z": -0.24100790917873383, "visibility": 0.9143697619438171, "presence": 0.9990321397781372}, "right heel": {"x": 0.8927831649780273, "y": 0.7262715697288513, "z": 0.26427650451660156, "visibility": 0.7170923352241516, "presence": 0.9999384880065918}, "left foot index": {"x": 0.9196081161499023, "y": 0.8429683446884155, "z": -0.3849273920059204, "visibility": 0.9438595771789551, "presence": 0.9983502626419067}, "right foot index": {"x": 0.8669289350509644, "y": 0.7889279127120972, "z": 0.19744323194026947, "visibility": 0.6975284218788147, "presence": 0.9998290538787842}, "timestamp": "20240418-205542"}