{"nose": {"x": 0.8656015396118164, "y": 0.3615746796131134, "z": 0.1467747986316681, "visibility": 0.9984492659568787, "presence": 0.9999589920043945}, "left eye (inner)": {"x": 0.8640782833099365, "y": 0.3476724624633789, "z": 0.12947256863117218, "visibility": 0.9981237649917603, "presence": 0.9999475479125977}, "left eye": {"x": 0.8637167811393738, "y": 0.34632596373558044, "z": 0.12932495772838593, "visibility": 0.9980876445770264, "presence": 0.9999493360519409}, "left eye (outer)": {"x": 0.8633584380149841, "y": 0.34498631954193115, "z": 0.1293613761663437, "visibility": 0.9978817105293274, "presence": 0.9999257326126099}, "right eye (inner)": {"x": 0.8666176199913025, "y": 0.3469478189945221, "z": 0.14884133636951447, "visibility": 0.9986822605133057, "presence": 0.9999275207519531}, "right eye": {"x": 0.868170976638794, "y": 0.34495723247528076, "z": 0.14866681396961212, "visibility": 0.9989516735076904, "presence": 0.9999319314956665}, "right eye (outer)": {"x": 0.8696979284286499, "y": 0.3431495130062103, "z": 0.14863359928131104, "visibility": 0.99891197681427, "presence": 0.9999080896377563}, "left ear": {"x": 0.8671543598175049, "y": 0.33831071853637695, "z": 0.06492973119020462, "visibility": 0.999176025390625, "presence": 0.9999282360076904}, "right ear": {"x": 0.8769783973693848, "y": 0.33662864565849304, "z": 0.15531304478645325, "visibility": 0.9987709522247314, "presence": 0.9998501539230347}, "mouth (left)": {"x": 0.868249237537384, "y": 0.3690577745437622, "z": 0.12765197455883026, "visibility": 0.9916688799858093, "presence": 0.9997938275337219}, "mouth (right)": {"x": 0.8709395527839661, "y": 0.3681129813194275, "z": 0.15247860550880432, "visibility": 0.9894899725914001, "presence": 0.999451220035553}, "left shoulder": {"x": 0.8713181614875793, "y": 0.3704685568809509, "z": -0.02852574735879898, "visibility": 0.999774694442749, "presence": 0.9997311234474182}, "right shoulder": {"x": 0.9274196624755859, "y": 0.38358861207962036, "z": 0.16769233345985413, "visibility": 0.9975767135620117, "presence": 0.9988008737564087}, "left elbow": {"x": 0.8414450883865356, "y": 0.4147014915943146, "z": -0.15820114314556122, "visibility": 0.8085179328918457, "presence": 0.9939613342285156}, "right elbow": {"x": 0.972122311592102, "y": 0.4696525037288666, "z": 0.1554654985666275, "visibility": 0.19334332644939423, "presence": 0.9961483478546143}, "left wrist": {"x": 0.8196208477020264, "y": 0.4654489755630493, "z": -0.21471022069454193, "visibility": 0.6287829875946045, "presence": 0.9959254264831543}, "right wrist": {"x": 0.9607101082801819, "y": 0.5476265549659729, "z": 0.14322997629642487, "visibility": 0.19469398260116577, "presence": 0.9968839287757874}, "left pinky": {"x": 0.8121210932731628, "y": 0.4868793785572052, "z": -0.23661689460277557, "visibility": 0.6413363218307495, "presence": 0.990282416343689}, "right pinky": {"x": 0.9646729230880737, "y": 0.5630060434341431, "z": 0.14443790912628174, "visibility": 0.20563863217830658, "presence": 0.9939516186714172}, "left index": {"x": 0.8127673268318176, "y": 0.4877704977989197, "z": -0.22247882187366486, "visibility": 0.6344881653785706, "presence": 0.9916775226593018}, "right index": {"x": 0.9601977467536926, "y": 0.5655951499938965, "z": 0.13608300685882568, "visibility": 0.20405183732509613, "presence": 0.9939622282981873}, "left thumb": {"x": 0.8167223930358887, "y": 0.4807119071483612, "z": -0.208923801779747, "visibility": 0.584723711013794, "presence": 0.9940998554229736}, "right thumb": {"x": 0.9592956304550171, "y": 0.5611556768417358, "z": 0.13801777362823486, "visibility": 0.20318636298179626, "presence": 0.9964726567268372}, "left hip": {"x": 0.9337677955627441, "y": 0.53629070520401, "z": -0.06442057341337204, "visibility": 0.9981744885444641, "presence": 0.9995638728141785}, "right hip": {"x": 0.9473835825920105, "y": 0.5360750555992126, "z": 0.06407446414232254, "visibility": 0.9966737031936646, "presence": 0.9996275901794434}, "left knee": {"x": 0.9490572810173035, "y": 0.6777065992355347, "z": -0.10805542767047882, "visibility": 0.9741246700286865, "presence": 0.9966168999671936}, "right knee": {"x": 0.8793124556541443, "y": 0.6069383025169373, "z": 0.1832573413848877, "visibility": 0.38602587580680847, "presence": 0.9936531782150269}, "left ankle": {"x": 1.027010202407837, "y": 0.7741788029670715, "z": -0.17006517946720123, "visibility": 0.9129944443702698, "presence": 0.890384316444397}, "right ankle": {"x": 0.8966770768165588, "y": 0.7508971095085144, "z": 0.19945520162582397, "visibility": 0.5725891590118408, "presence": 0.9360427260398865}, "left heel": {"x": 1.056725025177002, "y": 0.7910972833633423, "z": -0.17866399884223938, "visibility": 0.8658896684646606, "presence": 0.5950251221656799}, "right heel": {"x": 0.90730881690979, "y": 0.7798397541046143, "z": 0.19923922419548035, "visibility": 0.7190185189247131, "presence": 0.9147262573242188}, "left foot index": {"x": 1.0187305212020874, "y": 0.8206191062927246, "z": -0.23558852076530457, "visibility": 0.84511399269104, "presence": 0.5873976945877075}, "right foot index": {"x": 0.8592259883880615, "y": 0.7797682881355286, "z": 0.19008362293243408, "visibility": 0.5384745597839355, "presence": 0.8416376113891602}, "timestamp": "20240418-205835"}