{"nose": {"x": 0.814964771270752, "y": 0.3012860119342804, "z": -0.016791541129350662, "visibility": 0.9999468326568604, "presence": 0.9999988079071045}, "left eye (inner)": {"x": 0.8159409165382385, "y": 0.2835381329059601, "z": -0.02838258258998394, "visibility": 0.9999096989631653, "presence": 0.9999984502792358}, "left eye": {"x": 0.8176286816596985, "y": 0.2813895046710968, "z": -0.028519803658127785, "visibility": 0.9999120831489563, "presence": 0.9999986886978149}, "left eye (outer)": {"x": 0.8194364905357361, "y": 0.2790888547897339, "z": -0.028498489409685135, "visibility": 0.9999252557754517, "presence": 0.9999983310699463}, "right eye (inner)": {"x": 0.8143686652183533, "y": 0.2847995162010193, "z": -0.0031630159355700016, "visibility": 0.9999157190322876, "presence": 0.9999967813491821}, "right eye": {"x": 0.814469575881958, "y": 0.2841103971004486, "z": -0.00334004033356905, "visibility": 0.9999258518218994, "presence": 0.9999966621398926}, "right eye (outer)": {"x": 0.8144044876098633, "y": 0.2833866477012634, "z": -0.0033750557340681553, "visibility": 0.9999229311943054, "presence": 0.9999953508377075}, "left ear": {"x": 0.8331330418586731, "y": 0.2713201642036438, "z": -0.05108015984296799, "visibility": 0.9999583959579468, "presence": 0.9999988079071045}, "right ear": {"x": 0.8252773284912109, "y": 0.27848345041275024, "z": 0.06446504592895508, "visibility": 0.9998489618301392, "presence": 0.9999945163726807}, "mouth (left)": {"x": 0.8236397504806519, "y": 0.3077543377876282, "z": -0.021208716556429863, "visibility": 0.9999327063560486, "presence": 0.9999986886978149}, "mouth (right)": {"x": 0.8214908242225647, "y": 0.3100458085536957, "z": 0.010732012800872326, "visibility": 0.9998956918716431, "presence": 0.9999955892562866}, "left shoulder": {"x": 0.8655993342399597, "y": 0.30882084369659424, "z": -0.11326498538255692, "visibility": 0.9999823570251465, "presence": 0.9999992847442627}, "right shoulder": {"x": 0.8486763834953308, "y": 0.3448735475540161, "z": 0.1478622853755951, "visibility": 0.9998447895050049, "presence": 0.9999901056289673}, "left elbow": {"x": 0.8817136883735657, "y": 0.3888705372810364, "z": -0.21240779757499695, "visibility": 0.9872155785560608, "presence": 0.9999762773513794}, "right elbow": {"x": 0.8807579874992371, "y": 0.4322677254676819, "z": 0.15850423276424408, "visibility": 0.6379908919334412, "presence": 0.9999349117279053}, "left wrist": {"x": 0.8264157176017761, "y": 0.4069804847240448, "z": -0.25474977493286133, "visibility": 0.981002151966095, "presence": 0.9999991655349731}, "right wrist": {"x": 0.8720561861991882, "y": 0.5062639713287354, "z": 0.08148515969514847, "visibility": 0.6937901377677917, "presence": 0.9999508857727051}, "left pinky": {"x": 0.8134801387786865, "y": 0.4172392189502716, "z": -0.2816680073738098, "visibility": 0.9777079224586487, "presence": 0.9999973773956299}, "right pinky": {"x": 0.8693827390670776, "y": 0.5303464531898499, "z": 0.07686877250671387, "visibility": 0.6803655028343201, "presence": 0.9999121427536011}, "left index": {"x": 0.8118525743484497, "y": 0.4034025967121124, "z": -0.2676887512207031, "visibility": 0.9764127731323242, "presence": 0.9999978542327881}, "right index": {"x": 0.8598662614822388, "y": 0.5359227657318115, "z": 0.05942264944314957, "visibility": 0.6795260906219482, "presence": 0.9999020099639893}, "left thumb": {"x": 0.8161599040031433, "y": 0.4023912250995636, "z": -0.24792084097862244, "visibility": 0.9621488451957703, "presence": 0.9999988079071045}, "right thumb": {"x": 0.8651154637336731, "y": 0.527050256729126, "z": 0.07087462395429611, "visibility": 0.6738540530204773, "presence": 0.9999456405639648}, "left hip": {"x": 0.9336078763008118, "y": 0.479033499956131, "z": -0.08047866076231003, "visibility": 0.9997823238372803, "presence": 0.999993085861206}, "right hip": {"x": 0.899913489818573, "y": 0.4886384606361389, "z": 0.08032789826393127, "visibility": 0.9996370077133179, "presence": 0.9999926090240479}, "left knee": {"x": 0.9278942942619324, "y": 0.6159800887107849, "z": -0.22053128480911255, "visibility": 0.9910132884979248, "presence": 0.9999837875366211}, "right knee": {"x": 0.8620440363883972, "y": 0.6019942760467529, "z": 0.09094484895467758, "visibility": 0.8005964756011963, "presence": 0.9999529123306274}, "left ankle": {"x": 0.9751179218292236, "y": 0.7558994889259338, "z": -0.21760234236717224, "visibility": 0.9839645624160767, "presence": 0.9997153878211975}, "right ankle": {"x": 0.8615632057189941, "y": 0.7376918196678162, "z": 0.15437988936901093, "visibility": 0.8237671256065369, "presence": 0.9993855953216553}, "left heel": {"x": 0.9905128479003906, "y": 0.7710220217704773, "z": -0.22151584923267365, "visibility": 0.8958166241645813, "presence": 0.9982917904853821}, "right heel": {"x": 0.8737848997116089, "y": 0.7654895186424255, "z": 0.14848190546035767, "visibility": 0.7902575135231018, "presence": 0.9991544485092163}, "left foot index": {"x": 0.9579532146453857, "y": 0.8255339860916138, "z": -0.3043953478336334, "visibility": 0.9807091951370239, "presence": 0.997545063495636}, "right foot index": {"x": 0.8295463919639587, "y": 0.7755590677261353, "z": 0.11887001246213913, "visibility": 0.8519683480262756, "presence": 0.9978664517402649}, "timestamp": "20240418-205703"}