{"nose": {"x": 0.8438262343406677, "y": 0.38259103894233704, "z": 0.13493895530700684, "visibility": 0.9998209476470947, "presence": 0.9999994039535522}, "left eye (inner)": {"x": 0.8443551659584045, "y": 0.3658951222896576, "z": 0.1157991886138916, "visibility": 0.9997538328170776, "presence": 0.9999992847442627}, "left eye": {"x": 0.8455614447593689, "y": 0.36414819955825806, "z": 0.1156637966632843, "visibility": 0.9997599720954895, "presence": 0.9999992847442627}, "left eye (outer)": {"x": 0.8465040922164917, "y": 0.36255261301994324, "z": 0.11566421389579773, "visibility": 0.9997573494911194, "presence": 0.9999988079071045}, "right eye (inner)": {"x": 0.8455280065536499, "y": 0.3651227355003357, "z": 0.1360766440629959, "visibility": 0.9998098611831665, "presence": 0.999998927116394}, "right eye": {"x": 0.8476871848106384, "y": 0.3629150092601776, "z": 0.1358407586812973, "visibility": 0.9998364448547363, "presence": 0.9999990463256836}, "right eye (outer)": {"x": 0.8497189283370972, "y": 0.3607529103755951, "z": 0.1357545107603073, "visibility": 0.9998346567153931, "presence": 0.9999984502792358}, "left ear": {"x": 0.8563237190246582, "y": 0.35605764389038086, "z": 0.04969634860754013, "visibility": 0.9998794198036194, "presence": 0.9999985694885254}, "right ear": {"x": 0.8596886396408081, "y": 0.3535778820514679, "z": 0.14124780893325806, "visibility": 0.9997155070304871, "presence": 0.9999973773956299}, "mouth (left)": {"x": 0.8505857586860657, "y": 0.3874981701374054, "z": 0.11561015248298645, "visibility": 0.9993038773536682, "presence": 0.9999884366989136}, "mouth (right)": {"x": 0.8511168956756592, "y": 0.38753044605255127, "z": 0.1409897655248642, "visibility": 0.9991539716720581, "presence": 0.9999754428863525}, "left shoulder": {"x": 0.8682489395141602, "y": 0.389684796333313, "z": -0.020838238298892975, "visibility": 0.9999654293060303, "presence": 0.9999725818634033}, "right shoulder": {"x": 0.9129147529602051, "y": 0.3761897683143616, "z": 0.1625414341688156, "visibility": 0.9995616674423218, "presence": 0.999922513961792}, "left elbow": {"x": 0.8256341814994812, "y": 0.45826902985572815, "z": 0.021273232996463776, "visibility": 0.8547765612602234, "presence": 0.9998107552528381}, "right elbow": {"x": 0.9493734240531921, "y": 0.45126283168792725, "z": 0.11850712448358536, "visibility": 0.3653080463409424, "presence": 0.9991928935050964}, "left wrist": {"x": 0.8240037560462952, "y": 0.4676295816898346, "z": 0.1890094131231308, "visibility": 0.7356120944023132, "presence": 0.9995278120040894}, "right wrist": {"x": 0.9542060494422913, "y": 0.5314114689826965, "z": 0.05430607125163078, "visibility": 0.4126511514186859, "presence": 0.9984915256500244}, "left pinky": {"x": 0.8222506046295166, "y": 0.4715336561203003, "z": 0.20565569400787354, "visibility": 0.7310411930084229, "presence": 0.9987651109695435}, "right pinky": {"x": 0.9535993337631226, "y": 0.5504782199859619, "z": 0.05691083148121834, "visibility": 0.40624380111694336, "presence": 0.9980138540267944}, "left index": {"x": 0.8257085084915161, "y": 0.4651400148868561, "z": 0.2039518803358078, "visibility": 0.7246083617210388, "presence": 0.9981570839881897}, "right index": {"x": 0.9501237273216248, "y": 0.5581583976745605, "z": 0.04789522662758827, "visibility": 0.4057898223400116, "presence": 0.9971053004264832}, "left thumb": {"x": 0.8270649313926697, "y": 0.46588417887687683, "z": 0.1940029412508011, "visibility": 0.6914423108100891, "presence": 0.9988425970077515}, "right thumb": {"x": 0.9503101706504822, "y": 0.5503301620483398, "z": 0.048191141337156296, "visibility": 0.40117326378822327, "presence": 0.9982131719589233}, "left hip": {"x": 0.945175051689148, "y": 0.5374246835708618, "z": -0.07455943524837494, "visibility": 0.9996147155761719, "presence": 0.9999299049377441}, "right hip": {"x": 0.9644840955734253, "y": 0.5180624127388, "z": 0.0742846205830574, "visibility": 0.9993269443511963, "presence": 0.9999513626098633}, "left knee": {"x": 0.9465920329093933, "y": 0.6886477470397949, "z": -0.07299341261386871, "visibility": 0.9623356461524963, "presence": 0.9997166991233826}, "right knee": {"x": 0.8971457481384277, "y": 0.601954996585846, "z": 0.13618993759155273, "visibility": 0.4689118266105652, "presence": 0.9997348189353943}, "left ankle": {"x": 1.0138036012649536, "y": 0.7724692225456238, "z": -0.13299129903316498, "visibility": 0.9036274552345276, "presence": 0.9925298094749451}, "right ankle": {"x": 0.9046803712844849, "y": 0.7475059628486633, "z": 0.10129284858703613, "visibility": 0.5768301486968994, "presence": 0.9937463998794556}, "left heel": {"x": 1.0505757331848145, "y": 0.7803424596786499, "z": -0.14060816168785095, "visibility": 0.8226315975189209, "presence": 0.95997554063797}, "right heel": {"x": 0.914713442325592, "y": 0.7764027714729309, "z": 0.09620580822229385, "visibility": 0.6394791007041931, "presence": 0.9911030530929565}, "left foot index": {"x": 0.9929510354995728, "y": 0.832413375377655, "z": -0.1775893270969391, "visibility": 0.8763258457183838, "presence": 0.9637761116027832}, "right foot index": {"x": 0.8677785396575928, "y": 0.7709754109382629, "z": 0.09885478764772415, "visibility": 0.6137991547584534, "presence": 0.9801689982414246}, "timestamp": "20240418-205627"}