{"nose": {"x": 0.5253104567527771, "y": 0.2670240104198456, "z": -0.12420208752155304, "visibility": 0.9998477101325989, "presence": 0.9999884366989136}, "left eye (inner)": {"x": 0.527360737323761, "y": 0.25166818499565125, "z": -0.12873899936676025, "visibility": 0.9997002482414246, "presence": 0.9999837875366211}, "left eye": {"x": 0.5294291973114014, "y": 0.2499866634607315, "z": -0.128891721367836, "visibility": 0.9996545314788818, "presence": 0.9999874830245972}, "left eye (outer)": {"x": 0.5316196084022522, "y": 0.24849876761436462, "z": -0.12886759638786316, "visibility": 0.9997666478157043, "presence": 0.9999854564666748}, "right eye (inner)": {"x": 0.5242179036140442, "y": 0.2535684108734131, "z": -0.1119300052523613, "visibility": 0.9997048377990723, "presence": 0.9999617338180542}, "right eye": {"x": 0.5236532688140869, "y": 0.25359591841697693, "z": -0.11212634295225143, "visibility": 0.9997101426124573, "presence": 0.9999611377716064}, "right eye (outer)": {"x": 0.5229262709617615, "y": 0.25353294610977173, "z": -0.1122056171298027, "visibility": 0.9997279047966003, "presence": 0.9999445676803589}, "left ear": {"x": 0.5442582368850708, "y": 0.24389396607875824, "z": -0.12026473134756088, "visibility": 0.9997945427894592, "presence": 0.9999896287918091}, "right ear": {"x": 0.5305231213569641, "y": 0.2515789270401001, "z": -0.04085579141974449, "visibility": 0.9990652203559875, "presence": 0.9999309778213501}, "mouth (left)": {"x": 0.533603847026825, "y": 0.27548983693122864, "z": -0.11590152978897095, "visibility": 0.9997645616531372, "presence": 0.9999934434890747}, "mouth (right)": {"x": 0.5282852053642273, "y": 0.27775847911834717, "z": -0.09533536434173584, "visibility": 0.99959796667099, "presence": 0.9999700784683228}, "left shoulder": {"x": 0.586696982383728, "y": 0.27809664607048035, "z": -0.12165909260511398, "visibility": 0.9999825954437256, "presence": 0.999997615814209}, "right shoulder": {"x": 0.5338762998580933, "y": 0.3162459135055542, "z": 0.03821394965052605, "visibility": 0.999815821647644, "presence": 0.9999489784240723}, "left elbow": {"x": 0.6294427514076233, "y": 0.34723013639450073, "z": -0.1971549093723297, "visibility": 0.957322359085083, "presence": 0.9999616146087646}, "right elbow": {"x": 0.5253227949142456, "y": 0.40937814116477966, "z": 0.041168034076690674, "visibility": 0.4525298476219177, "presence": 0.9996469020843506}, "left wrist": {"x": 0.5842590928077698, "y": 0.3786866068840027, "z": -0.29873526096343994, "visibility": 0.9696683883666992, "presence": 0.9999977350234985}, "right wrist": {"x": 0.5101468563079834, "y": 0.4842838644981384, "z": -0.06274209916591644, "visibility": 0.6239553689956665, "presence": 0.9991183876991272}, "left pinky": {"x": 0.5702071189880371, "y": 0.3962726891040802, "z": -0.3279712498188019, "visibility": 0.9650452136993408, "presence": 0.9999886751174927}, "right pinky": {"x": 0.5025503039360046, "y": 0.4988182783126831, "z": -0.081022709608078, "visibility": 0.6257411241531372, "presence": 0.9973453879356384}, "left index": {"x": 0.5657909512519836, "y": 0.3836352527141571, "z": -0.32195353507995605, "visibility": 0.9662339091300964, "presence": 0.9999927282333374}, "right index": {"x": 0.5025485157966614, "y": 0.49862217903137207, "z": -0.10079959779977798, "visibility": 0.6375135779380798, "presence": 0.9975848197937012}, "left thumb": {"x": 0.5690073370933533, "y": 0.37873375415802, "z": -0.2952556312084198, "visibility": 0.9381490349769592, "presence": 0.9999964237213135}, "right thumb": {"x": 0.5056144595146179, "y": 0.4928024411201477, "z": -0.07499663531780243, "visibility": 0.6063960790634155, "presence": 0.9988946318626404}, "left hip": {"x": 0.6128032207489014, "y": 0.45142683386802673, "z": -0.04266824200749397, "visibility": 0.9991772174835205, "presence": 0.9999176263809204}, "right hip": {"x": 0.5734246969223022, "y": 0.46074366569519043, "z": 0.042574193328619, "visibility": 0.9989171028137207, "presence": 0.99989914894104}, "left knee": {"x": 0.6030867695808411, "y": 0.5839529633522034, "z": -0.08859558403491974, "visibility": 0.21899636089801788, "presence": 0.9982938170433044}, "right knee": {"x": 0.5539498329162598, "y": 0.5651216506958008, "z": -0.08014314621686935, "visibility": 0.13717086613178253, "presence": 0.9966766834259033}, "left ankle": {"x": 0.6262713670730591, "y": 0.7241564393043518, "z": -0.03503631800413132, "visibility": 0.22658884525299072, "presence": 0.9703813195228577}, "right ankle": {"x": 0.5780722498893738, "y": 0.7155420184135437, "z": -0.0426139198243618, "visibility": 0.1586860716342926, "presence": 0.9716445803642273}, "left heel": {"x": 0.6273061633110046, "y": 0.7394943833351135, "z": -0.03430407494306564, "visibility": 0.20182324945926666, "presence": 0.9232577085494995}, "right heel": {"x": 0.5871152281761169, "y": 0.7274033427238464, "z": -0.042068351060152054, "visibility": 0.16971465945243835, "presence": 0.9641713500022888}, "left foot index": {"x": 0.6152743101119995, "y": 0.77935791015625, "z": -0.10903793573379517, "visibility": 0.26910948753356934, "presence": 0.9325537085533142}, "right foot index": {"x": 0.5711700320243835, "y": 0.7652331590652466, "z": -0.10909514874219894, "visibility": 0.19080904126167297, "presence": 0.9463271498680115}, "timestamp": "20240418-205637"}