{"nose": {"x": 0.8544548749923706, "y": 0.24631951749324799, "z": -0.2987807095050812, "visibility": 0.9999323487281799, "presence": 0.9999991655349731}, "left eye (inner)": {"x": 0.857265293598175, "y": 0.23017261922359467, "z": -0.2953988015651703, "visibility": 0.9999086260795593, "presence": 0.9999983310699463}, "left eye": {"x": 0.8599712252616882, "y": 0.2283182144165039, "z": -0.2956303060054779, "visibility": 0.9999078512191772, "presence": 0.9999985694885254}, "left eye (outer)": {"x": 0.8627512454986572, "y": 0.2264833301305771, "z": -0.2955375015735626, "visibility": 0.9999196529388428, "presence": 0.9999980926513672}, "right eye (inner)": {"x": 0.8535705804824829, "y": 0.23192958533763885, "z": -0.2843268811702728, "visibility": 0.9999150037765503, "presence": 0.999996542930603}, "right eye": {"x": 0.8528910279273987, "y": 0.2317010462284088, "z": -0.28452709317207336, "visibility": 0.9999238848686218, "presence": 0.999996542930603}, "right eye (outer)": {"x": 0.8519002795219421, "y": 0.23136016726493835, "z": -0.284628689289093, "visibility": 0.9999269247055054, "presence": 0.9999951124191284}, "left ear": {"x": 0.8773866891860962, "y": 0.2226133793592453, "z": -0.22699880599975586, "visibility": 0.9999491572380066, "presence": 0.9999983310699463}, "right ear": {"x": 0.8596019148826599, "y": 0.22926391661167145, "z": -0.17263980209827423, "visibility": 0.9998533725738525, "presence": 0.999991774559021}, "mouth (left)": {"x": 0.862429141998291, "y": 0.2564374804496765, "z": -0.26767697930336, "visibility": 0.9997231364250183, "presence": 0.9999984502792358}, "mouth (right)": {"x": 0.8569434881210327, "y": 0.25842803716659546, "z": -0.2534351050853729, "visibility": 0.9995993375778198, "presence": 0.9999932050704956}, "left shoulder": {"x": 0.9243135452270508, "y": 0.27993470430374146, "z": -0.1763504445552826, "visibility": 0.9999882578849792, "presence": 0.9999960660934448}, "right shoulder": {"x": 0.843341588973999, "y": 0.29220131039619446, "z": -0.07928039878606796, "visibility": 0.9998152256011963, "presence": 0.9999294281005859}, "left elbow": {"x": 0.9562892317771912, "y": 0.373180091381073, "z": -0.2827856242656708, "visibility": 0.9750197529792786, "presence": 0.9989550113677979}, "right elbow": {"x": 0.8010863661766052, "y": 0.34000247716903687, "z": -0.17655786871910095, "visibility": 0.6186038255691528, "presence": 0.9988505840301514}, "left wrist": {"x": 0.9228278398513794, "y": 0.3768920600414276, "z": -0.4722895622253418, "visibility": 0.9492355585098267, "presence": 0.9999866485595703}, "right wrist": {"x": 0.781557559967041, "y": 0.2821376919746399, "z": -0.39484703540802, "visibility": 0.6980581283569336, "presence": 0.9998867511749268}, "left pinky": {"x": 0.9095118641853333, "y": 0.3872295320034027, "z": -0.5207536816596985, "visibility": 0.9477787017822266, "presence": 0.9999861717224121}, "right pinky": {"x": 0.7709280252456665, "y": 0.24995467066764832, "z": -0.4450971484184265, "visibility": 0.7030975222587585, "presence": 0.9998998641967773}, "left index": {"x": 0.9068021178245544, "y": 0.3640194237232208, "z": -0.5308942198753357, "visibility": 0.9460958242416382, "presence": 0.999991774559021}, "right index": {"x": 0.7753785252571106, "y": 0.24585624039173126, "z": -0.4522053003311157, "visibility": 0.6999619603157043, "presence": 0.9999403953552246}, "left thumb": {"x": 0.9096580743789673, "y": 0.36268526315689087, "z": -0.4796017110347748, "visibility": 0.9236559867858887, "presence": 0.9999935626983643}, "right thumb": {"x": 0.7809308767318726, "y": 0.26237910985946655, "z": -0.40556833148002625, "visibility": 0.6871110200881958, "presence": 0.9999580383300781}, "left hip": {"x": 0.917127788066864, "y": 0.48135384917259216, "z": -0.044211916625499725, "visibility": 0.9992954134941101, "presence": 0.999744713306427}, "right hip": {"x": 0.8747415542602539, "y": 0.48578059673309326, "z": 0.044058866798877716, "visibility": 0.9985707402229309, "presence": 0.9996719360351562}, "left knee": {"x": 0.9284225106239319, "y": 0.6225559711456299, "z": -0.23144327104091644, "visibility": 0.9775267839431763, "presence": 0.9996610879898071}, "right knee": {"x": 0.8359875679016113, "y": 0.614913284778595, "z": 0.09359972923994064, "visibility": 0.6187244057655334, "presence": 0.997329592704773}, "left ankle": {"x": 0.9610978364944458, "y": 0.7808182835578918, "z": -0.23412364721298218, "visibility": 0.983913779258728, "presence": 0.9990121126174927}, "right ankle": {"x": 0.8518384695053101, "y": 0.7231204509735107, "z": 0.31041115522384644, "visibility": 0.6777887940406799, "presence": 0.999077320098877}, "left heel": {"x": 0.9735172986984253, "y": 0.8084045648574829, "z": -0.246183842420578, "visibility": 0.9300827383995056, "presence": 0.9961614608764648}, "right heel": {"x": 0.8643786311149597, "y": 0.7419931292533875, "z": 0.3382416367530823, "visibility": 0.720013439655304, "presence": 0.9993970394134521}, "left foot index": {"x": 0.9363561868667603, "y": 0.824878454208374, "z": -0.408130943775177, "visibility": 0.9838201403617859, "presence": 0.9970321655273438}, "right foot index": {"x": 0.8203091621398926, "y": 0.7710930705070496, "z": 0.2811572253704071, "visibility": 0.7743353247642517, "presence": 0.9992688298225403}, "timestamp": "20240418-205810"}