{"nose": {"x": 0.7924384474754333, "y": 0.27532392740249634, "z": -0.03574124351143837, "visibility": 0.9999607801437378, "presence": 0.9999947547912598}, "left eye (inner)": {"x": 0.7933909296989441, "y": 0.25538450479507446, "z": -0.0514950305223465, "visibility": 0.9999282956123352, "presence": 0.9999935626983643}, "left eye": {"x": 0.7948731780052185, "y": 0.253402978181839, "z": -0.051653116941452026, "visibility": 0.9999317526817322, "presence": 0.9999945163726807}, "left eye (outer)": {"x": 0.7962045669555664, "y": 0.25156474113464355, "z": -0.051614440977573395, "visibility": 0.9999434351921082, "presence": 0.9999932050704956}, "right eye (inner)": {"x": 0.7916762828826904, "y": 0.25723838806152344, "z": -0.026971856132149696, "visibility": 0.9999242424964905, "presence": 0.9999909400939941}, "right eye": {"x": 0.7917259931564331, "y": 0.2565309405326843, "z": -0.027162710204720497, "visibility": 0.9999332427978516, "presence": 0.9999923706054688}, "right eye (outer)": {"x": 0.7915924191474915, "y": 0.25574401021003723, "z": -0.02721855603158474, "visibility": 0.9999226331710815, "presence": 0.9999911785125732}, "left ear": {"x": 0.8075776100158691, "y": 0.24681814014911652, "z": -0.08855228871107101, "visibility": 0.9999681115150452, "presence": 0.9999951124191284}, "right ear": {"x": 0.8019925355911255, "y": 0.2525653541088104, "z": 0.0233000461012125, "visibility": 0.9998434782028198, "presence": 0.9999916553497314}, "mouth (left)": {"x": 0.8011237382888794, "y": 0.2815457582473755, "z": -0.044868696480989456, "visibility": 0.9999501705169678, "presence": 0.9999972581863403}, "mouth (right)": {"x": 0.7984428405761719, "y": 0.2860909402370453, "z": -0.01395447924733162, "visibility": 0.9999030232429504, "presence": 0.9999924898147583}, "left shoulder": {"x": 0.8464937210083008, "y": 0.2905050814151764, "z": -0.13934049010276794, "visibility": 0.9999909400939941, "presence": 0.9999990463256836}, "right shoulder": {"x": 0.8206025958061218, "y": 0.3276844322681427, "z": 0.10158897191286087, "visibility": 0.9998970627784729, "presence": 0.999994158744812}, "left elbow": {"x": 0.8680145740509033, "y": 0.37204182147979736, "z": -0.21385028958320618, "visibility": 0.9889686703681946, "presence": 0.9999710321426392}, "right elbow": {"x": 0.8409514427185059, "y": 0.4117271304130554, "z": 0.11734113097190857, "visibility": 0.7284440398216248, "presence": 0.9999635219573975}, "left wrist": {"x": 0.8136615753173828, "y": 0.386592835187912, "z": -0.23762695491313934, "visibility": 0.9767963290214539, "presence": 0.9999994039535522}, "right wrist": {"x": 0.8244787454605103, "y": 0.4817895293235779, "z": 0.039760567247867584, "visibility": 0.794899046421051, "presence": 0.999993085861206}, "left pinky": {"x": 0.7989439368247986, "y": 0.3976842761039734, "z": -0.258774995803833, "visibility": 0.9735481142997742, "presence": 0.9999985694885254}, "right pinky": {"x": 0.8183420896530151, "y": 0.48859888315200806, "z": 0.033203333616256714, "visibility": 0.7966715693473816, "presence": 0.999988317489624}, "left index": {"x": 0.7962753176689148, "y": 0.3851114809513092, "z": -0.24697327613830566, "visibility": 0.9725474119186401, "presence": 0.9999986886978149}, "right index": {"x": 0.8142027258872986, "y": 0.4825746417045593, "z": 0.018596606329083443, "visibility": 0.7978368401527405, "presence": 0.9999877214431763}, "left thumb": {"x": 0.8012031316757202, "y": 0.3848095238208771, "z": -0.23079021275043488, "visibility": 0.9607054591178894, "presence": 0.9999992847442627}, "right thumb": {"x": 0.816927969455719, "y": 0.4744786024093628, "z": 0.030258648097515106, "visibility": 0.7862958312034607, "presence": 0.999993085861206}, "left hip": {"x": 0.9017178416252136, "y": 0.4609747529029846, "z": -0.06761758029460907, "visibility": 0.999864399433136, "presence": 0.9999940395355225}, "right hip": {"x": 0.8712231516838074, "y": 0.4692700207233429, "z": 0.06755275279283524, "visibility": 0.99978107213974, "presence": 0.9999955892562866}, "left knee": {"x": 0.8988938927650452, "y": 0.6024554371833801, "z": -0.1278599053621292, "visibility": 0.975724458694458, "presence": 0.9999822378158569}, "right knee": {"x": 0.8342406153678894, "y": 0.5860496759414673, "z": 0.07118752598762512, "visibility": 0.8383069634437561, "presence": 0.9999793767929077}, "left ankle": {"x": 0.9353806972503662, "y": 0.7298873066902161, "z": -0.07188574969768524, "visibility": 0.9583341479301453, "presence": 0.999817430973053}, "right ankle": {"x": 0.8237941265106201, "y": 0.7212984561920166, "z": 0.14856456220149994, "visibility": 0.8654379844665527, "presence": 0.9997993111610413}, "left heel": {"x": 0.9460532665252686, "y": 0.7450244426727295, "z": -0.07120025902986526, "visibility": 0.8083066940307617, "presence": 0.9991764426231384}, "right heel": {"x": 0.8351297378540039, "y": 0.7480956315994263, "z": 0.15356026589870453, "visibility": 0.8005461692810059, "presence": 0.9997565150260925}, "left foot index": {"x": 0.9190922975540161, "y": 0.7947489619255066, "z": -0.14883673191070557, "visibility": 0.9567582011222839, "presence": 0.999055802822113}, "right foot index": {"x": 0.7899077534675598, "y": 0.759448766708374, "z": 0.11878494918346405, "visibility": 0.8853796720504761, "presence": 0.9993903636932373}, "timestamp": "20240418-205658"}