{"nose": {"x": 0.8634735941886902, "y": 0.3140070140361786, "z": -0.010120152495801449, "visibility": 0.9995481967926025, "presence": 0.9999998807907104}, "left eye (inner)": {"x": 0.8673828840255737, "y": 0.298088401556015, "z": -0.019756343215703964, "visibility": 0.9993840456008911, "presence": 0.9999998807907104}, "left eye": {"x": 0.8691715598106384, "y": 0.2966269254684448, "z": -0.019881384447216988, "visibility": 0.9993888139724731, "presence": 0.9999998807907104}, "left eye (outer)": {"x": 0.8708284497261047, "y": 0.2955254912376404, "z": -0.01979958266019821, "visibility": 0.9993444085121155, "presence": 0.9999998807907104}, "right eye (inner)": {"x": 0.8658585548400879, "y": 0.2997830808162689, "z": 0.0020126288291066885, "visibility": 0.9995985627174377, "presence": 0.9999997615814209}, "right eye": {"x": 0.8667364120483398, "y": 0.2990667223930359, "z": 0.0018131500110030174, "visibility": 0.9996784329414368, "presence": 0.9999997615814209}, "right eye (outer)": {"x": 0.8674288392066956, "y": 0.2984246015548706, "z": 0.0017350841080769897, "visibility": 0.9996911883354187, "presence": 0.9999997615814209}, "left ear": {"x": 0.8826918005943298, "y": 0.29267004132270813, "z": -0.031553540378808975, "visibility": 0.9996891021728516, "presence": 0.9999998807907104}, "right ear": {"x": 0.8778302073478699, "y": 0.2938755452632904, "z": 0.07180611789226532, "visibility": 0.9995707869529724, "presence": 0.9999997615814209}, "mouth (left)": {"x": 0.8709214329719543, "y": 0.3220471441745758, "z": -0.009373203851282597, "visibility": 0.998699426651001, "presence": 0.9999998807907104}, "mouth (right)": {"x": 0.868776261806488, "y": 0.3248659074306488, "z": 0.018262431025505066, "visibility": 0.998596727848053, "presence": 0.9999997615814209}, "left shoulder": {"x": 0.9295110106468201, "y": 0.3233245313167572, "z": -0.08250679820775986, "visibility": 0.9999846816062927, "presence": 0.9999998807907104}, "right shoulder": {"x": 0.878636360168457, "y": 0.3615492582321167, "z": 0.1378650963306427, "visibility": 0.9994843602180481, "presence": 0.9999978542327881}, "left elbow": {"x": 0.9293479919433594, "y": 0.3991263210773468, "z": -0.171357661485672, "visibility": 0.9385976791381836, "presence": 0.9999814033508301}, "right elbow": {"x": 0.8368399739265442, "y": 0.38999584317207336, "z": 0.023283308371901512, "visibility": 0.2958186864852905, "presence": 0.9999527931213379}, "left wrist": {"x": 0.8804306983947754, "y": 0.3459567725658417, "z": -0.2388758361339569, "visibility": 0.8157386183738708, "presence": 1.0}, "right wrist": {"x": 0.8174712657928467, "y": 0.3790530860424042, "z": -0.18769510090351105, "visibility": 0.32446807622909546, "presence": 0.9999961853027344}, "left pinky": {"x": 0.8651152849197388, "y": 0.33605697751045227, "z": -0.2652347683906555, "visibility": 0.805683434009552, "presence": 1.0}, "right pinky": {"x": 0.807851254940033, "y": 0.38747966289520264, "z": -0.22159796953201294, "visibility": 0.32809072732925415, "presence": 0.9999979734420776}, "left index": {"x": 0.8668834567070007, "y": 0.3255450427532196, "z": -0.2613152265548706, "visibility": 0.7988024353981018, "presence": 1.0}, "right index": {"x": 0.819361686706543, "y": 0.38053303956985474, "z": -0.22331136465072632, "visibility": 0.3258120119571686, "presence": 0.9999984502792358}, "left thumb": {"x": 0.8712923526763916, "y": 0.3306969404220581, "z": -0.2364412546157837, "visibility": 0.763583242893219, "presence": 1.0}, "right thumb": {"x": 0.8216925859451294, "y": 0.38095974922180176, "z": -0.19631756842136383, "visibility": 0.32024678587913513, "presence": 0.9999988079071045}, "left hip": {"x": 0.9447851181030273, "y": 0.5292790532112122, "z": -0.06957121938467026, "visibility": 0.9998010993003845, "presence": 0.9999973773956299}, "right hip": {"x": 0.9069480895996094, "y": 0.5413510203361511, "z": 0.06943733990192413, "visibility": 0.9994922280311584, "presence": 0.9999970197677612}, "left knee": {"x": 0.9414836168289185, "y": 0.635310709476471, "z": -0.3345637619495392, "visibility": 0.9929521083831787, "presence": 0.9999974966049194}, "right knee": {"x": 0.84171062707901, "y": 0.6329418420791626, "z": 0.08274462074041367, "visibility": 0.5053611397743225, "presence": 0.9999716281890869}, "left ankle": {"x": 0.9991940259933472, "y": 0.7839277386665344, "z": -0.4460952877998352, "visibility": 0.9842341542243958, "presence": 0.9999806880950928}, "right ankle": {"x": 0.8759170770645142, "y": 0.7538853883743286, "z": 0.2755657434463501, "visibility": 0.6799662709236145, "presence": 0.9999791383743286}, "left heel": {"x": 1.0192835330963135, "y": 0.8257766962051392, "z": -0.4614596962928772, "visibility": 0.9552696347236633, "presence": 0.9999185800552368}, "right heel": {"x": 0.8885858654975891, "y": 0.780426025390625, "z": 0.28233593702316284, "visibility": 0.7494387626647949, "presence": 0.9999852180480957}, "left foot index": {"x": 0.9809291362762451, "y": 0.831250786781311, "z": -0.568475067615509, "visibility": 0.9796677231788635, "presence": 0.9999444484710693}, "right foot index": {"x": 0.8382326364517212, "y": 0.7825319766998291, "z": 0.25841110944747925, "visibility": 0.7212840914726257, "presence": 0.9999634027481079}, "timestamp": "20240418-205618"}