{"nose": {"x": 0.8478419780731201, "y": 0.37170207500457764, "z": 0.03439817205071449, "visibility": 0.9996564388275146, "presence": 0.9999749660491943}, "left eye (inner)": {"x": 0.8495105504989624, "y": 0.35208165645599365, "z": 0.01626490242779255, "visibility": 0.9995737671852112, "presence": 0.9999727010726929}, "left eye": {"x": 0.850759744644165, "y": 0.35088956356048584, "z": 0.01611100509762764, "visibility": 0.999602198600769, "presence": 0.9999797344207764}, "left eye (outer)": {"x": 0.8521008491516113, "y": 0.3497590124607086, "z": 0.0161442868411541, "visibility": 0.9996262788772583, "presence": 0.9999772310256958}, "right eye (inner)": {"x": 0.8495997786521912, "y": 0.35184094309806824, "z": 0.040712323039770126, "visibility": 0.9996439814567566, "presence": 0.9999406337738037}, "right eye": {"x": 0.8509179353713989, "y": 0.35063642263412476, "z": 0.040524087846279144, "visibility": 0.9996960759162903, "presence": 0.9999412298202515}, "right eye (outer)": {"x": 0.8524407148361206, "y": 0.34936729073524475, "z": 0.04048759117722511, "visibility": 0.9997059106826782, "presence": 0.9999206066131592}, "left ear": {"x": 0.8643433451652527, "y": 0.3445182144641876, "z": -0.03822433203458786, "visibility": 0.9998026490211487, "presence": 0.9999877214431763}, "right ear": {"x": 0.8642457723617554, "y": 0.34594738483428955, "z": 0.07568078488111496, "visibility": 0.9995566606521606, "presence": 0.9999139308929443}, "mouth (left)": {"x": 0.8552395105361938, "y": 0.3815664052963257, "z": 0.01870771497488022, "visibility": 0.9990512728691101, "presence": 0.9999793767929077}, "mouth (right)": {"x": 0.8557183742523193, "y": 0.3844054043292999, "z": 0.04991648346185684, "visibility": 0.9986494183540344, "presence": 0.999915361404419}, "left shoulder": {"x": 0.893343985080719, "y": 0.37880513072013855, "z": -0.11232057958841324, "visibility": 0.9999821186065674, "presence": 0.9999969005584717}, "right shoulder": {"x": 0.8895014524459839, "y": 0.3946211636066437, "z": 0.13450080156326294, "visibility": 0.9994956851005554, "presence": 0.9999203681945801}, "left elbow": {"x": 0.9003857970237732, "y": 0.3931291401386261, "z": -0.23431259393692017, "visibility": 0.931110680103302, "presence": 0.9999645948410034}, "right elbow": {"x": 0.9320734739303589, "y": 0.4693852365016937, "z": 0.18721117079257965, "visibility": 0.2682870924472809, "presence": 0.9999023675918579}, "left wrist": {"x": 0.8492042422294617, "y": 0.4217873513698578, "z": -0.2935902178287506, "visibility": 0.8176741600036621, "presence": 0.9999967813491821}, "right wrist": {"x": 0.9353519678115845, "y": 0.525546669960022, "z": 0.21089646220207214, "visibility": 0.27661657333374023, "presence": 0.9999592304229736}, "left pinky": {"x": 0.8369043469429016, "y": 0.43575167655944824, "z": -0.32059603929519653, "visibility": 0.8108794093132019, "presence": 0.9999905824661255}, "right pinky": {"x": 0.9385032057762146, "y": 0.5452629923820496, "z": 0.2199048548936844, "visibility": 0.2741444706916809, "presence": 0.9999375343322754}, "left index": {"x": 0.8339377641677856, "y": 0.4332931637763977, "z": -0.3033300042152405, "visibility": 0.8031636476516724, "presence": 0.9999915361404419}, "right index": {"x": 0.9338019490242004, "y": 0.5466223359107971, "z": 0.20554302632808685, "visibility": 0.26964548230171204, "presence": 0.9999264478683472}, "left thumb": {"x": 0.837315559387207, "y": 0.43252915143966675, "z": -0.2860774099826813, "visibility": 0.7653610110282898, "presence": 0.9999951124191284}, "right thumb": {"x": 0.9324397444725037, "y": 0.5388981103897095, "z": 0.20444956421852112, "visibility": 0.2659781873226166, "presence": 0.9999568462371826}, "left hip": {"x": 0.9391468167304993, "y": 0.554236650466919, "z": -0.07698698341846466, "visibility": 0.9999276399612427, "presence": 0.9999971389770508}, "right hip": {"x": 0.9184146523475647, "y": 0.5535526871681213, "z": 0.07676618546247482, "visibility": 0.9998501539230347, "presence": 0.9999945163726807}, "left knee": {"x": 0.9233622550964355, "y": 0.6944727301597595, "z": -0.15445153415203094, "visibility": 0.9890128970146179, "presence": 0.9999935626983643}, "right knee": {"x": 0.8605657815933228, "y": 0.6238901019096375, "z": 0.1394408941268921, "visibility": 0.47935035824775696, "presence": 0.999962568283081}, "left ankle": {"x": 0.9997411370277405, "y": 0.7977778911590576, "z": -0.2361961007118225, "visibility": 0.9848165512084961, "presence": 0.9998974800109863}, "right ankle": {"x": 0.8759109973907471, "y": 0.7478228807449341, "z": 0.14839452505111694, "visibility": 0.6939996480941772, "presence": 0.9998288154602051}, "left heel": {"x": 1.0241283178329468, "y": 0.8177129030227661, "z": -0.2480333000421524, "visibility": 0.9459958672523499, "presence": 0.9992030262947083}, "right heel": {"x": 0.886661946773529, "y": 0.7771959900856018, "z": 0.14480406045913696, "visibility": 0.7635073065757751, "presence": 0.9997478127479553}, "left foot index": {"x": 0.9779043197631836, "y": 0.8507086634635925, "z": -0.3211715519428253, "visibility": 0.9819723963737488, "presence": 0.9986327290534973}, "right foot index": {"x": 0.8394604325294495, "y": 0.7736048102378845, "z": 0.13008034229278564, "visibility": 0.7593385577201843, "presence": 0.9993378520011902}, "timestamp": "20240418-205705"}