{"nose": {"x": 0.9096348285675049, "y": 0.30658915638923645, "z": -0.18129962682724, "visibility": 0.9998489022254944, "presence": 0.9999662637710571}, "left eye (inner)": {"x": 0.9132217764854431, "y": 0.2897619605064392, "z": -0.17811702191829681, "visibility": 0.9997732043266296, "presence": 0.9999217987060547}, "left eye": {"x": 0.9163802862167358, "y": 0.28820735216140747, "z": -0.17828775942325592, "visibility": 0.9997551441192627, "presence": 0.9999349117279053}, "left eye (outer)": {"x": 0.9194573163986206, "y": 0.28680118918418884, "z": -0.17819134891033173, "visibility": 0.9997668862342834, "presence": 0.9999160766601562}, "right eye (inner)": {"x": 0.9098008275032043, "y": 0.29092535376548767, "z": -0.1670769602060318, "visibility": 0.9998317956924438, "presence": 0.9998906850814819}, "right eye": {"x": 0.9093185067176819, "y": 0.2905369699001312, "z": -0.16729018092155457, "visibility": 0.9998453259468079, "presence": 0.999908447265625}, "right eye (outer)": {"x": 0.9085484743118286, "y": 0.290065735578537, "z": -0.16743449866771698, "visibility": 0.9998571276664734, "presence": 0.999896764755249}, "left ear": {"x": 0.9352549910545349, "y": 0.28358039259910583, "z": -0.1303231567144394, "visibility": 0.9998407959938049, "presence": 0.9999505281448364}, "right ear": {"x": 0.9174220561981201, "y": 0.286265105009079, "z": -0.07700459659099579, "visibility": 0.9997576475143433, "presence": 0.9999070167541504}, "mouth (left)": {"x": 0.9182121157646179, "y": 0.3188725709915161, "z": -0.15907235443592072, "visibility": 0.9993696212768555, "presence": 0.9999765157699585}, "mouth (right)": {"x": 0.9115305542945862, "y": 0.31905969977378845, "z": -0.1452016979455948, "visibility": 0.999321699142456, "presence": 0.9999315738677979}, "left shoulder": {"x": 0.9822761416435242, "y": 0.34223315119743347, "z": -0.10288882255554199, "visibility": 0.9999753832817078, "presence": 0.9999152421951294}, "right shoulder": {"x": 0.8961912989616394, "y": 0.3495279550552368, "z": -0.033420126885175705, "visibility": 0.9997065663337708, "presence": 0.9996614456176758}, "left elbow": {"x": 1.0030394792556763, "y": 0.44979560375213623, "z": -0.2317453920841217, "visibility": 0.9346734285354614, "presence": 0.9596912264823914}, "right elbow": {"x": 0.8535999059677124, "y": 0.3369614779949188, "z": -0.16615650057792664, "visibility": 0.5448455810546875, "presence": 0.9949517250061035}, "left wrist": {"x": 0.9527440071105957, "y": 0.38875290751457214, "z": -0.3986194133758545, "visibility": 0.858980119228363, "presence": 0.9998409748077393}, "right wrist": {"x": 0.8766778707504272, "y": 0.26309558749198914, "z": -0.3462284505367279, "visibility": 0.5368945002555847, "presence": 0.9994175434112549}, "left pinky": {"x": 0.9339591860771179, "y": 0.38421791791915894, "z": -0.4384711682796478, "visibility": 0.8540576696395874, "presence": 0.9999016523361206}, "right pinky": {"x": 0.8820604681968689, "y": 0.2378130406141281, "z": -0.39292028546333313, "visibility": 0.5262155532836914, "presence": 0.9994792342185974}, "left index": {"x": 0.9362461566925049, "y": 0.374321311712265, "z": -0.4368181824684143, "visibility": 0.8499919772148132, "presence": 0.999941349029541}, "right index": {"x": 0.8860566020011902, "y": 0.23605963587760925, "z": -0.379044771194458, "visibility": 0.5208531618118286, "presence": 0.9996768236160278}, "left thumb": {"x": 0.9418573379516602, "y": 0.3761298656463623, "z": -0.399776816368103, "visibility": 0.8174288272857666, "presence": 0.9999456405639648}, "right thumb": {"x": 0.886816143989563, "y": 0.24670682847499847, "z": -0.34812286496162415, "visibility": 0.5060911774635315, "presence": 0.9997652173042297}, "left hip": {"x": 0.9671164751052856, "y": 0.5468596816062927, "z": -0.037985365837812424, "visibility": 0.998476505279541, "presence": 0.9952444434165955}, "right hip": {"x": 0.9183768630027771, "y": 0.5579499006271362, "z": 0.037728309631347656, "visibility": 0.9978822469711304, "presence": 0.9951116442680359}, "left knee": {"x": 0.9613391757011414, "y": 0.6576187014579773, "z": -0.3163464069366455, "visibility": 0.9825034141540527, "presence": 0.9986293315887451}, "right knee": {"x": 0.8622337579727173, "y": 0.6858925819396973, "z": 0.12053395807743073, "visibility": 0.5805432200431824, "presence": 0.9873110055923462}, "left ankle": {"x": 1.002811312675476, "y": 0.818157434463501, "z": -0.32387232780456543, "visibility": 0.9810841679573059, "presence": 0.9932159781455994}, "right ankle": {"x": 0.8800389766693115, "y": 0.7802886962890625, "z": 0.4059379994869232, "visibility": 0.5971867442131042, "presence": 0.9841986894607544}, "left heel": {"x": 1.010364055633545, "y": 0.8633025288581848, "z": -0.3331102132797241, "visibility": 0.9453630447387695, "presence": 0.9762682914733887}, "right heel": {"x": 0.8907595872879028, "y": 0.8009811639785767, "z": 0.4320741593837738, "visibility": 0.668480396270752, "presence": 0.9909195899963379}, "left foot index": {"x": 0.9776830673217773, "y": 0.8658558130264282, "z": -0.45368245244026184, "visibility": 0.9847043752670288, "presence": 0.9793182611465454}, "right foot index": {"x": 0.8433042168617249, "y": 0.8039233088493347, "z": 0.37742969393730164, "visibility": 0.6872774958610535, "presence": 0.9899196624755859}, "timestamp": "20240418-205552"}