{"nose": {"x": 0.5996425151824951, "y": 0.28894826769828796, "z": -0.20655615627765656, "visibility": 0.9999948143959045, "presence": 0.9999995231628418}, "left eye (inner)": {"x": 0.600975751876831, "y": 0.27269214391708374, "z": -0.2130669504404068, "visibility": 0.9999925494194031, "presence": 0.9999994039535522}, "left eye": {"x": 0.6027522087097168, "y": 0.27109795808792114, "z": -0.21328403055667877, "visibility": 0.9999909400939941, "presence": 0.9999994039535522}, "left eye (outer)": {"x": 0.6046679615974426, "y": 0.2695702016353607, "z": -0.2132224440574646, "visibility": 0.9999939799308777, "presence": 0.9999992847442627}, "right eye (inner)": {"x": 0.5985918641090393, "y": 0.2743573784828186, "z": -0.19342896342277527, "visibility": 0.9999922513961792, "presence": 0.9999986886978149}, "right eye": {"x": 0.5984053015708923, "y": 0.2740538418292999, "z": -0.1936018317937851, "visibility": 0.9999909996986389, "presence": 0.9999985694885254}, "right eye (outer)": {"x": 0.5981312990188599, "y": 0.27359649538993835, "z": -0.19366835057735443, "visibility": 0.9999912977218628, "presence": 0.9999979734420776}, "left ear": {"x": 0.616714596748352, "y": 0.26596924662590027, "z": -0.19716188311576843, "visibility": 0.999993622303009, "presence": 0.9999994039535522}, "right ear": {"x": 0.6069723963737488, "y": 0.2713737189769745, "z": -0.10813113301992416, "visibility": 0.9999560713768005, "presence": 0.9999972581863403}, "mouth (left)": {"x": 0.6078718900680542, "y": 0.29600536823272705, "z": -0.1969163417816162, "visibility": 0.9999887943267822, "presence": 0.9999992847442627}, "mouth (right)": {"x": 0.6041110157966614, "y": 0.299329936504364, "z": -0.1719546765089035, "visibility": 0.9999788999557495, "presence": 0.9999972581863403}, "left shoulder": {"x": 0.6492487788200378, "y": 0.30797290802001953, "z": -0.21923372149467468, "visibility": 0.9999955296516418, "presence": 0.9999985694885254}, "right shoulder": {"x": 0.6249691247940063, "y": 0.3377491533756256, "z": -0.00013368298823479563, "visibility": 0.9999153017997742, "presence": 0.9999833106994629}, "left elbow": {"x": 0.6656778454780579, "y": 0.3770351707935333, "z": -0.29015904664993286, "visibility": 0.9774848818778992, "presence": 0.999920129776001}, "right elbow": {"x": 0.6324869990348816, "y": 0.41780173778533936, "z": 0.011746118776500225, "visibility": 0.5247978568077087, "presence": 0.9998781681060791}, "left wrist": {"x": 0.6101433634757996, "y": 0.3906209170818329, "z": -0.3483882248401642, "visibility": 0.9670954942703247, "presence": 0.9999978542327881}, "right wrist": {"x": 0.6096698045730591, "y": 0.4612944722175598, "z": -0.08790562301874161, "visibility": 0.540336012840271, "presence": 0.9999135732650757}, "left pinky": {"x": 0.5972306132316589, "y": 0.3998243510723114, "z": -0.38243037462234497, "visibility": 0.9598695039749146, "presence": 0.9999959468841553}, "right pinky": {"x": 0.6030893921852112, "y": 0.47335654497146606, "z": -0.1039566621184349, "visibility": 0.5236459374427795, "presence": 0.9998464584350586}, "left index": {"x": 0.5958877801895142, "y": 0.38613107800483704, "z": -0.3785994052886963, "visibility": 0.9593847393989563, "presence": 0.9999964237213135}, "right index": {"x": 0.6004841923713684, "y": 0.4724840521812439, "z": -0.1233263835310936, "visibility": 0.5351875424385071, "presence": 0.9998403787612915}, "left thumb": {"x": 0.6004205346107483, "y": 0.38697314262390137, "z": -0.34711095690727234, "visibility": 0.9224716424942017, "presence": 0.9999978542327881}, "right thumb": {"x": 0.6041871905326843, "y": 0.46771544218063354, "z": -0.0999257043004036, "visibility": 0.491233229637146, "presence": 0.999915599822998}, "left hip": {"x": 0.6989263892173767, "y": 0.46525073051452637, "z": -0.07262205332517624, "visibility": 0.9998633861541748, "presence": 0.9999954700469971}, "right hip": {"x": 0.6643756628036499, "y": 0.4624462127685547, "z": 0.07248208671808243, "visibility": 0.9996330738067627, "presence": 0.9999946355819702}, "left knee": {"x": 0.7149405479431152, "y": 0.5938519835472107, "z": -0.15178924798965454, "visibility": 0.8837471604347229, "presence": 0.9999774694442749}, "right knee": {"x": 0.6232115626335144, "y": 0.5051293969154358, "z": 0.1884227991104126, "visibility": 0.31789693236351013, "presence": 0.999864935874939}, "left ankle": {"x": 0.7560054063796997, "y": 0.7079892158508301, "z": -0.13889208436012268, "visibility": 0.8701054453849792, "presence": 0.9996520280838013}, "right ankle": {"x": 0.6376646757125854, "y": 0.5876638889312744, "z": 0.3981384038925171, "visibility": 0.2919582724571228, "presence": 0.9998960494995117}, "left heel": {"x": 0.7666168212890625, "y": 0.720691442489624, "z": -0.14183104038238525, "visibility": 0.718031644821167, "presence": 0.9983733892440796}, "right heel": {"x": 0.6448174715042114, "y": 0.5904583930969238, "z": 0.4101676940917969, "visibility": 0.30169615149497986, "presence": 0.9999274015426636}, "left foot index": {"x": 0.7475907802581787, "y": 0.7593351602554321, "z": -0.24626320600509644, "visibility": 0.9057056307792664, "presence": 0.9981489181518555}, "right foot index": {"x": 0.6173353791236877, "y": 0.6195295453071594, "z": 0.357458233833313, "visibility": 0.3947228789329529, "presence": 0.9998369216918945}, "timestamp": "20240418-205801"}