{"nose": {"x": 0.8423234820365906, "y": 0.3246733546257019, "z": -0.00906756054610014, "visibility": 0.999064028263092, "presence": 0.9999663829803467}, "left eye (inner)": {"x": 0.84550541639328, "y": 0.30918118357658386, "z": -0.02525884099304676, "visibility": 0.9988954663276672, "presence": 0.9999618530273438}, "left eye": {"x": 0.8467666506767273, "y": 0.3082129657268524, "z": -0.025406796485185623, "visibility": 0.9988824725151062, "presence": 0.9999699592590332}, "left eye (outer)": {"x": 0.8477777242660522, "y": 0.30751219391822815, "z": -0.02535804733633995, "visibility": 0.9988859295845032, "presence": 0.9999641180038452}, "right eye (inner)": {"x": 0.8454089760780334, "y": 0.3090399503707886, "z": -0.0017540871631354094, "visibility": 0.9991413354873657, "presence": 0.9999371767044067}, "right eye": {"x": 0.8465977907180786, "y": 0.3079793155193329, "z": -0.001980722416192293, "visibility": 0.9992470145225525, "presence": 0.9999456405639648}, "right eye (outer)": {"x": 0.8477464318275452, "y": 0.30697524547576904, "z": -0.0020612874068319798, "visibility": 0.9992642998695374, "presence": 0.9999394416809082}, "left ear": {"x": 0.8587017059326172, "y": 0.3047393560409546, "z": -0.06591150909662247, "visibility": 0.9994807839393616, "presence": 0.9999825954437256}, "right ear": {"x": 0.8580483794212341, "y": 0.3041633367538452, "z": 0.041539859026670456, "visibility": 0.9990161061286926, "presence": 0.9999507665634155}, "mouth (left)": {"x": 0.848436713218689, "y": 0.33383190631866455, "z": -0.01936887949705124, "visibility": 0.9965862035751343, "presence": 0.9999762773513794}, "mouth (right)": {"x": 0.8484256863594055, "y": 0.3346951901912689, "z": 0.010392490774393082, "visibility": 0.9957466125488281, "presence": 0.9999294281005859}, "left shoulder": {"x": 0.8899527192115784, "y": 0.3249346911907196, "z": -0.11618375033140182, "visibility": 0.9998512864112854, "presence": 0.9999903440475464}, "right shoulder": {"x": 0.8652637004852295, "y": 0.38098564743995667, "z": 0.121127188205719, "visibility": 0.9967474937438965, "presence": 0.9999014139175415}, "left elbow": {"x": 0.9192233681678772, "y": 0.36090952157974243, "z": -0.19160543382167816, "visibility": 0.8887804746627808, "presence": 0.9997318387031555}, "right elbow": {"x": 0.8535212278366089, "y": 0.4318152070045471, "z": 0.18546977639198303, "visibility": 0.20940014719963074, "presence": 0.9998107552528381}, "left wrist": {"x": 0.859731137752533, "y": 0.347291499376297, "z": -0.2040107101202011, "visibility": 0.7418195009231567, "presence": 0.999995231628418}, "right wrist": {"x": 0.8222556114196777, "y": 0.43885764479637146, "z": 0.2122727483510971, "visibility": 0.20705455541610718, "presence": 0.9999570846557617}, "left pinky": {"x": 0.8453755378723145, "y": 0.34455007314682007, "z": -0.21785400807857513, "visibility": 0.7361223697662354, "presence": 0.9999895095825195}, "right pinky": {"x": 0.8156259655952454, "y": 0.4291958212852478, "z": 0.2235267013311386, "visibility": 0.20832951366901398, "presence": 0.9999274015426636}, "left index": {"x": 0.8434826135635376, "y": 0.3340502381324768, "z": -0.20609509944915771, "visibility": 0.7267043590545654, "presence": 0.9999910593032837}, "right index": {"x": 0.8101847767829895, "y": 0.4271809160709381, "z": 0.21316146850585938, "visibility": 0.20612706243991852, "presence": 0.99991774559021}, "left thumb": {"x": 0.8500260710716248, "y": 0.3373107314109802, "z": -0.19719475507736206, "visibility": 0.6772578954696655, "presence": 0.9999951124191284}, "right thumb": {"x": 0.8162391185760498, "y": 0.4257664978504181, "z": 0.20696072280406952, "visibility": 0.20762185752391815, "presence": 0.9999560117721558}, "left hip": {"x": 0.9371845126152039, "y": 0.520352840423584, "z": -0.07425490021705627, "visibility": 0.999473512172699, "presence": 0.9999841451644897}, "right hip": {"x": 0.9100648164749146, "y": 0.5416746139526367, "z": 0.07406862080097198, "visibility": 0.9986799359321594, "presence": 0.9999805688858032}, "left knee": {"x": 0.9333785176277161, "y": 0.6363708972930908, "z": -0.22112326323986053, "visibility": 0.9574072360992432, "presence": 0.9999715089797974}, "right knee": {"x": 0.8586210608482361, "y": 0.6217233538627625, "z": 0.08772800862789154, "visibility": 0.40265169739723206, "presence": 0.9998613595962524}, "left ankle": {"x": 0.9963474869728088, "y": 0.7669033408164978, "z": -0.29443490505218506, "visibility": 0.9075669050216675, "presence": 0.9994058609008789}, "right ankle": {"x": 0.9038006067276001, "y": 0.748270571231842, "z": 0.16329069435596466, "visibility": 0.5740490555763245, "presence": 0.9995336532592773}, "left heel": {"x": 1.0088332891464233, "y": 0.7796598672866821, "z": -0.3044898808002472, "visibility": 0.8379204869270325, "presence": 0.9970880150794983}, "right heel": {"x": 0.9163388609886169, "y": 0.7735960483551025, "z": 0.17068614065647125, "visibility": 0.6726322770118713, "presence": 0.999581515789032}, "left foot index": {"x": 0.9885554909706116, "y": 0.8358190059661865, "z": -0.37866032123565674, "visibility": 0.8557016253471375, "presence": 0.9950510859489441}, "right foot index": {"x": 0.8682053089141846, "y": 0.7746606469154358, "z": 0.1524450033903122, "visibility": 0.5766831636428833, "presence": 0.9987145662307739}, "timestamp": "20240418-205629"}