{"nose": {"x": 0.6538345217704773, "y": 0.2824910581111908, "z": -0.2665041387081146, "visibility": 0.9992266297340393, "presence": 1.0}, "left eye (inner)": {"x": 0.6571154594421387, "y": 0.26734185218811035, "z": -0.2604728043079376, "visibility": 0.9994264841079712, "presence": 0.9999998807907104}, "left eye": {"x": 0.6597890853881836, "y": 0.26575934886932373, "z": -0.2606857419013977, "visibility": 0.9993274211883545, "presence": 0.9999998807907104}, "left eye (outer)": {"x": 0.662567138671875, "y": 0.26418718695640564, "z": -0.2606070041656494, "visibility": 0.9995107650756836, "presence": 0.9999998807907104}, "right eye (inner)": {"x": 0.6514117121696472, "y": 0.26886194944381714, "z": -0.2558107376098633, "visibility": 0.9995775818824768, "presence": 0.9999998807907104}, "right eye": {"x": 0.6500394344329834, "y": 0.26833030581474304, "z": -0.2559952139854431, "visibility": 0.9995774626731873, "presence": 0.9999997615814209}, "right eye (outer)": {"x": 0.6484549641609192, "y": 0.26775121688842773, "z": -0.2560572028160095, "visibility": 0.9996758103370667, "presence": 0.9999997615814209}, "left ear": {"x": 0.672018826007843, "y": 0.2612681984901428, "z": -0.18697623908519745, "visibility": 0.9995610117912292, "presence": 1.0}, "right ear": {"x": 0.650337815284729, "y": 0.26740047335624695, "z": -0.16306979954242706, "visibility": 0.9993037581443787, "presence": 0.9999995231628418}, "mouth (left)": {"x": 0.660609781742096, "y": 0.28858017921447754, "z": -0.23407018184661865, "visibility": 0.9980617761611938, "presence": 0.9999998807907104}, "mouth (right)": {"x": 0.6533846855163574, "y": 0.2915669083595276, "z": -0.22827982902526855, "visibility": 0.9976791739463806, "presence": 0.9999995231628418}, "left shoulder": {"x": 0.7059121131896973, "y": 0.31524530053138733, "z": -0.11673260480165482, "visibility": 0.999890923500061, "presence": 0.9999997615814209}, "right shoulder": {"x": 0.6372929811477661, "y": 0.31654104590415955, "z": -0.08535389602184296, "visibility": 0.9998631477355957, "presence": 0.9999896287918091}, "left elbow": {"x": 0.7299849987030029, "y": 0.40321803092956543, "z": -0.21047019958496094, "visibility": 0.9331023693084717, "presence": 0.9998939037322998}, "right elbow": {"x": 0.6008696556091309, "y": 0.3460333049297333, "z": -0.18549932539463043, "visibility": 0.5670033097267151, "presence": 0.9997190833091736}, "left wrist": {"x": 0.716130793094635, "y": 0.3913571238517761, "z": -0.3762836158275604, "visibility": 0.9285016655921936, "presence": 0.9999992847442627}, "right wrist": {"x": 0.6013549566268921, "y": 0.2859949469566345, "z": -0.3722612261772156, "visibility": 0.6378138065338135, "presence": 0.9999654293060303}, "left pinky": {"x": 0.7072567939758301, "y": 0.38737818598747253, "z": -0.4184039831161499, "visibility": 0.9215625524520874, "presence": 0.9999992847442627}, "right pinky": {"x": 0.6001946926116943, "y": 0.2631126940250397, "z": -0.418800950050354, "visibility": 0.6360121965408325, "presence": 0.9999692440032959}, "left index": {"x": 0.7070522308349609, "y": 0.3721602261066437, "z": -0.4282171428203583, "visibility": 0.9197329878807068, "presence": 0.9999995231628418}, "right index": {"x": 0.6066241264343262, "y": 0.2554927170276642, "z": -0.4167642891407013, "visibility": 0.6356683969497681, "presence": 0.9999810457229614}, "left thumb": {"x": 0.7080473899841309, "y": 0.37244442105293274, "z": -0.38356801867485046, "visibility": 0.8898358941078186, "presence": 0.9999996423721313}, "right thumb": {"x": 0.6090349555015564, "y": 0.26530447602272034, "z": -0.37830325961112976, "visibility": 0.6116234064102173, "presence": 0.999985933303833}, "left hip": {"x": 0.7033346891403198, "y": 0.4897918701171875, "z": -0.030775953084230423, "visibility": 0.9995421767234802, "presence": 0.9998573064804077}, "right hip": {"x": 0.6674904823303223, "y": 0.5027516484260559, "z": 0.030607521533966064, "visibility": 0.9990816116333008, "presence": 0.9996581077575684}, "left knee": {"x": 0.7220184803009033, "y": 0.608153760433197, "z": -0.22375833988189697, "visibility": 0.7399482727050781, "presence": 0.9998005032539368}, "right knee": {"x": 0.6628445982933044, "y": 0.590768575668335, "z": 0.17122772336006165, "visibility": 0.43916693329811096, "presence": 0.9973379969596863}, "left ankle": {"x": 0.7601198554039001, "y": 0.7331407070159912, "z": -0.2532977759838104, "visibility": 0.746319591999054, "presence": 0.9990052580833435}, "right ankle": {"x": 0.65229731798172, "y": 0.6883841156959534, "z": 0.3675064146518707, "visibility": 0.454926460981369, "presence": 0.9974979758262634}, "left heel": {"x": 0.7684228420257568, "y": 0.7559388875961304, "z": -0.25212061405181885, "visibility": 0.6944283246994019, "presence": 0.9963681697845459}, "right heel": {"x": 0.6554065942764282, "y": 0.7077578902244568, "z": 0.3828049898147583, "visibility": 0.5020747780799866, "presence": 0.9983811378479004}, "left foot index": {"x": 0.7437444925308228, "y": 0.7721477746963501, "z": -0.36775901913642883, "visibility": 0.7893392443656921, "presence": 0.9987144470214844}, "right foot index": {"x": 0.6365852952003479, "y": 0.7149204015731812, "z": 0.3192509114742279, "visibility": 0.550166130065918, "presence": 0.9993919134140015}, "timestamp": "20240418-205640"}