{"nose": {"x": 0.8421990275382996, "y": 0.29707789421081543, "z": -0.20772962272167206, "visibility": 0.9997962713241577, "presence": 0.9999972581863403}, "left eye (inner)": {"x": 0.8451068997383118, "y": 0.2805193066596985, "z": -0.21754688024520874, "visibility": 0.9996690154075623, "presence": 0.9999957084655762}, "left eye": {"x": 0.8473982810974121, "y": 0.2791297733783722, "z": -0.21773365139961243, "visibility": 0.9996813535690308, "presence": 0.9999964237213135}, "left eye (outer)": {"x": 0.8497644066810608, "y": 0.2777511477470398, "z": -0.21770933270454407, "visibility": 0.999711275100708, "presence": 0.9999953508377075}, "right eye (inner)": {"x": 0.8423759937286377, "y": 0.28156158328056335, "z": -0.19388215243816376, "visibility": 0.9996857047080994, "presence": 0.9999926090240479}, "right eye": {"x": 0.8422588109970093, "y": 0.2812822461128235, "z": -0.1940786987543106, "visibility": 0.9997203946113586, "presence": 0.9999933242797852}, "right eye (outer)": {"x": 0.8419352769851685, "y": 0.28096577525138855, "z": -0.1940966695547104, "visibility": 0.9997170567512512, "presence": 0.9999915361404419}, "left ear": {"x": 0.8652225732803345, "y": 0.27428579330444336, "z": -0.20871341228485107, "visibility": 0.9998580813407898, "presence": 0.9999966621398926}, "right ear": {"x": 0.8523969054222107, "y": 0.27955418825149536, "z": -0.11306627839803696, "visibility": 0.9994638562202454, "presence": 0.9999905824661255}, "mouth (left)": {"x": 0.8513975739479065, "y": 0.30816149711608887, "z": -0.20374660193920135, "visibility": 0.9996975660324097, "presence": 0.9999986886978149}, "mouth (right)": {"x": 0.8472086191177368, "y": 0.30975252389907837, "z": -0.17600370943546295, "visibility": 0.9995906949043274, "presence": 0.9999958276748657}, "left shoulder": {"x": 0.9115727543830872, "y": 0.3214026987552643, "z": -0.20051069557666779, "visibility": 0.9999702572822571, "presence": 0.9999984502792358}, "right shoulder": {"x": 0.8502957820892334, "y": 0.3566509187221527, "z": -0.012235693633556366, "visibility": 0.999685525894165, "presence": 0.9999911785125732}, "left elbow": {"x": 0.9507893323898315, "y": 0.404776006937027, "z": -0.2870435416698456, "visibility": 0.9803312420845032, "presence": 0.9998024106025696}, "right elbow": {"x": 0.8366581201553345, "y": 0.4476405680179596, "z": -0.012411190196871758, "visibility": 0.7768391370773315, "presence": 0.9998668432235718}, "left wrist": {"x": 0.8882271647453308, "y": 0.4222056567668915, "z": -0.39208099246025085, "visibility": 0.9598281979560852, "presence": 0.9999984502792358}, "right wrist": {"x": 0.7993331551551819, "y": 0.5067431330680847, "z": -0.12530584633350372, "visibility": 0.813888669013977, "presence": 0.9998623132705688}, "left pinky": {"x": 0.8713071346282959, "y": 0.43276673555374146, "z": -0.42720672488212585, "visibility": 0.9561107754707336, "presence": 0.9999973773956299}, "right pinky": {"x": 0.7866448163986206, "y": 0.5278593301773071, "z": -0.14335201680660248, "visibility": 0.7961885333061218, "presence": 0.9996961355209351}, "left index": {"x": 0.870269238948822, "y": 0.4164501130580902, "z": -0.4260745942592621, "visibility": 0.9546393156051636, "presence": 0.9999979734420776}, "right index": {"x": 0.7848763465881348, "y": 0.5277035236358643, "z": -0.1639900803565979, "visibility": 0.7959564924240112, "presence": 0.9996992349624634}, "left thumb": {"x": 0.8735061287879944, "y": 0.41508322954177856, "z": -0.3915936350822449, "visibility": 0.9359536170959473, "presence": 0.9999988079071045}, "right thumb": {"x": 0.7902289628982544, "y": 0.5210070013999939, "z": -0.1379767656326294, "visibility": 0.7815402746200562, "presence": 0.9998607635498047}, "left hip": {"x": 0.9388604760169983, "y": 0.4944470226764679, "z": -0.056824080646038055, "visibility": 0.9990832209587097, "presence": 0.9999823570251465}, "right hip": {"x": 0.8928629159927368, "y": 0.5042188167572021, "z": 0.05663858354091644, "visibility": 0.9984443783760071, "presence": 0.9999849796295166}, "left knee": {"x": 0.9399033188819885, "y": 0.6271653771400452, "z": -0.2606808841228485, "visibility": 0.992298424243927, "presence": 0.9999794960021973}, "right knee": {"x": 0.8478028178215027, "y": 0.6169411540031433, "z": -0.010413260199129581, "visibility": 0.8500473499298096, "presence": 0.9999144077301025}, "left ankle": {"x": 0.9731252193450928, "y": 0.7822843790054321, "z": -0.20632749795913696, "visibility": 0.9880794882774353, "presence": 0.9996421337127686}, "right ankle": {"x": 0.8632384538650513, "y": 0.7383255958557129, "z": 0.12431290000677109, "visibility": 0.8114080429077148, "presence": 0.9994500279426575}, "left heel": {"x": 0.9774570465087891, "y": 0.8004248738288879, "z": -0.2058483511209488, "visibility": 0.905583381652832, "presence": 0.9982276558876038}, "right heel": {"x": 0.8742282390594482, "y": 0.7632215619087219, "z": 0.13387154042720795, "visibility": 0.7691571116447449, "presence": 0.9994199275970459}, "left foot index": {"x": 0.969448983669281, "y": 0.8346551060676575, "z": -0.3263731300830841, "visibility": 0.9851693511009216, "presence": 0.9955986738204956}, "right foot index": {"x": 0.8347312211990356, "y": 0.7800272703170776, "z": 0.0724795013666153, "visibility": 0.8330963253974915, "presence": 0.9979372024536133}, "timestamp": "20240418-205621"}