{"nose": {"x": 0.6469340324401855, "y": 0.3459879755973816, "z": -0.0032148256432265043, "visibility": 0.9994893670082092, "presence": 0.9999815225601196}, "left eye (inner)": {"x": 0.6472881436347961, "y": 0.3304867744445801, "z": -0.02082640305161476, "visibility": 0.9994342923164368, "presence": 0.9999815225601196}, "left eye": {"x": 0.6482141017913818, "y": 0.3289945721626282, "z": -0.020961666479706764, "visibility": 0.9993769526481628, "presence": 0.9999855756759644}, "left eye (outer)": {"x": 0.6491747498512268, "y": 0.32755333185195923, "z": -0.020923493430018425, "visibility": 0.9995344877243042, "presence": 0.9999827146530151}, "right eye (inner)": {"x": 0.6468995213508606, "y": 0.33058953285217285, "z": 0.006230622064322233, "visibility": 0.9994574189186096, "presence": 0.9999628067016602}, "right eye": {"x": 0.6474850177764893, "y": 0.32905006408691406, "z": 0.00603189691901207, "visibility": 0.9994380474090576, "presence": 0.9999639987945557}, "right eye (outer)": {"x": 0.6481573581695557, "y": 0.3273390531539917, "z": 0.005971814971417189, "visibility": 0.9995595216751099, "presence": 0.9999512434005737}, "left ear": {"x": 0.6586943864822388, "y": 0.3218132257461548, "z": -0.06632991135120392, "visibility": 0.9996162056922913, "presence": 0.9999897480010986}, "right ear": {"x": 0.6581292152404785, "y": 0.321480393409729, "z": 0.05705110356211662, "visibility": 0.9988964796066284, "presence": 0.999954104423523}, "mouth (left)": {"x": 0.6539528965950012, "y": 0.3534018099308014, "z": -0.015295827761292458, "visibility": 0.9983894228935242, "presence": 0.9999867677688599}, "mouth (right)": {"x": 0.6529907584190369, "y": 0.35320767760276794, "z": 0.01906382478773594, "visibility": 0.9973903894424438, "presence": 0.9999473094940186}, "left shoulder": {"x": 0.68587327003479, "y": 0.35415586829185486, "z": -0.1345396488904953, "visibility": 0.9999354481697083, "presence": 0.9999973773956299}, "right shoulder": {"x": 0.6838988065719604, "y": 0.3600081503391266, "z": 0.1394096165895462, "visibility": 0.9992837905883789, "presence": 0.9999692440032959}, "left elbow": {"x": 0.684728741645813, "y": 0.41154250502586365, "z": -0.25179874897003174, "visibility": 0.8936583995819092, "presence": 0.9999755620956421}, "right elbow": {"x": 0.70561683177948, "y": 0.4368123710155487, "z": 0.20180600881576538, "visibility": 0.1428491175174713, "presence": 0.9999265670776367}, "left wrist": {"x": 0.6414428949356079, "y": 0.4368066191673279, "z": -0.294056236743927, "visibility": 0.7582029700279236, "presence": 0.9999934434890747}, "right wrist": {"x": 0.7003048658370972, "y": 0.48345834016799927, "z": 0.19081029295921326, "visibility": 0.1526784896850586, "presence": 0.9999456405639648}, "left pinky": {"x": 0.6279338002204895, "y": 0.44476789236068726, "z": -0.3200433552265167, "visibility": 0.7486335039138794, "presence": 0.9999794960021973}, "right pinky": {"x": 0.7001736760139465, "y": 0.49558547139167786, "z": 0.19610653817653656, "visibility": 0.15728677809238434, "presence": 0.999922513961792}, "left index": {"x": 0.6258781552314758, "y": 0.43948155641555786, "z": -0.30314967036247253, "visibility": 0.738960862159729, "presence": 0.9999797344207764}, "right index": {"x": 0.6933221817016602, "y": 0.49611884355545044, "z": 0.18003451824188232, "visibility": 0.16000209748744965, "presence": 0.9999023675918579}, "left thumb": {"x": 0.6303982734680176, "y": 0.439719021320343, "z": -0.2860856354236603, "visibility": 0.653600811958313, "presence": 0.9999871253967285}, "right thumb": {"x": 0.6933548450469971, "y": 0.49124085903167725, "z": 0.18240505456924438, "visibility": 0.14885972440242767, "presence": 0.9999363422393799}, "left hip": {"x": 0.7222742438316345, "y": 0.5280858874320984, "z": -0.07894697785377502, "visibility": 0.9999208450317383, "presence": 0.999998927116394}, "right hip": {"x": 0.701319694519043, "y": 0.5261955857276917, "z": 0.07891437411308289, "visibility": 0.9998101592063904, "presence": 0.9999986886978149}, "left knee": {"x": 0.7262390851974487, "y": 0.6602423787117004, "z": -0.13801823556423187, "visibility": 0.8256308436393738, "presence": 0.9999345541000366}, "right knee": {"x": 0.6435688734054565, "y": 0.5919123888015747, "z": -0.06813134998083115, "visibility": 0.14401978254318237, "presence": 0.9999722242355347}, "left ankle": {"x": 0.7947031855583191, "y": 0.7256889343261719, "z": -0.08593306690454483, "visibility": 0.7527386546134949, "presence": 0.9996507167816162}, "right ankle": {"x": 0.6376956701278687, "y": 0.7221367955207825, "z": -0.03632334619760513, "visibility": 0.17622016370296478, "presence": 0.9998902082443237}, "left heel": {"x": 0.8078050017356873, "y": 0.7304715514183044, "z": -0.08189866691827774, "visibility": 0.6309204697608948, "presence": 0.9991119503974915}, "right heel": {"x": 0.6544982194900513, "y": 0.7545132040977478, "z": -0.034548837691545486, "visibility": 0.2738250195980072, "presence": 0.9998435974121094}, "left foot index": {"x": 0.7910715341567993, "y": 0.7757172584533691, "z": -0.13240650296211243, "visibility": 0.7559958100318909, "presence": 0.9993131160736084}, "right foot index": {"x": 0.6169552206993103, "y": 0.7802335023880005, "z": -0.07194594293832779, "visibility": 0.2614693343639374, "presence": 0.9995569586753845}, "timestamp": "20240418-205803"}