{"nose": {"x": 0.8298400640487671, "y": 0.2854067385196686, "z": -0.10930346697568893, "visibility": 0.9998774528503418, "presence": 0.9999942779541016}, "left eye (inner)": {"x": 0.8325684666633606, "y": 0.2683301568031311, "z": -0.11757189780473709, "visibility": 0.999836266040802, "presence": 0.9999897480010986}, "left eye": {"x": 0.8344584107398987, "y": 0.2664000391960144, "z": -0.11774078011512756, "visibility": 0.9998351335525513, "presence": 0.9999912977218628}, "left eye (outer)": {"x": 0.8362300992012024, "y": 0.2647096514701843, "z": -0.1176486611366272, "visibility": 0.9998553395271301, "presence": 0.9999892711639404}, "right eye (inner)": {"x": 0.8311610817909241, "y": 0.27076417207717896, "z": -0.10140825062990189, "visibility": 0.9998501539230347, "presence": 0.9999874830245972}, "right eye": {"x": 0.8319269418716431, "y": 0.27065399289131165, "z": -0.1016135960817337, "visibility": 0.999867856502533, "presence": 0.9999902248382568}, "right eye (outer)": {"x": 0.8325374126434326, "y": 0.27047115564346313, "z": -0.10172675549983978, "visibility": 0.9998751282691956, "presence": 0.9999897480010986}, "left ear": {"x": 0.8496519327163696, "y": 0.2602432668209076, "z": -0.1152675449848175, "visibility": 0.9999088048934937, "presence": 0.9999939203262329}, "right ear": {"x": 0.8429287672042847, "y": 0.2667037546634674, "z": -0.039044663310050964, "visibility": 0.9997595548629761, "presence": 0.999991774559021}, "mouth (left)": {"x": 0.838977038860321, "y": 0.29309141635894775, "z": -0.10322525352239609, "visibility": 0.9994850158691406, "presence": 0.9999957084655762}, "mouth (right)": {"x": 0.8363202214241028, "y": 0.29600682854652405, "z": -0.08255235105752945, "visibility": 0.9992631673812866, "presence": 0.9999884366989136}, "left shoulder": {"x": 0.8982711434364319, "y": 0.2947813868522644, "z": -0.11879982799291611, "visibility": 0.9999854564666748, "presence": 0.9999945163726807}, "right shoulder": {"x": 0.8403511643409729, "y": 0.32917994260787964, "z": 0.011089508421719074, "visibility": 0.9997596144676208, "presence": 0.999981164932251}, "left elbow": {"x": 0.9279912114143372, "y": 0.36037835478782654, "z": -0.22234408557415009, "visibility": 0.9586837887763977, "presence": 0.9967657327651978}, "right elbow": {"x": 0.7929500937461853, "y": 0.32630273699760437, "z": -0.10231151431798935, "visibility": 0.3401636481285095, "presence": 0.9997182488441467}, "left wrist": {"x": 0.8721179962158203, "y": 0.3416755795478821, "z": -0.3054260015487671, "visibility": 0.9082755446434021, "presence": 0.9999936819076538}, "right wrist": {"x": 0.7982004284858704, "y": 0.2544468939304352, "z": -0.25184404850006104, "visibility": 0.4502100944519043, "presence": 0.9999926090240479}, "left pinky": {"x": 0.8543469309806824, "y": 0.33621951937675476, "z": -0.33079278469085693, "visibility": 0.905810534954071, "presence": 0.999995231628418}, "right pinky": {"x": 0.8014246225357056, "y": 0.23339276015758514, "z": -0.2840047776699066, "visibility": 0.4748765230178833, "presence": 0.9999936819076538}, "left index": {"x": 0.8530042767524719, "y": 0.3217765688896179, "z": -0.3245707154273987, "visibility": 0.9021726846694946, "presence": 0.999996542930603}, "right index": {"x": 0.8048427104949951, "y": 0.2283276617527008, "z": -0.26934900879859924, "visibility": 0.47249695658683777, "presence": 0.9999960660934448}, "left thumb": {"x": 0.858366072177887, "y": 0.32450076937675476, "z": -0.30243051052093506, "visibility": 0.8659783601760864, "presence": 0.9999970197677612}, "right thumb": {"x": 0.8064907789230347, "y": 0.23584169149398804, "z": -0.2519839107990265, "visibility": 0.463287889957428, "presence": 0.9999972581863403}, "left hip": {"x": 0.9163201451301575, "y": 0.4910792112350464, "z": -0.05672236159443855, "visibility": 0.999817430973053, "presence": 0.9998623132705688}, "right hip": {"x": 0.8791676759719849, "y": 0.5060285329818726, "z": 0.05652742087841034, "visibility": 0.9996817708015442, "presence": 0.9999078512191772}, "left knee": {"x": 0.91650390625, "y": 0.631122350692749, "z": -0.21383768320083618, "visibility": 0.9715879559516907, "presence": 0.9998838901519775}, "right knee": {"x": 0.8383919596672058, "y": 0.6355656385421753, "z": 0.15981756150722504, "visibility": 0.4229273796081543, "presence": 0.9995089769363403}, "left ankle": {"x": 0.9609533548355103, "y": 0.7756775617599487, "z": -0.27706947922706604, "visibility": 0.9748525619506836, "presence": 0.9995076656341553}, "right ankle": {"x": 0.857474148273468, "y": 0.7428792119026184, "z": 0.33423808217048645, "visibility": 0.6067485809326172, "presence": 0.9995984435081482}, "left heel": {"x": 0.9743669629096985, "y": 0.8003853559494019, "z": -0.288655549287796, "visibility": 0.916739284992218, "presence": 0.9977756142616272}, "right heel": {"x": 0.8682495355606079, "y": 0.7651771306991577, "z": 0.34813392162323, "visibility": 0.6903026700019836, "presence": 0.9996707439422607}, "left foot index": {"x": 0.9367474913597107, "y": 0.8230093121528625, "z": -0.4024454355239868, "visibility": 0.9723716378211975, "presence": 0.9979094862937927}, "right foot index": {"x": 0.8204890489578247, "y": 0.7692347764968872, "z": 0.3079143464565277, "visibility": 0.7029682993888855, "presence": 0.999419093132019}, "timestamp": "20240418-205809"}