{"nose": {"x": 0.5812147855758667, "y": 0.37814754247665405, "z": -0.026147764176130295, "visibility": 0.999668538570404, "presence": 0.9999997615814209}, "left eye (inner)": {"x": 0.5807031989097595, "y": 0.3624979257583618, "z": -0.041976455599069595, "visibility": 0.999713659286499, "presence": 0.9999996423721313}, "left eye": {"x": 0.5817804336547852, "y": 0.36088672280311584, "z": -0.042124539613723755, "visibility": 0.9996901154518127, "presence": 0.9999996423721313}, "left eye (outer)": {"x": 0.5828838348388672, "y": 0.3592241108417511, "z": -0.04209531471133232, "visibility": 0.9997479915618896, "presence": 0.9999994039535522}, "right eye (inner)": {"x": 0.5800338387489319, "y": 0.3631986975669861, "z": -0.017658157274127007, "visibility": 0.9998362064361572, "presence": 0.9999995231628418}, "right eye": {"x": 0.580644428730011, "y": 0.3621717095375061, "z": -0.01783899962902069, "visibility": 0.9998357892036438, "presence": 0.9999994039535522}, "right eye (outer)": {"x": 0.5812892913818359, "y": 0.3611966073513031, "z": -0.01789604127407074, "visibility": 0.9998816847801208, "presence": 0.9999991655349731}, "left ear": {"x": 0.5929049849510193, "y": 0.3517763912677765, "z": -0.07223822921514511, "visibility": 0.9996435046195984, "presence": 0.999998927116394}, "right ear": {"x": 0.5916016101837158, "y": 0.3534926474094391, "z": 0.04032140597701073, "visibility": 0.9996103048324585, "presence": 0.9999984502792358}, "mouth (left)": {"x": 0.5883753299713135, "y": 0.3830311596393585, "z": -0.03428402170538902, "visibility": 0.9986491203308105, "presence": 0.9999979734420776}, "mouth (right)": {"x": 0.5878782272338867, "y": 0.3842538297176361, "z": -0.003722274675965309, "visibility": 0.9985726475715637, "presence": 0.9999958276748657}, "left shoulder": {"x": 0.6104945540428162, "y": 0.37846043705940247, "z": -0.1568717062473297, "visibility": 0.9998759031295776, "presence": 0.999998927116394}, "right shoulder": {"x": 0.6238314509391785, "y": 0.383654922246933, "z": 0.12898150086402893, "visibility": 0.9996368288993835, "presence": 0.9999958276748657}, "left elbow": {"x": 0.573357343673706, "y": 0.43945375084877014, "z": -0.21722719073295593, "visibility": 0.8435758948326111, "presence": 0.9999943971633911}, "right elbow": {"x": 0.6569027900695801, "y": 0.43963322043418884, "z": 0.10032596439123154, "visibility": 0.21069638431072235, "presence": 0.9999816417694092}, "left wrist": {"x": 0.5452921390533447, "y": 0.46795767545700073, "z": -0.1741792857646942, "visibility": 0.7375898957252502, "presence": 0.9999889135360718}, "right wrist": {"x": 0.6683904528617859, "y": 0.48624446988105774, "z": 0.009523401036858559, "visibility": 0.2518830895423889, "presence": 0.9999706745147705}, "left pinky": {"x": 0.538084089756012, "y": 0.4728044867515564, "z": -0.19163808226585388, "visibility": 0.7240923643112183, "presence": 0.9999650716781616}, "right pinky": {"x": 0.6729934215545654, "y": 0.5061814785003662, "z": 0.0016579772345721722, "visibility": 0.2540087103843689, "presence": 0.9999526739120483}, "left index": {"x": 0.5365673899650574, "y": 0.4690706133842468, "z": -0.18229132890701294, "visibility": 0.7155963182449341, "presence": 0.9999570846557617}, "right index": {"x": 0.6712930798530579, "y": 0.5043336749076843, "z": -0.004905422683805227, "visibility": 0.2569962739944458, "presence": 0.999936580657959}, "left thumb": {"x": 0.5394917130470276, "y": 0.4686589241027832, "z": -0.1679261028766632, "visibility": 0.6502215266227722, "presence": 0.9999744892120361}, "right thumb": {"x": 0.6691624522209167, "y": 0.49748852849006653, "z": 0.0029685483314096928, "visibility": 0.24183538556098938, "presence": 0.9999589920043945}, "left hip": {"x": 0.671687126159668, "y": 0.5138018131256104, "z": -0.07740606367588043, "visibility": 0.9998878836631775, "presence": 0.9999998807907104}, "right hip": {"x": 0.6737637519836426, "y": 0.5146731734275818, "z": 0.0772256925702095, "visibility": 0.9997653365135193, "presence": 0.9999998807907104}, "left knee": {"x": 0.695928692817688, "y": 0.633238673210144, "z": -0.07020160555839539, "visibility": 0.8038102984428406, "presence": 0.9999980926513672}, "right knee": {"x": 0.6012078523635864, "y": 0.5052952170372009, "z": 0.09833850711584091, "visibility": 0.27780264616012573, "presence": 0.9999991655349731}, "left ankle": {"x": 0.7715713977813721, "y": 0.6967447400093079, "z": -0.12650902569293976, "visibility": 0.8534995317459106, "presence": 0.9999877214431763}, "right ankle": {"x": 0.5440545082092285, "y": 0.5210314393043518, "z": 0.1439584493637085, "visibility": 0.3469579815864563, "presence": 0.9999995231628418}, "left heel": {"x": 0.787846565246582, "y": 0.7058897018432617, "z": -0.13433408737182617, "visibility": 0.7607405185699463, "presence": 0.999922513961792}, "right heel": {"x": 0.543083906173706, "y": 0.5393737554550171, "z": 0.1463959515094757, "visibility": 0.43939685821533203, "presence": 0.9999995231628418}, "left foot index": {"x": 0.7548503875732422, "y": 0.7434359788894653, "z": -0.21024662256240845, "visibility": 0.872509241104126, "presence": 0.9999279975891113}, "right foot index": {"x": 0.5043322443962097, "y": 0.4957006275653839, "z": 0.13247744739055634, "visibility": 0.44845569133758545, "presence": 0.9999980926513672}, "timestamp": "20240418-205648"}