{"nose": {"x": 0.7654431462287903, "y": 0.2716301679611206, "z": -0.1152614951133728, "visibility": 0.9998832941055298, "presence": 0.9998822212219238}, "left eye (inner)": {"x": 0.7676843404769897, "y": 0.25668278336524963, "z": -0.1174473911523819, "visibility": 0.999809980392456, "presence": 0.9998334646224976}, "left eye": {"x": 0.7697489261627197, "y": 0.2549121081829071, "z": -0.11763518303632736, "visibility": 0.9998266100883484, "presence": 0.9998636245727539}, "left eye (outer)": {"x": 0.7717365622520447, "y": 0.2533412575721741, "z": -0.11757438629865646, "visibility": 0.9998559951782227, "presence": 0.9998365640640259}, "right eye (inner)": {"x": 0.7648431062698364, "y": 0.2590961754322052, "z": -0.10184304416179657, "visibility": 0.999803900718689, "presence": 0.9997338652610779}, "right eye": {"x": 0.7645990252494812, "y": 0.2592402994632721, "z": -0.10204648971557617, "visibility": 0.9998346567153931, "presence": 0.9997654557228088}, "right eye (outer)": {"x": 0.764153242111206, "y": 0.25954145193099976, "z": -0.10217497497797012, "visibility": 0.9998176097869873, "presence": 0.9997162222862244}, "left ear": {"x": 0.7841534614562988, "y": 0.2461598962545395, "z": -0.09053193777799606, "visibility": 0.9999224543571472, "presence": 0.9998865127563477}, "right ear": {"x": 0.7716394662857056, "y": 0.2541123926639557, "z": -0.021335603669285774, "visibility": 0.9996559619903564, "presence": 0.9996846914291382}, "mouth (left)": {"x": 0.7721723318099976, "y": 0.27857592701911926, "z": -0.1026950255036354, "visibility": 0.9997845888137817, "presence": 0.9999451637268066}, "mouth (right)": {"x": 0.7682046890258789, "y": 0.2811830937862396, "z": -0.08337117731571198, "visibility": 0.9996229410171509, "presence": 0.9998098015785217}, "left shoulder": {"x": 0.8320921659469604, "y": 0.2871660590171814, "z": -0.08886447548866272, "visibility": 0.9999856948852539, "presence": 0.9999781847000122}, "right shoulder": {"x": 0.7679635882377625, "y": 0.3141743838787079, "z": 0.03686827793717384, "visibility": 0.9997423887252808, "presence": 0.9998134970664978}, "left elbow": {"x": 0.852459192276001, "y": 0.3684438467025757, "z": -0.17948806285858154, "visibility": 0.9493082761764526, "presence": 0.9982592463493347}, "right elbow": {"x": 0.7423714399337769, "y": 0.3523103594779968, "z": -0.07060084491968155, "visibility": 0.17886629700660706, "presence": 0.9982617497444153}, "left wrist": {"x": 0.7986071109771729, "y": 0.33002063632011414, "z": -0.28672757744789124, "visibility": 0.8488922119140625, "presence": 0.9999938011169434}, "right wrist": {"x": 0.7255297899246216, "y": 0.3095461130142212, "z": -0.2572036385536194, "visibility": 0.24728162586688995, "presence": 0.9998410940170288}, "left pinky": {"x": 0.7827137112617493, "y": 0.32050827145576477, "z": -0.31585487723350525, "visibility": 0.8362809419631958, "presence": 0.9999915361404419}, "right pinky": {"x": 0.71490877866745, "y": 0.2928328216075897, "z": -0.29377803206443787, "visibility": 0.267505407333374, "presence": 0.999832034111023}, "left index": {"x": 0.7841405868530273, "y": 0.30752402544021606, "z": -0.31214749813079834, "visibility": 0.8291073441505432, "presence": 0.9999939203262329}, "right index": {"x": 0.7246134281158447, "y": 0.28336021304130554, "z": -0.28917619585990906, "visibility": 0.2659081816673279, "presence": 0.9998832941055298}, "left thumb": {"x": 0.7883309125900269, "y": 0.31161391735076904, "z": -0.28546464443206787, "visibility": 0.7858427166938782, "presence": 0.9999957084655762}, "right thumb": {"x": 0.7325347661972046, "y": 0.28924277424812317, "z": -0.2624536454677582, "visibility": 0.25530317425727844, "presence": 0.9999278783798218}, "left hip": {"x": 0.8447009921073914, "y": 0.4805266857147217, "z": -0.03991606831550598, "visibility": 0.9999069571495056, "presence": 0.9999761581420898}, "right hip": {"x": 0.8030596375465393, "y": 0.49047261476516724, "z": 0.03977252170443535, "visibility": 0.9997977614402771, "presence": 0.9999738931655884}, "left knee": {"x": 0.8743937015533447, "y": 0.6117638945579529, "z": -0.15592440962791443, "visibility": 0.9579960107803345, "presence": 0.9998701810836792}, "right knee": {"x": 0.7506073713302612, "y": 0.5959442853927612, "z": -0.038185004144907, "visibility": 0.4735853672027588, "presence": 0.9997246861457825}, "left ankle": {"x": 0.9050147533416748, "y": 0.7559916377067566, "z": -0.1088225245475769, "visibility": 0.943840742111206, "presence": 0.9995026588439941}, "right ankle": {"x": 0.7689790725708008, "y": 0.7188803553581238, "z": 0.06589889526367188, "visibility": 0.6717425584793091, "presence": 0.9996836185455322}, "left heel": {"x": 0.9058586955070496, "y": 0.774957001209259, "z": -0.10999305546283722, "visibility": 0.8411114811897278, "presence": 0.9980852603912354}, "right heel": {"x": 0.7795382142066956, "y": 0.743987500667572, "z": 0.07279126346111298, "visibility": 0.6959553956985474, "presence": 0.9996547698974609}, "left foot index": {"x": 0.9044981598854065, "y": 0.7984885573387146, "z": -0.21395349502563477, "visibility": 0.945509672164917, "presence": 0.9960190653800964}, "right foot index": {"x": 0.7369778156280518, "y": 0.7481575608253479, "z": 0.006297824904322624, "visibility": 0.7357922196388245, "presence": 0.9982638955116272}, "timestamp": "20240418-205655"}