{"nose": {"x": 0.5999096035957336, "y": 0.28815779089927673, "z": -0.17309482395648956, "visibility": 0.9999949336051941, "presence": 0.9999994039535522}, "left eye (inner)": {"x": 0.6015335321426392, "y": 0.2723400890827179, "z": -0.1825728565454483, "visibility": 0.9999923706054688, "presence": 0.9999991655349731}, "left eye": {"x": 0.6032325029373169, "y": 0.2709011435508728, "z": -0.1827872097492218, "visibility": 0.9999908208847046, "presence": 0.9999992847442627}, "left eye (outer)": {"x": 0.6050118803977966, "y": 0.26945960521698, "z": -0.18273554742336273, "visibility": 0.9999938607215881, "presence": 0.9999991655349731}, "right eye (inner)": {"x": 0.599769115447998, "y": 0.27346909046173096, "z": -0.16127143800258636, "visibility": 0.9999920129776001, "presence": 0.9999983310699463}, "right eye": {"x": 0.5997981429100037, "y": 0.27299806475639343, "z": -0.1614416390657425, "visibility": 0.9999908208847046, "presence": 0.9999983310699463}, "right eye (outer)": {"x": 0.5997297167778015, "y": 0.2723644971847534, "z": -0.16150417923927307, "visibility": 0.9999910593032837, "presence": 0.9999977350234985}, "left ear": {"x": 0.6176695227622986, "y": 0.2650796175003052, "z": -0.18270444869995117, "visibility": 0.9999935626983643, "presence": 0.9999994039535522}, "right ear": {"x": 0.6093546152114868, "y": 0.270133912563324, "z": -0.08431971818208694, "visibility": 0.9999557137489319, "presence": 0.9999972581863403}, "mouth (left)": {"x": 0.6077512502670288, "y": 0.29559755325317383, "z": -0.16877953708171844, "visibility": 0.9999887943267822, "presence": 0.9999990463256836}, "mouth (right)": {"x": 0.6052319407463074, "y": 0.298080176115036, "z": -0.14140883088111877, "visibility": 0.999979555606842, "presence": 0.9999966621398926}, "left shoulder": {"x": 0.6511263847351074, "y": 0.3085717558860779, "z": -0.21007348597049713, "visibility": 0.9999957084655762, "presence": 0.9999988079071045}, "right shoulder": {"x": 0.6249412298202515, "y": 0.338484525680542, "z": 0.01608430966734886, "visibility": 0.9999207854270935, "presence": 0.9999853372573853}, "left elbow": {"x": 0.6666793823242188, "y": 0.37686267495155334, "z": -0.28498056530952454, "visibility": 0.9780887961387634, "presence": 0.9999356269836426}, "right elbow": {"x": 0.6323351860046387, "y": 0.41872113943099976, "z": 0.028497720137238503, "visibility": 0.5768753290176392, "presence": 0.9999228715896606}, "left wrist": {"x": 0.6109312772750854, "y": 0.3891167640686035, "z": -0.3196684420108795, "visibility": 0.9673222303390503, "presence": 0.9999982118606567}, "right wrist": {"x": 0.6117441654205322, "y": 0.46550267934799194, "z": -0.06142989546060562, "visibility": 0.5868270397186279, "presence": 0.999907374382019}, "left pinky": {"x": 0.5986856818199158, "y": 0.39803484082221985, "z": -0.3506692349910736, "visibility": 0.9609679579734802, "presence": 0.999996542930603}, "right pinky": {"x": 0.6053153872489929, "y": 0.47772499918937683, "z": -0.07537104934453964, "visibility": 0.5648464560508728, "presence": 0.9998262524604797}, "left index": {"x": 0.5978127121925354, "y": 0.3849633038043976, "z": -0.3441013991832733, "visibility": 0.960434079170227, "presence": 0.9999969005584717}, "right index": {"x": 0.6030361652374268, "y": 0.47752904891967773, "z": -0.09335661679506302, "visibility": 0.5764933228492737, "presence": 0.9998100399971008}, "left thumb": {"x": 0.602144181728363, "y": 0.38500404357910156, "z": -0.3167744576931, "visibility": 0.9271994829177856, "presence": 0.9999980926513672}, "right thumb": {"x": 0.6064308285713196, "y": 0.4725455045700073, "z": -0.07281695306301117, "visibility": 0.5298543572425842, "presence": 0.9998993873596191}, "left hip": {"x": 0.6999877095222473, "y": 0.46812546253204346, "z": -0.07324279099702835, "visibility": 0.9998603463172913, "presence": 0.999997615814209}, "right hip": {"x": 0.6643355488777161, "y": 0.4685783088207245, "z": 0.07310447841882706, "visibility": 0.9996264576911926, "presence": 0.9999972581863403}, "left knee": {"x": 0.7161533236503601, "y": 0.5938620567321777, "z": -0.15920738875865936, "visibility": 0.8790789842605591, "presence": 0.9999828338623047}, "right knee": {"x": 0.6273554563522339, "y": 0.5228618383407593, "z": 0.22802364826202393, "visibility": 0.34737032651901245, "presence": 0.9998663663864136}, "left ankle": {"x": 0.7538706660270691, "y": 0.7083391547203064, "z": -0.1397021859884262, "visibility": 0.8616828322410583, "presence": 0.9997435212135315}, "right ankle": {"x": 0.6401417851448059, "y": 0.600938618183136, "z": 0.42087551951408386, "visibility": 0.3168078362941742, "presence": 0.9998856782913208}, "left heel": {"x": 0.763488233089447, "y": 0.7210936546325684, "z": -0.14175266027450562, "visibility": 0.7129648923873901, "presence": 0.9988343119621277}, "right heel": {"x": 0.6489517688751221, "y": 0.5977407097816467, "z": 0.43808531761169434, "visibility": 0.31843122839927673, "presence": 0.9999285936355591}, "left foot index": {"x": 0.7486754655838013, "y": 0.7578450441360474, "z": -0.24127590656280518, "visibility": 0.9000311493873596, "presence": 0.9986068606376648}, "right foot index": {"x": 0.6221222877502441, "y": 0.636333167552948, "z": 0.41497349739074707, "visibility": 0.42007681727409363, "presence": 0.9998581409454346}, "timestamp": "20240418-205801"}