{"nose": {"x": 0.6023028492927551, "y": 0.27217990159988403, "z": -0.058326732367277145, "visibility": 0.9997768998146057, "presence": 0.9999868869781494}, "left eye (inner)": {"x": 0.603293776512146, "y": 0.2572479248046875, "z": -0.06439092755317688, "visibility": 0.9997363090515137, "presence": 0.9999874830245972}, "left eye": {"x": 0.6043875813484192, "y": 0.2558852732181549, "z": -0.06457604467868805, "visibility": 0.9997295141220093, "presence": 0.9999916553497314}, "left eye (outer)": {"x": 0.6054969429969788, "y": 0.2546411156654358, "z": -0.06457486748695374, "visibility": 0.9997488856315613, "presence": 0.9999918937683105}, "right eye (inner)": {"x": 0.6026557683944702, "y": 0.257833331823349, "z": -0.041736900806427, "visibility": 0.9997791647911072, "presence": 0.9999668598175049}, "right eye": {"x": 0.6033258438110352, "y": 0.2569257915019989, "z": -0.04188995063304901, "visibility": 0.9997950792312622, "presence": 0.9999641180038452}, "right eye (outer)": {"x": 0.603944718837738, "y": 0.2559378445148468, "z": -0.04189768806099892, "visibility": 0.999808669090271, "presence": 0.9999513626098633}, "left ear": {"x": 0.618026614189148, "y": 0.2503209710121155, "z": -0.07050412148237228, "visibility": 0.9998425245285034, "presence": 0.999995231628418}, "right ear": {"x": 0.6158531904220581, "y": 0.2528422474861145, "z": 0.03287196904420853, "visibility": 0.9996144771575928, "presence": 0.9999434947967529}, "mouth (left)": {"x": 0.6091460585594177, "y": 0.28000321984291077, "z": -0.0586637482047081, "visibility": 0.9993360042572021, "presence": 0.9999978542327881}, "mouth (right)": {"x": 0.608401894569397, "y": 0.28234127163887024, "z": -0.030155163258314133, "visibility": 0.9991980791091919, "presence": 0.9999868869781494}, "left shoulder": {"x": 0.6609982252120972, "y": 0.26858803629875183, "z": -0.10649752616882324, "visibility": 0.999980628490448, "presence": 0.9999991655349731}, "right shoulder": {"x": 0.6231784224510193, "y": 0.3267327547073364, "z": 0.09941975027322769, "visibility": 0.9995257258415222, "presence": 0.9999728202819824}, "left elbow": {"x": 0.7011458873748779, "y": 0.30837753415107727, "z": -0.24346688389778137, "visibility": 0.9742391109466553, "presence": 0.9999629259109497}, "right elbow": {"x": 0.5953567624092102, "y": 0.3665531575679779, "z": 0.06555689126253128, "visibility": 0.23654432594776154, "presence": 0.9996904134750366}, "left wrist": {"x": 0.6574520468711853, "y": 0.3173089027404785, "z": -0.3752318024635315, "visibility": 0.9245714545249939, "presence": 0.999998927116394}, "right wrist": {"x": 0.5570594072341919, "y": 0.3527332544326782, "z": -0.06517699360847473, "visibility": 0.4001961946487427, "presence": 0.9999111890792847}, "left pinky": {"x": 0.6427256464958191, "y": 0.326465904712677, "z": -0.41325655579566956, "visibility": 0.9156002402305603, "presence": 0.9999967813491821}, "right pinky": {"x": 0.5419126749038696, "y": 0.34933993220329285, "z": -0.08668727427721024, "visibility": 0.42412081360816956, "presence": 0.9998619556427002}, "left index": {"x": 0.6390409469604492, "y": 0.3157913088798523, "z": -0.40363213419914246, "visibility": 0.9105406403541565, "presence": 0.9999974966049194}, "right index": {"x": 0.5430164933204651, "y": 0.3419061005115509, "z": -0.09895093739032745, "visibility": 0.42172616720199585, "presence": 0.9998770952224731}, "left thumb": {"x": 0.6440902352333069, "y": 0.3142184913158417, "z": -0.3728850781917572, "visibility": 0.8712480664253235, "presence": 0.9999985694885254}, "right thumb": {"x": 0.5502742528915405, "y": 0.34255921840667725, "z": -0.07662572711706161, "visibility": 0.4054747521877289, "presence": 0.9999371767044067}, "left hip": {"x": 0.7017195224761963, "y": 0.4400857388973236, "z": -0.05313393473625183, "visibility": 0.9999314546585083, "presence": 0.9999922513961792}, "right hip": {"x": 0.669945240020752, "y": 0.45665618777275085, "z": 0.052945587784051895, "visibility": 0.9998524785041809, "presence": 0.9999872446060181}, "left knee": {"x": 0.7002943754196167, "y": 0.5489534735679626, "z": -0.1319907307624817, "visibility": 0.8431482911109924, "presence": 0.9997171759605408}, "right knee": {"x": 0.6499409675598145, "y": 0.5845711827278137, "z": -0.054452549666166306, "visibility": 0.4392298758029938, "presence": 0.9997404217720032}, "left ankle": {"x": 0.7140592932701111, "y": 0.6129971146583557, "z": 0.07113371044397354, "visibility": 0.7855573892593384, "presence": 0.9992372989654541}, "right ankle": {"x": 0.6965256929397583, "y": 0.6913190484046936, "z": -0.043103255331516266, "visibility": 0.6276528239250183, "presence": 0.9972733855247498}, "left heel": {"x": 0.7160090804100037, "y": 0.6171404123306274, "z": 0.0915631428360939, "visibility": 0.7548806667327881, "presence": 0.9986255168914795}, "right heel": {"x": 0.7112446427345276, "y": 0.7150405645370483, "z": -0.04433779418468475, "visibility": 0.6881439089775085, "presence": 0.995941698551178}, "left foot index": {"x": 0.7154330015182495, "y": 0.6550752520561218, "z": 0.07355167716741562, "visibility": 0.8039066791534424, "presence": 0.9989203214645386}, "right foot index": {"x": 0.6855999231338501, "y": 0.7565456628799438, "z": -0.09770331531763077, "visibility": 0.698212742805481, "presence": 0.9844033718109131}, "timestamp": "20240418-205634"}