{"nose": {"x": 0.5293521881103516, "y": 0.25896432995796204, "z": -0.20135584473609924, "visibility": 0.9998271465301514, "presence": 0.9999966621398926}, "left eye (inner)": {"x": 0.532366156578064, "y": 0.24372687935829163, "z": -0.20243462920188904, "visibility": 0.9996577501296997, "presence": 0.9999948740005493}, "left eye": {"x": 0.5346430540084839, "y": 0.24231083691120148, "z": -0.20261819660663605, "visibility": 0.9996070861816406, "presence": 0.9999958276748657}, "left eye (outer)": {"x": 0.5369918346405029, "y": 0.2410852611064911, "z": -0.20257353782653809, "visibility": 0.9997300505638123, "presence": 0.9999948740005493}, "right eye (inner)": {"x": 0.5275094509124756, "y": 0.24588696658611298, "z": -0.18873196840286255, "visibility": 0.9996652007102966, "presence": 0.999988317489624}, "right eye": {"x": 0.5266916155815125, "y": 0.24580959975719452, "z": -0.1889229118824005, "visibility": 0.9996767044067383, "presence": 0.9999877214431763}, "right eye (outer)": {"x": 0.5258720517158508, "y": 0.24565325677394867, "z": -0.18899628520011902, "visibility": 0.9996939301490784, "presence": 0.9999816417694092}, "left ear": {"x": 0.54906165599823, "y": 0.23713961243629456, "z": -0.16920353472232819, "visibility": 0.9997594952583313, "presence": 0.9999957084655762}, "right ear": {"x": 0.5327682495117188, "y": 0.2436072826385498, "z": -0.10595045983791351, "visibility": 0.9989500045776367, "presence": 0.9999744892120361}, "mouth (left)": {"x": 0.5381845235824585, "y": 0.2677774131298065, "z": -0.18418005108833313, "visibility": 0.9997199177742004, "presence": 0.9999969005584717}, "mouth (right)": {"x": 0.5314499139785767, "y": 0.269590824842453, "z": -0.16763995587825775, "visibility": 0.9995337724685669, "presence": 0.9999867677688599}, "left shoulder": {"x": 0.5911257863044739, "y": 0.2702934145927429, "z": -0.15000832080841064, "visibility": 0.999979555606842, "presence": 0.9999985694885254}, "right shoulder": {"x": 0.5330454707145691, "y": 0.3088105320930481, "z": -0.02376430481672287, "visibility": 0.9998015761375427, "presence": 0.9999727010726929}, "left elbow": {"x": 0.6342933773994446, "y": 0.33189043402671814, "z": -0.21776428818702698, "visibility": 0.9480752944946289, "presence": 0.9999697208404541}, "right elbow": {"x": 0.5232120752334595, "y": 0.3999376893043518, "z": -0.00019908307876903564, "visibility": 0.5159426331520081, "presence": 0.9998268485069275}, "left wrist": {"x": 0.5935463905334473, "y": 0.37410828471183777, "z": -0.3260776698589325, "visibility": 0.9636677503585815, "presence": 0.9999988079071045}, "right wrist": {"x": 0.5064066648483276, "y": 0.4741794168949127, "z": -0.09124615043401718, "visibility": 0.7312261462211609, "presence": 0.9998751878738403}, "left pinky": {"x": 0.5830954909324646, "y": 0.3915950357913971, "z": -0.35907378792762756, "visibility": 0.9593560099601746, "presence": 0.9999948740005493}, "right pinky": {"x": 0.49553343653678894, "y": 0.4867027699947357, "z": -0.11089999973773956, "visibility": 0.7315182089805603, "presence": 0.9996354579925537}, "left index": {"x": 0.5769771933555603, "y": 0.37954220175743103, "z": -0.3598746359348297, "visibility": 0.9607419371604919, "presence": 0.9999966621398926}, "right index": {"x": 0.49493563175201416, "y": 0.486868292093277, "z": -0.13392943143844604, "visibility": 0.7423302531242371, "presence": 0.9996596574783325}, "left thumb": {"x": 0.5795782804489136, "y": 0.3749195635318756, "z": -0.32706835865974426, "visibility": 0.9291272759437561, "presence": 0.9999983310699463}, "right thumb": {"x": 0.4998292922973633, "y": 0.48453742265701294, "z": -0.10434501618146896, "visibility": 0.7050406336784363, "presence": 0.999849796295166}, "left hip": {"x": 0.6108141541481018, "y": 0.45121562480926514, "z": -0.031756579875946045, "visibility": 0.9990818500518799, "presence": 0.9999516010284424}, "right hip": {"x": 0.571471095085144, "y": 0.4597322344779968, "z": 0.03166566416621208, "visibility": 0.9988319277763367, "presence": 0.9999381303787231}, "left knee": {"x": 0.6162181496620178, "y": 0.586259126663208, "z": -0.04032086580991745, "visibility": 0.2515769600868225, "presence": 0.9990947246551514}, "right knee": {"x": 0.556032657623291, "y": 0.5695379376411438, "z": -0.07462594658136368, "visibility": 0.15703333914279938, "presence": 0.9987344145774841}, "left ankle": {"x": 0.6347619891166687, "y": 0.7177935242652893, "z": 0.0600421167910099, "visibility": 0.26572543382644653, "presence": 0.9881802797317505}, "right ankle": {"x": 0.5773487687110901, "y": 0.7091882228851318, "z": -0.012139505706727505, "visibility": 0.19005186855793, "presence": 0.9891932606697083}, "left heel": {"x": 0.6413869261741638, "y": 0.7366406917572021, "z": 0.06535719335079193, "visibility": 0.23555514216423035, "presence": 0.9681955575942993}, "right heel": {"x": 0.5859261751174927, "y": 0.7198763489723206, "z": -0.008346881717443466, "visibility": 0.20013894140720367, "presence": 0.9847239255905151}, "left foot index": {"x": 0.6234480142593384, "y": 0.7593403458595276, "z": -0.006910246796905994, "visibility": 0.3118179440498352, "presence": 0.9792095422744751}, "right foot index": {"x": 0.5681452751159668, "y": 0.7509317994117737, "z": -0.06318669021129608, "visibility": 0.22610363364219666, "presence": 0.9788970947265625}, "timestamp": "20240418-205636"}