{"nose": {"x": 0.2855929434299469, "y": 0.4385652244091034, "z": -0.48789966106414795, "visibility": 0.9995660781860352, "presence": 0.9999954700469971}, "left eye (inner)": {"x": 0.2795443832874298, "y": 0.4302341341972351, "z": -0.46699973940849304, "visibility": 0.9992230534553528, "presence": 0.9999948740005493}, "left eye": {"x": 0.27877989411354065, "y": 0.4298539459705353, "z": -0.4673923850059509, "visibility": 0.9991806149482727, "presence": 0.9999959468841553}, "left eye (outer)": {"x": 0.2782164514064789, "y": 0.42959752678871155, "z": -0.46735796332359314, "visibility": 0.9994127750396729, "presence": 0.9999955892562866}, "right eye (inner)": {"x": 0.2756666839122772, "y": 0.4304257333278656, "z": -0.508381187915802, "visibility": 0.9996663928031921, "presence": 0.9999914169311523}, "right eye": {"x": 0.2721739709377289, "y": 0.43025752902030945, "z": -0.5087521076202393, "visibility": 0.9997553825378418, "presence": 0.999992847442627}, "right eye (outer)": {"x": 0.2685178816318512, "y": 0.43012741208076477, "z": -0.5089411735534668, "visibility": 0.9997726082801819, "presence": 0.9999909400939941}, "left ear": {"x": 0.2581717073917389, "y": 0.43140003085136414, "z": -0.3206525146961212, "visibility": 0.999595582485199, "presence": 0.999997615814209}, "right ear": {"x": 0.24692903459072113, "y": 0.4324754476547241, "z": -0.5117018222808838, "visibility": 0.9995419383049011, "presence": 0.9999878406524658}, "mouth (left)": {"x": 0.2779698371887207, "y": 0.4463518261909485, "z": -0.4248087406158447, "visibility": 0.9995779991149902, "presence": 0.999998927116394}, "mouth (right)": {"x": 0.2746424078941345, "y": 0.44710519909858704, "z": -0.4822597801685333, "visibility": 0.9997822642326355, "presence": 0.9999974966049194}, "left shoulder": {"x": 0.2731534540653229, "y": 0.4601706266403198, "z": -0.1112835481762886, "visibility": 0.9999735355377197, "presence": 0.9999998807907104}, "right shoulder": {"x": 0.17301301658153534, "y": 0.46544021368026733, "z": -0.4711446464061737, "visibility": 0.9999819397926331, "presence": 0.9999964237213135}, "left elbow": {"x": 0.312422513961792, "y": 0.4946506917476654, "z": 0.13183456659317017, "visibility": 0.8323207497596741, "presence": 0.9999994039535522}, "right elbow": {"x": 0.1143680065870285, "y": 0.5108113884925842, "z": -0.4928564429283142, "visibility": 0.9928123354911804, "presence": 0.9998917579650879}, "left wrist": {"x": 0.3606727123260498, "y": 0.5217791199684143, "z": 0.19104249775409698, "visibility": 0.8751103281974792, "presence": 0.999998927116394}, "right wrist": {"x": 0.17881110310554504, "y": 0.5494428277015686, "z": -0.5944845080375671, "visibility": 0.9695267081260681, "presence": 0.9999908208847046}, "left pinky": {"x": 0.3789737820625305, "y": 0.5279703140258789, "z": 0.20837515592575073, "visibility": 0.8746922612190247, "presence": 0.9999953508377075}, "right pinky": {"x": 0.19060033559799194, "y": 0.562021017074585, "z": -0.6515830755233765, "visibility": 0.9524661302566528, "presence": 0.9999867677688599}, "left index": {"x": 0.37883201241493225, "y": 0.5257629156112671, "z": 0.14761236310005188, "visibility": 0.8801266551017761, "presence": 0.9999933242797852}, "right index": {"x": 0.2046366184949875, "y": 0.5595480799674988, "z": -0.6521271467208862, "visibility": 0.9514462351799011, "presence": 0.9999879598617554}, "left thumb": {"x": 0.36958783864974976, "y": 0.5243464708328247, "z": 0.17070575058460236, "visibility": 0.874455988407135, "presence": 0.9999969005584717}, "right thumb": {"x": 0.202590674161911, "y": 0.5555136799812317, "z": -0.5958127379417419, "visibility": 0.8958530426025391, "presence": 0.9999929666519165}, "left hip": {"x": 0.22293752431869507, "y": 0.5610920190811157, "z": 0.1177789643406868, "visibility": 0.9999787211418152, "presence": 0.9999986886978149}, "right hip": {"x": 0.1534862369298935, "y": 0.5626811385154724, "z": -0.11766373366117477, "visibility": 0.999974250793457, "presence": 0.9999951124191284}, "left knee": {"x": 0.3216726779937744, "y": 0.6133592128753662, "z": 0.08665879815816879, "visibility": 0.9309138655662537, "presence": 0.9999954700469971}, "right knee": {"x": 0.11569638550281525, "y": 0.6357862949371338, "z": -0.4303714334964752, "visibility": 0.9980548024177551, "presence": 0.9999840259552002}, "left ankle": {"x": 0.33711981773376465, "y": 0.6817092299461365, "z": 0.3580363988876343, "visibility": 0.9648573994636536, "presence": 0.9999690055847168}, "right ankle": {"x": 0.06610192358493805, "y": 0.7120963931083679, "z": -0.2524758279323578, "visibility": 0.9964092373847961, "presence": 0.9998788833618164}, "left heel": {"x": 0.32079729437828064, "y": 0.6965190172195435, "z": 0.3740611970424652, "visibility": 0.9253714680671692, "presence": 0.9999122619628906}, "right heel": {"x": 0.05857730656862259, "y": 0.720629096031189, "z": -0.2424088716506958, "visibility": 0.9222000241279602, "presence": 0.9998063445091248}, "left foot index": {"x": 0.3961184620857239, "y": 0.6994720101356506, "z": 0.25129464268684387, "visibility": 0.9675019979476929, "presence": 0.9997429251670837}, "right foot index": {"x": 0.07255927473306656, "y": 0.7414736151695251, "z": -0.41771385073661804, "visibility": 0.9921399354934692, "presence": 0.9992328882217407}, "timestamp": "20240418-205216"}