{"nose": {"x": 0.30631837248802185, "y": 0.45099592208862305, "z": -0.339034765958786, "visibility": 0.999728262424469, "presence": 0.9999943971633911}, "left eye (inner)": {"x": 0.30379462242126465, "y": 0.44202882051467896, "z": -0.31513598561286926, "visibility": 0.9994298219680786, "presence": 0.9999924898147583}, "left eye": {"x": 0.3032590448856354, "y": 0.441794216632843, "z": -0.3155272603034973, "visibility": 0.9994445443153381, "presence": 0.9999938011169434}, "left eye (outer)": {"x": 0.30275657773017883, "y": 0.4415742754936218, "z": -0.3155188262462616, "visibility": 0.9995343685150146, "presence": 0.999992847442627}, "right eye (inner)": {"x": 0.3000054657459259, "y": 0.4417289197444916, "z": -0.35872966051101685, "visibility": 0.9998003244400024, "presence": 0.9999878406524658}, "right eye": {"x": 0.2964250147342682, "y": 0.44134852290153503, "z": -0.35906118154525757, "visibility": 0.9998598098754883, "presence": 0.9999896287918091}, "right eye (outer)": {"x": 0.29219573736190796, "y": 0.44091543555259705, "z": -0.3592830002307892, "visibility": 0.9998499751091003, "presence": 0.9999845027923584}, "left ear": {"x": 0.2811744809150696, "y": 0.4421132802963257, "z": -0.16510047018527985, "visibility": 0.9996675848960876, "presence": 0.9999942779541016}, "right ear": {"x": 0.26615655422210693, "y": 0.441533625125885, "z": -0.3593992292881012, "visibility": 0.9997308850288391, "presence": 0.9999731779098511}, "mouth (left)": {"x": 0.2973693907260895, "y": 0.45908212661743164, "z": -0.2781875729560852, "visibility": 0.9995590448379517, "presence": 0.999996542930603}, "mouth (right)": {"x": 0.2941119074821472, "y": 0.45844408869743347, "z": -0.3389184772968292, "visibility": 0.999788761138916, "presence": 0.9999922513961792}, "left shoulder": {"x": 0.27716609835624695, "y": 0.47439485788345337, "z": 0.004884242545813322, "visibility": 0.9999669194221497, "presence": 0.9999995231628418}, "right shoulder": {"x": 0.20599758625030518, "y": 0.46788594126701355, "z": -0.39071694016456604, "visibility": 0.9999825954437256, "presence": 0.9999823570251465}, "left elbow": {"x": 0.3331591486930847, "y": 0.4917753040790558, "z": 0.1704413741827011, "visibility": 0.6762359738349915, "presence": 0.9999983310699463}, "right elbow": {"x": 0.18790796399116516, "y": 0.4945836067199707, "z": -0.6571922898292542, "visibility": 0.9902637600898743, "presence": 0.9995402097702026}, "left wrist": {"x": 0.3999800384044647, "y": 0.49674394726753235, "z": 0.18588165938854218, "visibility": 0.744594395160675, "presence": 0.9999936819076538}, "right wrist": {"x": 0.28660574555397034, "y": 0.5008760094642639, "z": -0.9027140736579895, "visibility": 0.9653183817863464, "presence": 0.999954104423523}, "left pinky": {"x": 0.42360639572143555, "y": 0.4971761405467987, "z": 0.1972210705280304, "visibility": 0.7460964322090149, "presence": 0.999976634979248}, "right pinky": {"x": 0.3074983060359955, "y": 0.5033881068229675, "z": -0.9901648163795471, "visibility": 0.950352132320404, "presence": 0.999951958656311}, "left index": {"x": 0.42528235912323, "y": 0.494426429271698, "z": 0.14495469629764557, "visibility": 0.7564234733581543, "presence": 0.9999662637710571}, "right index": {"x": 0.3115474283695221, "y": 0.49876707792282104, "z": -0.9720180630683899, "visibility": 0.9497306942939758, "presence": 0.9999551773071289}, "left thumb": {"x": 0.41526129841804504, "y": 0.49484091997146606, "z": 0.16606886684894562, "visibility": 0.7473318576812744, "presence": 0.9999817609786987}, "right thumb": {"x": 0.3068169951438904, "y": 0.49890658259391785, "z": -0.9031475186347961, "visibility": 0.891852080821991, "presence": 0.999972939491272}, "left hip": {"x": 0.21983353793621063, "y": 0.5720500349998474, "z": 0.13663308322429657, "visibility": 0.9999797344207764, "presence": 0.9999983310699463}, "right hip": {"x": 0.15623366832733154, "y": 0.5738409161567688, "z": -0.13660524785518646, "visibility": 0.9999821782112122, "presence": 0.9999943971633911}, "left knee": {"x": 0.2995971143245697, "y": 0.6206316351890564, "z": 0.31684190034866333, "visibility": 0.8929132223129272, "presence": 0.9999920129776001}, "right knee": {"x": 0.14863327145576477, "y": 0.6423870921134949, "z": -0.43156975507736206, "visibility": 0.999345600605011, "presence": 0.999985933303833}, "left ankle": {"x": 0.3265473544597626, "y": 0.685187816619873, "z": 0.5944948196411133, "visibility": 0.973832368850708, "presence": 0.9999583959579468}, "right ankle": {"x": 0.08910324424505234, "y": 0.7173698544502258, "z": -0.36458492279052734, "visibility": 0.998728334903717, "presence": 0.9998890161514282}, "left heel": {"x": 0.3103714883327484, "y": 0.7005800604820251, "z": 0.6095995306968689, "visibility": 0.9579827785491943, "presence": 0.9998936653137207}, "right heel": {"x": 0.07839905470609665, "y": 0.7254218459129333, "z": -0.36269238591194153, "visibility": 0.9750322103500366, "presence": 0.9997478127479553}, "left foot index": {"x": 0.3862861394882202, "y": 0.6985714435577393, "z": 0.5129054188728333, "visibility": 0.9761118292808533, "presence": 0.9998030066490173}, "right foot index": {"x": 0.09789138287305832, "y": 0.7448222041130066, "z": -0.5325726866722107, "visibility": 0.9971020221710205, "presence": 0.9990038275718689}, "timestamp": "20240418-205154"}