{"nose": {"x": 0.3224627375602722, "y": 0.4887427091598511, "z": -0.4597870707511902, "visibility": 0.9999435544013977, "presence": 0.9999995231628418}, "left eye (inner)": {"x": 0.32222598791122437, "y": 0.4804326891899109, "z": -0.4404207468032837, "visibility": 0.9998689889907837, "presence": 0.9999994039535522}, "left eye": {"x": 0.32161739468574524, "y": 0.4798179566860199, "z": -0.4408473074436188, "visibility": 0.9998742938041687, "presence": 0.9999995231628418}, "left eye (outer)": {"x": 0.3211613893508911, "y": 0.47916069626808167, "z": -0.4408678412437439, "visibility": 0.9999056458473206, "presence": 0.9999994039535522}, "right eye (inner)": {"x": 0.3186908960342407, "y": 0.48069027066230774, "z": -0.4906264543533325, "visibility": 0.9999441504478455, "presence": 0.9999990463256836}, "right eye": {"x": 0.31546685099601746, "y": 0.48030880093574524, "z": -0.49093344807624817, "visibility": 0.9999563694000244, "presence": 0.9999991655349731}, "right eye (outer)": {"x": 0.3119330108165741, "y": 0.47987204790115356, "z": -0.49113526940345764, "visibility": 0.9999555945396423, "presence": 0.9999988079071045}, "left ear": {"x": 0.30253729224205017, "y": 0.47685593366622925, "z": -0.29647544026374817, "visibility": 0.9999382495880127, "presence": 0.9999995231628418}, "right ear": {"x": 0.2909350097179413, "y": 0.4776170551776886, "z": -0.5292412638664246, "visibility": 0.9999015927314758, "presence": 0.9999978542327881}, "mouth (left)": {"x": 0.31319114565849304, "y": 0.4945549964904785, "z": -0.39606034755706787, "visibility": 0.9999542236328125, "presence": 0.9999996423721313}, "mouth (right)": {"x": 0.30907750129699707, "y": 0.49472007155418396, "z": -0.46585139632225037, "visibility": 0.9999730587005615, "presence": 0.9999994039535522}, "left shoulder": {"x": 0.29767411947250366, "y": 0.5000239610671997, "z": -0.0931815654039383, "visibility": 0.9999958276748657, "presence": 1.0}, "right shoulder": {"x": 0.2159910649061203, "y": 0.4979093372821808, "z": -0.5587927103042603, "visibility": 0.9999937415122986, "presence": 0.9999971389770508}, "left elbow": {"x": 0.3502098023891449, "y": 0.5188974142074585, "z": 0.16130313277244568, "visibility": 0.9105415940284729, "presence": 0.9999997615814209}, "right elbow": {"x": 0.20974132418632507, "y": 0.5361897945404053, "z": -0.7776795029640198, "visibility": 0.9945765733718872, "presence": 0.9998546838760376}, "left wrist": {"x": 0.4111005663871765, "y": 0.5201895236968994, "z": 0.2458314746618271, "visibility": 0.9509474039077759, "presence": 0.9999994039535522}, "right wrist": {"x": 0.25489693880081177, "y": 0.5612248182296753, "z": -1.0059707164764404, "visibility": 0.98238605260849, "presence": 0.9999760389328003}, "left pinky": {"x": 0.42768603563308716, "y": 0.5210248231887817, "z": 0.2696184515953064, "visibility": 0.9487612247467041, "presence": 0.9999974966049194}, "right pinky": {"x": 0.2603647708892822, "y": 0.5696799159049988, "z": -1.0964537858963013, "visibility": 0.9732182621955872, "presence": 0.9999760389328003}, "left index": {"x": 0.4273501932621002, "y": 0.5191301703453064, "z": 0.21251140534877777, "visibility": 0.9522127509117126, "presence": 0.9999960660934448}, "right index": {"x": 0.2641637623310089, "y": 0.5654529333114624, "z": -1.086739182472229, "visibility": 0.9727652668952942, "presence": 0.9999736547470093}, "left thumb": {"x": 0.4197691082954407, "y": 0.5190591216087341, "z": 0.22605521976947784, "visibility": 0.9453173279762268, "presence": 0.9999979734420776}, "right thumb": {"x": 0.2634248733520508, "y": 0.562510073184967, "z": -1.0084810256958008, "visibility": 0.939622163772583, "presence": 0.9999841451644897}, "left hip": {"x": 0.2180202156305313, "y": 0.5867563486099243, "z": 0.14340078830718994, "visibility": 0.9999856948852539, "presence": 0.9999995231628418}, "right hip": {"x": 0.158832386136055, "y": 0.5869379639625549, "z": -0.1434650719165802, "visibility": 0.9999850988388062, "presence": 0.999997615814209}, "left knee": {"x": 0.311652809381485, "y": 0.6225815415382385, "z": 0.2438075989484787, "visibility": 0.9472147822380066, "presence": 0.9999992847442627}, "right knee": {"x": 0.16643811762332916, "y": 0.6482921242713928, "z": -0.5136581063270569, "visibility": 0.9990601539611816, "presence": 0.9999939203262329}, "left ankle": {"x": 0.3512105643749237, "y": 0.6854499578475952, "z": 0.528550922870636, "visibility": 0.975656270980835, "presence": 0.9999849796295166}, "right ankle": {"x": 0.10314237326383591, "y": 0.7162383198738098, "z": -0.365060955286026, "visibility": 0.997372567653656, "presence": 0.9999498128890991}, "left heel": {"x": 0.3373989760875702, "y": 0.7009490728378296, "z": 0.5472264289855957, "visibility": 0.9514941573143005, "presence": 0.9999613761901855}, "right heel": {"x": 0.09165379405021667, "y": 0.7239943742752075, "z": -0.3555627465248108, "visibility": 0.9564264416694641, "presence": 0.9999022483825684}, "left foot index": {"x": 0.4114508032798767, "y": 0.6975169777870178, "z": 0.4510239362716675, "visibility": 0.9766572713851929, "presence": 0.9999536275863647}, "right foot index": {"x": 0.11047988384962082, "y": 0.7438465356826782, "z": -0.5159470438957214, "visibility": 0.9946137070655823, "presence": 0.9997962117195129}, "timestamp": "20240418-205149"}