{"nose": {"x": 0.2884182631969452, "y": 0.4515366852283478, "z": -0.18417102098464966, "visibility": 0.9990208148956299, "presence": 0.9998043179512024}, "left eye (inner)": {"x": 0.28725317120552063, "y": 0.44369739294052124, "z": -0.16397669911384583, "visibility": 0.9983867406845093, "presence": 0.9997492432594299}, "left eye": {"x": 0.285957932472229, "y": 0.4432621896266937, "z": -0.16434918344020844, "visibility": 0.9982462525367737, "presence": 0.9998175501823425}, "left eye (outer)": {"x": 0.28445950150489807, "y": 0.4427773356437683, "z": -0.16436752676963806, "visibility": 0.9987348318099976, "presence": 0.9998127818107605}, "right eye (inner)": {"x": 0.28461578488349915, "y": 0.44346892833709717, "z": -0.20594564080238342, "visibility": 0.9993528723716736, "presence": 0.9995957016944885}, "right eye": {"x": 0.2813431918621063, "y": 0.4428958594799042, "z": -0.2062707096338272, "visibility": 0.9995301961898804, "presence": 0.9996719360351562}, "right eye (outer)": {"x": 0.2778131365776062, "y": 0.44224295020103455, "z": -0.20645736157894135, "visibility": 0.9995805025100708, "presence": 0.9995808005332947}, "left ear": {"x": 0.26114320755004883, "y": 0.4415417015552521, "z": -0.049728356301784515, "visibility": 0.9991069436073303, "presence": 0.9999113082885742}, "right ear": {"x": 0.2540223002433777, "y": 0.44178470969200134, "z": -0.24503053724765778, "visibility": 0.9992177486419678, "presence": 0.9995566010475159}, "mouth (left)": {"x": 0.27691248059272766, "y": 0.4597116708755493, "z": -0.13578996062278748, "visibility": 0.998988926410675, "presence": 0.9999469518661499}, "mouth (right)": {"x": 0.2746252417564392, "y": 0.45925745368003845, "z": -0.19423437118530273, "visibility": 0.9995002746582031, "presence": 0.999876856803894}, "left shoulder": {"x": 0.25025415420532227, "y": 0.47625023126602173, "z": 0.08138488233089447, "visibility": 0.9999352097511292, "presence": 0.999997615814209}, "right shoulder": {"x": 0.18569780886173248, "y": 0.4651729464530945, "z": -0.3085373044013977, "visibility": 0.9999643564224243, "presence": 0.9998972415924072}, "left elbow": {"x": 0.2974744141101837, "y": 0.49233153462409973, "z": 0.2496817409992218, "visibility": 0.6332820653915405, "presence": 0.9999958276748657}, "right elbow": {"x": 0.19214192032814026, "y": 0.48867103457450867, "z": -0.5499193668365479, "visibility": 0.9866554141044617, "presence": 0.9991876482963562}, "left wrist": {"x": 0.3767719864845276, "y": 0.49676012992858887, "z": 0.2868323028087616, "visibility": 0.6938564777374268, "presence": 0.9999808073043823}, "right wrist": {"x": 0.2808922529220581, "y": 0.4953395128250122, "z": -0.7233231067657471, "visibility": 0.9411942958831787, "presence": 0.9996510744094849}, "left pinky": {"x": 0.3963034749031067, "y": 0.4973103702068329, "z": 0.3023771047592163, "visibility": 0.7047823667526245, "presence": 0.9999130964279175}, "right pinky": {"x": 0.3037082552909851, "y": 0.49618080258369446, "z": -0.7963071465492249, "visibility": 0.9159724116325378, "presence": 0.9994651675224304}, "left index": {"x": 0.3977797329425812, "y": 0.4950246214866638, "z": 0.2581115663051605, "visibility": 0.7148308753967285, "presence": 0.9998698234558105}, "right index": {"x": 0.30845046043395996, "y": 0.49211615324020386, "z": -0.7743143439292908, "visibility": 0.9139949083328247, "presence": 0.9994887113571167}, "left thumb": {"x": 0.389797568321228, "y": 0.49492183327674866, "z": 0.26998788118362427, "visibility": 0.7053406834602356, "presence": 0.9999333620071411}, "right thumb": {"x": 0.29931339621543884, "y": 0.4931081235408783, "z": -0.721723735332489, "visibility": 0.8269988298416138, "presence": 0.9996938705444336}, "left hip": {"x": 0.22910857200622559, "y": 0.5739060044288635, "z": 0.1302400678396225, "visibility": 0.999972403049469, "presence": 0.999998927116394}, "right hip": {"x": 0.16419224441051483, "y": 0.5768762230873108, "z": -0.13025853037834167, "visibility": 0.9999716877937317, "presence": 0.9999960660934448}, "left knee": {"x": 0.3272038996219635, "y": 0.6171656250953674, "z": 0.12985433638095856, "visibility": 0.9125431180000305, "presence": 0.9999896287918091}, "right knee": {"x": 0.14052437245845795, "y": 0.6455146074295044, "z": -0.3373660445213318, "visibility": 0.998634397983551, "presence": 0.9999701976776123}, "left ankle": {"x": 0.3366057276725769, "y": 0.6854506134986877, "z": 0.3811032474040985, "visibility": 0.9716676473617554, "presence": 0.9999313354492188}, "right ankle": {"x": 0.0729544535279274, "y": 0.7153710126876831, "z": -0.2083941251039505, "visibility": 0.9973611235618591, "presence": 0.9996432065963745}, "left heel": {"x": 0.3190700113773346, "y": 0.6999650001525879, "z": 0.4020199477672577, "visibility": 0.9508754014968872, "presence": 0.99981290102005}, "right heel": {"x": 0.06366068869829178, "y": 0.7221755981445312, "z": -0.20013076066970825, "visibility": 0.9506011009216309, "presence": 0.9994179010391235}, "left foot index": {"x": 0.39713847637176514, "y": 0.6996304988861084, "z": 0.3024976849555969, "visibility": 0.9738147854804993, "presence": 0.9993311166763306}, "right foot index": {"x": 0.07603421807289124, "y": 0.7424944639205933, "z": -0.34702634811401367, "visibility": 0.9941847324371338, "presence": 0.9974034428596497}, "timestamp": "20240418-205214"}