{"nose": {"x": 0.3064042329788208, "y": 0.44750937819480896, "z": -0.5540576577186584, "visibility": 0.9998354911804199, "presence": 0.9999856948852539}, "left eye (inner)": {"x": 0.3008566200733185, "y": 0.43721893429756165, "z": -0.5282063484191895, "visibility": 0.9995985627174377, "presence": 0.9999809265136719}, "left eye": {"x": 0.30065956711769104, "y": 0.4364651143550873, "z": -0.5286439657211304, "visibility": 0.9996079802513123, "presence": 0.9999850988388062}, "left eye (outer)": {"x": 0.30080756545066833, "y": 0.43563076853752136, "z": -0.5286475419998169, "visibility": 0.9997159838676453, "presence": 0.9999834299087524}, "right eye (inner)": {"x": 0.2968252897262573, "y": 0.43775779008865356, "z": -0.5731114149093628, "visibility": 0.9998292326927185, "presence": 0.9999697208404541}, "right eye": {"x": 0.2931244969367981, "y": 0.43749818205833435, "z": -0.5734573006629944, "visibility": 0.999867856502533, "presence": 0.9999752044677734}, "right eye (outer)": {"x": 0.28895726799964905, "y": 0.4373958706855774, "z": -0.5737082958221436, "visibility": 0.9998692870140076, "presence": 0.9999673366546631}, "left ear": {"x": 0.2816469669342041, "y": 0.436872273683548, "z": -0.35614508390426636, "visibility": 0.9997895359992981, "presence": 0.999990701675415}, "right ear": {"x": 0.2657518982887268, "y": 0.43862444162368774, "z": -0.5638493299484253, "visibility": 0.9996957778930664, "presence": 0.9999494552612305}, "mouth (left)": {"x": 0.29979413747787476, "y": 0.45393234491348267, "z": -0.4821414649486542, "visibility": 0.9998635649681091, "presence": 0.9999971389770508}, "mouth (right)": {"x": 0.29523971676826477, "y": 0.4545804262161255, "z": -0.5444853901863098, "visibility": 0.9999210834503174, "presence": 0.9999935626983643}, "left shoulder": {"x": 0.2903297543525696, "y": 0.4642520546913147, "z": -0.12776842713356018, "visibility": 0.9999874830245972, "presence": 0.9999997615814209}, "right shoulder": {"x": 0.19198690354824066, "y": 0.4722389280796051, "z": -0.5250118374824524, "visibility": 0.9999842643737793, "presence": 0.9999905824661255}, "left elbow": {"x": 0.32610318064689636, "y": 0.4992154836654663, "z": 0.13614961504936218, "visibility": 0.8029475212097168, "presence": 0.999998927116394}, "right elbow": {"x": 0.1346023678779602, "y": 0.515197217464447, "z": -0.5807815194129944, "visibility": 0.9910313487052917, "presence": 0.9996591806411743}, "left wrist": {"x": 0.3767377436161041, "y": 0.5236685872077942, "z": 0.19934411346912384, "visibility": 0.8784075379371643, "presence": 0.9999977350234985}, "right wrist": {"x": 0.20063136518001556, "y": 0.5535827875137329, "z": -0.7197988033294678, "visibility": 0.9727518558502197, "presence": 0.9999840259552002}, "left pinky": {"x": 0.39658689498901367, "y": 0.5290383100509644, "z": 0.21984630823135376, "visibility": 0.8861779570579529, "presence": 0.9999914169311523}, "right pinky": {"x": 0.2148061990737915, "y": 0.5670856833457947, "z": -0.7877450585365295, "visibility": 0.9563351273536682, "presence": 0.9999812841415405}, "left index": {"x": 0.39687421917915344, "y": 0.5260958075523376, "z": 0.15974770486354828, "visibility": 0.8948760628700256, "presence": 0.9999877214431763}, "right index": {"x": 0.22780601680278778, "y": 0.5640760064125061, "z": -0.7866541147232056, "visibility": 0.9549760222434998, "presence": 0.9999836683273315}, "left thumb": {"x": 0.3884356617927551, "y": 0.5247128009796143, "z": 0.1795547753572464, "visibility": 0.8764078617095947, "presence": 0.9999940395355225}, "right thumb": {"x": 0.22438472509384155, "y": 0.560623824596405, "z": -0.7212576866149902, "visibility": 0.8885474801063538, "presence": 0.9999903440475464}, "left hip": {"x": 0.22240354120731354, "y": 0.5588768720626831, "z": 0.13701516389846802, "visibility": 0.9999650120735168, "presence": 0.9999945163726807}, "right hip": {"x": 0.15670979022979736, "y": 0.5574043989181519, "z": -0.13691361248493195, "visibility": 0.9999637007713318, "presence": 0.9999794960021973}, "left knee": {"x": 0.30429762601852417, "y": 0.6182798743247986, "z": 0.2909131944179535, "visibility": 0.6802177429199219, "presence": 0.9999885559082031}, "right knee": {"x": 0.15136773884296417, "y": 0.6345739960670471, "z": -0.49755439162254333, "visibility": 0.9968587756156921, "presence": 0.9999735355377197}, "left ankle": {"x": 0.3386273682117462, "y": 0.6823807954788208, "z": 0.6135683655738831, "visibility": 0.8741519451141357, "presence": 0.9999192953109741}, "right ankle": {"x": 0.11246782541275024, "y": 0.7130536437034607, "z": -0.36664438247680664, "visibility": 0.992488443851471, "presence": 0.9998272061347961}, "left heel": {"x": 0.33077672123908997, "y": 0.6974615454673767, "z": 0.6351009607315063, "visibility": 0.7942466735839844, "presence": 0.9998107552528381}, "right heel": {"x": 0.10261241346597672, "y": 0.7212629318237305, "z": -0.3585077226161957, "visibility": 0.8859564661979675, "presence": 0.9996991157531738}, "left foot index": {"x": 0.40302273631095886, "y": 0.6876099705696106, "z": 0.5376423597335815, "visibility": 0.8944205045700073, "presence": 0.9997242093086243}, "right foot index": {"x": 0.12572593986988068, "y": 0.742236316204071, "z": -0.5305562615394592, "visibility": 0.9856632947921753, "presence": 0.9989179372787476}, "timestamp": "20240418-205140"}