{"nose": {"x": 0.30708977580070496, "y": 0.44341346621513367, "z": -0.2322210818529129, "visibility": 0.9998219013214111, "presence": 0.9999794960021973}, "left eye (inner)": {"x": 0.30341044068336487, "y": 0.43429815769195557, "z": -0.20478267967700958, "visibility": 0.9996185302734375, "presence": 0.9999635219573975}, "left eye": {"x": 0.30350634455680847, "y": 0.4341529905796051, "z": -0.20509454607963562, "visibility": 0.9996070265769958, "presence": 0.9999707937240601}, "left eye (outer)": {"x": 0.30395233631134033, "y": 0.43395987153053284, "z": -0.20504799485206604, "visibility": 0.9996969103813171, "presence": 0.9999678134918213}, "right eye (inner)": {"x": 0.29863277077674866, "y": 0.43407580256462097, "z": -0.23789195716381073, "visibility": 0.9998094439506531, "presence": 0.9999487400054932}, "right eye": {"x": 0.2944508194923401, "y": 0.4338925778865814, "z": -0.2381819784641266, "visibility": 0.9998476505279541, "presence": 0.999958872795105}, "right eye (outer)": {"x": 0.29008135199546814, "y": 0.4338153004646301, "z": -0.23827427625656128, "visibility": 0.9998406171798706, "presence": 0.99994957447052}, "left ear": {"x": 0.2868385910987854, "y": 0.43641743063926697, "z": -0.06365559250116348, "visibility": 0.9997913241386414, "presence": 0.9999794960021973}, "right ear": {"x": 0.2667539715766907, "y": 0.43628886342048645, "z": -0.21633276343345642, "visibility": 0.9997149109840393, "presence": 0.9999407529830933}, "mouth (left)": {"x": 0.301902174949646, "y": 0.4508659243583679, "z": -0.17651157081127167, "visibility": 0.99985671043396, "presence": 0.9999951124191284}, "mouth (right)": {"x": 0.2952151596546173, "y": 0.4510459899902344, "z": -0.22265459597110748, "visibility": 0.9999064803123474, "presence": 0.9999891519546509}, "left shoulder": {"x": 0.3003768026828766, "y": 0.4741213619709015, "z": 0.05283135548233986, "visibility": 0.9999859929084778, "presence": 0.9999990463256836}, "right shoulder": {"x": 0.20337483286857605, "y": 0.46559205651283264, "z": -0.24633283913135529, "visibility": 0.9999829530715942, "presence": 0.9999890327453613}, "left elbow": {"x": 0.34522703289985657, "y": 0.5009002089500427, "z": 0.01770317368209362, "visibility": 0.7388763427734375, "presence": 0.9999918937683105}, "right elbow": {"x": 0.16990552842617035, "y": 0.4982714354991913, "z": -0.45039957761764526, "visibility": 0.9914081692695618, "presence": 0.9997938275337219}, "left wrist": {"x": 0.4085089862346649, "y": 0.5076838135719299, "z": -0.3407554030418396, "visibility": 0.8273528814315796, "presence": 0.9999878406524658}, "right wrist": {"x": 0.2546035349369049, "y": 0.5156481862068176, "z": -0.6862868666648865, "visibility": 0.9735573530197144, "presence": 0.9999810457229614}, "left pinky": {"x": 0.4328758418560028, "y": 0.5075722336769104, "z": -0.3093380033969879, "visibility": 0.8429304957389832, "presence": 0.9999603033065796}, "right pinky": {"x": 0.2720581889152527, "y": 0.5178903937339783, "z": -0.7671205997467041, "visibility": 0.9603444337844849, "presence": 0.9999699592590332}, "left index": {"x": 0.43147599697113037, "y": 0.5041865706443787, "z": -0.34818845987319946, "visibility": 0.8481720685958862, "presence": 0.9999637603759766}, "right index": {"x": 0.2821164131164551, "y": 0.5149059891700745, "z": -0.7615850567817688, "visibility": 0.9584801197052002, "presence": 0.9999792575836182}, "left thumb": {"x": 0.42280304431915283, "y": 0.5048032402992249, "z": -0.3558303713798523, "visibility": 0.8264932036399841, "presence": 0.9999794960021973}, "right thumb": {"x": 0.27699166536331177, "y": 0.5138676166534424, "z": -0.6909149885177612, "visibility": 0.9017870426177979, "presence": 0.9999873638153076}, "left hip": {"x": 0.2624172568321228, "y": 0.5733531713485718, "z": 0.10140923410654068, "visibility": 0.9999831318855286, "presence": 0.999998927116394}, "right hip": {"x": 0.1916513442993164, "y": 0.572511613368988, "z": -0.10139404237270355, "visibility": 0.9999818801879883, "presence": 0.9999974966049194}, "left knee": {"x": 0.3557843863964081, "y": 0.6212069988250732, "z": 0.048426613211631775, "visibility": 0.9385067224502563, "presence": 0.9999902248382568}, "right knee": {"x": 0.1601489931344986, "y": 0.6408448815345764, "z": -0.3776629865169525, "visibility": 0.9984631538391113, "presence": 0.9999873638153076}, "left ankle": {"x": 0.36032533645629883, "y": 0.6855478882789612, "z": 0.3224455714225769, "visibility": 0.9668886661529541, "presence": 0.9999731779098511}, "right ankle": {"x": 0.09997541457414627, "y": 0.7117075324058533, "z": -0.2284572571516037, "visibility": 0.9961653351783752, "presence": 0.999890923500061}, "left heel": {"x": 0.3437154293060303, "y": 0.7001850008964539, "z": 0.3401258587837219, "visibility": 0.93185955286026, "presence": 0.9999274015426636}, "right heel": {"x": 0.09211749583482742, "y": 0.7187066674232483, "z": -0.22303567826747894, "visibility": 0.915447473526001, "presence": 0.9998047947883606}, "left foot index": {"x": 0.41971245408058167, "y": 0.7002080082893372, "z": 0.22116781771183014, "visibility": 0.9676541090011597, "presence": 0.9998316764831543}, "right foot index": {"x": 0.10254376381635666, "y": 0.7407906651496887, "z": -0.4093804657459259, "visibility": 0.9911746978759766, "presence": 0.9993207454681396}, "timestamp": "20240418-205204"}