{"nose": {"x": 0.33265992999076843, "y": 0.45543670654296875, "z": -0.2775369882583618, "visibility": 0.9998620748519897, "presence": 0.9999771118164062}, "left eye (inner)": {"x": 0.33095473051071167, "y": 0.44701889157295227, "z": -0.2528574764728546, "visibility": 0.9997428059577942, "presence": 0.9999704360961914}, "left eye": {"x": 0.32988959550857544, "y": 0.4468505382537842, "z": -0.2532421350479126, "visibility": 0.9997438192367554, "presence": 0.9999767541885376}, "left eye (outer)": {"x": 0.3291086256504059, "y": 0.44665104150772095, "z": -0.25325632095336914, "visibility": 0.9997950196266174, "presence": 0.9999744892120361}, "right eye (inner)": {"x": 0.32712623476982117, "y": 0.4463188052177429, "z": -0.2957797050476074, "visibility": 0.9998917579650879, "presence": 0.9999542236328125}, "right eye": {"x": 0.32386305928230286, "y": 0.44576123356819153, "z": -0.2961183488368988, "visibility": 0.9999155402183533, "presence": 0.9999632835388184}, "right eye (outer)": {"x": 0.3193497061729431, "y": 0.44537895917892456, "z": -0.29635435342788696, "visibility": 0.9999094009399414, "presence": 0.9999490976333618}, "left ear": {"x": 0.3088393807411194, "y": 0.4472193419933319, "z": -0.11057232320308685, "visibility": 0.9998517632484436, "presence": 0.9999839067459106}, "right ear": {"x": 0.2925582528114319, "y": 0.4464142322540283, "z": -0.3101624548435211, "visibility": 0.9998359680175781, "presence": 0.9999315738677979}, "mouth (left)": {"x": 0.3230654001235962, "y": 0.4626055359840393, "z": -0.21919848024845123, "visibility": 0.9998013377189636, "presence": 0.9999926090240479}, "mouth (right)": {"x": 0.31853124499320984, "y": 0.46202871203422546, "z": -0.27928271889686584, "visibility": 0.999887228012085, "presence": 0.999983549118042}, "left shoulder": {"x": 0.31689515709877014, "y": 0.4818640351295471, "z": 0.04096795246005058, "visibility": 0.9999791383743286, "presence": 0.9999995231628418}, "right shoulder": {"x": 0.23277181386947632, "y": 0.4751465320587158, "z": -0.35535815358161926, "visibility": 0.9999828934669495, "presence": 0.9999840259552002}, "left elbow": {"x": 0.3632639944553375, "y": 0.5061750411987305, "z": 0.22927987575531006, "visibility": 0.6267685294151306, "presence": 0.9999990463256836}, "right elbow": {"x": 0.21975435316562653, "y": 0.49872317910194397, "z": -0.6203214526176453, "visibility": 0.9821202754974365, "presence": 0.9997017979621887}, "left wrist": {"x": 0.42178574204444885, "y": 0.5082889795303345, "z": 0.29287415742874146, "visibility": 0.7210536599159241, "presence": 0.9999964237213135}, "right wrist": {"x": 0.31153160333633423, "y": 0.50672447681427, "z": -0.8655608892440796, "visibility": 0.9514546394348145, "presence": 0.9999682903289795}, "left pinky": {"x": 0.4436151683330536, "y": 0.5078325867652893, "z": 0.31296131014823914, "visibility": 0.7328987121582031, "presence": 0.999984622001648}, "right pinky": {"x": 0.32921168208122253, "y": 0.5097665786743164, "z": -0.9533469080924988, "visibility": 0.9361171126365662, "presence": 0.999964714050293}, "left index": {"x": 0.44635009765625, "y": 0.5054304003715515, "z": 0.26234692335128784, "visibility": 0.7417301535606384, "presence": 0.999976396560669}, "right index": {"x": 0.33575689792633057, "y": 0.5052658319473267, "z": -0.9351114630699158, "visibility": 0.9341882467269897, "presence": 0.9999668598175049}, "left thumb": {"x": 0.4379059970378876, "y": 0.50559401512146, "z": 0.27455177903175354, "visibility": 0.7251529693603516, "presence": 0.9999881982803345}, "right thumb": {"x": 0.3298494219779968, "y": 0.5049105882644653, "z": -0.86616051197052, "visibility": 0.8623214364051819, "presence": 0.9999803304672241}, "left hip": {"x": 0.25461137294769287, "y": 0.5773797631263733, "z": 0.1298217475414276, "visibility": 0.9999839067459106, "presence": 0.9999996423721313}, "right hip": {"x": 0.18541502952575684, "y": 0.5772799849510193, "z": -0.12975367903709412, "visibility": 0.9999855160713196, "presence": 0.999998927116394}, "left knee": {"x": 0.3549736738204956, "y": 0.6199948787689209, "z": 0.3116758465766907, "visibility": 0.8969383239746094, "presence": 0.9999966621398926}, "right knee": {"x": 0.15613791346549988, "y": 0.6463522911071777, "z": -0.42286813259124756, "visibility": 0.9995251297950745, "presence": 0.9999942779541016}, "left ankle": {"x": 0.3554062843322754, "y": 0.6846729516983032, "z": 0.626179039478302, "visibility": 0.9724804759025574, "presence": 0.9999839067459106}, "right ankle": {"x": 0.08760204166173935, "y": 0.7141168117523193, "z": -0.31320858001708984, "visibility": 0.9988883137702942, "presence": 0.9999449253082275}, "left heel": {"x": 0.3359817862510681, "y": 0.6984570026397705, "z": 0.648332953453064, "visibility": 0.953380286693573, "presence": 0.9999632835388184}, "right heel": {"x": 0.07886233925819397, "y": 0.7214440107345581, "z": -0.3056075870990753, "visibility": 0.9760704040527344, "presence": 0.9998829364776611}, "left foot index": {"x": 0.4115122854709625, "y": 0.6973584294319153, "z": 0.5731667280197144, "visibility": 0.9746578931808472, "presence": 0.9999057054519653}, "right foot index": {"x": 0.08250898867845535, "y": 0.7421678304672241, "z": -0.46137699484825134, "visibility": 0.9974623918533325, "presence": 0.9994421601295471}, "timestamp": "20240418-205157"}