{"nose": {"x": 0.306077241897583, "y": 0.4964493215084076, "z": -0.35314100980758667, "visibility": 0.999925971031189, "presence": 0.9999951124191284}, "left eye (inner)": {"x": 0.3061644732952118, "y": 0.48893508315086365, "z": -0.3286798298358917, "visibility": 0.9998094439506531, "presence": 0.9999902248382568}, "left eye": {"x": 0.30663999915122986, "y": 0.4887033700942993, "z": -0.32898780703544617, "visibility": 0.9998242855072021, "presence": 0.9999903440475464}, "left eye (outer)": {"x": 0.30721139907836914, "y": 0.48841729760169983, "z": -0.328940749168396, "visibility": 0.9998503923416138, "presence": 0.9999873638153076}, "right eye (inner)": {"x": 0.30017340183258057, "y": 0.48830264806747437, "z": -0.3740898370742798, "visibility": 0.999923050403595, "presence": 0.9999890327453613}, "right eye": {"x": 0.2963436245918274, "y": 0.4878426790237427, "z": -0.3744097650051117, "visibility": 0.9999397397041321, "presence": 0.9999915361404419}, "right eye (outer)": {"x": 0.29192212224006653, "y": 0.48737433552742004, "z": -0.37463369965553284, "visibility": 0.9999346137046814, "presence": 0.9999891519546509}, "left ear": {"x": 0.28903332352638245, "y": 0.48653292655944824, "z": -0.18387719988822937, "visibility": 0.9998897314071655, "presence": 0.9999908208847046}, "right ear": {"x": 0.27235811948776245, "y": 0.48569953441619873, "z": -0.3961655795574188, "visibility": 0.9998669028282166, "presence": 0.9999865293502808}, "mouth (left)": {"x": 0.29884275794029236, "y": 0.5024131536483765, "z": -0.29254284501075745, "visibility": 0.9999381899833679, "presence": 0.9999973773956299}, "mouth (right)": {"x": 0.29156288504600525, "y": 0.5023041367530823, "z": -0.35592061281204224, "visibility": 0.999966561794281, "presence": 0.9999964237213135}, "left shoulder": {"x": 0.2843886613845825, "y": 0.5111539363861084, "z": 0.003634131047874689, "visibility": 0.9999927878379822, "presence": 0.9999994039535522}, "right shoulder": {"x": 0.20928971469402313, "y": 0.5071501731872559, "z": -0.4189850986003876, "visibility": 0.9999932646751404, "presence": 0.9999954700469971}, "left elbow": {"x": 0.33905062079429626, "y": 0.5351760387420654, "z": 0.2091786414384842, "visibility": 0.8664649128913879, "presence": 0.9999986886978149}, "right elbow": {"x": 0.17165440320968628, "y": 0.5489766001701355, "z": -0.536856472492218, "visibility": 0.9957281947135925, "presence": 0.9999229907989502}, "left wrist": {"x": 0.38044002652168274, "y": 0.5328242778778076, "z": 0.2782323658466339, "visibility": 0.9402197003364563, "presence": 0.9999988079071045}, "right wrist": {"x": 0.2036249190568924, "y": 0.5892742276191711, "z": -0.5944345593452454, "visibility": 0.9918177127838135, "presence": 0.9999960660934448}, "left pinky": {"x": 0.3943285644054413, "y": 0.530275285243988, "z": 0.30315345525741577, "visibility": 0.9366577863693237, "presence": 0.9999954700469971}, "right pinky": {"x": 0.2010170817375183, "y": 0.6016823053359985, "z": -0.6569087505340576, "visibility": 0.9848145842552185, "presence": 0.9999939203262329}, "left index": {"x": 0.3888109028339386, "y": 0.5266691446304321, "z": 0.25637850165367126, "visibility": 0.9394907355308533, "presence": 0.9999936819076538}, "right index": {"x": 0.2070903182029724, "y": 0.6003620624542236, "z": -0.6541047692298889, "visibility": 0.9846453070640564, "presence": 0.9999945163726807}, "left thumb": {"x": 0.3817455470561981, "y": 0.5288024544715881, "z": 0.26258233189582825, "visibility": 0.9337957501411438, "presence": 0.9999969005584717}, "right thumb": {"x": 0.20955990254878998, "y": 0.5960367918014526, "z": -0.5949331521987915, "visibility": 0.9595943093299866, "presence": 0.9999969005584717}, "left hip": {"x": 0.20398904383182526, "y": 0.5955625176429749, "z": 0.1321054846048355, "visibility": 0.999961256980896, "presence": 0.9999992847442627}, "right hip": {"x": 0.1423797756433487, "y": 0.5932945013046265, "z": -0.13205839693546295, "visibility": 0.999965250492096, "presence": 0.9999984502792358}, "left knee": {"x": 0.32318177819252014, "y": 0.622562050819397, "z": 0.2026488035917282, "visibility": 0.9136448502540588, "presence": 0.9999983310699463}, "right knee": {"x": 0.12979954481124878, "y": 0.6479395031929016, "z": -0.6050229668617249, "visibility": 0.9992144107818604, "presence": 0.9999963045120239}, "left ankle": {"x": 0.3375643193721771, "y": 0.6871950030326843, "z": 0.4466506242752075, "visibility": 0.966070830821991, "presence": 0.9999881982803345}, "right ankle": {"x": 0.0769631415605545, "y": 0.7163911461830139, "z": -0.4552620053291321, "visibility": 0.998165488243103, "presence": 0.9999806880950928}, "left heel": {"x": 0.3189742863178253, "y": 0.7017694711685181, "z": 0.46247372031211853, "visibility": 0.9408050775527954, "presence": 0.9999735355377197}, "right heel": {"x": 0.0710684284567833, "y": 0.7217353582382202, "z": -0.44513314962387085, "visibility": 0.9620273113250732, "presence": 0.9999628067016602}, "left foot index": {"x": 0.39626777172088623, "y": 0.6998530626296997, "z": 0.3717971444129944, "visibility": 0.9699417352676392, "presence": 0.9999566078186035}, "right foot index": {"x": 0.07263704389333725, "y": 0.7426111102104187, "z": -0.6160650253295898, "visibility": 0.9956157803535461, "presence": 0.9998786449432373}, "timestamp": "20240418-205210"}