{"nose": {"x": 0.29561373591423035, "y": 0.48540809750556946, "z": -0.2947761118412018, "visibility": 0.9997922778129578, "presence": 0.9999536275863647}, "left eye (inner)": {"x": 0.2971048951148987, "y": 0.47679176926612854, "z": -0.2723800539970398, "visibility": 0.9996038675308228, "presence": 0.9999328851699829}, "left eye": {"x": 0.29593926668167114, "y": 0.4761942923069, "z": -0.272693395614624, "visibility": 0.999600350856781, "presence": 0.9999434947967529}, "left eye (outer)": {"x": 0.29503965377807617, "y": 0.47562628984451294, "z": -0.27264338731765747, "visibility": 0.9997041821479797, "presence": 0.9999356269836426}, "right eye (inner)": {"x": 0.2931468188762665, "y": 0.4754464030265808, "z": -0.31109994649887085, "visibility": 0.9998275637626648, "presence": 0.9999017715454102}, "right eye": {"x": 0.289576917886734, "y": 0.47402554750442505, "z": -0.31136685609817505, "visibility": 0.9998695254325867, "presence": 0.9999151229858398}, "right eye (outer)": {"x": 0.28541800379753113, "y": 0.47274526953697205, "z": -0.31149783730506897, "visibility": 0.9998747706413269, "presence": 0.9998893737792969}, "left ear": {"x": 0.27552708983421326, "y": 0.4702320098876953, "z": -0.14182457327842712, "visibility": 0.9997766017913818, "presence": 0.9999444484710693}, "right ear": {"x": 0.2638312578201294, "y": 0.4677528440952301, "z": -0.3204790949821472, "visibility": 0.9997403621673584, "presence": 0.9998557567596436}, "mouth (left)": {"x": 0.2832462191581726, "y": 0.48960527777671814, "z": -0.23987098038196564, "visibility": 0.9997859597206116, "presence": 0.999977707862854}, "mouth (right)": {"x": 0.2781226336956024, "y": 0.4879969358444214, "z": -0.2938809394836426, "visibility": 0.999880850315094, "presence": 0.9999550580978394}, "left shoulder": {"x": 0.259286493062973, "y": 0.49252793192863464, "z": -0.0030609052628278732, "visibility": 0.9999865889549255, "presence": 0.9999945163726807}, "right shoulder": {"x": 0.19504760205745697, "y": 0.4880883991718292, "z": -0.3648301661014557, "visibility": 0.999984860420227, "presence": 0.999919056892395}, "left elbow": {"x": 0.3208431899547577, "y": 0.508963406085968, "z": -0.02082543820142746, "visibility": 0.8736117482185364, "presence": 0.9999641180038452}, "right elbow": {"x": 0.2317514270544052, "y": 0.519007682800293, "z": -0.48782357573509216, "visibility": 0.9858109354972839, "presence": 0.9994308352470398}, "left wrist": {"x": 0.3779733180999756, "y": 0.5056619644165039, "z": -0.2550366520881653, "visibility": 0.9338946342468262, "presence": 0.9999560117721558}, "right wrist": {"x": 0.29963117837905884, "y": 0.5153425335884094, "z": -0.5548368096351624, "visibility": 0.970065176486969, "presence": 0.9997329115867615}, "left pinky": {"x": 0.3989565372467041, "y": 0.5017541646957397, "z": -0.2859944999217987, "visibility": 0.9330688118934631, "presence": 0.9999017715454102}, "right pinky": {"x": 0.3054795563220978, "y": 0.5161852240562439, "z": -0.6188068985939026, "visibility": 0.9595224857330322, "presence": 0.9996883869171143}, "left index": {"x": 0.3999411165714264, "y": 0.49903789162635803, "z": -0.3190555274486542, "visibility": 0.9372832179069519, "presence": 0.9998812675476074}, "right index": {"x": 0.31271347403526306, "y": 0.5134684443473816, "z": -0.6162379384040833, "visibility": 0.9595492482185364, "presence": 0.9996615648269653}, "left thumb": {"x": 0.39231646060943604, "y": 0.5008833408355713, "z": -0.27472662925720215, "visibility": 0.9305893778800964, "presence": 0.9999290704727173}, "right thumb": {"x": 0.30753156542778015, "y": 0.5129042863845825, "z": -0.5583704113960266, "visibility": 0.9173777103424072, "presence": 0.9997925162315369}, "left hip": {"x": 0.18457821011543274, "y": 0.5835772156715393, "z": 0.1291961371898651, "visibility": 0.9999781847000122, "presence": 0.9999982118606567}, "right hip": {"x": 0.12192521244287491, "y": 0.584331750869751, "z": -0.12915097177028656, "visibility": 0.999976634979248, "presence": 0.9999946355819702}, "left knee": {"x": 0.27979016304016113, "y": 0.618550717830658, "z": 0.24079275131225586, "visibility": 0.9397412538528442, "presence": 0.9999953508377075}, "right knee": {"x": 0.12126864492893219, "y": 0.6450539827346802, "z": -0.48452258110046387, "visibility": 0.9990641474723816, "presence": 0.999993085861206}, "left ankle": {"x": 0.32871535420417786, "y": 0.6840572357177734, "z": 0.5012013912200928, "visibility": 0.9745086431503296, "presence": 0.999970555305481}, "right ankle": {"x": 0.06451443582773209, "y": 0.7155548930168152, "z": -0.34336698055267334, "visibility": 0.9978799819946289, "presence": 0.9999560117721558}, "left heel": {"x": 0.31541872024536133, "y": 0.6996042728424072, "z": 0.5195913910865784, "visibility": 0.9467838406562805, "presence": 0.9999279975891113}, "right heel": {"x": 0.05397458374500275, "y": 0.7225396037101746, "z": -0.3327271640300751, "visibility": 0.9561313390731812, "presence": 0.9999074935913086}, "left foot index": {"x": 0.387893408536911, "y": 0.6971989274024963, "z": 0.4446614980697632, "visibility": 0.9773558974266052, "presence": 0.9998844861984253}, "right foot index": {"x": 0.07143457233905792, "y": 0.7420489192008972, "z": -0.47531813383102417, "visibility": 0.9953609108924866, "presence": 0.9996316432952881}, "timestamp": "20240418-205217"}