{"nose": {"x": 0.3065870404243469, "y": 0.4969587028026581, "z": -0.5457049012184143, "visibility": 0.9998734593391418, "presence": 0.9999868869781494}, "left eye (inner)": {"x": 0.30543527007102966, "y": 0.48843225836753845, "z": -0.5243849158287048, "visibility": 0.9997066259384155, "presence": 0.9999834299087524}, "left eye": {"x": 0.3051648437976837, "y": 0.4877549111843109, "z": -0.5246367454528809, "visibility": 0.999714732170105, "presence": 0.9999871253967285}, "left eye (outer)": {"x": 0.3050383925437927, "y": 0.4870547950267792, "z": -0.5246201157569885, "visibility": 0.9997937083244324, "presence": 0.999985933303833}, "right eye (inner)": {"x": 0.30154943466186523, "y": 0.48856431245803833, "z": -0.5666995048522949, "visibility": 0.9998576045036316, "presence": 0.9999696016311646}, "right eye": {"x": 0.29804015159606934, "y": 0.4878785014152527, "z": -0.5666777491569519, "visibility": 0.9998910427093506, "presence": 0.9999728202819824}, "right eye (outer)": {"x": 0.2939198911190033, "y": 0.4871927499771118, "z": -0.5666690468788147, "visibility": 0.9998891949653625, "presence": 0.9999620914459229}, "left ear": {"x": 0.2867526710033417, "y": 0.48400500416755676, "z": -0.37853458523750305, "visibility": 0.9998723864555359, "presence": 0.999991774559021}, "right ear": {"x": 0.2725663483142853, "y": 0.4848269522190094, "z": -0.5693031549453735, "visibility": 0.9997996091842651, "presence": 0.9999415874481201}, "mouth (left)": {"x": 0.29907816648483276, "y": 0.5019406080245972, "z": -0.483498215675354, "visibility": 0.9998958110809326, "presence": 0.9999967813491821}, "mouth (right)": {"x": 0.294249564409256, "y": 0.5018593072891235, "z": -0.5419797301292419, "visibility": 0.9999359846115112, "presence": 0.9999920129776001}, "left shoulder": {"x": 0.28921693563461304, "y": 0.5081313848495483, "z": -0.13632743060588837, "visibility": 0.9999921917915344, "presence": 0.9999994039535522}, "right shoulder": {"x": 0.20152215659618378, "y": 0.5058432817459106, "z": -0.5145231485366821, "visibility": 0.9999908208847046, "presence": 0.9999685287475586}, "left elbow": {"x": 0.33477774262428284, "y": 0.5310270190238953, "z": -0.057821087539196014, "visibility": 0.8788663148880005, "presence": 0.9999955892562866}, "right elbow": {"x": 0.17680856585502625, "y": 0.5488479733467102, "z": -0.5820211172103882, "visibility": 0.9926373958587646, "presence": 0.9990542531013489}, "left wrist": {"x": 0.38349053263664246, "y": 0.5345459580421448, "z": -0.22043870389461517, "visibility": 0.9326876401901245, "presence": 0.9999970197677612}, "right wrist": {"x": 0.21109646558761597, "y": 0.5872605443000793, "z": -0.6405472159385681, "visibility": 0.9763450026512146, "presence": 0.9997606873512268}, "left pinky": {"x": 0.40044665336608887, "y": 0.533527135848999, "z": -0.24417544901371002, "visibility": 0.9300102591514587, "presence": 0.9999910593032837}, "right pinky": {"x": 0.21101601421833038, "y": 0.6003458499908447, "z": -0.7007137537002563, "visibility": 0.9650101065635681, "presence": 0.9997490048408508}, "left index": {"x": 0.39551466703414917, "y": 0.5295381546020508, "z": -0.28410324454307556, "visibility": 0.9330016374588013, "presence": 0.9999897480010986}, "right index": {"x": 0.21483048796653748, "y": 0.5987982153892517, "z": -0.7068509459495544, "visibility": 0.9658005237579346, "presence": 0.9997743964195251}, "left thumb": {"x": 0.38734620809555054, "y": 0.5298260450363159, "z": -0.24000674486160278, "visibility": 0.9276585578918457, "presence": 0.9999943971633911}, "right thumb": {"x": 0.21405981481075287, "y": 0.5948508977890015, "z": -0.6435707211494446, "visibility": 0.9275957345962524, "presence": 0.9998514652252197}, "left hip": {"x": 0.2086913138628006, "y": 0.5909162163734436, "z": 0.13003045320510864, "visibility": 0.9999669790267944, "presence": 0.9999972581863403}, "right hip": {"x": 0.14442969858646393, "y": 0.5906818509101868, "z": -0.12999112904071808, "visibility": 0.9999629259109497, "presence": 0.9999865293502808}, "left knee": {"x": 0.3287776708602905, "y": 0.618505597114563, "z": 0.07715872675180435, "visibility": 0.9430285096168518, "presence": 0.9999960660934448}, "right knee": {"x": 0.12911278009414673, "y": 0.645598292350769, "z": -0.5929279923439026, "visibility": 0.9988805055618286, "presence": 0.9999768733978271}, "left ankle": {"x": 0.33748582005500793, "y": 0.6863682866096497, "z": 0.33208146691322327, "visibility": 0.976216733455658, "presence": 0.9999669790267944}, "right ankle": {"x": 0.0712236613035202, "y": 0.7140986323356628, "z": -0.4054626226425171, "visibility": 0.9974597692489624, "presence": 0.9998599290847778}, "left heel": {"x": 0.32045793533325195, "y": 0.7002264857292175, "z": 0.3471461832523346, "visibility": 0.950374186038971, "presence": 0.9999206066131592}, "right heel": {"x": 0.06484072655439377, "y": 0.7206741571426392, "z": -0.39271703362464905, "visibility": 0.9483503699302673, "presence": 0.9997569918632507}, "left foot index": {"x": 0.3961794674396515, "y": 0.699834942817688, "z": 0.2350560426712036, "visibility": 0.9775956273078918, "presence": 0.9999028444290161}, "right foot index": {"x": 0.07256434857845306, "y": 0.7416818141937256, "z": -0.5573011636734009, "visibility": 0.9944877624511719, "presence": 0.9994463324546814}, "timestamp": "20240418-205213"}