{"nose": {"x": 0.31989413499832153, "y": 0.4928587079048157, "z": -0.5891039371490479, "visibility": 0.9998580813407898, "presence": 0.9999974966049194}, "left eye (inner)": {"x": 0.31618571281433105, "y": 0.48604726791381836, "z": -0.5654913187026978, "visibility": 0.999668538570404, "presence": 0.9999970197677612}, "left eye": {"x": 0.31621649861335754, "y": 0.4857272803783417, "z": -0.5658845901489258, "visibility": 0.9996883869171143, "presence": 0.9999972581863403}, "left eye (outer)": {"x": 0.3164724111557007, "y": 0.4853387176990509, "z": -0.5658600330352783, "visibility": 0.9997515082359314, "presence": 0.9999964237213135}, "right eye (inner)": {"x": 0.3113081753253937, "y": 0.4861316382884979, "z": -0.6099770665168762, "visibility": 0.9998618960380554, "presence": 0.9999963045120239}, "right eye": {"x": 0.3072763681411743, "y": 0.48598769307136536, "z": -0.6103134751319885, "visibility": 0.9998983144760132, "presence": 0.9999970197677612}, "right eye (outer)": {"x": 0.3032059967517853, "y": 0.4860166907310486, "z": -0.6105408072471619, "visibility": 0.9998926520347595, "presence": 0.9999960660934448}, "left ear": {"x": 0.29831168055534363, "y": 0.4849710166454315, "z": -0.3995286822319031, "visibility": 0.9998383522033691, "presence": 0.9999974966049194}, "right ear": {"x": 0.2826845645904541, "y": 0.4865168333053589, "z": -0.6071391701698303, "visibility": 0.9997921586036682, "presence": 0.9999940395355225}, "mouth (left)": {"x": 0.3148287236690521, "y": 0.4987918436527252, "z": -0.5186670422554016, "visibility": 0.9998412728309631, "presence": 0.9999983310699463}, "mouth (right)": {"x": 0.30936378240585327, "y": 0.5000426769256592, "z": -0.5803641080856323, "visibility": 0.9999160170555115, "presence": 0.9999973773956299}, "left shoulder": {"x": 0.29873207211494446, "y": 0.5031117796897888, "z": -0.1692611426115036, "visibility": 0.9999892115592957, "presence": 0.9999996423721313}, "right shoulder": {"x": 0.213173508644104, "y": 0.5095200538635254, "z": -0.5626376271247864, "visibility": 0.9999909996986389, "presence": 0.9999946355819702}, "left elbow": {"x": 0.3475962281227112, "y": 0.5286387801170349, "z": 0.06441351026296616, "visibility": 0.8676312565803528, "presence": 0.9999980926513672}, "right elbow": {"x": 0.1668548583984375, "y": 0.5584803223609924, "z": -0.6279232501983643, "visibility": 0.9947075843811035, "presence": 0.9998086094856262}, "left wrist": {"x": 0.39229610562324524, "y": 0.5438823699951172, "z": 0.16259591281414032, "visibility": 0.9251022338867188, "presence": 0.9999966621398926}, "right wrist": {"x": 0.21765467524528503, "y": 0.5932227373123169, "z": -0.7016205191612244, "visibility": 0.9858406186103821, "presence": 0.9999912977218628}, "left pinky": {"x": 0.4081137776374817, "y": 0.5514005422592163, "z": 0.1883346289396286, "visibility": 0.9193497896194458, "presence": 0.9999885559082031}, "right pinky": {"x": 0.21951134502887726, "y": 0.6072524785995483, "z": -0.7624439597129822, "visibility": 0.9773798584938049, "presence": 0.9999890327453613}, "left index": {"x": 0.4072164297103882, "y": 0.5481858253479004, "z": 0.13206793367862701, "visibility": 0.9240689277648926, "presence": 0.999982476234436}, "right index": {"x": 0.2310762107372284, "y": 0.6051228642463684, "z": -0.7649231553077698, "visibility": 0.9772465825080872, "presence": 0.9999889135360718}, "left thumb": {"x": 0.39914923906326294, "y": 0.5456799864768982, "z": 0.14478667080402374, "visibility": 0.9184669852256775, "presence": 0.9999909400939941}, "right thumb": {"x": 0.2266908586025238, "y": 0.6005984544754028, "z": -0.7031276822090149, "visibility": 0.9466726183891296, "presence": 0.9999932050704956}, "left hip": {"x": 0.23243406414985657, "y": 0.5914579629898071, "z": 0.12261790782213211, "visibility": 0.9999721050262451, "presence": 0.9999964237213135}, "right hip": {"x": 0.1698739230632782, "y": 0.590776801109314, "z": -0.12258847057819366, "visibility": 0.9999734163284302, "presence": 0.9999908208847046}, "left knee": {"x": 0.34823206067085266, "y": 0.6261882185935974, "z": 0.21985511481761932, "visibility": 0.8915138244628906, "presence": 0.9999916553497314}, "right knee": {"x": 0.15207092463970184, "y": 0.6504251956939697, "z": -0.5318596959114075, "visibility": 0.9992929697036743, "presence": 0.9999841451644897}, "left ankle": {"x": 0.35563981533050537, "y": 0.6843821406364441, "z": 0.5217111706733704, "visibility": 0.9653933644294739, "presence": 0.9999464750289917}, "right ankle": {"x": 0.08649227768182755, "y": 0.7134912014007568, "z": -0.3712788224220276, "visibility": 0.998385488986969, "presence": 0.9999090433120728}, "left heel": {"x": 0.3362460136413574, "y": 0.6977865099906921, "z": 0.5407930612564087, "visibility": 0.9351478815078735, "presence": 0.9998824596405029}, "right heel": {"x": 0.08235084265470505, "y": 0.7197843194007874, "z": -0.35933417081832886, "visibility": 0.9641726613044739, "presence": 0.9998511075973511}, "left foot index": {"x": 0.41306400299072266, "y": 0.6973906755447388, "z": 0.4623972177505493, "visibility": 0.9659687876701355, "presence": 0.999794065952301}, "right foot index": {"x": 0.08053138107061386, "y": 0.7425429224967957, "z": -0.5118801593780518, "visibility": 0.9962551593780518, "presence": 0.9994146823883057}, "timestamp": "20240418-205155"}