{"nose": {"x": 0.3155200481414795, "y": 0.49074476957321167, "z": -0.40762585401535034, "visibility": 0.9998746514320374, "presence": 0.9999966621398926}, "left eye (inner)": {"x": 0.31358903646469116, "y": 0.48235321044921875, "z": -0.3880043923854828, "visibility": 0.9997414350509644, "presence": 0.9999951124191284}, "left eye": {"x": 0.31191420555114746, "y": 0.48183953762054443, "z": -0.3883972465991974, "visibility": 0.9997450113296509, "presence": 0.9999959468841553}, "left eye (outer)": {"x": 0.3103629946708679, "y": 0.4813140034675598, "z": -0.3884393870830536, "visibility": 0.9998056292533875, "presence": 0.9999951124191284}, "right eye (inner)": {"x": 0.3109503984451294, "y": 0.48248815536499023, "z": -0.4406591057777405, "visibility": 0.9998695850372314, "presence": 0.999992847442627}, "right eye": {"x": 0.3075368404388428, "y": 0.4821775257587433, "z": -0.44097211956977844, "visibility": 0.9998986124992371, "presence": 0.999994158744812}, "right eye (outer)": {"x": 0.3040470778942108, "y": 0.48191389441490173, "z": -0.4411514401435852, "visibility": 0.9998937249183655, "presence": 0.9999918937683105}, "left ear": {"x": 0.28792238235473633, "y": 0.47910287976264954, "z": -0.25557103753089905, "visibility": 0.9998605847358704, "presence": 0.9999971389770508}, "right ear": {"x": 0.2821691036224365, "y": 0.48034238815307617, "z": -0.5073256492614746, "visibility": 0.9997938871383667, "presence": 0.9999886751174927}, "mouth (left)": {"x": 0.3041284680366516, "y": 0.49698394536972046, "z": -0.35019364953041077, "visibility": 0.9998593926429749, "presence": 0.9999986886978149}, "mouth (right)": {"x": 0.30135735869407654, "y": 0.4971220791339874, "z": -0.42360326647758484, "visibility": 0.9999200105667114, "presence": 0.999997615814209}, "left shoulder": {"x": 0.2690574526786804, "y": 0.4997383654117584, "z": -0.0557466596364975, "visibility": 0.9999876618385315, "presence": 0.9999998807907104}, "right shoulder": {"x": 0.21140702068805695, "y": 0.5080883502960205, "z": -0.5511660575866699, "visibility": 0.9999871253967285, "presence": 0.9999934434890747}, "left elbow": {"x": 0.332157164812088, "y": 0.5241902470588684, "z": 0.1800169050693512, "visibility": 0.8798434734344482, "presence": 0.9999996423721313}, "right elbow": {"x": 0.21262332797050476, "y": 0.5530310869216919, "z": -0.7128313183784485, "visibility": 0.9904016852378845, "presence": 0.9997645020484924}, "left wrist": {"x": 0.3947155475616455, "y": 0.5167679190635681, "z": 0.28156033158302307, "visibility": 0.9398151636123657, "presence": 0.9999982118606567}, "right wrist": {"x": 0.24150006473064423, "y": 0.5671894550323486, "z": -0.8556589484214783, "visibility": 0.9754836559295654, "presence": 0.9999518394470215}, "left pinky": {"x": 0.41064178943634033, "y": 0.5121352076530457, "z": 0.31447502970695496, "visibility": 0.9366853833198547, "presence": 0.9999938011169434}, "right pinky": {"x": 0.24289117753505707, "y": 0.5724619626998901, "z": -0.928131103515625, "visibility": 0.9668277502059937, "presence": 0.9999610185623169}, "left index": {"x": 0.4111640155315399, "y": 0.5096595287322998, "z": 0.26313209533691406, "visibility": 0.940755307674408, "presence": 0.9999884366989136}, "right index": {"x": 0.24427945911884308, "y": 0.5654575228691101, "z": -0.9205475449562073, "visibility": 0.9666404724121094, "presence": 0.9999524354934692}, "left thumb": {"x": 0.40452882647514343, "y": 0.5108560919761658, "z": 0.264784038066864, "visibility": 0.935735285282135, "presence": 0.999994158744812}, "right thumb": {"x": 0.24297548830509186, "y": 0.5636141300201416, "z": -0.8575032949447632, "visibility": 0.9288628697395325, "presence": 0.9999674558639526}, "left hip": {"x": 0.1895594447851181, "y": 0.583493709564209, "z": 0.16322268545627594, "visibility": 0.9999783039093018, "presence": 0.9999998807907104}, "right hip": {"x": 0.13381046056747437, "y": 0.5887356996536255, "z": -0.16314120590686798, "visibility": 0.9999775886535645, "presence": 0.9999995231628418}, "left knee": {"x": 0.30708181858062744, "y": 0.6177933216094971, "z": 0.3412417471408844, "visibility": 0.9430267214775085, "presence": 0.9999995231628418}, "right knee": {"x": 0.12789171934127808, "y": 0.6504088044166565, "z": -0.5828507542610168, "visibility": 0.9992126822471619, "presence": 0.9999983310699463}, "left ankle": {"x": 0.3172365427017212, "y": 0.6861919164657593, "z": 0.6164337396621704, "visibility": 0.9824995994567871, "presence": 0.9999933242797852}, "right ankle": {"x": 0.046810947358608246, "y": 0.7176680564880371, "z": -0.5329287052154541, "visibility": 0.9985865354537964, "presence": 0.9999847412109375}, "left heel": {"x": 0.30123522877693176, "y": 0.7013427019119263, "z": 0.6339371204376221, "visibility": 0.9586877822875977, "presence": 0.9999815225601196}, "right heel": {"x": 0.032668910920619965, "y": 0.72572922706604, "z": -0.5323582291603088, "visibility": 0.966804563999176, "presence": 0.9999696016311646}, "left foot index": {"x": 0.37903839349746704, "y": 0.6992026567459106, "z": 0.5508340001106262, "visibility": 0.9835347533226013, "presence": 0.999976396560669}, "right foot index": {"x": 0.057444825768470764, "y": 0.7422009706497192, "z": -0.6961666345596313, "visibility": 0.996793806552887, "presence": 0.999924898147583}, "timestamp": "20240418-205221"}