{"nose": {"x": 0.28480249643325806, "y": 0.4470161497592926, "z": -0.2344353348016739, "visibility": 0.9991853833198547, "presence": 0.9999793767929077}, "left eye (inner)": {"x": 0.2818458676338196, "y": 0.4385264217853546, "z": -0.20927968621253967, "visibility": 0.998631477355957, "presence": 0.9999675750732422}, "left eye": {"x": 0.28187498450279236, "y": 0.4381103515625, "z": -0.20960168540477753, "visibility": 0.9985167980194092, "presence": 0.9999746084213257}, "left eye (outer)": {"x": 0.2818894684314728, "y": 0.4376593232154846, "z": -0.20957154035568237, "visibility": 0.9989303350448608, "presence": 0.9999724626541138}, "right eye (inner)": {"x": 0.27706846594810486, "y": 0.43859440088272095, "z": -0.2458796352148056, "visibility": 0.9994440674781799, "presence": 0.9999512434005737}, "right eye": {"x": 0.2734193205833435, "y": 0.43836212158203125, "z": -0.2461862862110138, "visibility": 0.9995957612991333, "presence": 0.9999604225158691}, "right eye (outer)": {"x": 0.26903483271598816, "y": 0.43808355927467346, "z": -0.24631625413894653, "visibility": 0.999634861946106, "presence": 0.99994957447052}, "left ear": {"x": 0.2587944269180298, "y": 0.4391419589519501, "z": -0.07210680842399597, "visibility": 0.9992495179176331, "presence": 0.9999834299087524}, "right ear": {"x": 0.24551130831241608, "y": 0.4392233192920685, "z": -0.24051624536514282, "visibility": 0.999308705329895, "presence": 0.9999384880065918}, "mouth (left)": {"x": 0.2767370045185089, "y": 0.4557083547115326, "z": -0.1787092089653015, "visibility": 0.9991675019264221, "presence": 0.9999939203262329}, "mouth (right)": {"x": 0.2717777192592621, "y": 0.45561689138412476, "z": -0.22962519526481628, "visibility": 0.9995847940444946, "presence": 0.9999858140945435}, "left shoulder": {"x": 0.2678077518939972, "y": 0.47476255893707275, "z": 0.06186332553625107, "visibility": 0.9999465346336365, "presence": 0.9999990463256836}, "right shoulder": {"x": 0.17952512204647064, "y": 0.4638572335243225, "z": -0.2781468331813812, "visibility": 0.9999688267707825, "presence": 0.999981164932251}, "left elbow": {"x": 0.3238070607185364, "y": 0.49329063296318054, "z": 0.1444314420223236, "visibility": 0.6933414936065674, "presence": 0.9999955892562866}, "right elbow": {"x": 0.1645313948392868, "y": 0.488931268453598, "z": -0.5099542140960693, "visibility": 0.9884495139122009, "presence": 0.9997603297233582}, "left wrist": {"x": 0.38938531279563904, "y": 0.4982371926307678, "z": 0.030390433967113495, "visibility": 0.7487626075744629, "presence": 0.9999902248382568}, "right wrist": {"x": 0.2507134974002838, "y": 0.49754080176353455, "z": -0.7330668568611145, "visibility": 0.9500266909599304, "presence": 0.9999502897262573}, "left pinky": {"x": 0.41261914372444153, "y": 0.4970530569553375, "z": 0.016244782134890556, "visibility": 0.75626540184021, "presence": 0.9999622106552124}, "right pinky": {"x": 0.26860231161117554, "y": 0.49904051423072815, "z": -0.8117987513542175, "visibility": 0.9278404712677002, "presence": 0.9999164342880249}, "left index": {"x": 0.4092176854610443, "y": 0.4944401681423187, "z": -0.026096392422914505, "visibility": 0.7650600075721741, "presence": 0.9999579191207886}, "right index": {"x": 0.273135244846344, "y": 0.49638473987579346, "z": -0.7971094250679016, "visibility": 0.9261059761047363, "presence": 0.9999336004257202}, "left thumb": {"x": 0.39882081747055054, "y": 0.49525701999664307, "z": 0.010766486637294292, "visibility": 0.7564347982406616, "presence": 0.9999775886535645}, "right thumb": {"x": 0.26787886023521423, "y": 0.4971541166305542, "z": -0.7346318960189819, "visibility": 0.8494365215301514, "presence": 0.9999607801437378}, "left hip": {"x": 0.24033577740192413, "y": 0.5742186307907104, "z": 0.10854610800743103, "visibility": 0.9999753832817078, "presence": 0.999998927116394}, "right hip": {"x": 0.16864991188049316, "y": 0.5769931077957153, "z": -0.10860741138458252, "visibility": 0.9999741911888123, "presence": 0.9999971389770508}, "left knee": {"x": 0.333107590675354, "y": 0.617981493473053, "z": -0.022013690322637558, "visibility": 0.9232531189918518, "presence": 0.9999933242797852}, "right knee": {"x": 0.13990554213523865, "y": 0.6455533504486084, "z": -0.3606581687927246, "visibility": 0.9985403418540955, "presence": 0.9999837875366211}, "left ankle": {"x": 0.3369961380958557, "y": 0.6849978566169739, "z": 0.245121568441391, "visibility": 0.9705448150634766, "presence": 0.9999675750732422}, "right ankle": {"x": 0.07305122911930084, "y": 0.714597225189209, "z": -0.2048121988773346, "visibility": 0.9971329569816589, "presence": 0.9998013377189636}, "left heel": {"x": 0.31971508264541626, "y": 0.69964599609375, "z": 0.2631149888038635, "visibility": 0.9464631080627441, "presence": 0.9999080896377563}, "right heel": {"x": 0.06462540477514267, "y": 0.7219629287719727, "z": -0.19529062509536743, "visibility": 0.9429590106010437, "presence": 0.9996768236160278}, "left foot index": {"x": 0.3978786766529083, "y": 0.6998279094696045, "z": 0.14549750089645386, "visibility": 0.9727270603179932, "presence": 0.9997288584709167}, "right foot index": {"x": 0.07627254724502563, "y": 0.7423914670944214, "z": -0.3606003522872925, "visibility": 0.9937156438827515, "presence": 0.9989767074584961}, "timestamp": "20240418-205215"}