{"nose": {"x": 0.3794842064380646, "y": 0.45684149861335754, "z": -0.5123174786567688, "visibility": 0.9989601373672485, "presence": 0.9999960660934448}, "left eye (inner)": {"x": 0.3751925826072693, "y": 0.4484550356864929, "z": -0.488938570022583, "visibility": 0.9979410171508789, "presence": 0.9999947547912598}, "left eye": {"x": 0.3746263384819031, "y": 0.4481218159198761, "z": -0.48934587836265564, "visibility": 0.9979751110076904, "presence": 0.9999958276748657}, "left eye (outer)": {"x": 0.3742867708206177, "y": 0.4477570950984955, "z": -0.4893553853034973, "visibility": 0.9985176920890808, "presence": 0.9999951124191284}, "right eye (inner)": {"x": 0.3714620769023895, "y": 0.44832202792167664, "z": -0.5346913933753967, "visibility": 0.9988034963607788, "presence": 0.9999922513961792}, "right eye": {"x": 0.367926687002182, "y": 0.44800305366516113, "z": -0.5350433588027954, "visibility": 0.9989853501319885, "presence": 0.9999939203262329}, "right eye (outer)": {"x": 0.3636925518512726, "y": 0.44768139719963074, "z": -0.5352858901023865, "visibility": 0.9990535974502563, "presence": 0.9999921321868896}, "left ear": {"x": 0.3564052879810333, "y": 0.44807302951812744, "z": -0.3315926194190979, "visibility": 0.9987569451332092, "presence": 0.9999969005584717}, "right ear": {"x": 0.34143513441085815, "y": 0.4477795362472534, "z": -0.5417928099632263, "visibility": 0.9979556798934937, "presence": 0.999988317489624}, "mouth (left)": {"x": 0.37150558829307556, "y": 0.4642719328403473, "z": -0.4458965063095093, "visibility": 0.9993990063667297, "presence": 0.999998927116394}, "mouth (right)": {"x": 0.36575087904930115, "y": 0.4647069573402405, "z": -0.5098950266838074, "visibility": 0.9994795322418213, "presence": 0.9999979734420776}, "left shoulder": {"x": 0.3639124631881714, "y": 0.48103564977645874, "z": -0.10465466231107712, "visibility": 0.9999865293502808, "presence": 0.9999998807907104}, "right shoulder": {"x": 0.2712380886077881, "y": 0.47743743658065796, "z": -0.5252785682678223, "visibility": 0.9999467134475708, "presence": 0.9999978542327881}, "left elbow": {"x": 0.39347511529922485, "y": 0.50813227891922, "z": 0.1534251570701599, "visibility": 0.8570026755332947, "presence": 0.9999997615814209}, "right elbow": {"x": 0.22863510251045227, "y": 0.5222368836402893, "z": -0.6153048276901245, "visibility": 0.9781942963600159, "presence": 0.9999480247497559}, "left wrist": {"x": 0.43165698647499084, "y": 0.5261301398277283, "z": 0.25039395689964294, "visibility": 0.9277878403663635, "presence": 0.9999995231628418}, "right wrist": {"x": 0.2851632535457611, "y": 0.5582103133201599, "z": -0.7070742249488831, "visibility": 0.9669145941734314, "presence": 0.9999970197677612}, "left pinky": {"x": 0.44502678513526917, "y": 0.5305079221725464, "z": 0.2773386538028717, "visibility": 0.9252117872238159, "presence": 0.9999980926513672}, "right pinky": {"x": 0.2959159016609192, "y": 0.5707011818885803, "z": -0.77692711353302, "visibility": 0.9461705684661865, "presence": 0.9999963045120239}, "left index": {"x": 0.4436873197555542, "y": 0.5277402400970459, "z": 0.2182454615831375, "visibility": 0.930671215057373, "presence": 0.9999971389770508}, "right index": {"x": 0.3077166974544525, "y": 0.5681698322296143, "z": -0.7692821621894836, "visibility": 0.943199634552002, "presence": 0.9999961853027344}, "left thumb": {"x": 0.4363655149936676, "y": 0.5268675684928894, "z": 0.2318282425403595, "visibility": 0.9005603790283203, "presence": 0.9999985694885254}, "right thumb": {"x": 0.30514898896217346, "y": 0.5647428035736084, "z": -0.7075647115707397, "visibility": 0.8744040727615356, "presence": 0.9999977350234985}, "left hip": {"x": 0.2789420187473297, "y": 0.5667027235031128, "z": 0.1416606307029724, "visibility": 0.9999725222587585, "presence": 0.9999995231628418}, "right hip": {"x": 0.21914470195770264, "y": 0.5635100603103638, "z": -0.14162129163742065, "visibility": 0.9999658465385437, "presence": 0.9999984502792358}, "left knee": {"x": 0.3669987916946411, "y": 0.6190707683563232, "z": 0.2780892848968506, "visibility": 0.8363784551620483, "presence": 0.9999973773956299}, "right knee": {"x": 0.20166966319084167, "y": 0.6319977045059204, "z": -0.5036674737930298, "visibility": 0.9931933879852295, "presence": 0.9999947547912598}, "left ankle": {"x": 0.3713647723197937, "y": 0.6825585961341858, "z": 0.5877888202667236, "visibility": 0.9255295395851135, "presence": 0.9999794960021973}, "right ankle": {"x": 0.15372875332832336, "y": 0.7092794179916382, "z": -0.4475245773792267, "visibility": 0.9900922179222107, "presence": 0.9999607801437378}, "left heel": {"x": 0.35445255041122437, "y": 0.6966606378555298, "z": 0.6090959906578064, "visibility": 0.831484317779541, "presence": 0.9999498128890991}, "right heel": {"x": 0.13971863687038422, "y": 0.7198305130004883, "z": -0.4479020833969116, "visibility": 0.8730955123901367, "presence": 0.9999338388442993}, "left foot index": {"x": 0.43326637148857117, "y": 0.6970670223236084, "z": 0.5058403015136719, "visibility": 0.9215455055236816, "presence": 0.9999312162399292}, "right foot index": {"x": 0.1810256391763687, "y": 0.7358006238937378, "z": -0.6348231434822083, "visibility": 0.9798070788383484, "presence": 0.999821126461029}, "timestamp": "20240418-205122"}