{"nose": {"x": 0.31823617219924927, "y": 0.49437183141708374, "z": -0.5740978121757507, "visibility": 0.9998936653137207, "presence": 0.9999990463256836}, "left eye (inner)": {"x": 0.31512895226478577, "y": 0.4861147701740265, "z": -0.5500500202178955, "visibility": 0.9997387528419495, "presence": 0.9999988079071045}, "left eye": {"x": 0.31453195214271545, "y": 0.4856615662574768, "z": -0.550420880317688, "visibility": 0.9997461438179016, "presence": 0.999998927116394}, "left eye (outer)": {"x": 0.3140525221824646, "y": 0.48521292209625244, "z": -0.5503714680671692, "visibility": 0.9998131990432739, "presence": 0.9999985694885254}, "right eye (inner)": {"x": 0.3110407590866089, "y": 0.4863811135292053, "z": -0.5944433212280273, "visibility": 0.9998906850814819, "presence": 0.9999984502792358}, "right eye": {"x": 0.3074050545692444, "y": 0.4862985908985138, "z": -0.5947902798652649, "visibility": 0.9999154806137085, "presence": 0.9999986886978149}, "right eye (outer)": {"x": 0.30336514115333557, "y": 0.4862738251686096, "z": -0.5950226187705994, "visibility": 0.9999159574508667, "presence": 0.9999983310699463}, "left ear": {"x": 0.2971174716949463, "y": 0.4836333394050598, "z": -0.38386252522468567, "visibility": 0.9998624920845032, "presence": 0.9999990463256836}, "right ear": {"x": 0.2836879789829254, "y": 0.485458642244339, "z": -0.59030681848526, "visibility": 0.9998066425323486, "presence": 0.9999973773956299}, "mouth (left)": {"x": 0.31115639209747314, "y": 0.5002038478851318, "z": -0.5034580826759338, "visibility": 0.9999125599861145, "presence": 0.9999994039535522}, "mouth (right)": {"x": 0.3066919147968292, "y": 0.5011224746704102, "z": -0.5652738809585571, "visibility": 0.9999500513076782, "presence": 0.9999990463256836}, "left shoulder": {"x": 0.303236722946167, "y": 0.5029981136322021, "z": -0.14692959189414978, "visibility": 0.9999918341636658, "presence": 0.9999998807907104}, "right shoulder": {"x": 0.21212689578533173, "y": 0.5103442072868347, "z": -0.5508307218551636, "visibility": 0.9999897480010986, "presence": 0.9999970197677612}, "left elbow": {"x": 0.3521119952201843, "y": 0.5284128785133362, "z": 0.1109333261847496, "visibility": 0.8640061020851135, "presence": 0.999998927116394}, "right elbow": {"x": 0.15950429439544678, "y": 0.5481520891189575, "z": -0.613205075263977, "visibility": 0.9936679601669312, "presence": 0.9998674392700195}, "left wrist": {"x": 0.39154207706451416, "y": 0.538699746131897, "z": 0.21093204617500305, "visibility": 0.925646960735321, "presence": 0.9999986886978149}, "right wrist": {"x": 0.2086833119392395, "y": 0.5848577618598938, "z": -0.6710370182991028, "visibility": 0.9827033281326294, "presence": 0.9999935626983643}, "left pinky": {"x": 0.40882444381713867, "y": 0.5408267378807068, "z": 0.22202065587043762, "visibility": 0.927997350692749, "presence": 0.9999954700469971}, "right pinky": {"x": 0.21118207275867462, "y": 0.5992381572723389, "z": -0.7261871099472046, "visibility": 0.9716672897338867, "presence": 0.9999922513961792}, "left index": {"x": 0.4054601788520813, "y": 0.5377324223518372, "z": 0.16768212616443634, "visibility": 0.9337390065193176, "presence": 0.9999933242797852}, "right index": {"x": 0.2227887511253357, "y": 0.5978310704231262, "z": -0.7282890677452087, "visibility": 0.9709528088569641, "presence": 0.9999922513961792}, "left thumb": {"x": 0.3971092700958252, "y": 0.5372043251991272, "z": 0.19103558361530304, "visibility": 0.9218395948410034, "presence": 0.999996542930603}, "right thumb": {"x": 0.2176923155784607, "y": 0.5930972695350647, "z": -0.670670211315155, "visibility": 0.9272477626800537, "presence": 0.9999953508377075}, "left hip": {"x": 0.23034778237342834, "y": 0.5902483463287354, "z": 0.12819436192512512, "visibility": 0.999968945980072, "presence": 0.9999983310699463}, "right hip": {"x": 0.16829337179660797, "y": 0.5895377993583679, "z": -0.12822146713733673, "visibility": 0.9999681711196899, "presence": 0.9999945163726807}, "left knee": {"x": 0.3436778783798218, "y": 0.6215534210205078, "z": 0.07337038218975067, "visibility": 0.7867619395256042, "presence": 0.9999978542327881}, "right knee": {"x": 0.1603640466928482, "y": 0.6475603580474854, "z": -0.5708504319190979, "visibility": 0.99797123670578, "presence": 0.999993085861206}, "left ankle": {"x": 0.36012282967567444, "y": 0.6860108375549316, "z": 0.3941817879676819, "visibility": 0.9157882332801819, "presence": 0.9999822378158569}, "right ankle": {"x": 0.11365638673305511, "y": 0.7151293158531189, "z": -0.37584224343299866, "visibility": 0.9949912428855896, "presence": 0.9999618530273438}, "left heel": {"x": 0.3418973386287689, "y": 0.7002995610237122, "z": 0.4143569767475128, "visibility": 0.8570882081985474, "presence": 0.9999576807022095}, "right heel": {"x": 0.1054997369647026, "y": 0.7219340801239014, "z": -0.3616311848163605, "visibility": 0.9202197194099426, "presence": 0.9999349117279053}, "left foot index": {"x": 0.41840675473213196, "y": 0.6988118290901184, "z": 0.3142801523208618, "visibility": 0.9288276433944702, "presence": 0.9999158382415771}, "right foot index": {"x": 0.1225239709019661, "y": 0.7423223853111267, "z": -0.5210662484169006, "visibility": 0.9903436303138733, "presence": 0.9997739195823669}, "timestamp": "20240418-205140"}