{"nose": {"x": 0.2775293290615082, "y": 0.4438411295413971, "z": -0.3098036050796509, "visibility": 0.9998632669448853, "presence": 0.9999700784683228}, "left eye (inner)": {"x": 0.2718898057937622, "y": 0.4346875846385956, "z": -0.2791164517402649, "visibility": 0.9997203946113586, "presence": 0.9999549388885498}, "left eye": {"x": 0.27107715606689453, "y": 0.4343355894088745, "z": -0.2795035243034363, "visibility": 0.9997262954711914, "presence": 0.9999663829803467}, "left eye (outer)": {"x": 0.27131709456443787, "y": 0.43394798040390015, "z": -0.2795928120613098, "visibility": 0.9998027086257935, "presence": 0.9999649524688721}, "right eye (inner)": {"x": 0.2677837908267975, "y": 0.4344002604484558, "z": -0.31842678785324097, "visibility": 0.9998745322227478, "presence": 0.9999260902404785}, "right eye": {"x": 0.2643964886665344, "y": 0.4340854287147522, "z": -0.3187252879142761, "visibility": 0.9998990893363953, "presence": 0.9999393224716187}, "right eye (outer)": {"x": 0.2603779137134552, "y": 0.4337952435016632, "z": -0.31886380910873413, "visibility": 0.9998995065689087, "presence": 0.9999204874038696}, "left ear": {"x": 0.2498408704996109, "y": 0.43599703907966614, "z": -0.14376384019851685, "visibility": 0.9998664855957031, "presence": 0.9999850988388062}, "right ear": {"x": 0.23609508574008942, "y": 0.43571197986602783, "z": -0.3286076784133911, "visibility": 0.9997757077217102, "presence": 0.9999076128005981}, "mouth (left)": {"x": 0.27044761180877686, "y": 0.4513743817806244, "z": -0.2507309317588806, "visibility": 0.9998825788497925, "presence": 0.9999958276748657}, "mouth (right)": {"x": 0.264928936958313, "y": 0.4514767527580261, "z": -0.3007364571094513, "visibility": 0.9999284148216248, "presence": 0.99998939037323}, "left shoulder": {"x": 0.2686842978000641, "y": 0.4693973958492279, "z": 0.01737845316529274, "visibility": 0.9999874234199524, "presence": 0.9999997615814209}, "right shoulder": {"x": 0.16504612565040588, "y": 0.46784815192222595, "z": -0.34731003642082214, "visibility": 0.9999819993972778, "presence": 0.999987006187439}, "left elbow": {"x": 0.31100091338157654, "y": 0.5019528865814209, "z": 0.2361072599887848, "visibility": 0.7889633178710938, "presence": 0.9999994039535522}, "right elbow": {"x": 0.13229228556156158, "y": 0.5042762160301208, "z": -0.5263786315917969, "visibility": 0.9849928617477417, "presence": 0.9998016953468323}, "left wrist": {"x": 0.3726518750190735, "y": 0.5135305523872375, "z": 0.30271899700164795, "visibility": 0.828321099281311, "presence": 0.9999984502792358}, "right wrist": {"x": 0.21996963024139404, "y": 0.5284979343414307, "z": -0.7109680771827698, "visibility": 0.9424960613250732, "presence": 0.9999709129333496}, "left pinky": {"x": 0.3937552571296692, "y": 0.5152567028999329, "z": 0.32263612747192383, "visibility": 0.8366878628730774, "presence": 0.9999905824661255}, "right pinky": {"x": 0.23951764404773712, "y": 0.5400780439376831, "z": -0.780535101890564, "visibility": 0.9181714653968811, "presence": 0.9999500513076782}, "left index": {"x": 0.39321595430374146, "y": 0.5120916962623596, "z": 0.27038702368736267, "visibility": 0.8454961776733398, "presence": 0.9999868869781494}, "right index": {"x": 0.2511892318725586, "y": 0.5350148677825928, "z": -0.7698991894721985, "visibility": 0.9161005020141602, "presence": 0.999957799911499}, "left thumb": {"x": 0.3840825855731964, "y": 0.5114977359771729, "z": 0.2850077450275421, "visibility": 0.8245375156402588, "presence": 0.9999942779541016}, "right thumb": {"x": 0.24473002552986145, "y": 0.5321995615959167, "z": -0.7111481428146362, "visibility": 0.8232624530792236, "presence": 0.9999775886535645}, "left hip": {"x": 0.2149122655391693, "y": 0.5685515403747559, "z": 0.11715495586395264, "visibility": 0.9999838471412659, "presence": 0.9999994039535522}, "right hip": {"x": 0.14711755514144897, "y": 0.5680590867996216, "z": -0.11713441461324692, "visibility": 0.9999817609786987, "presence": 0.9999972581863403}, "left knee": {"x": 0.2999720871448517, "y": 0.617103099822998, "z": 0.026935139670968056, "visibility": 0.893203854560852, "presence": 0.9999955892562866}, "right knee": {"x": 0.14870969951152802, "y": 0.6394095420837402, "z": -0.42579755187034607, "visibility": 0.9974756836891174, "presence": 0.9999815225601196}, "left ankle": {"x": 0.3025988042354584, "y": 0.6828688383102417, "z": 0.3165874779224396, "visibility": 0.9385802149772644, "presence": 0.9999535083770752}, "right ankle": {"x": 0.11273506283760071, "y": 0.713956356048584, "z": -0.24669697880744934, "visibility": 0.9923678040504456, "presence": 0.9997648596763611}, "left heel": {"x": 0.28662973642349243, "y": 0.6972734928131104, "z": 0.3367764353752136, "visibility": 0.8889804482460022, "presence": 0.9998743534088135}, "right heel": {"x": 0.10421036928892136, "y": 0.721387505531311, "z": -0.23436540365219116, "visibility": 0.8843556642532349, "presence": 0.999620795249939}, "left foot index": {"x": 0.3643072247505188, "y": 0.6978804469108582, "z": 0.2390005886554718, "visibility": 0.9434698820114136, "presence": 0.9996366500854492}, "right foot index": {"x": 0.12428456544876099, "y": 0.743414580821991, "z": -0.3841109573841095, "visibility": 0.9846101403236389, "presence": 0.9985712766647339}, "timestamp": "20240418-205147"}