{"nose": {"x": 0.31418177485466003, "y": 0.4961276650428772, "z": -0.6210104823112488, "visibility": 0.9998819231987, "presence": 0.9999997615814209}, "left eye (inner)": {"x": 0.3114602267742157, "y": 0.4878852069377899, "z": -0.5990043878555298, "visibility": 0.9997348189353943, "presence": 0.9999997615814209}, "left eye": {"x": 0.3112154006958008, "y": 0.48730918765068054, "z": -0.5993943214416504, "visibility": 0.9997506737709045, "presence": 0.9999997615814209}, "left eye (outer)": {"x": 0.31122517585754395, "y": 0.4867295026779175, "z": -0.5993690490722656, "visibility": 0.9997925162315369, "presence": 0.9999996423721313}, "right eye (inner)": {"x": 0.3071804642677307, "y": 0.48821666836738586, "z": -0.6454958319664001, "visibility": 0.9998775124549866, "presence": 0.9999996423721313}, "right eye": {"x": 0.303754985332489, "y": 0.488058865070343, "z": -0.6458454132080078, "visibility": 0.999902606010437, "presence": 0.9999996423721313}, "right eye (outer)": {"x": 0.29979315400123596, "y": 0.4880109131336212, "z": -0.646050751209259, "visibility": 0.9998922944068909, "presence": 0.9999995231628418}, "left ear": {"x": 0.2934877574443817, "y": 0.48440223932266235, "z": -0.4300161302089691, "visibility": 0.9998488426208496, "presence": 0.9999997615814209}, "right ear": {"x": 0.2798858880996704, "y": 0.48614752292633057, "z": -0.647914469242096, "visibility": 0.9997832179069519, "presence": 0.9999992847442627}, "mouth (left)": {"x": 0.3080736994743347, "y": 0.502117931842804, "z": -0.5478260517120361, "visibility": 0.9998744130134583, "presence": 0.9999997615814209}, "mouth (right)": {"x": 0.30322566628456116, "y": 0.5030559301376343, "z": -0.6126047968864441, "visibility": 0.9999276399612427, "presence": 0.9999995231628418}, "left shoulder": {"x": 0.2969837784767151, "y": 0.5012109875679016, "z": -0.18338097631931305, "visibility": 0.9999894499778748, "presence": 0.9999998807907104}, "right shoulder": {"x": 0.20266318321228027, "y": 0.5031748414039612, "z": -0.6037781238555908, "visibility": 0.9999915361404419, "presence": 0.9999979734420776}, "left elbow": {"x": 0.3411707282066345, "y": 0.5264519453048706, "z": 0.07705849409103394, "visibility": 0.8867074847221375, "presence": 0.9999990463256836}, "right elbow": {"x": 0.1572389155626297, "y": 0.5498367547988892, "z": -0.6950805187225342, "visibility": 0.9951422214508057, "presence": 0.9998689889907837}, "left wrist": {"x": 0.3837833106517792, "y": 0.5435601472854614, "z": 0.1784195750951767, "visibility": 0.9221929311752319, "presence": 0.9999982118606567}, "right wrist": {"x": 0.19471925497055054, "y": 0.5865994691848755, "z": -0.782524824142456, "visibility": 0.9847779273986816, "presence": 0.9999895095825195}, "left pinky": {"x": 0.3984821140766144, "y": 0.5496065616607666, "z": 0.20417273044586182, "visibility": 0.9210612773895264, "presence": 0.9999945163726807}, "right pinky": {"x": 0.2018803209066391, "y": 0.6000962853431702, "z": -0.8470146059989929, "visibility": 0.9755620956420898, "presence": 0.9999880790710449}, "left index": {"x": 0.3964124321937561, "y": 0.5459158420562744, "z": 0.14864002168178558, "visibility": 0.9266526699066162, "presence": 0.9999912977218628}, "right index": {"x": 0.21441784501075745, "y": 0.5981238484382629, "z": -0.847414493560791, "visibility": 0.9746955037117004, "presence": 0.9999867677688599}, "left thumb": {"x": 0.38823357224464417, "y": 0.5437286496162415, "z": 0.16095325350761414, "visibility": 0.9151762127876282, "presence": 0.9999953508377075}, "right thumb": {"x": 0.21348148584365845, "y": 0.5942299365997314, "z": -0.7838153839111328, "visibility": 0.9377195239067078, "presence": 0.999991774559021}, "left hip": {"x": 0.21747639775276184, "y": 0.5893464684486389, "z": 0.13412481546401978, "visibility": 0.999970555305481, "presence": 0.9999985694885254}, "right hip": {"x": 0.15550866723060608, "y": 0.5889576077461243, "z": -0.13418501615524292, "visibility": 0.9999745488166809, "presence": 0.9999953508377075}, "left knee": {"x": 0.3364666700363159, "y": 0.6226122975349426, "z": 0.1681177169084549, "visibility": 0.9008657932281494, "presence": 0.9999964237213135}, "right knee": {"x": 0.14500674605369568, "y": 0.6465638875961304, "z": -0.6013222932815552, "visibility": 0.998847246170044, "presence": 0.9999904632568359}, "left ankle": {"x": 0.33940714597702026, "y": 0.6859334111213684, "z": 0.48708680272102356, "visibility": 0.9632528424263, "presence": 0.9999678134918213}, "right ankle": {"x": 0.08788374811410904, "y": 0.7168189883232117, "z": -0.45919638872146606, "visibility": 0.9976399540901184, "presence": 0.9999361038208008}, "left heel": {"x": 0.31904691457748413, "y": 0.6999672651290894, "z": 0.5091722011566162, "visibility": 0.9308979511260986, "presence": 0.9999245405197144}, "right heel": {"x": 0.07888679951429367, "y": 0.7241851091384888, "z": -0.4502406120300293, "visibility": 0.9535943269729614, "presence": 0.9998916387557983}, "left foot index": {"x": 0.39913418889045715, "y": 0.7001832127571106, "z": 0.4057064950466156, "visibility": 0.9641437530517578, "presence": 0.9998999834060669}, "right foot index": {"x": 0.09350208193063736, "y": 0.7444206476211548, "z": -0.6261931657791138, "visibility": 0.9943201541900635, "presence": 0.999714195728302}, "timestamp": "20240418-205152"}