{"nose": {"x": 0.3993702828884125, "y": 0.4615529477596283, "z": -0.4450877606868744, "visibility": 0.9997748136520386, "presence": 0.9999963045120239}, "left eye (inner)": {"x": 0.3973785936832428, "y": 0.4544089436531067, "z": -0.41513684391975403, "visibility": 0.9995623826980591, "presence": 0.9999936819076538}, "left eye": {"x": 0.39633768796920776, "y": 0.4542931318283081, "z": -0.415456622838974, "visibility": 0.9995667934417725, "presence": 0.9999946355819702}, "left eye (outer)": {"x": 0.3955128788948059, "y": 0.4541594088077545, "z": -0.41537365317344666, "visibility": 0.9996778964996338, "presence": 0.999993085861206}, "right eye (inner)": {"x": 0.39333751797676086, "y": 0.4537995159626007, "z": -0.4574395418167114, "visibility": 0.9997580051422119, "presence": 0.9999922513961792}, "right eye": {"x": 0.3899906575679779, "y": 0.4534362852573395, "z": -0.45775529742240906, "visibility": 0.9997962117195129, "presence": 0.9999938011169434}, "right eye (outer)": {"x": 0.38622286915779114, "y": 0.4530961811542511, "z": -0.45780661702156067, "visibility": 0.9998073577880859, "presence": 0.9999916553497314}, "left ear": {"x": 0.37624993920326233, "y": 0.4541337192058563, "z": -0.2492174357175827, "visibility": 0.9997215270996094, "presence": 0.9999929666519165}, "right ear": {"x": 0.36433425545692444, "y": 0.4532336890697479, "z": -0.4504036605358124, "visibility": 0.9995813369750977, "presence": 0.9999878406524658}, "mouth (left)": {"x": 0.3889501392841339, "y": 0.4688143730163574, "z": -0.37949779629707336, "visibility": 0.9998220801353455, "presence": 0.999996542930603}, "mouth (right)": {"x": 0.3841989040374756, "y": 0.46801304817199707, "z": -0.4375191628932953, "visibility": 0.9998674392700195, "presence": 0.9999935626983643}, "left shoulder": {"x": 0.36251264810562134, "y": 0.4834040701389313, "z": -0.09081511944532394, "visibility": 0.9999829530715942, "presence": 0.9999977350234985}, "right shoulder": {"x": 0.30683189630508423, "y": 0.4801625609397888, "z": -0.5261667370796204, "visibility": 0.9999760389328003, "presence": 0.9999874830245972}, "left elbow": {"x": 0.42105430364608765, "y": 0.4994722902774811, "z": -0.23768962919712067, "visibility": 0.6618203520774841, "presence": 0.9999674558639526}, "right elbow": {"x": 0.3521721363067627, "y": 0.4994819760322571, "z": -0.771314799785614, "visibility": 0.9792909622192383, "presence": 0.9998475313186646}, "left wrist": {"x": 0.47886407375335693, "y": 0.4982106387615204, "z": -0.6195946931838989, "visibility": 0.7681518197059631, "presence": 0.9999443292617798}, "right wrist": {"x": 0.4354204535484314, "y": 0.500208854675293, "z": -0.9588423371315002, "visibility": 0.9439252614974976, "presence": 0.9999449253082275}, "left pinky": {"x": 0.49677497148513794, "y": 0.496843159198761, "z": -0.681163489818573, "visibility": 0.7819764614105225, "presence": 0.9999072551727295}, "right pinky": {"x": 0.4499771296977997, "y": 0.49799293279647827, "z": -1.051838994026184, "visibility": 0.9295440316200256, "presence": 0.9999337196350098}, "left index": {"x": 0.4956105351448059, "y": 0.4939180910587311, "z": -0.7085527777671814, "visibility": 0.7924233078956604, "presence": 0.9999158382415771}, "right index": {"x": 0.45795488357543945, "y": 0.49513351917266846, "z": -1.0320888757705688, "visibility": 0.9248303771018982, "presence": 0.9999425411224365}, "left thumb": {"x": 0.48806267976760864, "y": 0.4956890642642975, "z": -0.6418583989143372, "visibility": 0.7678349018096924, "presence": 0.9999426603317261}, "right thumb": {"x": 0.4517134130001068, "y": 0.49599510431289673, "z": -0.9583551287651062, "visibility": 0.8525843024253845, "presence": 0.9999629259109497}, "left hip": {"x": 0.2926829755306244, "y": 0.5728209018707275, "z": 0.1530839055776596, "visibility": 0.9999886155128479, "presence": 0.9999994039535522}, "right hip": {"x": 0.23609822988510132, "y": 0.5745983123779297, "z": -0.15303555130958557, "visibility": 0.9999901056289673, "presence": 0.9999991655349731}, "left knee": {"x": 0.39845961332321167, "y": 0.6163491010665894, "z": 0.2846376895904541, "visibility": 0.7593567371368408, "presence": 0.9999876022338867}, "right knee": {"x": 0.2211156040430069, "y": 0.6397517323493958, "z": -0.477262943983078, "visibility": 0.9984272122383118, "presence": 0.9999916553497314}, "left ankle": {"x": 0.37417706847190857, "y": 0.6839139461517334, "z": 0.5787556767463684, "visibility": 0.9156980514526367, "presence": 0.9999871253967285}, "right ankle": {"x": 0.15302908420562744, "y": 0.7143681049346924, "z": -0.4594886004924774, "visibility": 0.9974545240402222, "presence": 0.9999706745147705}, "left heel": {"x": 0.3550471365451813, "y": 0.6975961327552795, "z": 0.5972886085510254, "visibility": 0.8946360349655151, "presence": 0.9999738931655884}, "right heel": {"x": 0.13434483110904694, "y": 0.7270681858062744, "z": -0.4625084698200226, "visibility": 0.9641873836517334, "presence": 0.9999525547027588}, "left foot index": {"x": 0.4348403811454773, "y": 0.6971998810768127, "z": 0.48642498254776, "visibility": 0.9392812252044678, "presence": 0.9999802112579346}, "right foot index": {"x": 0.18844087421894073, "y": 0.736141562461853, "z": -0.6594701409339905, "visibility": 0.9948071837425232, "presence": 0.999914288520813}, "timestamp": "20240418-205124"}