{"nose": {"x": 0.3307912051677704, "y": 0.49796605110168457, "z": -0.46125006675720215, "visibility": 0.9999182820320129, "presence": 0.9999997615814209}, "left eye (inner)": {"x": 0.33040717244148254, "y": 0.4895540773868561, "z": -0.44083449244499207, "visibility": 0.999813437461853, "presence": 0.9999996423721313}, "left eye": {"x": 0.32975926995277405, "y": 0.48904186487197876, "z": -0.4411807060241699, "visibility": 0.9998158812522888, "presence": 0.9999996423721313}, "left eye (outer)": {"x": 0.3292562961578369, "y": 0.4885351359844208, "z": -0.441178560256958, "visibility": 0.999858558177948, "presence": 0.9999995231628418}, "right eye (inner)": {"x": 0.3263368308544159, "y": 0.48932719230651855, "z": -0.49590542912483215, "visibility": 0.9999113082885742, "presence": 0.9999995231628418}, "right eye": {"x": 0.3227042853832245, "y": 0.4887515604496002, "z": -0.49624666571617126, "visibility": 0.9999294877052307, "presence": 0.9999996423721313}, "right eye (outer)": {"x": 0.31900274753570557, "y": 0.48820462822914124, "z": -0.4964314103126526, "visibility": 0.9999269247055054, "presence": 0.9999995231628418}, "left ear": {"x": 0.31065720319747925, "y": 0.48588159680366516, "z": -0.3027805984020233, "visibility": 0.9999029040336609, "presence": 0.9999996423721313}, "right ear": {"x": 0.2996148467063904, "y": 0.48599717020988464, "z": -0.5308383107185364, "visibility": 0.9998499751091003, "presence": 0.9999994039535522}, "mouth (left)": {"x": 0.3207608759403229, "y": 0.5036386251449585, "z": -0.3991352319717407, "visibility": 0.9999400973320007, "presence": 0.9999997615814209}, "mouth (right)": {"x": 0.3163190484046936, "y": 0.5037720799446106, "z": -0.47725576162338257, "visibility": 0.9999616742134094, "presence": 0.9999997615814209}, "left shoulder": {"x": 0.29838263988494873, "y": 0.5090036392211914, "z": -0.07321681082248688, "visibility": 0.9999946355819702, "presence": 1.0}, "right shoulder": {"x": 0.22279255092144012, "y": 0.5048068761825562, "z": -0.5353832840919495, "visibility": 0.9999924302101135, "presence": 0.9999992847442627}, "left elbow": {"x": 0.35354310274124146, "y": 0.5276382565498352, "z": 0.1824961006641388, "visibility": 0.8876827955245972, "presence": 0.9999997615814209}, "right elbow": {"x": 0.19390346109867096, "y": 0.5506947636604309, "z": -0.6237074136734009, "visibility": 0.9960139989852905, "presence": 0.9999668598175049}, "left wrist": {"x": 0.4034115970134735, "y": 0.5373613834381104, "z": 0.3046873211860657, "visibility": 0.9464224576950073, "presence": 0.9999994039535522}, "right wrist": {"x": 0.236104354262352, "y": 0.5904581546783447, "z": -0.6437466740608215, "visibility": 0.9900065064430237, "presence": 0.9999982118606567}, "left pinky": {"x": 0.4154830574989319, "y": 0.5389372110366821, "z": 0.34110143780708313, "visibility": 0.9468863010406494, "presence": 0.9999979734420776}, "right pinky": {"x": 0.23187996447086334, "y": 0.6027776002883911, "z": -0.6880095601081848, "visibility": 0.9836474061012268, "presence": 0.9999980926513672}, "left index": {"x": 0.41519951820373535, "y": 0.5372625589370728, "z": 0.28906312584877014, "visibility": 0.9495645761489868, "presence": 0.9999966621398926}, "right index": {"x": 0.23369932174682617, "y": 0.6016090512275696, "z": -0.6919354796409607, "visibility": 0.9832865595817566, "presence": 0.9999978542327881}, "left thumb": {"x": 0.408615380525589, "y": 0.5361671447753906, "z": 0.2889347970485687, "visibility": 0.9418694972991943, "presence": 0.9999983310699463}, "right thumb": {"x": 0.23714305460453033, "y": 0.5972827672958374, "z": -0.6343135237693787, "visibility": 0.9585719108581543, "presence": 0.9999986886978149}, "left hip": {"x": 0.20971521735191345, "y": 0.5883514285087585, "z": 0.15060992538928986, "visibility": 0.9999722838401794, "presence": 0.9999998807907104}, "right hip": {"x": 0.15013347566127777, "y": 0.5880507826805115, "z": -0.1505925953388214, "visibility": 0.9999716281890869, "presence": 0.9999996423721313}, "left knee": {"x": 0.3245425522327423, "y": 0.620221734046936, "z": 0.2776062786579132, "visibility": 0.9299299120903015, "presence": 0.9999996423721313}, "right knee": {"x": 0.1367158442735672, "y": 0.646590530872345, "z": -0.6477896571159363, "visibility": 0.9988327026367188, "presence": 0.9999992847442627}, "left ankle": {"x": 0.3239826560020447, "y": 0.6867761611938477, "z": 0.5566630363464355, "visibility": 0.9651919603347778, "presence": 0.9999963045120239}, "right ankle": {"x": 0.06580132991075516, "y": 0.7164662480354309, "z": -0.5984826683998108, "visibility": 0.9976065158843994, "presence": 0.9999940395355225}, "left heel": {"x": 0.3065923750400543, "y": 0.7013034224510193, "z": 0.5747995376586914, "visibility": 0.9326954483985901, "presence": 0.9999910593032837}, "right heel": {"x": 0.053738486021757126, "y": 0.7243170142173767, "z": -0.5977415442466736, "visibility": 0.9483305215835571, "presence": 0.9999898672103882}, "left foot index": {"x": 0.3875046968460083, "y": 0.7001151442527771, "z": 0.49013999104499817, "visibility": 0.9678202867507935, "presence": 0.9999865293502808}, "right foot index": {"x": 0.07020889967679977, "y": 0.742245078086853, "z": -0.763393759727478, "visibility": 0.9945547580718994, "presence": 0.9999730587005615}, "timestamp": "20240418-205206"}