{"nose": {"x": 0.3174917697906494, "y": 0.46483010053634644, "z": -0.3328268527984619, "visibility": 0.9998454451560974, "presence": 0.9999896287918091}, "left eye (inner)": {"x": 0.3154723346233368, "y": 0.4568321108818054, "z": -0.310168594121933, "visibility": 0.9997298717498779, "presence": 0.9999881982803345}, "left eye": {"x": 0.31477662920951843, "y": 0.45667093992233276, "z": -0.3105292022228241, "visibility": 0.9997318983078003, "presence": 0.9999909400939941}, "left eye (outer)": {"x": 0.3142169713973999, "y": 0.45646896958351135, "z": -0.310488760471344, "visibility": 0.9997928738594055, "presence": 0.9999901056289673}, "right eye (inner)": {"x": 0.31189802289009094, "y": 0.4560227394104004, "z": -0.35379520058631897, "visibility": 0.9998677968978882, "presence": 0.9999805688858032}, "right eye": {"x": 0.3083239793777466, "y": 0.4552965462207794, "z": -0.3540933132171631, "visibility": 0.9998941421508789, "presence": 0.9999834299087524}, "right eye (outer)": {"x": 0.3042231798171997, "y": 0.4546017050743103, "z": -0.35425296425819397, "visibility": 0.9998874068260193, "presence": 0.999977707862854}, "left ear": {"x": 0.2924218773841858, "y": 0.45482251048088074, "z": -0.17035675048828125, "visibility": 0.9998543858528137, "presence": 0.9999934434890747}, "right ear": {"x": 0.27873361110687256, "y": 0.4540107846260071, "z": -0.3651711344718933, "visibility": 0.9998122453689575, "presence": 0.9999690055847168}, "mouth (left)": {"x": 0.306854784488678, "y": 0.47214359045028687, "z": -0.27422818541526794, "visibility": 0.9998534321784973, "presence": 0.9999949932098389}, "mouth (right)": {"x": 0.30233511328697205, "y": 0.47199538350105286, "z": -0.33558669686317444, "visibility": 0.9999070167541504, "presence": 0.9999880790710449}, "left shoulder": {"x": 0.29657238721847534, "y": 0.4847666025161743, "z": -0.02578343078494072, "visibility": 0.9999825358390808, "presence": 0.9999990463256836}, "right shoulder": {"x": 0.21002930402755737, "y": 0.4835311770439148, "z": -0.4085395932197571, "visibility": 0.9999808073043823, "presence": 0.9999672174453735}, "left elbow": {"x": 0.33335214853286743, "y": 0.5056871771812439, "z": 0.02873607724905014, "visibility": 0.6772876977920532, "presence": 0.9999934434890747}, "right elbow": {"x": 0.21941819787025452, "y": 0.504185676574707, "z": -0.6131352782249451, "visibility": 0.9903486371040344, "presence": 0.9994864463806152}, "left wrist": {"x": 0.41795286536216736, "y": 0.5071296691894531, "z": -0.07843679189682007, "visibility": 0.7753242254257202, "presence": 0.999980092048645}, "right wrist": {"x": 0.31104210019111633, "y": 0.5119756460189819, "z": -0.7808961272239685, "visibility": 0.9681834578514099, "presence": 0.9997411370277405}, "left pinky": {"x": 0.4361008405685425, "y": 0.5051035284996033, "z": -0.09363538771867752, "visibility": 0.7955754399299622, "presence": 0.9999396800994873}, "right pinky": {"x": 0.33118298649787903, "y": 0.512389063835144, "z": -0.8599328994750977, "visibility": 0.9533995985984802, "presence": 0.9996637105941772}, "left index": {"x": 0.43806254863739014, "y": 0.5023264288902283, "z": -0.14098265767097473, "visibility": 0.8010937571525574, "presence": 0.9999207258224487}, "right index": {"x": 0.3369273543357849, "y": 0.5083668231964111, "z": -0.845503032207489, "visibility": 0.9514105319976807, "presence": 0.9996780157089233}, "left thumb": {"x": 0.42840445041656494, "y": 0.5031548142433167, "z": -0.10115867853164673, "visibility": 0.7819998860359192, "presence": 0.9999537467956543}, "right thumb": {"x": 0.3281313180923462, "y": 0.5097270607948303, "z": -0.7799184918403625, "visibility": 0.8904948234558105, "presence": 0.9997885823249817}, "left hip": {"x": 0.2531272768974304, "y": 0.5836130380630493, "z": 0.1244133785367012, "visibility": 0.9999837875366211, "presence": 0.9999984502792358}, "right hip": {"x": 0.18912814557552338, "y": 0.5874051451683044, "z": -0.12448541820049286, "visibility": 0.9999822974205017, "presence": 0.9999942779541016}, "left knee": {"x": 0.3663003742694855, "y": 0.62024986743927, "z": 0.15417760610580444, "visibility": 0.9522321224212646, "presence": 0.9999885559082031}, "right knee": {"x": 0.18392835557460785, "y": 0.6515267491340637, "z": -0.3092641830444336, "visibility": 0.9993439316749573, "presence": 0.999961256980896}, "left ankle": {"x": 0.35997435450553894, "y": 0.6872944831848145, "z": 0.42819806933403015, "visibility": 0.9831112623214722, "presence": 0.9999321699142456}, "right ankle": {"x": 0.10261765867471695, "y": 0.7157827615737915, "z": -0.14752799272537231, "visibility": 0.998361349105835, "presence": 0.9996132254600525}, "left heel": {"x": 0.34189853072166443, "y": 0.7023038268089294, "z": 0.4492926299571991, "visibility": 0.968470573425293, "presence": 0.9998192191123962}, "right heel": {"x": 0.09171100705862045, "y": 0.7223252058029175, "z": -0.13584169745445251, "visibility": 0.9674106240272522, "presence": 0.9993786811828613}, "left foot index": {"x": 0.4183650314807892, "y": 0.6997632384300232, "z": 0.34376293420791626, "visibility": 0.9834541082382202, "presence": 0.9995566010475159}, "right foot index": {"x": 0.10294576734304428, "y": 0.7415976524353027, "z": -0.2770991027355194, "visibility": 0.9962236285209656, "presence": 0.997951090335846}, "timestamp": "20240418-205204"}