{"nose": {"x": 0.313684344291687, "y": 0.4423375129699707, "z": -0.35213565826416016, "visibility": 0.9997667670249939, "presence": 0.999942421913147}, "left eye (inner)": {"x": 0.3111814260482788, "y": 0.433165580034256, "z": -0.3275664150714874, "visibility": 0.9995492696762085, "presence": 0.9999321699142456}, "left eye": {"x": 0.31096604466438293, "y": 0.43273916840553284, "z": -0.3279745280742645, "visibility": 0.9995606541633606, "presence": 0.9999526739120483}, "left eye (outer)": {"x": 0.31100228428840637, "y": 0.43234291672706604, "z": -0.32804644107818604, "visibility": 0.9996731281280518, "presence": 0.999953031539917}, "right eye (inner)": {"x": 0.30734020471572876, "y": 0.4331342875957489, "z": -0.3646527826786041, "visibility": 0.9997907280921936, "presence": 0.9998772144317627}, "right eye": {"x": 0.3037281036376953, "y": 0.4327847361564636, "z": -0.3649854362010956, "visibility": 0.9998324513435364, "presence": 0.9998989105224609}, "right eye (outer)": {"x": 0.2994824945926666, "y": 0.4324997067451477, "z": -0.36519622802734375, "visibility": 0.9998293519020081, "presence": 0.99986732006073}, "left ear": {"x": 0.2906629741191864, "y": 0.43352606892585754, "z": -0.18611308932304382, "visibility": 0.9997668862342834, "presence": 0.9999790191650391}, "right ear": {"x": 0.2756434381008148, "y": 0.4329741895198822, "z": -0.3638976514339447, "visibility": 0.9996134638786316, "presence": 0.99982750415802}, "mouth (left)": {"x": 0.3066384494304657, "y": 0.44905850291252136, "z": -0.29399141669273376, "visibility": 0.9998083710670471, "presence": 0.9999940395355225}, "mouth (right)": {"x": 0.30173012614250183, "y": 0.44920170307159424, "z": -0.3451603949069977, "visibility": 0.9998806715011597, "presence": 0.9999830722808838}, "left shoulder": {"x": 0.30028361082077026, "y": 0.46589457988739014, "z": -0.020794862881302834, "visibility": 0.9999850988388062, "presence": 0.9999997615814209}, "right shoulder": {"x": 0.20819199085235596, "y": 0.4616903066635132, "z": -0.37984782457351685, "visibility": 0.9999778270721436, "presence": 0.9999806880950928}, "left elbow": {"x": 0.3379064202308655, "y": 0.4990003705024719, "z": 0.17749352753162384, "visibility": 0.7651844620704651, "presence": 0.9999991655349731}, "right elbow": {"x": 0.16774916648864746, "y": 0.4981268644332886, "z": -0.569138765335083, "visibility": 0.9858266115188599, "presence": 0.9995861649513245}, "left wrist": {"x": 0.3961077928543091, "y": 0.5100221633911133, "z": 0.20546838641166687, "visibility": 0.8336755037307739, "presence": 0.9999973773956299}, "right wrist": {"x": 0.25650063157081604, "y": 0.5244045853614807, "z": -0.7619084715843201, "visibility": 0.9611343145370483, "presence": 0.9999632835388184}, "left pinky": {"x": 0.42008450627326965, "y": 0.5137832760810852, "z": 0.21720945835113525, "visibility": 0.8441592454910278, "presence": 0.9999864101409912}, "right pinky": {"x": 0.2737407386302948, "y": 0.5345746278762817, "z": -0.8427958488464355, "visibility": 0.9407417178153992, "presence": 0.9999502897262573}, "left index": {"x": 0.41840940713882446, "y": 0.5108115077018738, "z": 0.16380703449249268, "visibility": 0.8541764616966248, "presence": 0.9999809265136719}, "right index": {"x": 0.28597694635391235, "y": 0.5302683711051941, "z": -0.8307874202728271, "visibility": 0.9388629794120789, "presence": 0.9999585151672363}, "left thumb": {"x": 0.4086238443851471, "y": 0.5095958709716797, "z": 0.18623284995555878, "visibility": 0.8362371921539307, "presence": 0.9999912977218628}, "right thumb": {"x": 0.28115740418434143, "y": 0.5284935235977173, "z": -0.7628804445266724, "visibility": 0.8531783223152161, "presence": 0.999976396560669}, "left hip": {"x": 0.23569843173027039, "y": 0.5595450401306152, "z": 0.11974979192018509, "visibility": 0.9999755620956421, "presence": 0.9999988079071045}, "right hip": {"x": 0.16878366470336914, "y": 0.5589478611946106, "z": -0.11964914202690125, "visibility": 0.9999728798866272, "presence": 0.9999933242797852}, "left knee": {"x": 0.30892515182495117, "y": 0.6145280003547668, "z": 0.13547956943511963, "visibility": 0.8006778359413147, "presence": 0.9999939203262329}, "right knee": {"x": 0.16910766065120697, "y": 0.6362090706825256, "z": -0.35626450181007385, "visibility": 0.9975615739822388, "presence": 0.999971866607666}, "left ankle": {"x": 0.31954899430274963, "y": 0.6800882816314697, "z": 0.4342789351940155, "visibility": 0.9149981737136841, "presence": 0.9999465942382812}, "right ankle": {"x": 0.14134176075458527, "y": 0.7118664979934692, "z": -0.17975696921348572, "visibility": 0.9940598011016846, "presence": 0.9997283816337585}, "left heel": {"x": 0.3004317879676819, "y": 0.6960927248001099, "z": 0.45449092984199524, "visibility": 0.841956377029419, "presence": 0.9998533725738525}, "right heel": {"x": 0.13381855189800262, "y": 0.7205203771591187, "z": -0.16723443567752838, "visibility": 0.8959333300590515, "presence": 0.9995476603507996}, "left foot index": {"x": 0.3760606646537781, "y": 0.6961258053779602, "z": 0.3506711721420288, "visibility": 0.9239084720611572, "presence": 0.999617338180542}, "right foot index": {"x": 0.1475570648908615, "y": 0.7379209995269775, "z": -0.3249363303184509, "visibility": 0.9870285987854004, "presence": 0.9983865022659302}, "timestamp": "20240418-205136"}