{"nose": {"x": 0.3153899312019348, "y": 0.47673937678337097, "z": -0.31958407163619995, "visibility": 0.999906063079834, "presence": 0.999980092048645}, "left eye (inner)": {"x": 0.3116949796676636, "y": 0.4698753356933594, "z": -0.29070159792900085, "visibility": 0.9998188614845276, "presence": 0.9999761581420898}, "left eye": {"x": 0.3101463317871094, "y": 0.469465970993042, "z": -0.29102641344070435, "visibility": 0.9998178482055664, "presence": 0.9999793767929077}, "left eye (outer)": {"x": 0.30875465273857117, "y": 0.4691663384437561, "z": -0.29091542959213257, "visibility": 0.999862551689148, "presence": 0.9999755620956421}, "right eye (inner)": {"x": 0.30916085839271545, "y": 0.46929511427879333, "z": -0.3409137725830078, "visibility": 0.9999122619628906, "presence": 0.9999667406082153}, "right eye": {"x": 0.3058526813983917, "y": 0.4685661196708679, "z": -0.34119778871536255, "visibility": 0.999930739402771, "presence": 0.9999724626541138}, "right eye (outer)": {"x": 0.3023158013820648, "y": 0.4679723083972931, "z": -0.34134405851364136, "visibility": 0.9999282360076904, "presence": 0.9999631643295288}, "left ear": {"x": 0.28827276825904846, "y": 0.46798211336135864, "z": -0.15310561656951904, "visibility": 0.9998986721038818, "presence": 0.9999798536300659}, "right ear": {"x": 0.27996310591697693, "y": 0.46660423278808594, "z": -0.3899846076965332, "visibility": 0.9998545050621033, "presence": 0.9999464750289917}, "mouth (left)": {"x": 0.3051353693008423, "y": 0.4838452637195587, "z": -0.2601662874221802, "visibility": 0.9998842477798462, "presence": 0.9999866485595703}, "mouth (right)": {"x": 0.3018142879009247, "y": 0.48281410336494446, "z": -0.32968151569366455, "visibility": 0.9999327063560486, "presence": 0.9999738931655884}, "left shoulder": {"x": 0.26690468192100525, "y": 0.49922654032707214, "z": 0.027991948649287224, "visibility": 0.9999820590019226, "presence": 0.9999960660934448}, "right shoulder": {"x": 0.22827544808387756, "y": 0.49880075454711914, "z": -0.4781537652015686, "visibility": 0.9999846816062927, "presence": 0.9999054670333862}, "left elbow": {"x": 0.31545209884643555, "y": 0.5135253667831421, "z": 0.1633695811033249, "visibility": 0.6954502463340759, "presence": 0.9999862909317017}, "right elbow": {"x": 0.2928685247898102, "y": 0.5061390995979309, "z": -0.6657178997993469, "visibility": 0.9879663586616516, "presence": 0.9994506239891052}, "left wrist": {"x": 0.38431307673454285, "y": 0.521798849105835, "z": 0.1524493247270584, "visibility": 0.7940748929977417, "presence": 0.9999277591705322}, "right wrist": {"x": 0.3705478012561798, "y": 0.5059497356414795, "z": -0.7196946144104004, "visibility": 0.9658098816871643, "presence": 0.9991220831871033}, "left pinky": {"x": 0.4019186496734619, "y": 0.5243855714797974, "z": 0.16467984020709991, "visibility": 0.7966892123222351, "presence": 0.9998003840446472}, "right pinky": {"x": 0.3975019156932831, "y": 0.5070452094078064, "z": -0.7968447804450989, "visibility": 0.9535086154937744, "presence": 0.9988111257553101}, "left index": {"x": 0.40237438678741455, "y": 0.522808849811554, "z": 0.11494182050228119, "visibility": 0.8044270873069763, "presence": 0.9996858835220337}, "right index": {"x": 0.40669769048690796, "y": 0.5028538107872009, "z": -0.7734717726707458, "visibility": 0.9516648054122925, "presence": 0.998665452003479}, "left thumb": {"x": 0.39365801215171814, "y": 0.5225627422332764, "z": 0.13187110424041748, "visibility": 0.7997452020645142, "presence": 0.9998238682746887}, "right thumb": {"x": 0.3985660970211029, "y": 0.5019626617431641, "z": -0.7161359190940857, "visibility": 0.8978736400604248, "presence": 0.9991241097450256}, "left hip": {"x": 0.19488191604614258, "y": 0.583508312702179, "z": 0.1636551320552826, "visibility": 0.9999814629554749, "presence": 0.9999986886978149}, "right hip": {"x": 0.14515699446201324, "y": 0.5881918668746948, "z": -0.16346792876720428, "visibility": 0.9999831914901733, "presence": 0.999996542930603}, "left knee": {"x": 0.31895115971565247, "y": 0.6155233979225159, "z": 0.25440600514411926, "visibility": 0.8418614864349365, "presence": 0.9999923706054688}, "right knee": {"x": 0.14071696996688843, "y": 0.6507205963134766, "z": -0.5562299489974976, "visibility": 0.9993779063224792, "presence": 0.9999884366989136}, "left ankle": {"x": 0.31801077723503113, "y": 0.6854018568992615, "z": 0.4749179780483246, "visibility": 0.944699764251709, "presence": 0.9999512434005737}, "right ankle": {"x": 0.04747282341122627, "y": 0.7171962261199951, "z": -0.4670671820640564, "visibility": 0.998445451259613, "presence": 0.9998928308486938}, "left heel": {"x": 0.3013013005256653, "y": 0.7005453109741211, "z": 0.487111896276474, "visibility": 0.9358924031257629, "presence": 0.9998867511749268}, "right heel": {"x": 0.03234853595495224, "y": 0.7249932885169983, "z": -0.45932623744010925, "visibility": 0.9708055257797241, "presence": 0.9997813105583191}, "left foot index": {"x": 0.3809889256954193, "y": 0.6994110345840454, "z": 0.40393179655075073, "visibility": 0.9634414315223694, "presence": 0.9998117089271545}, "right foot index": {"x": 0.05803903937339783, "y": 0.7420126795768738, "z": -0.6028321981430054, "visibility": 0.996740460395813, "presence": 0.9992307424545288}, "timestamp": "20240418-205221"}