{"nose": {"x": 0.3128546476364136, "y": 0.45450299978256226, "z": -0.47526055574417114, "visibility": 0.9998341202735901, "presence": 0.9999889135360718}, "left eye (inner)": {"x": 0.3097376823425293, "y": 0.44573554396629333, "z": -0.44528499245643616, "visibility": 0.9996796250343323, "presence": 0.9999861717224121}, "left eye": {"x": 0.30953747034072876, "y": 0.4455510973930359, "z": -0.4456939399242401, "visibility": 0.9997061491012573, "presence": 0.9999891519546509}, "left eye (outer)": {"x": 0.30921146273612976, "y": 0.44537001848220825, "z": -0.44565969705581665, "visibility": 0.9997363686561584, "presence": 0.9999876022338867}, "right eye (inner)": {"x": 0.30463171005249023, "y": 0.445231556892395, "z": -0.48572349548339844, "visibility": 0.9998769164085388, "presence": 0.9999784231185913}, "right eye": {"x": 0.3003923296928406, "y": 0.4448380768299103, "z": -0.48603105545043945, "visibility": 0.9999112486839294, "presence": 0.9999815225601196}, "right eye (outer)": {"x": 0.29514721035957336, "y": 0.44461870193481445, "z": -0.4862011671066284, "visibility": 0.9998983144760132, "presence": 0.9999737739562988}, "left ear": {"x": 0.2868634760379791, "y": 0.44647499918937683, "z": -0.27116942405700684, "visibility": 0.999792218208313, "presence": 0.9999899864196777}, "right ear": {"x": 0.26928943395614624, "y": 0.4458606243133545, "z": -0.4542974829673767, "visibility": 0.9998314380645752, "presence": 0.9999613761901855}, "mouth (left)": {"x": 0.3043060004711151, "y": 0.46199047565460205, "z": -0.4064743220806122, "visibility": 0.9996998906135559, "presence": 0.9999960660934448}, "mouth (right)": {"x": 0.2979799211025238, "y": 0.4617072641849518, "z": -0.4629285931587219, "visibility": 0.9998496174812317, "presence": 0.9999904632568359}, "left shoulder": {"x": 0.2900686264038086, "y": 0.48101332783699036, "z": -0.11415979266166687, "visibility": 0.9999672174453735, "presence": 0.9999984502792358}, "right shoulder": {"x": 0.20692923665046692, "y": 0.47808870673179626, "z": -0.46947091817855835, "visibility": 0.9999841451644897, "presence": 0.9999710321426392}, "left elbow": {"x": 0.34262722730636597, "y": 0.5034844875335693, "z": -0.17010316252708435, "visibility": 0.7025471329689026, "presence": 0.9999738931655884}, "right elbow": {"x": 0.20775417983531952, "y": 0.5031026601791382, "z": -0.7402493953704834, "visibility": 0.9922752380371094, "presence": 0.998961329460144}, "left wrist": {"x": 0.40702155232429504, "y": 0.5026535987854004, "z": -0.4438875615596771, "visibility": 0.7495972514152527, "presence": 0.9999587535858154}, "right wrist": {"x": 0.31549298763275146, "y": 0.5078045725822449, "z": -0.9877875447273254, "visibility": 0.9739944934844971, "presence": 0.9998465776443481}, "left pinky": {"x": 0.42541059851646423, "y": 0.5035654902458191, "z": -0.48950856924057007, "visibility": 0.7620410323143005, "presence": 0.9999247789382935}, "right pinky": {"x": 0.33767518401145935, "y": 0.5080855488777161, "z": -1.0888917446136475, "visibility": 0.9618439674377441, "presence": 0.9998714923858643}, "left index": {"x": 0.426248699426651, "y": 0.5004761219024658, "z": -0.5310887694358826, "visibility": 0.777380645275116, "presence": 0.9999226331710815}, "right index": {"x": 0.3384661376476288, "y": 0.5032548308372498, "z": -1.0753004550933838, "visibility": 0.9611915349960327, "presence": 0.9998929500579834}, "left thumb": {"x": 0.41849347949028015, "y": 0.500267744064331, "z": -0.46793830394744873, "visibility": 0.7575498819351196, "presence": 0.9999475479125977}, "right thumb": {"x": 0.3340216279029846, "y": 0.5042799115180969, "z": -0.9911425113677979, "visibility": 0.9031410217285156, "presence": 0.9999251365661621}, "left hip": {"x": 0.22518102824687958, "y": 0.5736939311027527, "z": 0.13041235506534576, "visibility": 0.999978244304657, "presence": 0.999997615814209}, "right hip": {"x": 0.1580101102590561, "y": 0.5768224596977234, "z": -0.13028715550899506, "visibility": 0.9999839067459106, "presence": 0.999992847442627}, "left knee": {"x": 0.30350327491760254, "y": 0.6220194697380066, "z": 0.32707130908966064, "visibility": 0.8838421702384949, "presence": 0.9999886751174927}, "right knee": {"x": 0.16503432393074036, "y": 0.641830325126648, "z": -0.45755770802497864, "visibility": 0.9994414448738098, "presence": 0.9999837875366211}, "left ankle": {"x": 0.33347582817077637, "y": 0.6859598755836487, "z": 0.6668882369995117, "visibility": 0.9679832458496094, "presence": 0.9999750852584839}, "right ankle": {"x": 0.10355570912361145, "y": 0.7164093852043152, "z": -0.28272825479507446, "visibility": 0.9984848499298096, "presence": 0.9999493360519409}, "left heel": {"x": 0.31667402386665344, "y": 0.7008450627326965, "z": 0.6899519562721252, "visibility": 0.9501749873161316, "presence": 0.9999439716339111}, "right heel": {"x": 0.0913069099187851, "y": 0.725310742855072, "z": -0.2711644172668457, "visibility": 0.971805214881897, "presence": 0.9999074935913086}, "left foot index": {"x": 0.3928365707397461, "y": 0.70058274269104, "z": 0.5803455710411072, "visibility": 0.9741321206092834, "presence": 0.9999220371246338}, "right foot index": {"x": 0.11091946065425873, "y": 0.7434467077255249, "z": -0.44736361503601074, "visibility": 0.9969211220741272, "presence": 0.9996809959411621}, "timestamp": "20240418-205150"}