{"nose": {"x": 0.33361029624938965, "y": 0.47102677822113037, "z": -0.40936478972435, "visibility": 0.9999264478683472, "presence": 0.9999924898147583}, "left eye (inner)": {"x": 0.3334589898586273, "y": 0.46302497386932373, "z": -0.38355356454849243, "visibility": 0.9998656511306763, "presence": 0.9999904632568359}, "left eye": {"x": 0.3323501944541931, "y": 0.46245381236076355, "z": -0.3839019536972046, "visibility": 0.9998580813407898, "presence": 0.9999903440475464}, "left eye (outer)": {"x": 0.3303367793560028, "y": 0.46186399459838867, "z": -0.3838486075401306, "visibility": 0.9998887777328491, "presence": 0.9999853372573853}, "right eye (inner)": {"x": 0.3286703824996948, "y": 0.4623885750770569, "z": -0.43139147758483887, "visibility": 0.999940812587738, "presence": 0.9999926090240479}, "right eye": {"x": 0.3249586820602417, "y": 0.46156060695648193, "z": -0.4317414164543152, "visibility": 0.9999523758888245, "presence": 0.9999949932098389}, "right eye (outer)": {"x": 0.3208812177181244, "y": 0.46077394485473633, "z": -0.4319412112236023, "visibility": 0.9999518990516663, "presence": 0.999994158744812}, "left ear": {"x": 0.30708932876586914, "y": 0.46018990874290466, "z": -0.2263190746307373, "visibility": 0.999907374382019, "presence": 0.999983549118042}, "right ear": {"x": 0.29824408888816833, "y": 0.4596835672855377, "z": -0.45207807421684265, "visibility": 0.9998983144760132, "presence": 0.9999922513961792}, "mouth (left)": {"x": 0.32213079929351807, "y": 0.47707921266555786, "z": -0.34544670581817627, "visibility": 0.999885082244873, "presence": 0.9999892711639404}, "mouth (right)": {"x": 0.31748297810554504, "y": 0.47655871510505676, "z": -0.41194483637809753, "visibility": 0.9999340772628784, "presence": 0.9999874830245972}, "left shoulder": {"x": 0.2714794874191284, "y": 0.4878919720649719, "z": -0.019790956750512123, "visibility": 0.9999752640724182, "presence": 0.9999903440475464}, "right shoulder": {"x": 0.2511111795902252, "y": 0.49081993103027344, "z": -0.5334785580635071, "visibility": 0.9999893307685852, "presence": 0.9999890327453613}, "left elbow": {"x": 0.23987765610218048, "y": 0.5258821249008179, "z": 0.06594885885715485, "visibility": 0.614928126335144, "presence": 0.9998747110366821}, "right elbow": {"x": 0.31405773758888245, "y": 0.5034562945365906, "z": -0.7955247163772583, "visibility": 0.9940946698188782, "presence": 0.9999368190765381}, "left wrist": {"x": 0.24002161622047424, "y": 0.5672193765640259, "z": 0.03201907128095627, "visibility": 0.6781989336013794, "presence": 0.999631404876709}, "right wrist": {"x": 0.4156014621257782, "y": 0.5064839124679565, "z": -0.9572168588638306, "visibility": 0.9852861166000366, "presence": 0.9999618530273438}, "left pinky": {"x": 0.2367812991142273, "y": 0.5785959362983704, "z": 0.039309076964855194, "visibility": 0.6861391663551331, "presence": 0.999599039554596}, "right pinky": {"x": 0.44032153487205505, "y": 0.505572497844696, "z": -1.0485529899597168, "visibility": 0.9767802953720093, "presence": 0.9999411106109619}, "left index": {"x": 0.24272559583187103, "y": 0.579654335975647, "z": -0.009016526862978935, "visibility": 0.6914530396461487, "presence": 0.9994134902954102}, "right index": {"x": 0.4433839023113251, "y": 0.5028809905052185, "z": -1.0170453786849976, "visibility": 0.9757106304168701, "presence": 0.9999324083328247}, "left thumb": {"x": 0.24497175216674805, "y": 0.5752906203269958, "z": 0.014305252581834793, "visibility": 0.6840490102767944, "presence": 0.9995431900024414}, "right thumb": {"x": 0.4333612620830536, "y": 0.502595841884613, "z": -0.9512892961502075, "visibility": 0.939208984375, "presence": 0.9999557733535767}, "left hip": {"x": 0.215598464012146, "y": 0.5808680057525635, "z": 0.16040782630443573, "visibility": 0.999980628490448, "presence": 0.9999988079071045}, "right hip": {"x": 0.16618546843528748, "y": 0.586574375629425, "z": -0.16027557849884033, "visibility": 0.9999842047691345, "presence": 0.9999992847442627}, "left knee": {"x": 0.3285197615623474, "y": 0.6143093109130859, "z": 0.3015527129173279, "visibility": 0.8290777206420898, "presence": 0.9999651908874512}, "right knee": {"x": 0.14698854088783264, "y": 0.646144688129425, "z": -0.6240921020507812, "visibility": 0.9993342757225037, "presence": 0.9999895095825195}, "left ankle": {"x": 0.32498741149902344, "y": 0.6849719285964966, "z": 0.609683632850647, "visibility": 0.935465931892395, "presence": 0.9999210834503174}, "right ankle": {"x": 0.06847113370895386, "y": 0.7163752913475037, "z": -0.5180078744888306, "visibility": 0.9984208941459656, "presence": 0.9999542236328125}, "left heel": {"x": 0.30667081475257874, "y": 0.6996889114379883, "z": 0.6315191984176636, "visibility": 0.9213045835494995, "presence": 0.9998052716255188}, "right heel": {"x": 0.05328420177102089, "y": 0.7243718504905701, "z": -0.5103432536125183, "visibility": 0.9681446552276611, "presence": 0.9999234676361084}, "left foot index": {"x": 0.38613054156303406, "y": 0.7000035643577576, "z": 0.5360399484634399, "visibility": 0.9530392289161682, "presence": 0.9997076392173767}, "right foot index": {"x": 0.07271335273981094, "y": 0.7424400448799133, "z": -0.6759243607521057, "visibility": 0.9965819120407104, "presence": 0.9996907711029053}, "timestamp": "20240418-205207"}