{"nose": {"x": 0.38164523243904114, "y": 0.48793551325798035, "z": -0.5725265741348267, "visibility": 0.9999396204948425, "presence": 0.9999998807907104}, "left eye (inner)": {"x": 0.3810900151729584, "y": 0.47880426049232483, "z": -0.5510160326957703, "visibility": 0.9998700618743896, "presence": 0.9999998807907104}, "left eye": {"x": 0.3806311786174774, "y": 0.4782908260822296, "z": -0.5514587759971619, "visibility": 0.9998747110366821, "presence": 0.9999998807907104}, "left eye (outer)": {"x": 0.3803348243236542, "y": 0.4777492880821228, "z": -0.5514824986457825, "visibility": 0.9998966455459595, "presence": 0.9999998807907104}, "right eye (inner)": {"x": 0.37686440348625183, "y": 0.4788711667060852, "z": -0.6042020320892334, "visibility": 0.9999450445175171, "presence": 0.9999996423721313}, "right eye": {"x": 0.37303316593170166, "y": 0.47845470905303955, "z": -0.6045342683792114, "visibility": 0.9999572038650513, "presence": 0.9999996423721313}, "right eye (outer)": {"x": 0.3688715398311615, "y": 0.478074848651886, "z": -0.6047778129577637, "visibility": 0.999953031539917, "presence": 0.9999995231628418}, "left ear": {"x": 0.3608348071575165, "y": 0.4757522642612457, "z": -0.39300793409347534, "visibility": 0.9999311566352844, "presence": 0.9999998807907104}, "right ear": {"x": 0.3483716547489166, "y": 0.47656863927841187, "z": -0.6417608261108398, "visibility": 0.9999125599861145, "presence": 0.9999991655349731}, "mouth (left)": {"x": 0.37153008580207825, "y": 0.49398380517959595, "z": -0.5034310221672058, "visibility": 0.9999333024024963, "presence": 0.9999998807907104}, "mouth (right)": {"x": 0.36569714546203613, "y": 0.49435555934906006, "z": -0.5773791074752808, "visibility": 0.9999616146087646, "presence": 0.9999997615814209}, "left shoulder": {"x": 0.3411247730255127, "y": 0.5001606941223145, "z": -0.13835451006889343, "visibility": 0.9999938011169434, "presence": 1.0}, "right shoulder": {"x": 0.2781732976436615, "y": 0.501775860786438, "z": -0.6232760548591614, "visibility": 0.9999929666519165, "presence": 0.9999974966049194}, "left elbow": {"x": 0.3970945477485657, "y": 0.5206839442253113, "z": 0.15789735317230225, "visibility": 0.8625695109367371, "presence": 0.9999998807907104}, "right elbow": {"x": 0.28029903769493103, "y": 0.5489172339439392, "z": -0.6689302325248718, "visibility": 0.9915979504585266, "presence": 0.9999266862869263}, "left wrist": {"x": 0.4496874511241913, "y": 0.5225911140441895, "z": 0.28224608302116394, "visibility": 0.9313942790031433, "presence": 0.9999997615814209}, "right wrist": {"x": 0.30712562799453735, "y": 0.5473610758781433, "z": -0.6401151418685913, "visibility": 0.9812464714050293, "presence": 0.9999780654907227}, "left pinky": {"x": 0.4686955511569977, "y": 0.5182855129241943, "z": 0.3255668580532074, "visibility": 0.9291998147964478, "presence": 0.9999992847442627}, "right pinky": {"x": 0.311828076839447, "y": 0.5544399619102478, "z": -0.6826379299163818, "visibility": 0.9728747010231018, "presence": 0.999983549118042}, "left index": {"x": 0.46999087929725647, "y": 0.5162072777748108, "z": 0.26775795221328735, "visibility": 0.9330560564994812, "presence": 0.9999983310699463}, "right index": {"x": 0.31603437662124634, "y": 0.5456410646438599, "z": -0.6790952086448669, "visibility": 0.9723666906356812, "presence": 0.9999735355377197}, "left thumb": {"x": 0.4622231423854828, "y": 0.5175758600234985, "z": 0.2649367153644562, "visibility": 0.9255862236022949, "presence": 0.9999991655349731}, "right thumb": {"x": 0.3079697787761688, "y": 0.5439767837524414, "z": -0.6378318071365356, "visibility": 0.936899721622467, "presence": 0.999982476234436}, "left hip": {"x": 0.2552505135536194, "y": 0.580567479133606, "z": 0.16218580305576324, "visibility": 0.9999817609786987, "presence": 1.0}, "right hip": {"x": 0.1977379471063614, "y": 0.5818378329277039, "z": -0.1621665507555008, "visibility": 0.9999833106994629, "presence": 0.9999998807907104}, "left knee": {"x": 0.3641224503517151, "y": 0.6186187267303467, "z": 0.3690650761127472, "visibility": 0.9177398681640625, "presence": 0.9999996423721313}, "right knee": {"x": 0.17057152092456818, "y": 0.6426696181297302, "z": -0.5823587775230408, "visibility": 0.9995130300521851, "presence": 0.9999986886978149}, "left ankle": {"x": 0.3606441915035248, "y": 0.6846857070922852, "z": 0.714582622051239, "visibility": 0.9705327749252319, "presence": 0.999995231628418}, "right ankle": {"x": 0.10209342837333679, "y": 0.7154117822647095, "z": -0.5093082189559937, "visibility": 0.9989399909973145, "presence": 0.9999867677688599}, "left heel": {"x": 0.34116679430007935, "y": 0.6981695294380188, "z": 0.7403514981269836, "visibility": 0.9445983171463013, "presence": 0.9999862909317017}, "right heel": {"x": 0.09349417686462402, "y": 0.7229065895080566, "z": -0.5103396773338318, "visibility": 0.9757023453712463, "presence": 0.9999762773513794}, "left foot index": {"x": 0.41898614168167114, "y": 0.69889897108078, "z": 0.6669237613677979, "visibility": 0.9704952239990234, "presence": 0.9999808073043823}, "right foot index": {"x": 0.10071507096290588, "y": 0.7411404252052307, "z": -0.6800293326377869, "visibility": 0.9975094795227051, "presence": 0.9999197721481323}, "timestamp": "20240418-205159"}