{"nose": {"x": 0.30714404582977295, "y": 0.45365265011787415, "z": -0.4523698091506958, "visibility": 0.9997509121894836, "presence": 0.9999905824661255}, "left eye (inner)": {"x": 0.3052339553833008, "y": 0.44421446323394775, "z": -0.42553582787513733, "visibility": 0.9995750784873962, "presence": 0.9999809265136719}, "left eye": {"x": 0.3057123124599457, "y": 0.4439829885959625, "z": -0.4258916676044464, "visibility": 0.9995543956756592, "presence": 0.999982476234436}, "left eye (outer)": {"x": 0.3063598871231079, "y": 0.443724662065506, "z": -0.4258064329624176, "visibility": 0.9996338486671448, "presence": 0.9999761581420898}, "right eye (inner)": {"x": 0.30012190341949463, "y": 0.4438636004924774, "z": -0.46457430720329285, "visibility": 0.9998406767845154, "presence": 0.9999786615371704}, "right eye": {"x": 0.2961747944355011, "y": 0.4436146914958954, "z": -0.4648818075656891, "visibility": 0.9998776316642761, "presence": 0.9999823570251465}, "right eye (outer)": {"x": 0.29107335209846497, "y": 0.443467378616333, "z": -0.46502774953842163, "visibility": 0.9998775124549866, "presence": 0.9999752044677734}, "left ear": {"x": 0.2847505807876587, "y": 0.44482460618019104, "z": -0.26587608456611633, "visibility": 0.9996378421783447, "presence": 0.9999744892120361}, "right ear": {"x": 0.2642025053501129, "y": 0.44468095898628235, "z": -0.44209879636764526, "visibility": 0.9997329711914062, "presence": 0.9999663829803467}, "mouth (left)": {"x": 0.3003874719142914, "y": 0.4614609479904175, "z": -0.3872957229614258, "visibility": 0.9994930624961853, "presence": 0.9999898672103882}, "mouth (right)": {"x": 0.2944990396499634, "y": 0.460582435131073, "z": -0.44152626395225525, "visibility": 0.9997346997261047, "presence": 0.9999827146530151}, "left shoulder": {"x": 0.2796444296836853, "y": 0.4752803444862366, "z": -0.11768169701099396, "visibility": 0.9999353885650635, "presence": 0.9999910593032837}, "right shoulder": {"x": 0.20663367211818695, "y": 0.475481241941452, "z": -0.4824618399143219, "visibility": 0.999947726726532, "presence": 0.9999662637710571}, "left elbow": {"x": 0.3320240080356598, "y": 0.4952969551086426, "z": -0.2745894193649292, "visibility": 0.5097848176956177, "presence": 0.9998747110366821}, "right elbow": {"x": 0.24109239876270294, "y": 0.4963478147983551, "z": -0.7133469581604004, "visibility": 0.9827786087989807, "presence": 0.9996511936187744}, "left wrist": {"x": 0.40037474036216736, "y": 0.49833476543426514, "z": -0.6460381746292114, "visibility": 0.5086155533790588, "presence": 0.9997958540916443}, "right wrist": {"x": 0.35115665197372437, "y": 0.49880075454711914, "z": -0.8991630673408508, "visibility": 0.9378167390823364, "presence": 0.9999388456344604}, "left pinky": {"x": 0.4185158610343933, "y": 0.4984821379184723, "z": -0.7089135646820068, "visibility": 0.5440986156463623, "presence": 0.9996639490127563}, "right pinky": {"x": 0.37146857380867004, "y": 0.4997056722640991, "z": -0.9926252961158752, "visibility": 0.9159858226776123, "presence": 0.9999209642410278}, "left index": {"x": 0.4182162284851074, "y": 0.49595212936401367, "z": -0.7400981783866882, "visibility": 0.5559526085853577, "presence": 0.9996882677078247}, "right index": {"x": 0.37470701336860657, "y": 0.49256467819213867, "z": -0.9778718948364258, "visibility": 0.914797842502594, "presence": 0.9999340772628784}, "left thumb": {"x": 0.4105164706707001, "y": 0.49655184149742126, "z": -0.6691650152206421, "visibility": 0.5283095240592957, "presence": 0.9997846484184265}, "right thumb": {"x": 0.36539557576179504, "y": 0.4942789673805237, "z": -0.9008774757385254, "visibility": 0.8082350492477417, "presence": 0.9999569654464722}, "left hip": {"x": 0.21457752585411072, "y": 0.5702695846557617, "z": 0.12436088174581528, "visibility": 0.9999626278877258, "presence": 0.9999979734420776}, "right hip": {"x": 0.15273484587669373, "y": 0.5728031396865845, "z": -0.12424241006374359, "visibility": 0.9999713897705078, "presence": 0.999996542930603}, "left knee": {"x": 0.2969607412815094, "y": 0.6226907968521118, "z": 0.29299089312553406, "visibility": 0.662288248538971, "presence": 0.9999746084213257}, "right knee": {"x": 0.17146320641040802, "y": 0.641974925994873, "z": -0.42381617426872253, "visibility": 0.9977695941925049, "presence": 0.999988317489624}, "left ankle": {"x": 0.33074894547462463, "y": 0.6874455809593201, "z": 0.6040635704994202, "visibility": 0.8983029723167419, "presence": 0.9999481439590454}, "right ankle": {"x": 0.11363198608160019, "y": 0.7166566848754883, "z": -0.2619418203830719, "visibility": 0.9942232966423035, "presence": 0.999963641166687}, "left heel": {"x": 0.31649652123451233, "y": 0.7021890878677368, "z": 0.6231780052185059, "visibility": 0.862914502620697, "presence": 0.9998902082443237}, "right heel": {"x": 0.09994517266750336, "y": 0.7259466648101807, "z": -0.2515900433063507, "visibility": 0.9163315892219543, "presence": 0.9999315738677979}, "left foot index": {"x": 0.39426639676094055, "y": 0.6998894810676575, "z": 0.5144200921058655, "visibility": 0.9166845679283142, "presence": 0.999891996383667}, "right foot index": {"x": 0.1295013427734375, "y": 0.7427548766136169, "z": -0.4133569002151489, "visibility": 0.9885851740837097, "presence": 0.9997662901878357}, "timestamp": "20240418-205142"}