{"nose": {"x": 0.30644655227661133, "y": 0.4416419565677643, "z": -0.4987535774707794, "visibility": 0.9998513460159302, "presence": 0.9999830722808838}, "left eye (inner)": {"x": 0.30241942405700684, "y": 0.43277662992477417, "z": -0.47578248381614685, "visibility": 0.9996717572212219, "presence": 0.9999810457229614}, "left eye": {"x": 0.3026052415370941, "y": 0.4323973059654236, "z": -0.47620517015457153, "visibility": 0.9996673464775085, "presence": 0.9999862909317017}, "left eye (outer)": {"x": 0.30313417315483093, "y": 0.43193989992141724, "z": -0.47621065378189087, "visibility": 0.9997473359107971, "presence": 0.9999858140945435}, "right eye (inner)": {"x": 0.2974018156528473, "y": 0.4327804148197174, "z": -0.5153656601905823, "visibility": 0.9998342394828796, "presence": 0.9999630451202393}, "right eye": {"x": 0.29315975308418274, "y": 0.4325774610042572, "z": -0.5157389640808105, "visibility": 0.9998679757118225, "presence": 0.9999673366546631}, "right eye (outer)": {"x": 0.288647323846817, "y": 0.4324619770050049, "z": -0.5159492492675781, "visibility": 0.9998627305030823, "presence": 0.9999558925628662}, "left ear": {"x": 0.2860085368156433, "y": 0.43291401863098145, "z": -0.32111549377441406, "visibility": 0.9998269081115723, "presence": 0.9999940395355225}, "right ear": {"x": 0.26633745431900024, "y": 0.43347832560539246, "z": -0.5019936561584473, "visibility": 0.9997319579124451, "presence": 0.9999382495880127}, "mouth (left)": {"x": 0.3011477291584015, "y": 0.4487215578556061, "z": -0.43308594822883606, "visibility": 0.9998850226402283, "presence": 0.9999970197677612}, "mouth (right)": {"x": 0.2943582236766815, "y": 0.44886720180511475, "z": -0.4875364601612091, "visibility": 0.9999229907989502, "presence": 0.9999905824661255}, "left shoulder": {"x": 0.2992136478424072, "y": 0.4651687741279602, "z": -0.10627318918704987, "visibility": 0.99998939037323, "presence": 0.9999998807907104}, "right shoulder": {"x": 0.19837172329425812, "y": 0.46237966418266296, "z": -0.46029403805732727, "visibility": 0.9999861717224121, "presence": 0.9999884366989136}, "left elbow": {"x": 0.33748674392700195, "y": 0.4974239766597748, "z": 0.14281165599822998, "visibility": 0.7987595200538635, "presence": 0.9999995231628418}, "right elbow": {"x": 0.1413213163614273, "y": 0.5003589391708374, "z": -0.5100418329238892, "visibility": 0.9930081963539124, "presence": 0.9997984766960144}, "left wrist": {"x": 0.3894414007663727, "y": 0.5136215090751648, "z": 0.19309654831886292, "visibility": 0.8725197911262512, "presence": 0.9999994039535522}, "right wrist": {"x": 0.2199854701757431, "y": 0.539027214050293, "z": -0.637833833694458, "visibility": 0.9789267182350159, "presence": 0.9999781847000122}, "left pinky": {"x": 0.4084356427192688, "y": 0.5190425515174866, "z": 0.20676502585411072, "visibility": 0.8822013139724731, "presence": 0.9999966621398926}, "right pinky": {"x": 0.23885774612426758, "y": 0.5506908893585205, "z": -0.6986492872238159, "visibility": 0.9672024846076965, "presence": 0.9999678134918213}, "left index": {"x": 0.4069405198097229, "y": 0.5163447260856628, "z": 0.14809808135032654, "visibility": 0.8864774703979492, "presence": 0.999995231628418}, "right index": {"x": 0.2536202669143677, "y": 0.5457445979118347, "z": -0.6971005797386169, "visibility": 0.965819776058197, "presence": 0.999969482421875}, "left thumb": {"x": 0.3977161943912506, "y": 0.5147344470024109, "z": 0.1727253645658493, "visibility": 0.8700480461120605, "presence": 0.9999978542327881}, "right thumb": {"x": 0.24672678112983704, "y": 0.5427460074424744, "z": -0.6393309831619263, "visibility": 0.918052613735199, "presence": 0.9999828338623047}, "left hip": {"x": 0.24541307985782623, "y": 0.5594204664230347, "z": 0.10804441571235657, "visibility": 0.9999830722808838, "presence": 0.9999983310699463}, "right hip": {"x": 0.17421379685401917, "y": 0.5596693754196167, "z": -0.10801088809967041, "visibility": 0.9999803304672241, "presence": 0.9999924898147583}, "left knee": {"x": 0.33578285574913025, "y": 0.6153380274772644, "z": 0.05359631031751633, "visibility": 0.9330607652664185, "presence": 0.9999897480010986}, "right knee": {"x": 0.13559851050376892, "y": 0.6354894638061523, "z": -0.30024072527885437, "visibility": 0.9980146288871765, "presence": 0.9999344348907471}, "left ankle": {"x": 0.3445896506309509, "y": 0.6800575256347656, "z": 0.31886032223701477, "visibility": 0.9620015621185303, "presence": 0.9999455213546753}, "right ankle": {"x": 0.07980328053236008, "y": 0.7092709541320801, "z": -0.13369418680667877, "visibility": 0.9956562519073486, "presence": 0.9994789958000183}, "left heel": {"x": 0.32857653498649597, "y": 0.6953948736190796, "z": 0.3354188799858093, "visibility": 0.9199351668357849, "presence": 0.9998335838317871}, "right heel": {"x": 0.07211637496948242, "y": 0.717476487159729, "z": -0.12387347221374512, "visibility": 0.906250536441803, "presence": 0.9992189407348633}, "left foot index": {"x": 0.40481889247894287, "y": 0.6982789635658264, "z": 0.21737520396709442, "visibility": 0.9641748070716858, "presence": 0.9995137453079224}, "right foot index": {"x": 0.08265825361013412, "y": 0.7405712604522705, "z": -0.29727470874786377, "visibility": 0.9903469085693359, "presence": 0.9971691966056824}, "timestamp": "20240418-205205"}