{"nose": {"x": 0.27821287512779236, "y": 0.44445860385894775, "z": -0.1527211219072342, "visibility": 0.9995710253715515, "presence": 0.9999639987945557}, "left eye (inner)": {"x": 0.27327296137809753, "y": 0.4362545311450958, "z": -0.1293402761220932, "visibility": 0.9990172982215881, "presence": 0.9999510049819946}, "left eye": {"x": 0.2714875638484955, "y": 0.4359566867351532, "z": -0.12971459329128265, "visibility": 0.9990347623825073, "presence": 0.9999635219573975}, "left eye (outer)": {"x": 0.2696773409843445, "y": 0.43565016984939575, "z": -0.12970837950706482, "visibility": 0.9993143677711487, "presence": 0.9999629259109497}, "right eye (inner)": {"x": 0.27075299620628357, "y": 0.4360528588294983, "z": -0.17417722940444946, "visibility": 0.9995127320289612, "presence": 0.9999228715896606}, "right eye": {"x": 0.26704123616218567, "y": 0.4356774687767029, "z": -0.1745072901248932, "visibility": 0.9996320009231567, "presence": 0.9999386072158813}, "right eye (outer)": {"x": 0.26318123936653137, "y": 0.435334175825119, "z": -0.1746816337108612, "visibility": 0.9996309280395508, "presence": 0.9999219179153442}, "left ear": {"x": 0.24723298847675323, "y": 0.4360983073711395, "z": -0.007071902975440025, "visibility": 0.9995909929275513, "presence": 0.9999804496765137}, "right ear": {"x": 0.2398710399866104, "y": 0.43604210019111633, "z": -0.21621279418468475, "visibility": 0.9993661642074585, "presence": 0.9999090433120728}, "mouth (left)": {"x": 0.2676571309566498, "y": 0.45250046253204346, "z": -0.10180769115686417, "visibility": 0.9996206760406494, "presence": 0.9999915361404419}, "mouth (right)": {"x": 0.2650498151779175, "y": 0.4524374306201935, "z": -0.16436758637428284, "visibility": 0.999767005443573, "presence": 0.9999810457229614}, "left shoulder": {"x": 0.25115659832954407, "y": 0.46943262219429016, "z": 0.12431913614273071, "visibility": 0.9999738335609436, "presence": 0.9999996423721313}, "right shoulder": {"x": 0.16416211426258087, "y": 0.46149003505706787, "z": -0.2764875888824463, "visibility": 0.9999756813049316, "presence": 0.9999891519546509}, "left elbow": {"x": 0.31549331545829773, "y": 0.4935159385204315, "z": 0.3236124813556671, "visibility": 0.6797815561294556, "presence": 0.9999996423721313}, "right elbow": {"x": 0.14334671199321747, "y": 0.4886082112789154, "z": -0.5140426158905029, "visibility": 0.9855926036834717, "presence": 0.9999053478240967}, "left wrist": {"x": 0.38636890053749084, "y": 0.5012542605400085, "z": 0.3848166763782501, "visibility": 0.7330688834190369, "presence": 0.9999984502792358}, "right wrist": {"x": 0.22653596103191376, "y": 0.5007038712501526, "z": -0.7358895540237427, "visibility": 0.9492656588554382, "presence": 0.9999808073043823}, "left pinky": {"x": 0.4062526822090149, "y": 0.5005265474319458, "z": 0.40463951230049133, "visibility": 0.7369723320007324, "presence": 0.999990701675415}, "right pinky": {"x": 0.2458842545747757, "y": 0.5029007792472839, "z": -0.8136375546455383, "visibility": 0.9307476878166199, "presence": 0.9999619722366333}, "left index": {"x": 0.4060242474079132, "y": 0.4979950487613678, "z": 0.35548755526542664, "visibility": 0.7456585764884949, "presence": 0.9999877214431763}, "right index": {"x": 0.25238269567489624, "y": 0.4985675811767578, "z": -0.7962102293968201, "visibility": 0.9302435517311096, "presence": 0.999967098236084}, "left thumb": {"x": 0.39863380789756775, "y": 0.49864399433135986, "z": 0.3671172857284546, "visibility": 0.7325736880302429, "presence": 0.9999945163726807}, "right thumb": {"x": 0.2458154410123825, "y": 0.4991907775402069, "z": -0.7355726957321167, "visibility": 0.860233724117279, "presence": 0.9999827146530151}, "left hip": {"x": 0.23005345463752747, "y": 0.5732295513153076, "z": 0.12747059762477875, "visibility": 0.9999725818634033, "presence": 0.9999996423721313}, "right hip": {"x": 0.156516894698143, "y": 0.5753101110458374, "z": -0.12748518586158752, "visibility": 0.9999725818634033, "presence": 0.999998927116394}, "left knee": {"x": 0.31333741545677185, "y": 0.6214029788970947, "z": 0.1899428516626358, "visibility": 0.9062761664390564, "presence": 0.9999969005584717}, "right knee": {"x": 0.13684426248073578, "y": 0.6439339518547058, "z": -0.4140678346157074, "visibility": 0.9984474778175354, "presence": 0.9999929666519165}, "left ankle": {"x": 0.32192492485046387, "y": 0.6856622099876404, "z": 0.4932953119277954, "visibility": 0.9640140533447266, "presence": 0.9999827146530151}, "right ankle": {"x": 0.07573065161705017, "y": 0.7154767513275146, "z": -0.26376909017562866, "visibility": 0.996751606464386, "presence": 0.9999366998672485}, "left heel": {"x": 0.3049933612346649, "y": 0.7008382678031921, "z": 0.5150256752967834, "visibility": 0.9370871782302856, "presence": 0.9999598264694214}, "right heel": {"x": 0.06871029734611511, "y": 0.7225273251533508, "z": -0.25354424118995667, "visibility": 0.9420011639595032, "presence": 0.9998990297317505}, "left foot index": {"x": 0.38350433111190796, "y": 0.6997081637382507, "z": 0.4366239011287689, "visibility": 0.9657631516456604, "presence": 0.9998964071273804}, "right foot index": {"x": 0.07622616738080978, "y": 0.7428147196769714, "z": -0.4018821120262146, "visibility": 0.9931672811508179, "presence": 0.9996223449707031}, "timestamp": "20240418-205211"}