{"nose": {"x": 0.308010071516037, "y": 0.45627978444099426, "z": -0.3023933172225952, "visibility": 0.9997013807296753, "presence": 0.9999579191207886}, "left eye (inner)": {"x": 0.3059578537940979, "y": 0.44631287455558777, "z": -0.27909764647483826, "visibility": 0.9993742108345032, "presence": 0.9999459981918335}, "left eye": {"x": 0.3046278655529022, "y": 0.4459160268306732, "z": -0.2794651389122009, "visibility": 0.9993904232978821, "presence": 0.9999570846557617}, "left eye (outer)": {"x": 0.30331555008888245, "y": 0.4455198049545288, "z": -0.2794448137283325, "visibility": 0.999488890171051, "presence": 0.9999524354934692}, "right eye (inner)": {"x": 0.30354005098342896, "y": 0.4458375573158264, "z": -0.3254738450050354, "visibility": 0.999781608581543, "presence": 0.9999185800552368}, "right eye": {"x": 0.30062752962112427, "y": 0.4452686011791229, "z": -0.32578548789024353, "visibility": 0.9998468160629272, "presence": 0.999934196472168}, "right eye (outer)": {"x": 0.29755255579948425, "y": 0.4447564482688904, "z": -0.32598254084587097, "visibility": 0.9998365044593811, "presence": 0.9999125003814697}, "left ear": {"x": 0.2818925380706787, "y": 0.44432058930397034, "z": -0.13942091166973114, "visibility": 0.9996339678764343, "presence": 0.9999656677246094}, "right ear": {"x": 0.273463636636734, "y": 0.4444197416305542, "z": -0.3558562695980072, "visibility": 0.9997072219848633, "presence": 0.9998927116394043}, "mouth (left)": {"x": 0.2978224456310272, "y": 0.46271517872810364, "z": -0.24407470226287842, "visibility": 0.9995152950286865, "presence": 0.9999828338623047}, "mouth (right)": {"x": 0.2955865263938904, "y": 0.46247589588165283, "z": -0.3086932301521301, "visibility": 0.9997686743736267, "presence": 0.9999651908874512}, "left shoulder": {"x": 0.2614738643169403, "y": 0.47482189536094666, "z": 0.02577689290046692, "visibility": 0.9999638795852661, "presence": 0.9999974966049194}, "right shoulder": {"x": 0.20999331772327423, "y": 0.46968919038772583, "z": -0.41719990968704224, "visibility": 0.9999818205833435, "presence": 0.9999532699584961}, "left elbow": {"x": 0.33088913559913635, "y": 0.4897840619087219, "z": 0.12813840806484222, "visibility": 0.6493717432022095, "presence": 0.9999877214431763}, "right elbow": {"x": 0.21052147448062897, "y": 0.49252668023109436, "z": -0.6721398234367371, "visibility": 0.9900051355361938, "presence": 0.9988983869552612}, "left wrist": {"x": 0.40433934330940247, "y": 0.49388089776039124, "z": 0.028306711465120316, "visibility": 0.7182239294052124, "presence": 0.9999451637268066}, "right wrist": {"x": 0.32022780179977417, "y": 0.49660834670066833, "z": -0.8703457117080688, "visibility": 0.9627631902694702, "presence": 0.9998001456260681}, "left pinky": {"x": 0.424882709980011, "y": 0.49426910281181335, "z": 0.021711068227887154, "visibility": 0.720629096031189, "presence": 0.9998483657836914}, "right pinky": {"x": 0.34395498037338257, "y": 0.49667009711265564, "z": -0.9563625454902649, "visibility": 0.9468666315078735, "presence": 0.9998050332069397}, "left index": {"x": 0.42743542790412903, "y": 0.4909653067588806, "z": -0.025831930339336395, "visibility": 0.731644868850708, "presence": 0.9998108744621277}, "right index": {"x": 0.3413095772266388, "y": 0.49312499165534973, "z": -0.9363711476325989, "visibility": 0.9461802244186401, "presence": 0.9998316764831543}, "left thumb": {"x": 0.4190533757209778, "y": 0.49141252040863037, "z": 0.0061975871212780476, "visibility": 0.721766471862793, "presence": 0.999886155128479}, "right thumb": {"x": 0.3354683518409729, "y": 0.4940938353538513, "z": -0.8687461018562317, "visibility": 0.8844950199127197, "presence": 0.9998853206634521}, "left hip": {"x": 0.21202704310417175, "y": 0.5720804929733276, "z": 0.15300054848194122, "visibility": 0.9999791979789734, "presence": 0.9999964237213135}, "right hip": {"x": 0.15257084369659424, "y": 0.5738538503646851, "z": -0.15291424095630646, "visibility": 0.9999821186065674, "presence": 0.99998939037323}, "left knee": {"x": 0.2916625440120697, "y": 0.6206233501434326, "z": 0.3273727297782898, "visibility": 0.8850430250167847, "presence": 0.9999792575836182}, "right knee": {"x": 0.14863118529319763, "y": 0.6416839361190796, "z": -0.42083895206451416, "visibility": 0.999319314956665, "presence": 0.9999680519104004}, "left ankle": {"x": 0.32634782791137695, "y": 0.6848346590995789, "z": 0.6187386512756348, "visibility": 0.9714773297309875, "presence": 0.9999203681945801}, "right ankle": {"x": 0.08907695859670639, "y": 0.717224657535553, "z": -0.34749728441238403, "visibility": 0.9986488223075867, "presence": 0.9997935891151428}, "left heel": {"x": 0.3101803958415985, "y": 0.700291633605957, "z": 0.6371093392372131, "visibility": 0.9549572467803955, "presence": 0.9998075366020203}, "right heel": {"x": 0.0782100111246109, "y": 0.72535640001297, "z": -0.34535926580429077, "visibility": 0.9737298488616943, "presence": 0.9995884299278259}, "left foot index": {"x": 0.3882931172847748, "y": 0.698491632938385, "z": 0.5391870737075806, "visibility": 0.9742218852043152, "presence": 0.9997387528419495}, "right foot index": {"x": 0.09843815863132477, "y": 0.7446433305740356, "z": -0.5151029825210571, "visibility": 0.9969091415405273, "presence": 0.9987896084785461}, "timestamp": "20240418-205153"}