{"nose": {"x": 0.38085517287254333, "y": 0.44727054238319397, "z": -0.598606526851654, "visibility": 0.9997724890708923, "presence": 0.9999992847442627}, "left eye (inner)": {"x": 0.3791804909706116, "y": 0.43876758217811584, "z": -0.5719321966171265, "visibility": 0.9994866847991943, "presence": 0.9999990463256836}, "left eye": {"x": 0.38083118200302124, "y": 0.4386274516582489, "z": -0.5723325610160828, "visibility": 0.9995008707046509, "presence": 0.9999991655349731}, "left eye (outer)": {"x": 0.3825291097164154, "y": 0.43842172622680664, "z": -0.572319746017456, "visibility": 0.9995936155319214, "presence": 0.9999990463256836}, "right eye (inner)": {"x": 0.3711252808570862, "y": 0.43853017687797546, "z": -0.6100054383277893, "visibility": 0.9997308254241943, "presence": 0.9999983310699463}, "right eye": {"x": 0.3663979172706604, "y": 0.43839356303215027, "z": -0.6103867292404175, "visibility": 0.9997819066047668, "presence": 0.9999984502792358}, "right eye (outer)": {"x": 0.36144790053367615, "y": 0.43826979398727417, "z": -0.6105868816375732, "visibility": 0.9997779130935669, "presence": 0.9999977350234985}, "left ear": {"x": 0.3684515655040741, "y": 0.43957170844078064, "z": -0.3923276662826538, "visibility": 0.999650776386261, "presence": 0.9999995231628418}, "right ear": {"x": 0.3412723243236542, "y": 0.4390767514705658, "z": -0.5654968619346619, "visibility": 0.9995113015174866, "presence": 0.9999963045120239}, "mouth (left)": {"x": 0.37705501914024353, "y": 0.45453622937202454, "z": -0.5229973196983337, "visibility": 0.9997994303703308, "presence": 0.9999997615814209}, "mouth (right)": {"x": 0.36686140298843384, "y": 0.45473968982696533, "z": -0.5752223134040833, "visibility": 0.9998608827590942, "presence": 0.9999991655349731}, "left shoulder": {"x": 0.37162524461746216, "y": 0.4724584221839905, "z": -0.13956643640995026, "visibility": 0.9999871850013733, "presence": 1.0}, "right shoulder": {"x": 0.2738223969936371, "y": 0.46810182929039, "z": -0.49563226103782654, "visibility": 0.9999802112579346, "presence": 0.9999973773956299}, "left elbow": {"x": 0.39986732602119446, "y": 0.50150465965271, "z": 0.12432171404361725, "visibility": 0.7341339588165283, "presence": 0.9999997615814209}, "right elbow": {"x": 0.21286910772323608, "y": 0.5048590302467346, "z": -0.5508259534835815, "visibility": 0.9830535054206848, "presence": 0.9999333620071411}, "left wrist": {"x": 0.43687859177589417, "y": 0.5199118256568909, "z": 0.20597989857196808, "visibility": 0.8113237619400024, "presence": 0.9999997615814209}, "right wrist": {"x": 0.285515695810318, "y": 0.5433095097541809, "z": -0.6477946639060974, "visibility": 0.9471219778060913, "presence": 0.9999954700469971}, "left pinky": {"x": 0.4508723020553589, "y": 0.5255476236343384, "z": 0.22567085921764374, "visibility": 0.8131803274154663, "presence": 0.9999988079071045}, "right pinky": {"x": 0.30490776896476746, "y": 0.5538838505744934, "z": -0.7069534063339233, "visibility": 0.9255660772323608, "presence": 0.999993085861206}, "left index": {"x": 0.4488884210586548, "y": 0.5233679413795471, "z": 0.16549763083457947, "visibility": 0.8191615343093872, "presence": 0.9999980926513672}, "right index": {"x": 0.3176133930683136, "y": 0.5497920513153076, "z": -0.705272376537323, "visibility": 0.9183992147445679, "presence": 0.9999932050704956}, "left thumb": {"x": 0.4411633014678955, "y": 0.5222969651222229, "z": 0.18677815794944763, "visibility": 0.7784855365753174, "presence": 0.9999991655349731}, "right thumb": {"x": 0.31153008341789246, "y": 0.546100378036499, "z": -0.6476926803588867, "visibility": 0.8183028697967529, "presence": 0.9999963045120239}, "left hip": {"x": 0.30524641275405884, "y": 0.5610288381576538, "z": 0.10294931381940842, "visibility": 0.9999850392341614, "presence": 0.9999990463256836}, "right hip": {"x": 0.23761728405952454, "y": 0.5605749487876892, "z": -0.10283646732568741, "visibility": 0.9999868869781494, "presence": 0.9999964237213135}, "left knee": {"x": 0.39255309104919434, "y": 0.6162237524986267, "z": 0.024918656796216965, "visibility": 0.7543491125106812, "presence": 0.9999932050704956}, "right knee": {"x": 0.1964075118303299, "y": 0.6338122487068176, "z": -0.33739760518074036, "visibility": 0.9964936971664429, "presence": 0.9999665021896362}, "left ankle": {"x": 0.374802827835083, "y": 0.6831037402153015, "z": 0.29889222979545593, "visibility": 0.8576558232307434, "presence": 0.9999536275863647}, "right ankle": {"x": 0.15088915824890137, "y": 0.7081088423728943, "z": -0.2065024971961975, "visibility": 0.9942836761474609, "presence": 0.999603807926178}, "left heel": {"x": 0.3552265167236328, "y": 0.6968123316764832, "z": 0.31612327694892883, "visibility": 0.8040080666542053, "presence": 0.9998493194580078}, "right heel": {"x": 0.1474851369857788, "y": 0.7188612818717957, "z": -0.20124754309654236, "visibility": 0.8914107084274292, "presence": 0.9993605017662048}, "left foot index": {"x": 0.43645724654197693, "y": 0.697813093662262, "z": 0.1881440281867981, "visibility": 0.8782268762588501, "presence": 0.9997381567955017}, "right foot index": {"x": 0.15449802577495575, "y": 0.7289260029792786, "z": -0.3887884318828583, "visibility": 0.9852310419082642, "presence": 0.9982907176017761}, "timestamp": "20240418-205126"}