{"nose": {"x": 0.33194857835769653, "y": 0.4889116585254669, "z": -0.4207058846950531, "visibility": 0.9998906254768372, "presence": 0.9999839067459106}, "left eye (inner)": {"x": 0.33020561933517456, "y": 0.4806508719921112, "z": -0.3955339789390564, "visibility": 0.9997568726539612, "presence": 0.9999821186065674}, "left eye": {"x": 0.3292825222015381, "y": 0.48017823696136475, "z": -0.39589112997055054, "visibility": 0.9997708201408386, "presence": 0.9999853372573853}, "left eye (outer)": {"x": 0.3285427689552307, "y": 0.47971484065055847, "z": -0.3958422541618347, "visibility": 0.9998185634613037, "presence": 0.9999831914901733}, "right eye (inner)": {"x": 0.3271268904209137, "y": 0.48098400235176086, "z": -0.44603827595710754, "visibility": 0.9998990893363953, "presence": 0.9999748468399048}, "right eye": {"x": 0.3239433169364929, "y": 0.48092514276504517, "z": -0.44634127616882324, "visibility": 0.9999244213104248, "presence": 0.9999791383743286}, "right eye (outer)": {"x": 0.32038164138793945, "y": 0.48111170530319214, "z": -0.4465343654155731, "visibility": 0.9999192953109741, "presence": 0.9999715089797974}, "left ear": {"x": 0.30851495265960693, "y": 0.4788944721221924, "z": -0.24328145384788513, "visibility": 0.999880850315094, "presence": 0.9999878406524658}, "right ear": {"x": 0.2977321147918701, "y": 0.47809621691703796, "z": -0.478977233171463, "visibility": 0.9998423457145691, "presence": 0.9999624490737915}, "mouth (left)": {"x": 0.3213954567909241, "y": 0.4951404631137848, "z": -0.356831818819046, "visibility": 0.9998760223388672, "presence": 0.9999923706054688}, "mouth (right)": {"x": 0.3172761797904968, "y": 0.4960181713104248, "z": -0.42714405059814453, "visibility": 0.9999316334724426, "presence": 0.9999847412109375}, "left shoulder": {"x": 0.2898261845111847, "y": 0.5004393458366394, "z": -0.05748608335852623, "visibility": 0.9999906420707703, "presence": 0.9999980926513672}, "right shoulder": {"x": 0.2342827171087265, "y": 0.5044564008712769, "z": -0.5203129053115845, "visibility": 0.9999880194664001, "presence": 0.9999452829360962}, "left elbow": {"x": 0.3648779094219208, "y": 0.5199875235557556, "z": 0.0631730929017067, "visibility": 0.834199845790863, "presence": 0.9999879598617554}, "right elbow": {"x": 0.29591992497444153, "y": 0.5164476037025452, "z": -0.7052739858627319, "visibility": 0.9811505079269409, "presence": 0.9994425177574158}, "left wrist": {"x": 0.43374910950660706, "y": 0.5088351368904114, "z": -0.010435796342790127, "visibility": 0.900331437587738, "presence": 0.9999662637710571}, "right wrist": {"x": 0.38193514943122864, "y": 0.5155118107795715, "z": -0.8183107376098633, "visibility": 0.9422866702079773, "presence": 0.9994416832923889}, "left pinky": {"x": 0.44881683588027954, "y": 0.5060245990753174, "z": -0.011715631000697613, "visibility": 0.898219883441925, "presence": 0.999925971031189}, "right pinky": {"x": 0.4022922217845917, "y": 0.5173779129981995, "z": -0.8953730463981628, "visibility": 0.9260484576225281, "presence": 0.9994720816612244}, "left index": {"x": 0.44806012511253357, "y": 0.5051854848861694, "z": -0.05442306771874428, "visibility": 0.9043796062469482, "presence": 0.9998875856399536}, "right index": {"x": 0.4073622524738312, "y": 0.5108885765075684, "z": -0.8839149475097656, "visibility": 0.925015926361084, "presence": 0.9993890523910522}, "left thumb": {"x": 0.4428905248641968, "y": 0.5051881670951843, "z": -0.029384594410657883, "visibility": 0.8947812914848328, "presence": 0.9999299049377441}, "right thumb": {"x": 0.40165624022483826, "y": 0.5074713230133057, "z": -0.8188427090644836, "visibility": 0.853678822517395, "presence": 0.9995784163475037}, "left hip": {"x": 0.21741068363189697, "y": 0.5892624855041504, "z": 0.1450100541114807, "visibility": 0.9999797344207764, "presence": 0.9999997615814209}, "right hip": {"x": 0.15936465561389923, "y": 0.5895692706108093, "z": -0.14488491415977478, "visibility": 0.9999802112579346, "presence": 0.9999992847442627}, "left knee": {"x": 0.3231179714202881, "y": 0.622711718082428, "z": 0.2899165451526642, "visibility": 0.9087628126144409, "presence": 0.9999991655349731}, "right knee": {"x": 0.15587329864501953, "y": 0.6509752869606018, "z": -0.5854455828666687, "visibility": 0.9994756579399109, "presence": 0.9999984502792358}, "left ankle": {"x": 0.3544255793094635, "y": 0.6847062706947327, "z": 0.6273673176765442, "visibility": 0.9734824299812317, "presence": 0.9999929666519165}, "right ankle": {"x": 0.08735420554876328, "y": 0.7139295935630798, "z": -0.4105728268623352, "visibility": 0.9986751079559326, "presence": 0.9999935626983643}, "left heel": {"x": 0.33501163125038147, "y": 0.6991779208183289, "z": 0.651157021522522, "visibility": 0.9513053297996521, "presence": 0.9999842643737793}, "right heel": {"x": 0.07926706224679947, "y": 0.7199414372444153, "z": -0.41058722138404846, "visibility": 0.9720771908760071, "presence": 0.9999868869781494}, "left foot index": {"x": 0.4117697477340698, "y": 0.6971595883369446, "z": 0.5646158456802368, "visibility": 0.9736929535865784, "presence": 0.9999715089797974}, "right foot index": {"x": 0.08284702152013779, "y": 0.7421280741691589, "z": -0.5445423722267151, "visibility": 0.9969874620437622, "presence": 0.999932050704956}, "timestamp": "20240418-205156"}