{"nose": {"x": 0.37669506669044495, "y": 0.45605576038360596, "z": -0.4381158649921417, "visibility": 0.9988461136817932, "presence": 0.9999727010726929}, "left eye (inner)": {"x": 0.3730132281780243, "y": 0.4478265941143036, "z": -0.41649797558784485, "visibility": 0.9977169632911682, "presence": 0.9999580383300781}, "left eye": {"x": 0.37286847829818726, "y": 0.44738367199897766, "z": -0.41685929894447327, "visibility": 0.9977537393569946, "presence": 0.9999663829803467}, "left eye (outer)": {"x": 0.3729442358016968, "y": 0.4469635486602783, "z": -0.41684088110923767, "visibility": 0.9983566999435425, "presence": 0.9999619722366333}, "right eye (inner)": {"x": 0.36914944648742676, "y": 0.4475248157978058, "z": -0.46422091126441956, "visibility": 0.9986721873283386, "presence": 0.9999372959136963}, "right eye": {"x": 0.3657565414905548, "y": 0.4469926059246063, "z": -0.46456003189086914, "visibility": 0.9988735914230347, "presence": 0.9999508857727051}, "right eye (outer)": {"x": 0.3617049753665924, "y": 0.44655275344848633, "z": -0.4647352993488312, "visibility": 0.9989498257637024, "presence": 0.999937891960144}, "left ear": {"x": 0.35571908950805664, "y": 0.4472503364086151, "z": -0.283143550157547, "visibility": 0.998620867729187, "presence": 0.9999765157699585}, "right ear": {"x": 0.3399307131767273, "y": 0.44719552993774414, "z": -0.4830498993396759, "visibility": 0.9977307319641113, "presence": 0.9999111890792847}, "mouth (left)": {"x": 0.3701989948749542, "y": 0.4628126323223114, "z": -0.3799169063568115, "visibility": 0.999333918094635, "presence": 0.9999949932098389}, "mouth (right)": {"x": 0.36452674865722656, "y": 0.46276503801345825, "z": -0.4474007487297058, "visibility": 0.9994224905967712, "presence": 0.9999898672103882}, "left shoulder": {"x": 0.36364540457725525, "y": 0.480497270822525, "z": -0.07427440583705902, "visibility": 0.9999851584434509, "presence": 0.9999996423721313}, "right shoulder": {"x": 0.2707250118255615, "y": 0.4757406413555145, "z": -0.46235212683677673, "visibility": 0.9999408721923828, "presence": 0.9999932050704956}, "left elbow": {"x": 0.3924991488456726, "y": 0.5073758363723755, "z": 0.12301430106163025, "visibility": 0.8450052738189697, "presence": 0.9999991655349731}, "right elbow": {"x": 0.22845833003520966, "y": 0.519936203956604, "z": -0.601900041103363, "visibility": 0.9758135080337524, "presence": 0.9998841285705566}, "left wrist": {"x": 0.42955949902534485, "y": 0.5257552266120911, "z": 0.1238950714468956, "visibility": 0.92027747631073, "presence": 0.9999974966049194}, "right wrist": {"x": 0.28812044858932495, "y": 0.5567405223846436, "z": -0.6993352770805359, "visibility": 0.9632995128631592, "presence": 0.9999897480010986}, "left pinky": {"x": 0.4452162981033325, "y": 0.5292731523513794, "z": 0.1346939504146576, "visibility": 0.9178717136383057, "presence": 0.9999878406524658}, "right pinky": {"x": 0.30005553364753723, "y": 0.5691708326339722, "z": -0.7749984264373779, "visibility": 0.9403175115585327, "presence": 0.9999825954437256}, "left index": {"x": 0.44428449869155884, "y": 0.5269594192504883, "z": 0.08177019655704498, "visibility": 0.9237950444221497, "presence": 0.9999830722808838}, "right index": {"x": 0.3119087219238281, "y": 0.5665231943130493, "z": -0.7687721252441406, "visibility": 0.9370097517967224, "presence": 0.9999850988388062}, "left thumb": {"x": 0.43644773960113525, "y": 0.5265292525291443, "z": 0.10487805306911469, "visibility": 0.890498161315918, "presence": 0.9999922513961792}, "right thumb": {"x": 0.3092541992664337, "y": 0.5630948543548584, "z": -0.7013773918151855, "visibility": 0.8608058094978333, "presence": 0.999991774559021}, "left hip": {"x": 0.2801249623298645, "y": 0.5669012665748596, "z": 0.1379973590373993, "visibility": 0.9999703168869019, "presence": 0.9999991655349731}, "right hip": {"x": 0.221417635679245, "y": 0.5631299614906311, "z": -0.13792137801647186, "visibility": 0.9999626874923706, "presence": 0.9999973773956299}, "left knee": {"x": 0.36722996830940247, "y": 0.6191437840461731, "z": 0.16337136924266815, "visibility": 0.8198713660240173, "presence": 0.9999923706054688}, "right knee": {"x": 0.20358796417713165, "y": 0.6320176124572754, "z": -0.4883235991001129, "visibility": 0.9924421310424805, "presence": 0.9999879598617554}, "left ankle": {"x": 0.3708612322807312, "y": 0.682499349117279, "z": 0.4443545639514923, "visibility": 0.9176927804946899, "presence": 0.9999611377716064}, "right ankle": {"x": 0.1544732302427292, "y": 0.7088659405708313, "z": -0.4606897532939911, "visibility": 0.988998532295227, "presence": 0.9998965263366699}, "left heel": {"x": 0.3537465035915375, "y": 0.6966014504432678, "z": 0.48259177803993225, "visibility": 0.8140066862106323, "presence": 0.9998965263366699}, "right heel": {"x": 0.13972100615501404, "y": 0.7193637490272522, "z": -0.464291512966156, "visibility": 0.8593341112136841, "presence": 0.9997854828834534}, "left foot index": {"x": 0.43311262130737305, "y": 0.697198212146759, "z": 0.3503715693950653, "visibility": 0.9132495522499084, "presence": 0.999832272529602}, "right foot index": {"x": 0.18003840744495392, "y": 0.7358595132827759, "z": -0.6478493213653564, "visibility": 0.9775769710540771, "presence": 0.9992479681968689}, "timestamp": "20240418-205121"}