{"nose": {"x": 0.3004974126815796, "y": 0.48725074529647827, "z": -0.48908209800720215, "visibility": 0.9998145699501038, "presence": 0.9999992847442627}, "left eye (inner)": {"x": 0.29655200242996216, "y": 0.47977951169013977, "z": -0.4640038013458252, "visibility": 0.9996182918548584, "presence": 0.9999990463256836}, "left eye": {"x": 0.2957458198070526, "y": 0.47921791672706604, "z": -0.46435287594795227, "visibility": 0.9996223449707031, "presence": 0.9999991655349731}, "left eye (outer)": {"x": 0.2951367199420929, "y": 0.4786442518234253, "z": -0.46433025598526, "visibility": 0.9997141361236572, "presence": 0.999998927116394}, "right eye (inner)": {"x": 0.29298916459083557, "y": 0.48012953996658325, "z": -0.511066198348999, "visibility": 0.9998047947883606, "presence": 0.9999988079071045}, "right eye": {"x": 0.2897671163082123, "y": 0.47997668385505676, "z": -0.511421263217926, "visibility": 0.9998480081558228, "presence": 0.9999990463256836}, "right eye (outer)": {"x": 0.28623858094215393, "y": 0.4798188805580139, "z": -0.511625349521637, "visibility": 0.9998413920402527, "presence": 0.9999986886978149}, "left ear": {"x": 0.27690011262893677, "y": 0.4778369963169098, "z": -0.30730634927749634, "visibility": 0.9997925758361816, "presence": 0.9999994039535522}, "right ear": {"x": 0.2650216817855835, "y": 0.4798261821269989, "z": -0.5254216194152832, "visibility": 0.9996913075447083, "presence": 0.9999982118606567}, "mouth (left)": {"x": 0.2934713065624237, "y": 0.49362480640411377, "z": -0.4228585660457611, "visibility": 0.999792218208313, "presence": 0.9999996423721313}, "mouth (right)": {"x": 0.28961411118507385, "y": 0.4942021369934082, "z": -0.4880445599555969, "visibility": 0.9998810291290283, "presence": 0.9999995231628418}, "left shoulder": {"x": 0.28035977482795715, "y": 0.4990578889846802, "z": -0.09558725357055664, "visibility": 0.9999818801879883, "presence": 0.9999998807907104}, "right shoulder": {"x": 0.1911032497882843, "y": 0.503284752368927, "z": -0.5013084411621094, "visibility": 0.9999812841415405, "presence": 0.9999985694885254}, "left elbow": {"x": 0.3186723291873932, "y": 0.5263581871986389, "z": 0.19044947624206543, "visibility": 0.8773261308670044, "presence": 0.9999995231628418}, "right elbow": {"x": 0.12459176778793335, "y": 0.5455791354179382, "z": -0.5679291486740112, "visibility": 0.9904385209083557, "presence": 0.9999111890792847}, "left wrist": {"x": 0.3665418326854706, "y": 0.5405077338218689, "z": 0.32043948769569397, "visibility": 0.9176501631736755, "presence": 0.9999994039535522}, "right wrist": {"x": 0.17125263810157776, "y": 0.5888923406600952, "z": -0.6089895367622375, "visibility": 0.9711880087852478, "presence": 0.9999974966049194}, "left pinky": {"x": 0.38461431860923767, "y": 0.5414965748786926, "z": 0.35779547691345215, "visibility": 0.9182560443878174, "presence": 0.9999973773956299}, "right pinky": {"x": 0.17282889783382416, "y": 0.6025065779685974, "z": -0.6600667238235474, "visibility": 0.9615106582641602, "presence": 0.999996542930603}, "left index": {"x": 0.38303637504577637, "y": 0.538519024848938, "z": 0.3011746406555176, "visibility": 0.922585129737854, "presence": 0.9999959468841553}, "right index": {"x": 0.18439671397209167, "y": 0.6009715795516968, "z": -0.656581699848175, "visibility": 0.9611931443214417, "presence": 0.9999969005584717}, "left thumb": {"x": 0.3746706247329712, "y": 0.5385887026786804, "z": 0.3033542335033417, "visibility": 0.9171279668807983, "presence": 0.9999980926513672}, "right thumb": {"x": 0.1842038929462433, "y": 0.5970070958137512, "z": -0.6067567467689514, "visibility": 0.9229151010513306, "presence": 0.9999982118606567}, "left hip": {"x": 0.20192177593708038, "y": 0.5859048366546631, "z": 0.13524067401885986, "visibility": 0.999971330165863, "presence": 0.9999990463256836}, "right hip": {"x": 0.13710220158100128, "y": 0.5846464037895203, "z": -0.1351969689130783, "visibility": 0.9999693632125854, "presence": 0.9999971389770508}, "left knee": {"x": 0.3124001920223236, "y": 0.6178250312805176, "z": 0.10447283089160919, "visibility": 0.931675136089325, "presence": 0.9999983310699463}, "right knee": {"x": 0.10679034888744354, "y": 0.6472020745277405, "z": -0.5724597573280334, "visibility": 0.9988336563110352, "presence": 0.9999942779541016}, "left ankle": {"x": 0.32105177640914917, "y": 0.6849170923233032, "z": 0.3364017605781555, "visibility": 0.9787602424621582, "presence": 0.9999915361404419}, "right ankle": {"x": 0.04626500979065895, "y": 0.7169352173805237, "z": -0.45714637637138367, "visibility": 0.9979249238967896, "presence": 0.999962568283081}, "left heel": {"x": 0.30440273880958557, "y": 0.6984224915504456, "z": 0.3502781391143799, "visibility": 0.9474180936813354, "presence": 0.999977707862854}, "right heel": {"x": 0.038059573620557785, "y": 0.7248201966285706, "z": -0.4501519501209259, "visibility": 0.9518831372261047, "presence": 0.9999322891235352}, "left foot index": {"x": 0.3787729740142822, "y": 0.6995952129364014, "z": 0.2628380060195923, "visibility": 0.9792892336845398, "presence": 0.9999433755874634}, "right foot index": {"x": 0.052230630069971085, "y": 0.7424144148826599, "z": -0.6092274785041809, "visibility": 0.9952694773674011, "presence": 0.9997252821922302}, "timestamp": "20240418-205220"}