{"nose": {"x": 0.28592127561569214, "y": 0.4617217183113098, "z": -0.34073492884635925, "visibility": 0.9998033046722412, "presence": 0.9997962117195129}, "left eye (inner)": {"x": 0.28768062591552734, "y": 0.45232850313186646, "z": -0.32112616300582886, "visibility": 0.9996457099914551, "presence": 0.999776303768158}, "left eye": {"x": 0.2860911190509796, "y": 0.45152732729911804, "z": -0.32150688767433167, "visibility": 0.9996487498283386, "presence": 0.9998225569725037}, "left eye (outer)": {"x": 0.284280925989151, "y": 0.4506845772266388, "z": -0.32144755125045776, "visibility": 0.9997063875198364, "presence": 0.999808132648468}, "right eye (inner)": {"x": 0.2850876748561859, "y": 0.4521922171115875, "z": -0.372326523065567, "visibility": 0.9998529553413391, "presence": 0.9996854066848755}, "right eye": {"x": 0.28167614340782166, "y": 0.45128101110458374, "z": -0.3726230561733246, "visibility": 0.9998894929885864, "presence": 0.9997562766075134}, "right eye (outer)": {"x": 0.2778756618499756, "y": 0.4502934217453003, "z": -0.37279975414276123, "visibility": 0.9998810887336731, "presence": 0.9997077584266663}, "left ear": {"x": 0.260206401348114, "y": 0.4465916156768799, "z": -0.1895706057548523, "visibility": 0.9997857809066772, "presence": 0.9998751878738403}, "right ear": {"x": 0.2538643777370453, "y": 0.44633129239082336, "z": -0.4288375973701477, "visibility": 0.9997939467430115, "presence": 0.9996967315673828}, "mouth (left)": {"x": 0.270407497882843, "y": 0.46698009967803955, "z": -0.28313496708869934, "visibility": 0.9997272491455078, "presence": 0.9999300241470337}, "mouth (right)": {"x": 0.2683545649051666, "y": 0.46657413244247437, "z": -0.3542840778827667, "visibility": 0.9998539686203003, "presence": 0.999872088432312}, "left shoulder": {"x": 0.23351354897022247, "y": 0.4694312512874603, "z": -0.018980171531438828, "visibility": 0.9999664425849915, "presence": 0.9999878406524658}, "right shoulder": {"x": 0.18208809196949005, "y": 0.46690833568573, "z": -0.5007317662239075, "visibility": 0.9999746680259705, "presence": 0.9997243285179138}, "left elbow": {"x": 0.27654266357421875, "y": 0.49029839038848877, "z": 0.08218531310558319, "visibility": 0.600299060344696, "presence": 0.9998657703399658}, "right elbow": {"x": 0.22305184602737427, "y": 0.48696646094322205, "z": -0.7658345699310303, "visibility": 0.9828683137893677, "presence": 0.9935489296913147}, "left wrist": {"x": 0.36225906014442444, "y": 0.49794846773147583, "z": -0.021836256608366966, "visibility": 0.6425153017044067, "presence": 0.9994001388549805}, "right wrist": {"x": 0.3317580819129944, "y": 0.4920099377632141, "z": -0.8886283040046692, "visibility": 0.9395883679389954, "presence": 0.996331512928009}, "left pinky": {"x": 0.3813592195510864, "y": 0.4971467852592468, "z": -0.031057877466082573, "visibility": 0.6493839025497437, "presence": 0.9988368153572083}, "right pinky": {"x": 0.3496694266796112, "y": 0.49371767044067383, "z": -0.9761416912078857, "visibility": 0.9222583770751953, "presence": 0.9968311190605164}, "left index": {"x": 0.38308489322662354, "y": 0.49523401260375977, "z": -0.07678157091140747, "visibility": 0.6575877666473389, "presence": 0.9985650181770325}, "right index": {"x": 0.3537435233592987, "y": 0.48794084787368774, "z": -0.951460063457489, "visibility": 0.9221182465553284, "presence": 0.9970914125442505}, "left thumb": {"x": 0.3720287084579468, "y": 0.4952680468559265, "z": -0.043721724301576614, "visibility": 0.6451979279518127, "presence": 0.9990127086639404}, "right thumb": {"x": 0.3534092605113983, "y": 0.48874032497406006, "z": -0.8854678273200989, "visibility": 0.8512492179870605, "presence": 0.997820258140564}, "left hip": {"x": 0.1908123940229416, "y": 0.5716520547866821, "z": 0.14751674234867096, "visibility": 0.9999660849571228, "presence": 0.9999927282333374}, "right hip": {"x": 0.13638532161712646, "y": 0.5758643746376038, "z": -0.14744225144386292, "visibility": 0.9999684691429138, "presence": 0.9999754428863525}, "left knee": {"x": 0.295524001121521, "y": 0.6172119975090027, "z": 0.2664111256599426, "visibility": 0.9239711165428162, "presence": 0.9999778270721436}, "right knee": {"x": 0.13304652273654938, "y": 0.6450101733207703, "z": -0.4787740111351013, "visibility": 0.9992961287498474, "presence": 0.9999464750289917}, "left ankle": {"x": 0.323320597410202, "y": 0.6855221390724182, "z": 0.5680404305458069, "visibility": 0.972997784614563, "presence": 0.9999114274978638}, "right ankle": {"x": 0.07649631053209305, "y": 0.7163503766059875, "z": -0.26941120624542236, "visibility": 0.9982046484947205, "presence": 0.9998144507408142}, "left heel": {"x": 0.3053637444972992, "y": 0.7011721730232239, "z": 0.587804913520813, "visibility": 0.9539911150932312, "presence": 0.9997915625572205}, "right heel": {"x": 0.0682043731212616, "y": 0.7238321304321289, "z": -0.25283366441726685, "visibility": 0.9652203321456909, "presence": 0.9997062087059021}, "left foot index": {"x": 0.3861958980560303, "y": 0.698759913444519, "z": 0.47513869404792786, "visibility": 0.9773572087287903, "presence": 0.9996421337127686}, "right foot index": {"x": 0.0765245258808136, "y": 0.7428158521652222, "z": -0.4122363328933716, "visibility": 0.9960607886314392, "presence": 0.9989160299301147}, "timestamp": "20240418-205211"}