{"nose": {"x": 0.39086300134658813, "y": 0.49595990777015686, "z": -0.5696004629135132, "visibility": 0.9994457364082336, "presence": 0.9999998807907104}, "left eye (inner)": {"x": 0.3882788419723511, "y": 0.48702272772789, "z": -0.5455572605133057, "visibility": 0.998900294303894, "presence": 0.9999997615814209}, "left eye": {"x": 0.3871026635169983, "y": 0.4863673448562622, "z": -0.5459253191947937, "visibility": 0.9989204406738281, "presence": 0.9999998807907104}, "left eye (outer)": {"x": 0.38603127002716064, "y": 0.48570773005485535, "z": -0.5459093451499939, "visibility": 0.9992074966430664, "presence": 0.9999997615814209}, "right eye (inner)": {"x": 0.3854277729988098, "y": 0.4873894453048706, "z": -0.5956577062606812, "visibility": 0.9993625283241272, "presence": 0.9999997615814209}, "right eye": {"x": 0.38215166330337524, "y": 0.48709648847579956, "z": -0.5960174202919006, "visibility": 0.9994598627090454, "presence": 0.9999997615814209}, "right eye (outer)": {"x": 0.37819236516952515, "y": 0.4868558347225189, "z": -0.5962247252464294, "visibility": 0.9994956254959106, "presence": 0.9999996423721313}, "left ear": {"x": 0.36520618200302124, "y": 0.48384353518486023, "z": -0.37979230284690857, "visibility": 0.999336838722229, "presence": 0.9999998807907104}, "right ear": {"x": 0.35511353611946106, "y": 0.4853822588920593, "z": -0.6240648627281189, "visibility": 0.9989119172096252, "presence": 0.9999995231628418}, "mouth (left)": {"x": 0.3808453679084778, "y": 0.5023894309997559, "z": -0.4996461272239685, "visibility": 0.9996779561042786, "presence": 0.9999998807907104}, "mouth (right)": {"x": 0.3773583173751831, "y": 0.5028371810913086, "z": -0.5685659050941467, "visibility": 0.9997222423553467, "presence": 0.9999997615814209}, "left shoulder": {"x": 0.35493364930152893, "y": 0.5057958960533142, "z": -0.1344674825668335, "visibility": 0.9999924898147583, "presence": 1.0}, "right shoulder": {"x": 0.2743828296661377, "y": 0.5046294927597046, "z": -0.6155439019203186, "visibility": 0.9999713897705078, "presence": 0.9999991655349731}, "left elbow": {"x": 0.3969598710536957, "y": 0.527085542678833, "z": 0.1543133407831192, "visibility": 0.9070040583610535, "presence": 0.9999998807907104}, "right elbow": {"x": 0.26250016689300537, "y": 0.5466188788414001, "z": -0.7065947651863098, "visibility": 0.9882219433784485, "presence": 0.9999377727508545}, "left wrist": {"x": 0.4465236961841583, "y": 0.5447478294372559, "z": 0.2826121747493744, "visibility": 0.9591295719146729, "presence": 0.9999996423721313}, "right wrist": {"x": 0.30680474638938904, "y": 0.5831668972969055, "z": -0.7412019968032837, "visibility": 0.981689453125, "presence": 0.9999898672103882}, "left pinky": {"x": 0.46082577109336853, "y": 0.5414304137229919, "z": 0.3190612494945526, "visibility": 0.9557125568389893, "presence": 0.999998927116394}, "right pinky": {"x": 0.3122556507587433, "y": 0.596021294593811, "z": -0.7985179424285889, "visibility": 0.9700482487678528, "presence": 0.999993085861206}, "left index": {"x": 0.4607608914375305, "y": 0.5409680604934692, "z": 0.2623053789138794, "visibility": 0.9592326283454895, "presence": 0.9999978542327881}, "right index": {"x": 0.32254233956336975, "y": 0.5934895873069763, "z": -0.7884141206741333, "visibility": 0.9684897661209106, "presence": 0.9999908208847046}, "left thumb": {"x": 0.45404252409935, "y": 0.5425288081169128, "z": 0.2653363049030304, "visibility": 0.9423621296882629, "presence": 0.9999988079071045}, "right thumb": {"x": 0.31944140791893005, "y": 0.5875188708305359, "z": -0.7366917133331299, "visibility": 0.9293111562728882, "presence": 0.9999932050704956}, "left hip": {"x": 0.26758629083633423, "y": 0.580790102481842, "z": 0.165786474943161, "visibility": 0.9999830722808838, "presence": 0.9999998807907104}, "right hip": {"x": 0.20672443509101868, "y": 0.5841785669326782, "z": -0.16573038697242737, "visibility": 0.9999807476997375, "presence": 0.9999996423721313}, "left knee": {"x": 0.37028175592422485, "y": 0.6196531653404236, "z": 0.30978620052337646, "visibility": 0.9102144837379456, "presence": 0.9999997615814209}, "right knee": {"x": 0.21105696260929108, "y": 0.6405985951423645, "z": -0.6509355306625366, "visibility": 0.9963802695274353, "presence": 0.9999995231628418}, "left ankle": {"x": 0.3714791238307953, "y": 0.6839575171470642, "z": 0.6179264783859253, "visibility": 0.9586116075515747, "presence": 0.9999973773956299}, "right ankle": {"x": 0.15155909955501556, "y": 0.7125834822654724, "z": -0.5740306377410889, "visibility": 0.9947280883789062, "presence": 0.9999961853027344}, "left heel": {"x": 0.35545191168785095, "y": 0.697709321975708, "z": 0.6383782029151917, "visibility": 0.9068245887756348, "presence": 0.9999932050704956}, "right heel": {"x": 0.13524650037288666, "y": 0.724162220954895, "z": -0.5711528062820435, "visibility": 0.9322106242179871, "presence": 0.9999935626983643}, "left foot index": {"x": 0.433664470911026, "y": 0.6971203684806824, "z": 0.5351638197898865, "visibility": 0.9571344256401062, "presence": 0.9999936819076538}, "right foot index": {"x": 0.18168030679225922, "y": 0.7354653477668762, "z": -0.7540624737739563, "visibility": 0.9892589449882507, "presence": 0.9999867677688599}, "timestamp": "20240418-205122"}