{"nose": {"x": 0.36994239687919617, "y": 0.45581477880477905, "z": -0.36726611852645874, "visibility": 0.9998860955238342, "presence": 0.9999747276306152}, "left eye (inner)": {"x": 0.3689276874065399, "y": 0.447435200214386, "z": -0.3388565480709076, "visibility": 0.9997928142547607, "presence": 0.9999516010284424}, "left eye": {"x": 0.36895042657852173, "y": 0.4472728669643402, "z": -0.339150607585907, "visibility": 0.9997751116752625, "presence": 0.9999548196792603}, "left eye (outer)": {"x": 0.36941662430763245, "y": 0.44705861806869507, "z": -0.33906227350234985, "visibility": 0.9998002648353577, "presence": 0.9999403953552246}, "right eye (inner)": {"x": 0.36491402983665466, "y": 0.44660186767578125, "z": -0.37824463844299316, "visibility": 0.9999074339866638, "presence": 0.99994957447052}, "right eye": {"x": 0.36142849922180176, "y": 0.44596192240715027, "z": -0.3785536587238312, "visibility": 0.9999265074729919, "presence": 0.9999604225158691}, "right eye (outer)": {"x": 0.3572516143321991, "y": 0.4454127550125122, "z": -0.3786935806274414, "visibility": 0.9999275803565979, "presence": 0.9999490976333618}, "left ear": {"x": 0.3517850339412689, "y": 0.44666600227355957, "z": -0.1787065714597702, "visibility": 0.9998132586479187, "presence": 0.9999464750289917}, "right ear": {"x": 0.3334476351737976, "y": 0.4456256031990051, "z": -0.3588775098323822, "visibility": 0.9998487830162048, "presence": 0.9999414682388306}, "mouth (left)": {"x": 0.36250850558280945, "y": 0.46283820271492004, "z": -0.3027603328227997, "visibility": 0.9998362064361572, "presence": 0.9999819993972778}, "mouth (right)": {"x": 0.3571586012840271, "y": 0.4622693359851837, "z": -0.35689109563827515, "visibility": 0.9999154806137085, "presence": 0.9999703168869019}, "left shoulder": {"x": 0.3329339325428009, "y": 0.47652748227119446, "z": -0.03040562942624092, "visibility": 0.9999659061431885, "presence": 0.9999843835830688}, "right shoulder": {"x": 0.28063642978668213, "y": 0.46801504492759705, "z": -0.4156303107738495, "visibility": 0.9999890923500061, "presence": 0.9999587535858154}, "left elbow": {"x": 0.37236812710762024, "y": 0.5026138424873352, "z": -0.15156413614749908, "visibility": 0.5317233204841614, "presence": 0.9997218251228333}, "right elbow": {"x": 0.2903773784637451, "y": 0.49358850717544556, "z": -0.6654335260391235, "visibility": 0.9938779473304749, "presence": 0.9993934631347656}, "left wrist": {"x": 0.4385114014148712, "y": 0.505841851234436, "z": -0.5090439319610596, "visibility": 0.5835572481155396, "presence": 0.9996563196182251}, "right wrist": {"x": 0.41361239552497864, "y": 0.498787522315979, "z": -0.8627186417579651, "visibility": 0.9818457961082458, "presence": 0.9999370574951172}, "left pinky": {"x": 0.45521947741508484, "y": 0.5061619877815247, "z": -0.566703736782074, "visibility": 0.5959073901176453, "presence": 0.9994189739227295}, "right pinky": {"x": 0.4333791732788086, "y": 0.49788522720336914, "z": -0.9526529312133789, "visibility": 0.971621572971344, "presence": 0.9999158382415771}, "left index": {"x": 0.45326074957847595, "y": 0.5015730261802673, "z": -0.5983108282089233, "visibility": 0.6001788377761841, "presence": 0.9994762539863586}, "right index": {"x": 0.44655895233154297, "y": 0.49405521154403687, "z": -0.9324016571044922, "visibility": 0.9692509174346924, "presence": 0.9999368190765381}, "left thumb": {"x": 0.44752147793769836, "y": 0.5021401047706604, "z": -0.5322369933128357, "visibility": 0.581151008605957, "presence": 0.9996370077133179}, "right thumb": {"x": 0.43355095386505127, "y": 0.4951695203781128, "z": -0.8613952398300171, "visibility": 0.9260597825050354, "presence": 0.9999593496322632}, "left hip": {"x": 0.27456048130989075, "y": 0.5677897334098816, "z": 0.1338428556919098, "visibility": 0.9999781250953674, "presence": 0.9999964237213135}, "right hip": {"x": 0.21221621334552765, "y": 0.5692095756530762, "z": -0.13376793265342712, "visibility": 0.999986469745636, "presence": 0.9999943971633911}, "left knee": {"x": 0.3680155277252197, "y": 0.6150108575820923, "z": 0.14409829676151276, "visibility": 0.8011870980262756, "presence": 0.9999680519104004}, "right knee": {"x": 0.19569054245948792, "y": 0.6363896131515503, "z": -0.3794032633304596, "visibility": 0.9985949993133545, "presence": 0.9999759197235107}, "left ankle": {"x": 0.37284937500953674, "y": 0.6834319829940796, "z": 0.42191535234451294, "visibility": 0.9061583876609802, "presence": 0.9999442100524902}, "right ankle": {"x": 0.14615501463413239, "y": 0.7113661766052246, "z": -0.22575391829013824, "visibility": 0.9970784187316895, "presence": 0.9998636245727539}, "left heel": {"x": 0.35461458563804626, "y": 0.6978394985198975, "z": 0.43937262892723083, "visibility": 0.8793718814849854, "presence": 0.9998582601547241}, "right heel": {"x": 0.13881610333919525, "y": 0.7203338742256165, "z": -0.2164658159017563, "visibility": 0.9461532235145569, "presence": 0.9997463822364807}, "left foot index": {"x": 0.4331412613391876, "y": 0.6967927813529968, "z": 0.33006736636161804, "visibility": 0.9341998100280762, "presence": 0.9997738003730774}, "right foot index": {"x": 0.1521819531917572, "y": 0.7377536296844482, "z": -0.37839365005493164, "visibility": 0.9931549429893494, "presence": 0.999131977558136}, "timestamp": "20240418-205128"}