{"nose": {"x": 0.3209765553474426, "y": 0.4746708273887634, "z": -0.28551462292671204, "visibility": 0.9998899102210999, "presence": 0.999962568283081}, "left eye (inner)": {"x": 0.3204770088195801, "y": 0.4663178026676178, "z": -0.26507967710494995, "visibility": 0.9998061656951904, "presence": 0.9999618530273438}, "left eye": {"x": 0.31931281089782715, "y": 0.46573692560195923, "z": -0.2654157876968384, "visibility": 0.9998061060905457, "presence": 0.9999710321426392}, "left eye (outer)": {"x": 0.31809699535369873, "y": 0.46500951051712036, "z": -0.26534637808799744, "visibility": 0.9998534917831421, "presence": 0.9999688863754272}, "right eye (inner)": {"x": 0.31799519062042236, "y": 0.46594661474227905, "z": -0.3102717697620392, "visibility": 0.999911367893219, "presence": 0.9999388456344604}, "right eye": {"x": 0.31498637795448303, "y": 0.46511873602867126, "z": -0.3105475604534149, "visibility": 0.9999286532402039, "presence": 0.99994957447052}, "right eye (outer)": {"x": 0.31194886565208435, "y": 0.46424055099487305, "z": -0.310668021440506, "visibility": 0.9999265670776367, "presence": 0.9999372959136963}, "left ear": {"x": 0.298141211271286, "y": 0.46151572465896606, "z": -0.13575933873653412, "visibility": 0.9998922348022461, "presence": 0.9999760389328003}, "right ear": {"x": 0.2893955707550049, "y": 0.4615292549133301, "z": -0.34359613060951233, "visibility": 0.9998593330383301, "presence": 0.999921441078186}, "mouth (left)": {"x": 0.3095196783542633, "y": 0.4800393283367157, "z": -0.2298608273267746, "visibility": 0.9998824000358582, "presence": 0.9999843835830688}, "mouth (right)": {"x": 0.3064652979373932, "y": 0.4798009693622589, "z": -0.2924383878707886, "visibility": 0.9999268054962158, "presence": 0.9999642372131348}, "left shoulder": {"x": 0.2912047505378723, "y": 0.4851256012916565, "z": 0.02038201130926609, "visibility": 0.9999821782112122, "presence": 0.9999972581863403}, "right shoulder": {"x": 0.2242453396320343, "y": 0.4842139780521393, "z": -0.40332144498825073, "visibility": 0.9999831318855286, "presence": 0.9999281167984009}, "left elbow": {"x": 0.3177434504032135, "y": 0.501732587814331, "z": 0.02376330830156803, "visibility": 0.6777548789978027, "presence": 0.999974250793457}, "right elbow": {"x": 0.26901373267173767, "y": 0.504689633846283, "z": -0.5816999077796936, "visibility": 0.9909859299659729, "presence": 0.9991016387939453}, "left wrist": {"x": 0.41641396284103394, "y": 0.5064903497695923, "z": -0.18765220046043396, "visibility": 0.7687762379646301, "presence": 0.9999462366104126}, "right wrist": {"x": 0.35472381114959717, "y": 0.5049214959144592, "z": -0.6861494183540344, "visibility": 0.9735711216926575, "presence": 0.999727189540863}, "left pinky": {"x": 0.43495428562164307, "y": 0.5051430463790894, "z": -0.21602565050125122, "visibility": 0.7842254638671875, "presence": 0.9998823404312134}, "right pinky": {"x": 0.3734823763370514, "y": 0.4999559223651886, "z": -0.7606287002563477, "visibility": 0.961596667766571, "presence": 0.9997238516807556}, "left index": {"x": 0.43475598096847534, "y": 0.5007167458534241, "z": -0.25406184792518616, "visibility": 0.7889056205749512, "presence": 0.9998677968978882}, "right index": {"x": 0.3736497461795807, "y": 0.4968920052051544, "z": -0.750392735004425, "visibility": 0.9594522714614868, "presence": 0.9996960163116455}, "left thumb": {"x": 0.4256182610988617, "y": 0.5013203620910645, "z": -0.2092125117778778, "visibility": 0.7743207812309265, "presence": 0.9999138116836548}, "right thumb": {"x": 0.3681389093399048, "y": 0.49945107102394104, "z": -0.6866931915283203, "visibility": 0.9084339737892151, "presence": 0.9997968077659607}, "left hip": {"x": 0.24061647057533264, "y": 0.5866478681564331, "z": 0.13709905743598938, "visibility": 0.999984622001648, "presence": 0.9999985694885254}, "right hip": {"x": 0.18302440643310547, "y": 0.589336633682251, "z": -0.13718166947364807, "visibility": 0.9999842643737793, "presence": 0.9999949932098389}, "left knee": {"x": 0.35754939913749695, "y": 0.6190362572669983, "z": 0.17761215567588806, "visibility": 0.9484527111053467, "presence": 0.9999955892562866}, "right knee": {"x": 0.18330354988574982, "y": 0.6504576206207275, "z": -0.471478134393692, "visibility": 0.9995622038841248, "presence": 0.9999895095825195}, "left ankle": {"x": 0.359145849943161, "y": 0.6870110630989075, "z": 0.4578291177749634, "visibility": 0.9826452732086182, "presence": 0.999981164932251}, "right ankle": {"x": 0.10239581763744354, "y": 0.7159028649330139, "z": -0.2888350188732147, "visibility": 0.9988470673561096, "presence": 0.999946117401123}, "left heel": {"x": 0.34116506576538086, "y": 0.7017017006874084, "z": 0.4765644073486328, "visibility": 0.9676039218902588, "presence": 0.9999558925628662}, "right heel": {"x": 0.09029428660869598, "y": 0.7229961156845093, "z": -0.27317607402801514, "visibility": 0.9769221544265747, "presence": 0.9999114274978638}, "left foot index": {"x": 0.4184843897819519, "y": 0.6995887756347656, "z": 0.3841155469417572, "visibility": 0.9835385680198669, "presence": 0.9999184608459473}, "right foot index": {"x": 0.10335451364517212, "y": 0.7415850162506104, "z": -0.41170474886894226, "visibility": 0.997292160987854, "presence": 0.999691367149353}, "timestamp": "20240418-205203"}