{"nose": {"x": 0.30684182047843933, "y": 0.4444178342819214, "z": -0.5209688544273376, "visibility": 0.9998620748519897, "presence": 0.9999902248382568}, "left eye (inner)": {"x": 0.30262041091918945, "y": 0.435705304145813, "z": -0.4945926368236542, "visibility": 0.9996954202651978, "presence": 0.9999889135360718}, "left eye": {"x": 0.3029026687145233, "y": 0.4353507459163666, "z": -0.4950045049190521, "visibility": 0.9996921420097351, "presence": 0.9999910593032837}, "left eye (outer)": {"x": 0.3035042881965637, "y": 0.4349272847175598, "z": -0.49497148394584656, "visibility": 0.9997660517692566, "presence": 0.9999899864196777}, "right eye (inner)": {"x": 0.29714667797088623, "y": 0.43561452627182007, "z": -0.5344278216362, "visibility": 0.9998464584350586, "presence": 0.9999823570251465}, "right eye": {"x": 0.2928374111652374, "y": 0.43534141778945923, "z": -0.5348259210586548, "visibility": 0.9998777508735657, "presence": 0.9999855756759644}, "right eye (outer)": {"x": 0.2884836494922638, "y": 0.4351348578929901, "z": -0.5350639224052429, "visibility": 0.9998730421066284, "presence": 0.9999815225601196}, "left ear": {"x": 0.2866949439048767, "y": 0.4354513883590698, "z": -0.3265034854412079, "visibility": 0.9998389482498169, "presence": 0.9999945163726807}, "right ear": {"x": 0.26688745617866516, "y": 0.4356430172920227, "z": -0.5094295740127563, "visibility": 0.9997495412826538, "presence": 0.9999730587005615}, "mouth (left)": {"x": 0.3015754818916321, "y": 0.45153114199638367, "z": -0.4505893290042877, "visibility": 0.999893844127655, "presence": 0.999997615814209}, "mouth (right)": {"x": 0.2947610914707184, "y": 0.4515160322189331, "z": -0.5057223439216614, "visibility": 0.9999289512634277, "presence": 0.9999943971633911}, "left shoulder": {"x": 0.2974938452243805, "y": 0.4678466320037842, "z": -0.10172101855278015, "visibility": 0.9999902248382568, "presence": 0.9999997615814209}, "right shoulder": {"x": 0.19693857431411743, "y": 0.46517249941825867, "z": -0.46237191557884216, "visibility": 0.9999871253967285, "presence": 0.9999929666519165}, "left elbow": {"x": 0.33742380142211914, "y": 0.4975637197494507, "z": 0.15896256268024445, "visibility": 0.8136500120162964, "presence": 0.9999990463256836}, "right elbow": {"x": 0.1340932846069336, "y": 0.5098254084587097, "z": -0.5111169815063477, "visibility": 0.9934720396995544, "presence": 0.9998536109924316}, "left wrist": {"x": 0.38730260729789734, "y": 0.5204775333404541, "z": 0.23021897673606873, "visibility": 0.8847107887268066, "presence": 0.9999988079071045}, "right wrist": {"x": 0.20296068489551544, "y": 0.5510061979293823, "z": -0.6050822734832764, "visibility": 0.9806578755378723, "presence": 0.9999920129776001}, "left pinky": {"x": 0.40275833010673523, "y": 0.527161717414856, "z": 0.25049859285354614, "visibility": 0.8928951621055603, "presence": 0.9999947547912598}, "right pinky": {"x": 0.2171008437871933, "y": 0.5646035671234131, "z": -0.6635514497756958, "visibility": 0.9696221947669983, "presence": 0.9999884366989136}, "left index": {"x": 0.4018374979496002, "y": 0.5235934257507324, "z": 0.18987725675106049, "visibility": 0.8968848586082458, "presence": 0.9999921321868896}, "right index": {"x": 0.22993887960910797, "y": 0.5606508255004883, "z": -0.6637084484100342, "visibility": 0.9683926105499268, "presence": 0.9999891519546509}, "left thumb": {"x": 0.3938034474849701, "y": 0.5215661525726318, "z": 0.21029341220855713, "visibility": 0.8818620443344116, "presence": 0.9999964237213135}, "right thumb": {"x": 0.2270698994398117, "y": 0.5573421120643616, "z": -0.6061980724334717, "visibility": 0.9238993525505066, "presence": 0.9999939203262329}, "left hip": {"x": 0.23406098783016205, "y": 0.5629345774650574, "z": 0.11270260065793991, "visibility": 0.9999822378158569, "presence": 0.9999984502792358}, "right hip": {"x": 0.16787078976631165, "y": 0.5630753636360168, "z": -0.11266115307807922, "visibility": 0.9999797344207764, "presence": 0.9999951124191284}, "left knee": {"x": 0.33361417055130005, "y": 0.6152382493019104, "z": 0.0702550858259201, "visibility": 0.9339659810066223, "presence": 0.9999929666519165}, "right knee": {"x": 0.12719669938087463, "y": 0.6365430355072021, "z": -0.399597704410553, "visibility": 0.99812912940979, "presence": 0.9999786615371704}, "left ankle": {"x": 0.33279949426651, "y": 0.6803752779960632, "z": 0.3849206566810608, "visibility": 0.9626691937446594, "presence": 0.9999676942825317}, "right ankle": {"x": 0.07184688001871109, "y": 0.7102634906768799, "z": -0.2366679310798645, "visibility": 0.9959333539009094, "presence": 0.9998345375061035}, "left heel": {"x": 0.3160141706466675, "y": 0.6956265568733215, "z": 0.4062887728214264, "visibility": 0.9207608699798584, "presence": 0.9999104738235474}, "right heel": {"x": 0.06369741261005402, "y": 0.7192021012306213, "z": -0.22660261392593384, "visibility": 0.9115557670593262, "presence": 0.9997339844703674}, "left foot index": {"x": 0.3923497200012207, "y": 0.6985791325569153, "z": 0.2920314073562622, "visibility": 0.9649357795715332, "presence": 0.9997699856758118}, "right foot index": {"x": 0.07464461028575897, "y": 0.7415875792503357, "z": -0.40679284930229187, "visibility": 0.990938127040863, "presence": 0.9988465309143066}, "timestamp": "20240418-205205"}