{"nose": {"x": 0.27586570382118225, "y": 0.448440283536911, "z": -0.29593348503112793, "visibility": 0.9996311664581299, "presence": 0.9999731779098511}, "left eye (inner)": {"x": 0.27339795231819153, "y": 0.43937262892723083, "z": -0.2737334072589874, "visibility": 0.9993864893913269, "presence": 0.9999741315841675}, "left eye": {"x": 0.2726247310638428, "y": 0.43866315484046936, "z": -0.27411171793937683, "visibility": 0.9993222951889038, "presence": 0.9999806880950928}, "left eye (outer)": {"x": 0.27176976203918457, "y": 0.4378959536552429, "z": -0.2740899622440338, "visibility": 0.9994684457778931, "presence": 0.9999794960021973}, "right eye (inner)": {"x": 0.26915594935417175, "y": 0.43943142890930176, "z": -0.31711718440055847, "visibility": 0.9997515082359314, "presence": 0.9999535083770752}, "right eye": {"x": 0.2655857503414154, "y": 0.4390190839767456, "z": -0.31741905212402344, "visibility": 0.9998106956481934, "presence": 0.9999597072601318}, "right eye (outer)": {"x": 0.2617485821247101, "y": 0.43855178356170654, "z": -0.31758278608322144, "visibility": 0.999821662902832, "presence": 0.9999446868896484}, "left ear": {"x": 0.24492484331130981, "y": 0.43830952048301697, "z": -0.14071746170520782, "visibility": 0.9995207786560059, "presence": 0.9999860525131226}, "right ear": {"x": 0.23752066493034363, "y": 0.43797293305397034, "z": -0.34308984875679016, "visibility": 0.9996282458305359, "presence": 0.9999256134033203}, "mouth (left)": {"x": 0.26421478390693665, "y": 0.45706066489219666, "z": -0.2406180053949356, "visibility": 0.9993511438369751, "presence": 0.9999881982803345}, "mouth (right)": {"x": 0.261403888463974, "y": 0.45592254400253296, "z": -0.3004472255706787, "visibility": 0.9996838569641113, "presence": 0.9999700784683228}, "left shoulder": {"x": 0.22741258144378662, "y": 0.47094404697418213, "z": 0.012320107780396938, "visibility": 0.9999313354492188, "presence": 0.999997615814209}, "right shoulder": {"x": 0.1722160279750824, "y": 0.4661604166030884, "z": -0.40691378712654114, "visibility": 0.9999473690986633, "presence": 0.9999061822891235}, "left elbow": {"x": 0.27481696009635925, "y": 0.4873907268047333, "z": 0.07477597147226334, "visibility": 0.6481992602348328, "presence": 0.9999822378158569}, "right elbow": {"x": 0.20449726283550262, "y": 0.48457610607147217, "z": -0.682023823261261, "visibility": 0.9720886945724487, "presence": 0.9983458518981934}, "left wrist": {"x": 0.36256319284439087, "y": 0.48830676078796387, "z": -0.04285454750061035, "visibility": 0.7040961980819702, "presence": 0.9999338388442993}, "right wrist": {"x": 0.3314450979232788, "y": 0.48648321628570557, "z": -0.7831339240074158, "visibility": 0.9230196475982666, "presence": 0.9990805387496948}, "left pinky": {"x": 0.3802490532398224, "y": 0.48806890845298767, "z": -0.05573118105530739, "visibility": 0.7168213725090027, "presence": 0.9998155236244202}, "right pinky": {"x": 0.348523885011673, "y": 0.48603346943855286, "z": -0.8613789081573486, "visibility": 0.9026339054107666, "presence": 0.9989744424819946}, "left index": {"x": 0.385077565908432, "y": 0.48627883195877075, "z": -0.09938618540763855, "visibility": 0.7271899580955505, "presence": 0.9997645020484924}, "right index": {"x": 0.35175901651382446, "y": 0.47981125116348267, "z": -0.8429288268089294, "visibility": 0.9020497798919678, "presence": 0.9990528225898743}, "left thumb": {"x": 0.37653931975364685, "y": 0.48669013381004333, "z": -0.06400855630636215, "visibility": 0.717430830001831, "presence": 0.9998570680618286}, "right thumb": {"x": 0.34859636425971985, "y": 0.4795283377170563, "z": -0.7816594243049622, "visibility": 0.8188861012458801, "presence": 0.9993601441383362}, "left hip": {"x": 0.20282860100269318, "y": 0.569000780582428, "z": 0.1367405503988266, "visibility": 0.9999637007713318, "presence": 0.999997615814209}, "right hip": {"x": 0.13832953572273254, "y": 0.5726314783096313, "z": -0.1367061883211136, "visibility": 0.9999639391899109, "presence": 0.9999909400939941}, "left knee": {"x": 0.29685014486312866, "y": 0.6168925166130066, "z": 0.21055255830287933, "visibility": 0.8956096172332764, "presence": 0.9999830722808838}, "right knee": {"x": 0.12225345522165298, "y": 0.6410449743270874, "z": -0.37531766295433044, "visibility": 0.9988425970077515, "presence": 0.9999536275863647}, "left ankle": {"x": 0.3239615559577942, "y": 0.684211254119873, "z": 0.48073074221611023, "visibility": 0.9735095500946045, "presence": 0.9999264478683472}, "right ankle": {"x": 0.06497151404619217, "y": 0.7153127193450928, "z": -0.23229561746120453, "visibility": 0.997562825679779, "presence": 0.9996973276138306}, "left heel": {"x": 0.30656343698501587, "y": 0.6995617747306824, "z": 0.49906134605407715, "visibility": 0.94737708568573, "presence": 0.9998007416725159}, "right heel": {"x": 0.05530131235718727, "y": 0.7238072156906128, "z": -0.2231539636850357, "visibility": 0.9538224935531616, "presence": 0.9994723200798035}, "left foot index": {"x": 0.3836841583251953, "y": 0.6987786293029785, "z": 0.38839229941368103, "visibility": 0.9751136898994446, "presence": 0.9994803071022034}, "right foot index": {"x": 0.07252766191959381, "y": 0.7420421242713928, "z": -0.3798539936542511, "visibility": 0.9945569038391113, "presence": 0.997735857963562}, "timestamp": "20240418-205218"}