{"nose": {"x": 0.31372931599617004, "y": 0.48990729451179504, "z": -0.5123559832572937, "visibility": 0.9999243021011353, "presence": 0.9999866485595703}, "left eye (inner)": {"x": 0.3108375668525696, "y": 0.48179885745048523, "z": -0.48555871844291687, "visibility": 0.9998177289962769, "presence": 0.9999803304672241}, "left eye": {"x": 0.3110233545303345, "y": 0.4812580645084381, "z": -0.48590287566185, "visibility": 0.9998305439949036, "presence": 0.9999821186065674}, "left eye (outer)": {"x": 0.31142285466194153, "y": 0.4807102680206299, "z": -0.48585739731788635, "visibility": 0.9998692274093628, "presence": 0.9999775886535645}, "right eye (inner)": {"x": 0.30591142177581787, "y": 0.48211589455604553, "z": -0.530387282371521, "visibility": 0.9999164342880249, "presence": 0.9999768733978271}, "right eye": {"x": 0.30214959383010864, "y": 0.4817957580089569, "z": -0.5307192206382751, "visibility": 0.9999332427978516, "presence": 0.9999821186065674}, "right eye (outer)": {"x": 0.2977049648761749, "y": 0.48152875900268555, "z": -0.5309160947799683, "visibility": 0.9999300241470337, "presence": 0.9999779462814331}, "left ear": {"x": 0.29262441396713257, "y": 0.48013126850128174, "z": -0.31934502720832825, "visibility": 0.9999093413352966, "presence": 0.9999861717224121}, "right ear": {"x": 0.2752390205860138, "y": 0.48174142837524414, "z": -0.5285111665725708, "visibility": 0.9998387098312378, "presence": 0.999969482421875}, "mouth (left)": {"x": 0.30850645899772644, "y": 0.4955349266529083, "z": -0.4435574412345886, "visibility": 0.9999416470527649, "presence": 0.9999960660934448}, "mouth (right)": {"x": 0.30232489109039307, "y": 0.4961850941181183, "z": -0.5058574080467224, "visibility": 0.9999635815620422, "presence": 0.9999935626983643}, "left shoulder": {"x": 0.3004196882247925, "y": 0.5032364130020142, "z": -0.10084865987300873, "visibility": 0.9999917149543762, "presence": 0.9999990463256836}, "right shoulder": {"x": 0.2041468620300293, "y": 0.5050045251846313, "z": -0.4986156225204468, "visibility": 0.999991238117218, "presence": 0.9999887943267822}, "left elbow": {"x": 0.338645339012146, "y": 0.5319687128067017, "z": 0.08877362310886383, "visibility": 0.8747564554214478, "presence": 0.9999947547912598}, "right elbow": {"x": 0.13297878205776215, "y": 0.5501137375831604, "z": -0.5549301505088806, "visibility": 0.9957224130630493, "presence": 0.999553382396698}, "left wrist": {"x": 0.38044771552085876, "y": 0.5461544990539551, "z": 0.09840843081474304, "visibility": 0.9191319942474365, "presence": 0.9999961853027344}, "right wrist": {"x": 0.18010595440864563, "y": 0.593002438545227, "z": -0.6050848960876465, "visibility": 0.990157425403595, "presence": 0.9999902248382568}, "left pinky": {"x": 0.3965257406234741, "y": 0.5503013730049133, "z": 0.11025987565517426, "visibility": 0.9171265363693237, "presence": 0.9999887943267822}, "right pinky": {"x": 0.17731411755084991, "y": 0.6083225011825562, "z": -0.6556106805801392, "visibility": 0.9821369647979736, "presence": 0.9999891519546509}, "left index": {"x": 0.39325258135795593, "y": 0.5462837815284729, "z": 0.05942361429333687, "visibility": 0.9198339581489563, "presence": 0.9999860525131226}, "right index": {"x": 0.19038009643554688, "y": 0.6063669919967651, "z": -0.6590183973312378, "visibility": 0.9816304445266724, "presence": 0.9999914169311523}, "left thumb": {"x": 0.38442134857177734, "y": 0.545390248298645, "z": 0.08060569316148758, "visibility": 0.9156786203384399, "presence": 0.999992847442627}, "right thumb": {"x": 0.1923731565475464, "y": 0.6017391085624695, "z": -0.6035709977149963, "visibility": 0.9536146521568298, "presence": 0.9999946355819702}, "left hip": {"x": 0.22326314449310303, "y": 0.5940178632736206, "z": 0.12647727131843567, "visibility": 0.9999651312828064, "presence": 0.9999974966049194}, "right hip": {"x": 0.15797850489616394, "y": 0.5903212428092957, "z": -0.1264198273420334, "visibility": 0.9999623894691467, "presence": 0.9999947547912598}, "left knee": {"x": 0.3388896584510803, "y": 0.6202547550201416, "z": 0.19442640244960785, "visibility": 0.9223556518554688, "presence": 0.9999969005584717}, "right knee": {"x": 0.12891803681850433, "y": 0.6403433680534363, "z": -0.6691466569900513, "visibility": 0.9989926815032959, "presence": 0.9999943971633911}, "left ankle": {"x": 0.3386777341365814, "y": 0.6859123706817627, "z": 0.5015153884887695, "visibility": 0.9640219211578369, "presence": 0.9999876022338867}, "right ankle": {"x": 0.07696155458688736, "y": 0.7126625180244446, "z": -0.5137984156608582, "visibility": 0.9978252649307251, "presence": 0.9999806880950928}, "left heel": {"x": 0.31850531697273254, "y": 0.6992759704589844, "z": 0.522259533405304, "visibility": 0.9332733750343323, "presence": 0.9999697208404541}, "right heel": {"x": 0.07339312881231308, "y": 0.7191788554191589, "z": -0.5023695230484009, "visibility": 0.9532087445259094, "presence": 0.9999696016311646}, "left foot index": {"x": 0.39833658933639526, "y": 0.7004449963569641, "z": 0.41620007157325745, "visibility": 0.9673625826835632, "presence": 0.9999353885650635}, "right foot index": {"x": 0.07184702903032303, "y": 0.7425010800361633, "z": -0.6700457334518433, "visibility": 0.9944571852684021, "presence": 0.9998596906661987}, "timestamp": "20240418-205209"}