{"nose": {"x": 0.3382833003997803, "y": 0.4722769856452942, "z": -0.47766679525375366, "visibility": 0.9998549818992615, "presence": 0.9999979734420776}, "left eye (inner)": {"x": 0.3335484564304352, "y": 0.4648483991622925, "z": -0.44642743468284607, "visibility": 0.9997050166130066, "presence": 0.9999970197677612}, "left eye": {"x": 0.33257225155830383, "y": 0.464363694190979, "z": -0.44676199555397034, "visibility": 0.9997169971466064, "presence": 0.9999974966049194}, "left eye (outer)": {"x": 0.3317256569862366, "y": 0.4639136493206024, "z": -0.4467220604419708, "visibility": 0.9997867345809937, "presence": 0.9999969005584717}, "right eye (inner)": {"x": 0.330064594745636, "y": 0.46488308906555176, "z": -0.48719993233680725, "visibility": 0.9998654723167419, "presence": 0.9999955892562866}, "right eye": {"x": 0.32647764682769775, "y": 0.46461668610572815, "z": -0.48753106594085693, "visibility": 0.99989253282547, "presence": 0.9999963045120239}, "right eye (outer)": {"x": 0.32254159450531006, "y": 0.4645046293735504, "z": -0.48772484064102173, "visibility": 0.9998900294303894, "presence": 0.9999953508377075}, "left ear": {"x": 0.31217584013938904, "y": 0.46329939365386963, "z": -0.2784949541091919, "visibility": 0.9998472332954407, "presence": 0.9999985694885254}, "right ear": {"x": 0.3003527522087097, "y": 0.464752197265625, "z": -0.4728926122188568, "visibility": 0.9997488260269165, "presence": 0.9999938011169434}, "mouth (left)": {"x": 0.3305366039276123, "y": 0.4788653552532196, "z": -0.4090861678123474, "visibility": 0.9998850226402283, "presence": 0.9999995231628418}, "mouth (right)": {"x": 0.32659539580345154, "y": 0.479891836643219, "z": -0.4656107723712921, "visibility": 0.9999290108680725, "presence": 0.9999988079071045}, "left shoulder": {"x": 0.3208218514919281, "y": 0.4875392019748688, "z": -0.07178691774606705, "visibility": 0.9999911189079285, "presence": 0.9999997615814209}, "right shoulder": {"x": 0.21700634062290192, "y": 0.49602168798446655, "z": -0.4210621416568756, "visibility": 0.9999860525131226, "presence": 0.9999945163726807}, "left elbow": {"x": 0.3614320158958435, "y": 0.5168378353118896, "z": 0.16312144696712494, "visibility": 0.8568985462188721, "presence": 0.9999984502792358}, "right elbow": {"x": 0.1563381403684616, "y": 0.5337811708450317, "z": -0.42716240882873535, "visibility": 0.9908912777900696, "presence": 0.9998205304145813}, "left wrist": {"x": 0.39855098724365234, "y": 0.5388132333755493, "z": 0.20174558460712433, "visibility": 0.9088877439498901, "presence": 0.9999990463256836}, "right wrist": {"x": 0.20348818600177765, "y": 0.574373185634613, "z": -0.4474828839302063, "visibility": 0.9772003293037415, "presence": 0.9999927282333374}, "left pinky": {"x": 0.41698214411735535, "y": 0.5423741936683655, "z": 0.21858914196491241, "visibility": 0.9118170738220215, "presence": 0.9999957084655762}, "right pinky": {"x": 0.20781075954437256, "y": 0.5890327095985413, "z": -0.4917800724506378, "visibility": 0.9638278484344482, "presence": 0.9999887943267822}, "left index": {"x": 0.41510987281799316, "y": 0.5386357307434082, "z": 0.16653655469417572, "visibility": 0.9179685711860657, "presence": 0.9999945163726807}, "right index": {"x": 0.2203322947025299, "y": 0.5870214700698853, "z": -0.4926626682281494, "visibility": 0.963123083114624, "presence": 0.9999908208847046}, "left thumb": {"x": 0.4061179757118225, "y": 0.5381982326507568, "z": 0.18452610075473785, "visibility": 0.9070876836776733, "presence": 0.9999974966049194}, "right thumb": {"x": 0.22054889798164368, "y": 0.5825318694114685, "z": -0.4466128647327423, "visibility": 0.9098511934280396, "presence": 0.9999948740005493}, "left hip": {"x": 0.25136256217956543, "y": 0.5732840299606323, "z": 0.11939036846160889, "visibility": 0.9999600648880005, "presence": 0.999997615814209}, "right hip": {"x": 0.1850130558013916, "y": 0.5761263966560364, "z": -0.11939141154289246, "visibility": 0.9999568462371826, "presence": 0.9999904632568359}, "left knee": {"x": 0.35543012619018555, "y": 0.6163954734802246, "z": -0.09629864990711212, "visibility": 0.7990438342094421, "presence": 0.9999972581863403}, "right knee": {"x": 0.16892744600772858, "y": 0.6371456980705261, "z": -0.5360854864120483, "visibility": 0.9980815649032593, "presence": 0.9999841451644897}, "left ankle": {"x": 0.3686312139034271, "y": 0.6818203330039978, "z": 0.1521448791027069, "visibility": 0.9205215573310852, "presence": 0.9999791383743286}, "right ankle": {"x": 0.1414647102355957, "y": 0.7111225724220276, "z": -0.32834601402282715, "visibility": 0.9951777458190918, "presence": 0.9999200105667114}, "left heel": {"x": 0.35189828276634216, "y": 0.6976558566093445, "z": 0.16856728494167328, "visibility": 0.8426489233970642, "presence": 0.9999405145645142}, "right heel": {"x": 0.135658860206604, "y": 0.7172077894210815, "z": -0.2984800934791565, "visibility": 0.9119668006896973, "presence": 0.9998897314071655}, "left foot index": {"x": 0.43036291003227234, "y": 0.6925415396690369, "z": 0.04891960695385933, "visibility": 0.9301035404205322, "presence": 0.9998519420623779}, "right foot index": {"x": 0.14695608615875244, "y": 0.737883448600769, "z": -0.4453144073486328, "visibility": 0.9897162318229675, "presence": 0.9996333122253418}, "timestamp": "20240418-205137"}