{"nose": {"x": 0.1006568893790245, "y": 0.5646924376487732, "z": 0.21087050437927246, "visibility": 0.9856617450714111, "presence": 0.9966949224472046}, "left eye (inner)": {"x": 0.10527101904153824, "y": 0.5540702939033508, "z": 0.18639543652534485, "visibility": 0.9853174090385437, "presence": 0.9968389272689819}, "left eye": {"x": 0.10099425911903381, "y": 0.5517469644546509, "z": 0.18603388965129852, "visibility": 0.9852696061134338, "presence": 0.9973983764648438}, "left eye (outer)": {"x": 0.09655287861824036, "y": 0.5494500994682312, "z": 0.18618188798427582, "visibility": 0.9841663241386414, "presence": 0.9970008730888367}, "right eye (inner)": {"x": 0.11292605102062225, "y": 0.5569680333137512, "z": 0.14764325320720673, "visibility": 0.9924284815788269, "presence": 0.9976934790611267}, "right eye": {"x": 0.11461381614208221, "y": 0.5569467544555664, "z": 0.14702284336090088, "visibility": 0.9956140518188477, "presence": 0.9985552430152893}, "right eye (outer)": {"x": 0.11639198660850525, "y": 0.5570143461227417, "z": 0.14669008553028107, "visibility": 0.9968659281730652, "presence": 0.9988551139831543}, "left ear": {"x": 0.08055230975151062, "y": 0.5457682013511658, "z": 0.1329672485589981, "visibility": 0.9933944940567017, "presence": 0.9976463913917542}, "right ear": {"x": 0.10655611008405685, "y": 0.554931640625, "z": -0.03558821976184845, "visibility": 0.9978160858154297, "presence": 0.9993166923522949}, "mouth (left)": {"x": 0.0862618014216423, "y": 0.5687604546546936, "z": 0.21069997549057007, "visibility": 0.9866189956665039, "presence": 0.9981492757797241}, "mouth (right)": {"x": 0.09351518750190735, "y": 0.5714721083641052, "z": 0.15571586787700653, "visibility": 0.99308180809021, "presence": 0.9979178309440613}, "left shoulder": {"x": -0.024907728657126427, "y": 0.5656778812408447, "z": 0.19451327621936798, "visibility": 0.9954760074615479, "presence": 0.9989848732948303}, "right shoulder": {"x": 0.07439964264631271, "y": 0.5913258790969849, "z": -0.20804627239704132, "visibility": 0.9995790719985962, "presence": 0.9998596906661987}, "left elbow": {"x": -0.03489821404218674, "y": 0.6220236420631409, "z": 0.17412520945072174, "visibility": 0.10890673846006393, "presence": 0.9692274332046509}, "right elbow": {"x": 0.15691089630126953, "y": 0.671606183052063, "z": -0.15894755721092224, "visibility": 0.955400824546814, "presence": 0.99085932970047}, "left wrist": {"x": 0.057992756366729736, "y": 0.6142438054084778, "z": 0.037647124379873276, "visibility": 0.005122877657413483, "presence": 0.9857289791107178}, "right wrist": {"x": 0.13419915735721588, "y": 0.6430763602256775, "z": 0.213029146194458, "visibility": 0.2467602789402008, "presence": 0.9993695616722107}, "left pinky": {"x": 0.07769802212715149, "y": 0.6280071139335632, "z": 0.02240239828824997, "visibility": 0.009923461824655533, "presence": 0.9872010946273804}, "right pinky": {"x": 0.12536343932151794, "y": 0.6277014017105103, "z": 0.22862936556339264, "visibility": 0.20179249346256256, "presence": 0.9993964433670044}, "left index": {"x": 0.07565528154373169, "y": 0.6136864423751831, "z": 0.03268526867032051, "visibility": 0.010995614342391491, "presence": 0.9875741600990295}, "right index": {"x": 0.11753567308187485, "y": 0.6251354217529297, "z": 0.2121647298336029, "visibility": 0.21141965687274933, "presence": 0.9995429515838623}, "left thumb": {"x": 0.06993236392736435, "y": 0.6130932569503784, "z": 0.03144526109099388, "visibility": 0.010792071931064129, "presence": 0.9897364377975464}, "right thumb": {"x": 0.1163778081536293, "y": 0.6309052109718323, "z": 0.21515248715877533, "visibility": 0.18180982768535614, "presence": 0.9996558427810669}, "left hip": {"x": -0.14711356163024902, "y": 0.7191298604011536, "z": 0.1309196650981903, "visibility": 0.9892591238021851, "presence": 0.9976059198379517}, "right hip": {"x": -0.10563888400793076, "y": 0.7292707562446594, "z": -0.13126884400844574, "visibility": 0.9958092570304871, "presence": 0.9983141422271729}, "left knee": {"x": 0.07909634709358215, "y": 0.791340708732605, "z": 0.1946384459733963, "visibility": 0.1955021321773529, "presence": 0.995804488658905}, "right knee": {"x": 0.08948935568332672, "y": 0.8046222925186157, "z": -0.12870009243488312, "visibility": 0.9599123597145081, "presence": 0.998659610748291}, "left ankle": {"x": 0.17139577865600586, "y": 0.9081152677536011, "z": 0.17259976267814636, "visibility": 0.5071283578872681, "presence": 0.9715340733528137}, "right ankle": {"x": 0.18027430772781372, "y": 0.9267749786376953, "z": -0.09768582135438919, "visibility": 0.9572433829307556, "presence": 0.9080851078033447}, "left heel": {"x": 0.16125473380088806, "y": 0.9432775378227234, "z": 0.16801117360591888, "visibility": 0.737567126750946, "presence": 0.9326483011245728}, "right heel": {"x": 0.17077945172786713, "y": 0.9561525583267212, "z": -0.09023082256317139, "visibility": 0.9723285436630249, "presence": 0.8883691430091858}, "left foot index": {"x": 0.2509770393371582, "y": 0.9024049043655396, "z": 0.10853144526481628, "visibility": 0.4235919117927551, "presence": 0.9703888297080994}, "right foot index": {"x": 0.2645837068557739, "y": 0.9135502576828003, "z": -0.15011382102966309, "visibility": 0.8391404747962952, "presence": 0.8942182660102844}, "timestamp": "20240418-210208"}