{"nose": {"x": 0.09464555233716965, "y": 0.5658968091011047, "z": 0.2389758825302124, "visibility": 0.9797632694244385, "presence": 0.9958658218383789}, "left eye (inner)": {"x": 0.09526586532592773, "y": 0.5550077557563782, "z": 0.2078903764486313, "visibility": 0.9797544479370117, "presence": 0.9962932467460632}, "left eye": {"x": 0.09083383530378342, "y": 0.5527578592300415, "z": 0.20748630166053772, "visibility": 0.9803382754325867, "presence": 0.9968175888061523}, "left eye (outer)": {"x": 0.08586868643760681, "y": 0.5503312945365906, "z": 0.20756278932094574, "visibility": 0.9786685705184937, "presence": 0.9963077306747437}, "right eye (inner)": {"x": 0.10575617849826813, "y": 0.5590766072273254, "z": 0.16806983947753906, "visibility": 0.9892889857292175, "presence": 0.9973347783088684}, "right eye": {"x": 0.10893494635820389, "y": 0.5596331357955933, "z": 0.16744008660316467, "visibility": 0.993815541267395, "presence": 0.9983603358268738}, "right eye (outer)": {"x": 0.11220686882734299, "y": 0.5601860284805298, "z": 0.1670035719871521, "visibility": 0.9955872893333435, "presence": 0.9987040758132935}, "left ear": {"x": 0.07162599265575409, "y": 0.5477023124694824, "z": 0.13003703951835632, "visibility": 0.9920481443405151, "presence": 0.9973857998847961}, "right ear": {"x": 0.10685647279024124, "y": 0.5610188245773315, "z": -0.05491866171360016, "visibility": 0.9972423911094666, "presence": 0.9992239475250244}, "mouth (left)": {"x": 0.08204971998929977, "y": 0.5704585313796997, "z": 0.2311180979013443, "visibility": 0.9830710291862488, "presence": 0.9967740178108215}, "mouth (right)": {"x": 0.09112243354320526, "y": 0.5738330483436584, "z": 0.1735304892063141, "visibility": 0.9911314845085144, "presence": 0.9963060617446899}, "left shoulder": {"x": -0.026533376425504684, "y": 0.5688639283180237, "z": 0.19157308340072632, "visibility": 0.9957175850868225, "presence": 0.9968468546867371}, "right shoulder": {"x": 0.07948457449674606, "y": 0.5958449244499207, "z": -0.23567868769168854, "visibility": 0.9995436668395996, "presence": 0.9994547963142395}, "left elbow": {"x": -0.0382508859038353, "y": 0.6233343482017517, "z": 0.42375972867012024, "visibility": 0.1287570297718048, "presence": 0.9220147132873535}, "right elbow": {"x": 0.16687250137329102, "y": 0.6682170629501343, "z": -0.16742561757564545, "visibility": 0.9502344131469727, "presence": 0.9640159010887146}, "left wrist": {"x": 0.04488943889737129, "y": 0.5975425839424133, "z": 0.6850890517234802, "visibility": 0.006325345952063799, "presence": 0.9735766649246216}, "right wrist": {"x": 0.13411182165145874, "y": 0.6297570466995239, "z": 0.25426536798477173, "visibility": 0.3274848461151123, "presence": 0.9979239702224731}, "left pinky": {"x": 0.05471114069223404, "y": 0.6064041256904602, "z": 0.7536197304725647, "visibility": 0.011431876569986343, "presence": 0.9790215492248535}, "right pinky": {"x": 0.11856137216091156, "y": 0.6155800819396973, "z": 0.2779320478439331, "visibility": 0.28239011764526367, "presence": 0.9983863830566406}, "left index": {"x": 0.05571635439991951, "y": 0.5984009504318237, "z": 0.7263107895851135, "visibility": 0.012616179883480072, "presence": 0.9761950373649597}, "right index": {"x": 0.11177334189414978, "y": 0.6126767992973328, "z": 0.26892006397247314, "visibility": 0.2927737832069397, "presence": 0.9986909031867981}, "left thumb": {"x": 0.046711768954992294, "y": 0.608101487159729, "z": 0.6809278130531311, "visibility": 0.01216949988156557, "presence": 0.979438066482544}, "right thumb": {"x": 0.11367382109165192, "y": 0.6179180145263672, "z": 0.2577913999557495, "visibility": 0.2532292306423187, "presence": 0.9989787340164185}, "left hip": {"x": -0.14510422945022583, "y": 0.7281554937362671, "z": 0.15595181286334991, "visibility": 0.9887195229530334, "presence": 0.9648852348327637}, "right hip": {"x": -0.09640882164239883, "y": 0.7378008365631104, "z": -0.15611959993839264, "visibility": 0.9948375821113586, "presence": 0.9732370972633362}, "left knee": {"x": 0.088722363114357, "y": 0.7956072092056274, "z": 0.22459998726844788, "visibility": 0.2316402643918991, "presence": 0.9768943190574646}, "right knee": {"x": 0.08979185670614243, "y": 0.8112251162528992, "z": -0.17284640669822693, "visibility": 0.9587979912757874, "presence": 0.9890706539154053}, "left ankle": {"x": 0.19883009791374207, "y": 0.9101144075393677, "z": 0.24243731796741486, "visibility": 0.5029477477073669, "presence": 0.9018324017524719}, "right ankle": {"x": 0.20866960287094116, "y": 0.925212562084198, "z": -0.10173135250806808, "visibility": 0.952808678150177, "presence": 0.6728489995002747}, "left heel": {"x": 0.19304506480693817, "y": 0.9441485404968262, "z": 0.24260887503623962, "visibility": 0.7021810412406921, "presence": 0.8027776479721069}, "right heel": {"x": 0.20263317227363586, "y": 0.9520518183708191, "z": -0.08979567140340805, "visibility": 0.9677134156227112, "presence": 0.675839364528656}, "left foot index": {"x": 0.2793092131614685, "y": 0.8979284167289734, "z": 0.18548329174518585, "visibility": 0.4132290780544281, "presence": 0.922718346118927}, "right foot index": {"x": 0.28822678327560425, "y": 0.9045987129211426, "z": -0.15398213267326355, "visibility": 0.8124977946281433, "presence": 0.7555467486381531}, "timestamp": "20240418-210141"}