{"nose": {"x": 0.15983586013317108, "y": 0.5101699233055115, "z": 0.04037313908338547, "visibility": 0.9996739625930786, "presence": 0.9997511506080627}, "left eye (inner)": {"x": 0.15369842946529388, "y": 0.501295268535614, "z": 0.00977432169020176, "visibility": 0.9997280240058899, "presence": 0.9998190999031067}, "left eye": {"x": 0.15002349019050598, "y": 0.5006592273712158, "z": 0.00938486773520708, "visibility": 0.9997358918190002, "presence": 0.9998716115951538}, "left eye (outer)": {"x": 0.14430898427963257, "y": 0.5006479620933533, "z": 0.009465780109167099, "visibility": 0.9998397827148438, "presence": 0.9998748302459717}, "right eye (inner)": {"x": 0.16257871687412262, "y": 0.5015219449996948, "z": -0.028134409338235855, "visibility": 0.9998368620872498, "presence": 0.9997389912605286}, "right eye": {"x": 0.16453859210014343, "y": 0.5011057257652283, "z": -0.02854105643928051, "visibility": 0.9998502135276794, "presence": 0.9998012185096741}, "right eye (outer)": {"x": 0.16652487218379974, "y": 0.5008659958839417, "z": -0.0285788644105196, "visibility": 0.9999021291732788, "presence": 0.9998026490211487}, "left ear": {"x": 0.12573614716529846, "y": 0.5001977682113647, "z": -0.07062287628650665, "visibility": 0.999954104423523, "presence": 0.9999752044677734}, "right ear": {"x": 0.15944989025592804, "y": 0.5009042620658875, "z": -0.2414396107196808, "visibility": 0.9998878836631775, "presence": 0.999937891960144}, "mouth (left)": {"x": 0.1484508365392685, "y": 0.5157433748245239, "z": 0.030315851792693138, "visibility": 0.9998950362205505, "presence": 0.9999704360961914}, "mouth (right)": {"x": 0.15688380599021912, "y": 0.5172475576400757, "z": -0.02313901111483574, "visibility": 0.999875009059906, "presence": 0.9999268054962158}, "left shoulder": {"x": 0.02377495728433132, "y": 0.54569411277771, "z": -0.042002804577350616, "visibility": 0.9999952912330627, "presence": 0.9999974966049194}, "right shoulder": {"x": 0.1567850559949875, "y": 0.5418128371238708, "z": -0.24353238940238953, "visibility": 0.999921441078186, "presence": 0.9999755620956421}, "left elbow": {"x": 0.11672646552324295, "y": 0.6020174026489258, "z": 0.05947810411453247, "visibility": 0.07544548809528351, "presence": 0.9988771080970764}, "right elbow": {"x": 0.2654431164264679, "y": 0.5915981531143188, "z": -0.11467328667640686, "visibility": 0.267412006855011, "presence": 0.99639892578125}, "left wrist": {"x": 0.19538076221942902, "y": 0.5693974494934082, "z": 0.1359824687242508, "visibility": 0.01399457547813654, "presence": 0.9955915212631226}, "right wrist": {"x": 0.23156282305717468, "y": 0.5638474822044373, "z": 0.13555586338043213, "visibility": 0.4761609733104706, "presence": 0.9991461038589478}, "left pinky": {"x": 0.2052004337310791, "y": 0.5577484369277954, "z": 0.14355698227882385, "visibility": 0.018696175888180733, "presence": 0.9950380921363831}, "right pinky": {"x": 0.237275168299675, "y": 0.5553882122039795, "z": 0.13282957673072815, "visibility": 0.4841656982898712, "presence": 0.9993983507156372}, "left index": {"x": 0.21288877725601196, "y": 0.5534432530403137, "z": 0.11326946318149567, "visibility": 0.019224591553211212, "presence": 0.9938709735870361}, "right index": {"x": 0.2304125875234604, "y": 0.5540138483047485, "z": 0.12956778705120087, "visibility": 0.49309268593788147, "presence": 0.9992188215255737}, "left thumb": {"x": 0.21213853359222412, "y": 0.5570456981658936, "z": 0.12459632754325867, "visibility": 0.021036537364125252, "presence": 0.9947788715362549}, "right thumb": {"x": 0.22054822742938995, "y": 0.558053195476532, "z": 0.1368311494588852, "visibility": 0.33473578095436096, "presence": 0.9993769526481628}, "left hip": {"x": 0.14105653762817383, "y": 0.6854537725448608, "z": 0.08866643905639648, "visibility": 0.9999732375144958, "presence": 0.9999825954437256}, "right hip": {"x": 0.1822417974472046, "y": 0.6942907571792603, "z": -0.0889839306473732, "visibility": 0.9999596476554871, "presence": 0.9999774694442749}, "left knee": {"x": 0.21294206380844116, "y": 0.7322708368301392, "z": 0.5388516187667847, "visibility": 0.8905890583992004, "presence": 0.9992228746414185}, "right knee": {"x": 0.23922306299209595, "y": 0.7778288722038269, "z": 0.11859368532896042, "visibility": 0.25125062465667725, "presence": 0.9996558427810669}, "left ankle": {"x": 0.2638188600540161, "y": 0.8081275224685669, "z": 0.8445473313331604, "visibility": 0.9101725220680237, "presence": 0.997623860836029}, "right ankle": {"x": 0.2800465226173401, "y": 0.8799393773078918, "z": 0.2707357108592987, "visibility": 0.2866334915161133, "presence": 0.988520622253418}, "left heel": {"x": 0.2664991617202759, "y": 0.8288464546203613, "z": 0.8736550211906433, "visibility": 0.9240215420722961, "presence": 0.9951978325843811}, "right heel": {"x": 0.2744765281677246, "y": 0.9050523042678833, "z": 0.28721922636032104, "visibility": 0.48125940561294556, "presence": 0.9843881130218506}, "left foot index": {"x": 0.2896382510662079, "y": 0.8267565965652466, "z": 0.8977099061012268, "visibility": 0.8958690762519836, "presence": 0.9971891045570374}, "right foot index": {"x": 0.33471110463142395, "y": 0.8841719627380371, "z": 0.24142633378505707, "visibility": 0.25111958384513855, "presence": 0.9791427850723267}, "timestamp": "20240418-210119"}