{"nose": {"x": 0.09820950031280518, "y": 0.5515896081924438, "z": 0.2575615644454956, "visibility": 0.9871728420257568, "presence": 0.9963489770889282}, "left eye (inner)": {"x": 0.09941995143890381, "y": 0.5412635803222656, "z": 0.22724603116512299, "visibility": 0.9872401356697083, "presence": 0.9958823919296265}, "left eye": {"x": 0.09428922832012177, "y": 0.5403698086738586, "z": 0.2267400473356247, "visibility": 0.9868514537811279, "presence": 0.9960020184516907}, "left eye (outer)": {"x": 0.0890088602900505, "y": 0.5395611524581909, "z": 0.22681890428066254, "visibility": 0.9864738583564758, "presence": 0.9948364496231079}, "right eye (inner)": {"x": 0.11103493720293045, "y": 0.544654905796051, "z": 0.19073180854320526, "visibility": 0.9933899641036987, "presence": 0.9973430037498474}, "right eye": {"x": 0.1139138862490654, "y": 0.5461402535438538, "z": 0.1900995522737503, "visibility": 0.9960618615150452, "presence": 0.9984261989593506}, "right eye (outer)": {"x": 0.11658526211977005, "y": 0.5474933385848999, "z": 0.18972130119800568, "visibility": 0.9972769618034363, "presence": 0.9987267851829529}, "left ear": {"x": 0.07355556637048721, "y": 0.5391165018081665, "z": 0.143490731716156, "visibility": 0.9944342374801636, "presence": 0.9957919120788574}, "right ear": {"x": 0.10788978636264801, "y": 0.5486014485359192, "z": -0.02786761336028576, "visibility": 0.9979401230812073, "presence": 0.9992550015449524}, "mouth (left)": {"x": 0.08463172614574432, "y": 0.5605791211128235, "z": 0.24130088090896606, "visibility": 0.9879668951034546, "presence": 0.9961167573928833}, "mouth (right)": {"x": 0.09553346782922745, "y": 0.5625766515731812, "z": 0.18887774646282196, "visibility": 0.9936280846595764, "presence": 0.9963405728340149}, "left shoulder": {"x": -0.021066181361675262, "y": 0.5583704113960266, "z": 0.2340606451034546, "visibility": 0.9954445958137512, "presence": 0.9928759336471558}, "right shoulder": {"x": 0.09123631566762924, "y": 0.5947491526603699, "z": -0.19222308695316315, "visibility": 0.9995848536491394, "presence": 0.999422550201416}, "left elbow": {"x": -0.01398942619562149, "y": 0.6086626052856445, "z": 0.5021428465843201, "visibility": 0.0836678147315979, "presence": 0.896726667881012}, "right elbow": {"x": 0.182586669921875, "y": 0.6537953615188599, "z": -0.10262791067361832, "visibility": 0.9523353576660156, "presence": 0.9930135607719421}, "left wrist": {"x": 0.04175671562552452, "y": 0.5994911789894104, "z": 0.8500140905380249, "visibility": 0.00977542344480753, "presence": 0.9331626892089844}, "right wrist": {"x": 0.2205544114112854, "y": 0.6189796328544617, "z": 0.28120335936546326, "visibility": 0.4710628390312195, "presence": 0.9993176460266113}, "left pinky": {"x": 0.04695064574480057, "y": 0.5965216159820557, "z": 0.9325971603393555, "visibility": 0.017374534159898758, "presence": 0.9367315173149109}, "right pinky": {"x": 0.23395201563835144, "y": 0.6109984517097473, "z": 0.2940966784954071, "visibility": 0.44283273816108704, "presence": 0.9987655878067017}, "left index": {"x": 0.055097151547670364, "y": 0.59438556432724, "z": 0.8978946208953857, "visibility": 0.019028756767511368, "presence": 0.9258162379264832}, "right index": {"x": 0.21897487342357635, "y": 0.6041167378425598, "z": 0.298737496137619, "visibility": 0.4514085054397583, "presence": 0.9988994598388672}, "left thumb": {"x": 0.059056129306554794, "y": 0.5982962846755981, "z": 0.8462859988212585, "visibility": 0.018731607124209404, "presence": 0.9390485286712646}, "right thumb": {"x": 0.21088635921478271, "y": 0.607322633266449, "z": 0.290042906999588, "visibility": 0.4201454520225525, "presence": 0.9993434548377991}, "left hip": {"x": -0.1351553350687027, "y": 0.7251815795898438, "z": 0.16132690012454987, "visibility": 0.9871916174888611, "presence": 0.9723715782165527}, "right hip": {"x": -0.08597224950790405, "y": 0.7301286458969116, "z": -0.16164276003837585, "visibility": 0.994260847568512, "presence": 0.9852639436721802}, "left knee": {"x": 0.09134859591722488, "y": 0.7919021844863892, "z": 0.25780534744262695, "visibility": 0.1568625122308731, "presence": 0.9325011968612671}, "right knee": {"x": 0.09730532765388489, "y": 0.7966340184211731, "z": -0.10975034534931183, "visibility": 0.9366388916969299, "presence": 0.9826955795288086}, "left ankle": {"x": 0.1716431975364685, "y": 0.9100565910339355, "z": 0.3117876350879669, "visibility": 0.3964393734931946, "presence": 0.786422073841095}, "right ankle": {"x": 0.18299804627895355, "y": 0.92280113697052, "z": 0.025500735267996788, "visibility": 0.9272472262382507, "presence": 0.6196810603141785}, "left heel": {"x": 0.15516884624958038, "y": 0.9419374465942383, "z": 0.31560736894607544, "visibility": 0.6387467980384827, "presence": 0.6238016486167908}, "right heel": {"x": 0.17195458710193634, "y": 0.9517906308174133, "z": 0.04466143250465393, "visibility": 0.956704318523407, "presence": 0.6155701279640198}, "left foot index": {"x": 0.2463170737028122, "y": 0.9058564901351929, "z": 0.30075177550315857, "visibility": 0.3401426672935486, "presence": 0.8698967099189758}, "right foot index": {"x": 0.26808902621269226, "y": 0.9110757112503052, "z": 0.023924589157104492, "visibility": 0.7901855707168579, "presence": 0.7447413802146912}, "timestamp": "20240418-210208"}