{"nose": {"x": 0.07539473474025726, "y": 0.5141114592552185, "z": 0.22725099325180054, "visibility": 0.9786474108695984, "presence": 0.9856427311897278}, "left eye (inner)": {"x": 0.06958188116550446, "y": 0.502858579158783, "z": 0.17967510223388672, "visibility": 0.9791509509086609, "presence": 0.9885629415512085}, "left eye": {"x": 0.06243765726685524, "y": 0.5011427998542786, "z": 0.1792270690202713, "visibility": 0.9792059063911438, "presence": 0.9886158108711243}, "left eye (outer)": {"x": 0.05552132800221443, "y": 0.4994751811027527, "z": 0.17933273315429688, "visibility": 0.9788625240325928, "presence": 0.9849939942359924}, "right eye (inner)": {"x": 0.08523526042699814, "y": 0.5059621930122375, "z": 0.14899952709674835, "visibility": 0.990373432636261, "presence": 0.9924227595329285}, "right eye": {"x": 0.09003303200006485, "y": 0.5064355134963989, "z": 0.14844472706317902, "visibility": 0.9943137168884277, "presence": 0.995274543762207}, "right eye (outer)": {"x": 0.09450224041938782, "y": 0.5069132447242737, "z": 0.14806364476680756, "visibility": 0.9959714412689209, "presence": 0.9960305094718933}, "left ear": {"x": 0.04019991680979729, "y": 0.5009442567825317, "z": 0.030097097158432007, "visibility": 0.9938303828239441, "presence": 0.9888952970504761}, "right ear": {"x": 0.09424615651369095, "y": 0.5110681056976318, "z": -0.1132812574505806, "visibility": 0.9976511001586914, "presence": 0.9980387091636658}, "mouth (left)": {"x": 0.06060907617211342, "y": 0.5198051333427429, "z": 0.1938570886850357, "visibility": 0.9768279790878296, "presence": 0.9822657108306885}, "mouth (right)": {"x": 0.07746092975139618, "y": 0.5228477716445923, "z": 0.14825370907783508, "visibility": 0.9882665872573853, "presence": 0.9834802746772766}, "left shoulder": {"x": -0.058658525347709656, "y": 0.5433703064918518, "z": 0.07744453102350235, "visibility": 0.9918877482414246, "presence": 0.9841359853744507}, "right shoulder": {"x": 0.11768987774848938, "y": 0.559468150138855, "z": -0.2613775134086609, "visibility": 0.9988594055175781, "presence": 0.9977918863296509}, "left elbow": {"x": -0.06369834393262863, "y": 0.5950460433959961, "z": 0.42075154185295105, "visibility": 0.08867011219263077, "presence": 0.7103198766708374}, "right elbow": {"x": 0.18445834517478943, "y": 0.61307692527771, "z": -0.10832206904888153, "visibility": 0.8679144382476807, "presence": 0.9321725964546204}, "left wrist": {"x": 0.018060050904750824, "y": 0.5920159220695496, "z": 0.8817974328994751, "visibility": 0.0030657073948532343, "presence": 0.4268198609352112}, "right wrist": {"x": 0.1862170547246933, "y": 0.5913487076759338, "z": 0.346157968044281, "visibility": 0.10511871427297592, "presence": 0.9631037712097168}, "left pinky": {"x": 0.03388446941971779, "y": 0.5928980708122253, "z": 0.98097825050354, "visibility": 0.0059384447522461414, "presence": 0.4173734188079834}, "right pinky": {"x": 0.19266578555107117, "y": 0.5940079092979431, "z": 0.3752482831478119, "visibility": 0.09166829288005829, "presence": 0.9511412382125854}, "left index": {"x": 0.04466758668422699, "y": 0.5929305553436279, "z": 0.939811110496521, "visibility": 0.006707463879138231, "presence": 0.3627193570137024}, "right index": {"x": 0.18808038532733917, "y": 0.5915532112121582, "z": 0.39198943972587585, "visibility": 0.0969858318567276, "presence": 0.9476231336593628}, "left thumb": {"x": 0.045076046139001846, "y": 0.5919543504714966, "z": 0.8782344460487366, "visibility": 0.0070299627259373665, "presence": 0.4043973982334137}, "right thumb": {"x": 0.18178027868270874, "y": 0.5915881991386414, "z": 0.3620022237300873, "visibility": 0.08460696786642075, "presence": 0.9635288119316101}, "left hip": {"x": -0.056918561458587646, "y": 0.7207086682319641, "z": 0.11683566123247147, "visibility": 0.9768440127372742, "presence": 0.9697352051734924}, "right hip": {"x": 0.022261323407292366, "y": 0.7314009666442871, "z": -0.11699885129928589, "visibility": 0.9904907941818237, "presence": 0.9866887927055359}, "left knee": {"x": 0.09641467034816742, "y": 0.7682227492332458, "z": 0.6178588271141052, "visibility": 0.16812613606452942, "presence": 0.7375326752662659}, "right knee": {"x": 0.15319521725177765, "y": 0.7993457317352295, "z": 0.1139298751950264, "visibility": 0.9069409966468811, "presence": 0.9360359311103821}, "left ankle": {"x": 0.08305181562900543, "y": 0.820601761341095, "z": 0.9774376749992371, "visibility": 0.34551873803138733, "presence": 0.5195459723472595}, "right ankle": {"x": 0.21344159543514252, "y": 0.916967511177063, "z": 0.31490710377693176, "visibility": 0.8967486023902893, "presence": 0.29589545726776123}, "left heel": {"x": 0.09261592477560043, "y": 0.8410874605178833, "z": 0.9965216517448425, "visibility": 0.619282603263855, "presence": 0.4654259979724884}, "right heel": {"x": 0.2019585222005844, "y": 0.9460852742195129, "z": 0.33868157863616943, "visibility": 0.9288784265518188, "presence": 0.3213934302330017}, "left foot index": {"x": 0.0764080062508583, "y": 0.8089353442192078, "z": 1.0990326404571533, "visibility": 0.22544114291667938, "presence": 0.803646981716156}, "right foot index": {"x": 0.29300546646118164, "y": 0.9084224700927734, "z": 0.30375292897224426, "visibility": 0.6013962626457214, "presence": 0.5177820920944214}, "timestamp": "20240418-210137"}