{"nose": {"x": 0.11930166929960251, "y": 0.5532318353652954, "z": 0.2147112339735031, "visibility": 0.9854925870895386, "presence": 0.9974591135978699}, "left eye (inner)": {"x": 0.11864908039569855, "y": 0.5434054136276245, "z": 0.18344330787658691, "visibility": 0.9846138954162598, "presence": 0.9973427653312683}, "left eye": {"x": 0.11355821043252945, "y": 0.5418466925621033, "z": 0.18304970860481262, "visibility": 0.984731912612915, "presence": 0.9975761771202087}, "left eye (outer)": {"x": 0.10855270177125931, "y": 0.540439784526825, "z": 0.18320350348949432, "visibility": 0.9841878414154053, "presence": 0.9971573352813721}, "right eye (inner)": {"x": 0.1319749653339386, "y": 0.5475823283195496, "z": 0.14833949506282806, "visibility": 0.991378903388977, "presence": 0.998007595539093}, "right eye": {"x": 0.13630498945713043, "y": 0.5489335656166077, "z": 0.14768511056900024, "visibility": 0.9943619966506958, "presence": 0.998711347579956}, "right eye (outer)": {"x": 0.14046815037727356, "y": 0.550416111946106, "z": 0.14733745157718658, "visibility": 0.9957380890846252, "presence": 0.9989064931869507}, "left ear": {"x": 0.09405718743801117, "y": 0.5385965704917908, "z": 0.10369803011417389, "visibility": 0.99405837059021, "presence": 0.997765064239502}, "right ear": {"x": 0.13835939764976501, "y": 0.553924024105072, "z": -0.06012428551912308, "visibility": 0.9965385794639587, "presence": 0.9992799162864685}, "mouth (left)": {"x": 0.1041448563337326, "y": 0.5586087107658386, "z": 0.20270352065563202, "visibility": 0.9860159754753113, "presence": 0.9974000453948975}, "mouth (right)": {"x": 0.11717298626899719, "y": 0.5620110034942627, "z": 0.1531389057636261, "visibility": 0.9912765026092529, "presence": 0.996829092502594}, "left shoulder": {"x": 0.0012290223967283964, "y": 0.5636428594589233, "z": 0.18187955021858215, "visibility": 0.9962313771247864, "presence": 0.9967126846313477}, "right shoulder": {"x": 0.12666556239128113, "y": 0.5964856147766113, "z": -0.21625147759914398, "visibility": 0.9992374181747437, "presence": 0.9992169141769409}, "left elbow": {"x": -0.0104665607213974, "y": 0.6193248629570007, "z": 0.4351619780063629, "visibility": 0.14925400912761688, "presence": 0.9316466450691223}, "right elbow": {"x": 0.19095927476882935, "y": 0.6573558449745178, "z": -0.133395254611969, "visibility": 0.9235042929649353, "presence": 0.9676607847213745}, "left wrist": {"x": 0.061372846364974976, "y": 0.5991541147232056, "z": 0.7326856851577759, "visibility": 0.009787867777049541, "presence": 0.9788656830787659}, "right wrist": {"x": 0.15874843299388885, "y": 0.6047390699386597, "z": 0.24703256785869598, "visibility": 0.21793213486671448, "presence": 0.996248185634613}, "left pinky": {"x": 0.07579626888036728, "y": 0.5950664281845093, "z": 0.8055000305175781, "visibility": 0.017235251143574715, "presence": 0.9809263944625854}, "right pinky": {"x": 0.15540573000907898, "y": 0.5922360420227051, "z": 0.2681404948234558, "visibility": 0.18707145750522614, "presence": 0.9960581064224243}, "left index": {"x": 0.07581646740436554, "y": 0.5802897214889526, "z": 0.774410605430603, "visibility": 0.019127922132611275, "presence": 0.9784985184669495}, "right index": {"x": 0.1397848278284073, "y": 0.5887943506240845, "z": 0.264459490776062, "visibility": 0.1963369995355606, "presence": 0.996696949005127}, "left thumb": {"x": 0.07733802497386932, "y": 0.5935652256011963, "z": 0.7283302545547485, "visibility": 0.018416399136185646, "presence": 0.9826030731201172}, "right thumb": {"x": 0.14557817578315735, "y": 0.5944958925247192, "z": 0.2525969445705414, "visibility": 0.17896339297294617, "presence": 0.9976623058319092}, "left hip": {"x": -0.0905374214053154, "y": 0.7330285310745239, "z": 0.1448916345834732, "visibility": 0.9864510893821716, "presence": 0.9841293096542358}, "right hip": {"x": -0.04342024400830269, "y": 0.7467955350875854, "z": -0.14509035646915436, "visibility": 0.9916163682937622, "presence": 0.9885662198066711}, "left knee": {"x": 0.13644909858703613, "y": 0.7892399430274963, "z": 0.24462509155273438, "visibility": 0.2779061496257782, "presence": 0.9759677648544312}, "right knee": {"x": 0.13733717799186707, "y": 0.7918132543563843, "z": -0.16292919218540192, "visibility": 0.9323307871818542, "presence": 0.9913268685340881}, "left ankle": {"x": 0.19425614178180695, "y": 0.910140335559845, "z": 0.25620266795158386, "visibility": 0.5513697266578674, "presence": 0.9379914999008179}, "right ankle": {"x": 0.2083483338356018, "y": 0.9240894317626953, "z": -0.10950696468353271, "visibility": 0.9249351620674133, "presence": 0.8373461961746216}, "left heel": {"x": 0.18182453513145447, "y": 0.9458029866218567, "z": 0.2549791634082794, "visibility": 0.7597118020057678, "presence": 0.8862137794494629}, "right heel": {"x": 0.1939132660627365, "y": 0.9530199766159058, "z": -0.09943346679210663, "visibility": 0.9492319822311401, "presence": 0.8409548401832581}, "left foot index": {"x": 0.2585810422897339, "y": 0.8966957926750183, "z": 0.20683179795742035, "visibility": 0.4707753658294678, "presence": 0.966069221496582}, "right foot index": {"x": 0.2898513078689575, "y": 0.909842848777771, "z": -0.14902263879776, "visibility": 0.7873108983039856, "presence": 0.9032010436058044}, "timestamp": "20240418-210152"}