{"nose": {"x": 0.04943448677659035, "y": 0.5469464063644409, "z": 0.2930060923099518, "visibility": 0.9855327010154724, "presence": 0.9872077107429504}, "left eye (inner)": {"x": 0.050339289009571075, "y": 0.5363341569900513, "z": 0.25488460063934326, "visibility": 0.9861087799072266, "presence": 0.9888390898704529}, "left eye": {"x": 0.04678982496261597, "y": 0.533728837966919, "z": 0.2545979917049408, "visibility": 0.986163854598999, "presence": 0.990412175655365}, "left eye (outer)": {"x": 0.04308489337563515, "y": 0.5313249826431274, "z": 0.2547304630279541, "visibility": 0.9851723313331604, "presence": 0.9891777038574219}, "right eye (inner)": {"x": 0.060772351920604706, "y": 0.5407872796058655, "z": 0.2324524074792862, "visibility": 0.9926213622093201, "presence": 0.9910711050033569}, "right eye": {"x": 0.064747653901577, "y": 0.5416678190231323, "z": 0.231854647397995, "visibility": 0.9956595301628113, "presence": 0.9940285682678223}, "right eye (outer)": {"x": 0.06892022490501404, "y": 0.5423821210861206, "z": 0.2315254658460617, "visibility": 0.9968053698539734, "presence": 0.9950069189071655}, "left ear": {"x": 0.03142739087343216, "y": 0.530225932598114, "z": 0.14029431343078613, "visibility": 0.9946618676185608, "presence": 0.9883578419685364}, "right ear": {"x": 0.06940063089132309, "y": 0.5450237989425659, "z": 0.0380229577422142, "visibility": 0.9979735016822815, "presence": 0.9957939386367798}, "mouth (left)": {"x": 0.036939773708581924, "y": 0.551366925239563, "z": 0.2681167423725128, "visibility": 0.9863935708999634, "presence": 0.9890347719192505}, "mouth (right)": {"x": 0.04779534786939621, "y": 0.5561515092849731, "z": 0.2343863546848297, "visibility": 0.9926823973655701, "presence": 0.9854868650436401}, "left shoulder": {"x": -0.06189180910587311, "y": 0.5558544993400574, "z": 0.1586150974035263, "visibility": 0.9949091672897339, "presence": 0.9849822521209717}, "right shoulder": {"x": 0.06299498677253723, "y": 0.5877565145492554, "z": -0.13804131746292114, "visibility": 0.9993647336959839, "presence": 0.9978389143943787}, "left elbow": {"x": -0.07040920853614807, "y": 0.5862060189247131, "z": 0.058984581381082535, "visibility": 0.12536875903606415, "presence": 0.6139536499977112}, "right elbow": {"x": 0.12121092528104782, "y": 0.6410906910896301, "z": -0.1186986044049263, "visibility": 0.9616813063621521, "presence": 0.8756319880485535}, "left wrist": {"x": -0.004484246484935284, "y": 0.5866416692733765, "z": -0.09947897493839264, "visibility": 0.005486069247126579, "presence": 0.6835523843765259}, "right wrist": {"x": 0.07365109026432037, "y": 0.6049601435661316, "z": 0.18085628747940063, "visibility": 0.2428021878004074, "presence": 0.9723097085952759}, "left pinky": {"x": 0.01816469244658947, "y": 0.5871633887290955, "z": -0.10088469088077545, "visibility": 0.010283143259584904, "presence": 0.7224193811416626}, "right pinky": {"x": 0.06358739733695984, "y": 0.5937875509262085, "z": 0.201692596077919, "visibility": 0.21165823936462402, "presence": 0.9677112698554993}, "left index": {"x": 0.023189488798379898, "y": 0.5782071352005005, "z": -0.11546234786510468, "visibility": 0.011655171401798725, "presence": 0.7365787625312805}, "right index": {"x": 0.05130549520254135, "y": 0.5892933011054993, "z": 0.19916313886642456, "visibility": 0.21994100511074066, "presence": 0.9766415953636169}, "left thumb": {"x": 0.013037718832492828, "y": 0.5872222781181335, "z": -0.10952374339103699, "visibility": 0.011479085311293602, "presence": 0.7622957825660706}, "right thumb": {"x": 0.04992155358195305, "y": 0.5941954255104065, "z": 0.19041107594966888, "visibility": 0.1957472413778305, "presence": 0.9834363460540771}, "left hip": {"x": -0.18036159873008728, "y": 0.7094988822937012, "z": 0.10167025774717331, "visibility": 0.9863085150718689, "presence": 0.897438108921051}, "right hip": {"x": -0.12543556094169617, "y": 0.7249161005020142, "z": -0.10202530026435852, "visibility": 0.9926508665084839, "presence": 0.9406596422195435}, "left knee": {"x": 0.04679112508893013, "y": 0.7886221408843994, "z": 0.08347535133361816, "visibility": 0.23381176590919495, "presence": 0.8787055015563965}, "right knee": {"x": 0.0433894619345665, "y": 0.7988097667694092, "z": -0.18682704865932465, "visibility": 0.9544941782951355, "presence": 0.9556325078010559}, "left ankle": {"x": 0.17198707163333893, "y": 0.9116171598434448, "z": -0.04783307760953903, "visibility": 0.5643687844276428, "presence": 0.7216299772262573}, "right ankle": {"x": 0.18204951286315918, "y": 0.9231778383255005, "z": -0.26190122961997986, "visibility": 0.9550491571426392, "presence": 0.4895021319389343}, "left heel": {"x": 0.16749346256256104, "y": 0.9437880516052246, "z": -0.06309109926223755, "visibility": 0.7596705555915833, "presence": 0.534707248210907}, "right heel": {"x": 0.1765758991241455, "y": 0.951104998588562, "z": -0.2660346031188965, "visibility": 0.9704959988594055, "presence": 0.4532791078090668}, "left foot index": {"x": 0.23349259793758392, "y": 0.905929684638977, "z": -0.16413889825344086, "visibility": 0.481412798166275, "presence": 0.699863076210022}, "right foot index": {"x": 0.26500824093818665, "y": 0.9124938249588013, "z": -0.36337804794311523, "visibility": 0.8318681120872498, "presence": 0.42065104842185974}, "timestamp": "20240418-210212"}