{"nose": {"x": 0.10806061327457428, "y": 0.5158966779708862, "z": 0.2354743778705597, "visibility": 0.9765874743461609, "presence": 0.9949223399162292}, "left eye (inner)": {"x": 0.10175144672393799, "y": 0.5051549673080444, "z": 0.191771000623703, "visibility": 0.9743002653121948, "presence": 0.9951188564300537}, "left eye": {"x": 0.095100536942482, "y": 0.5040708184242249, "z": 0.19140133261680603, "visibility": 0.9745795130729675, "presence": 0.9952440857887268}, "left eye (outer)": {"x": 0.08830313384532928, "y": 0.5030205249786377, "z": 0.19151197373867035, "visibility": 0.976122260093689, "presence": 0.9938785433769226}, "right eye (inner)": {"x": 0.11974716931581497, "y": 0.5077956318855286, "z": 0.16204437613487244, "visibility": 0.9831574559211731, "presence": 0.9964859485626221}, "right eye": {"x": 0.12533077597618103, "y": 0.508492112159729, "z": 0.16144916415214539, "visibility": 0.9874433875083923, "presence": 0.997689962387085}, "right eye (outer)": {"x": 0.13065321743488312, "y": 0.5091193914413452, "z": 0.1611199975013733, "visibility": 0.9902650713920593, "presence": 0.9979352951049805}, "left ear": {"x": 0.07449544966220856, "y": 0.5054230690002441, "z": 0.05500238761305809, "visibility": 0.9907384514808655, "presence": 0.9951529502868652}, "right ear": {"x": 0.13354435563087463, "y": 0.5140974521636963, "z": -0.08916317671537399, "visibility": 0.9909376502037048, "presence": 0.9988762736320496}, "mouth (left)": {"x": 0.0935681015253067, "y": 0.522628664970398, "z": 0.20624005794525146, "visibility": 0.9754778146743774, "presence": 0.9934117197990417}, "mouth (right)": {"x": 0.11221777647733688, "y": 0.5253915786743164, "z": 0.16157135367393494, "visibility": 0.9811205267906189, "presence": 0.9930912256240845}, "left shoulder": {"x": -0.012791276909410954, "y": 0.5426644086837769, "z": 0.09796635061502457, "visibility": 0.9941259026527405, "presence": 0.9940477609634399}, "right shoulder": {"x": 0.14743302762508392, "y": 0.5663307905197144, "z": -0.25477224588394165, "visibility": 0.9984240531921387, "presence": 0.9984311461448669}, "left elbow": {"x": 0.019661689177155495, "y": 0.6014755964279175, "z": 0.3654068112373352, "visibility": 0.08704974502325058, "presence": 0.8629440069198608}, "right elbow": {"x": 0.22444716095924377, "y": 0.6252292990684509, "z": -0.1488233506679535, "visibility": 0.7766249775886536, "presence": 0.9454801082611084}, "left wrist": {"x": 0.10267604142427444, "y": 0.5850777626037598, "z": 0.6776800751686096, "visibility": 0.005813224241137505, "presence": 0.809316098690033}, "right wrist": {"x": 0.21359966695308685, "y": 0.5876957178115845, "z": 0.2344057261943817, "visibility": 0.10108187049627304, "presence": 0.9750564694404602}, "left pinky": {"x": 0.12282130122184753, "y": 0.580267071723938, "z": 0.7496811747550964, "visibility": 0.0113361282274127, "presence": 0.8025726675987244}, "right pinky": {"x": 0.22759346663951874, "y": 0.5768643617630005, "z": 0.25043144822120667, "visibility": 0.08997306227684021, "presence": 0.9721786975860596}, "left index": {"x": 0.13047616183757782, "y": 0.5765715837478638, "z": 0.7188273668289185, "visibility": 0.012555789202451706, "presence": 0.7742894291877747}, "right index": {"x": 0.21270883083343506, "y": 0.5736530423164368, "z": 0.26384446024894714, "visibility": 0.09469972550868988, "presence": 0.9710527062416077}, "left thumb": {"x": 0.12897926568984985, "y": 0.5787623524665833, "z": 0.6728375554084778, "visibility": 0.01218661293387413, "presence": 0.8071751594543457}, "right thumb": {"x": 0.20683322846889496, "y": 0.577332079410553, "z": 0.246378093957901, "visibility": 0.08426669985055923, "presence": 0.97967129945755}, "left hip": {"x": -0.02723478153347969, "y": 0.7275788187980652, "z": 0.12502789497375488, "visibility": 0.9786993265151978, "presence": 0.9859527349472046}, "right hip": {"x": 0.03816091641783714, "y": 0.7404433488845825, "z": -0.1251772791147232, "visibility": 0.9882661700248718, "presence": 0.9931496977806091}, "left knee": {"x": 0.09576581418514252, "y": 0.7518211007118225, "z": 0.6067492365837097, "visibility": 0.1647922694683075, "presence": 0.9147137999534607}, "right knee": {"x": 0.17614148557186127, "y": 0.8013087511062622, "z": 0.07573983073234558, "visibility": 0.8706968426704407, "presence": 0.9808909893035889}, "left ankle": {"x": 0.09086737036705017, "y": 0.81578129529953, "z": 0.8897753953933716, "visibility": 0.3452282249927521, "presence": 0.7674039602279663}, "right ankle": {"x": 0.20725472271442413, "y": 0.9194838404655457, "z": 0.24238495528697968, "visibility": 0.8417141437530518, "presence": 0.5565648674964905}, "left heel": {"x": 0.09583072364330292, "y": 0.8352778553962708, "z": 0.9168000817298889, "visibility": 0.5978567600250244, "presence": 0.7028769850730896}, "right heel": {"x": 0.19197042286396027, "y": 0.9494832158088684, "z": 0.26323267817497253, "visibility": 0.8865914344787598, "presence": 0.5525150299072266}, "left foot index": {"x": 0.09744525700807571, "y": 0.7966368198394775, "z": 0.9600644707679749, "visibility": 0.2549159824848175, "presence": 0.9137369990348816}, "right foot index": {"x": 0.2865215837955475, "y": 0.9102253913879395, "z": 0.2365809977054596, "visibility": 0.6293964385986328, "presence": 0.7326083183288574}, "timestamp": "20240418-210150"}