{"nose": {"x": 0.1301865130662918, "y": 0.5117484331130981, "z": 0.2315468192100525, "visibility": 0.9812857508659363, "presence": 0.9913886189460754}, "left eye (inner)": {"x": 0.12703044712543488, "y": 0.5008020997047424, "z": 0.18808265030384064, "visibility": 0.9812543392181396, "presence": 0.9900722503662109}, "left eye": {"x": 0.1206793487071991, "y": 0.4991990029811859, "z": 0.1877041757106781, "visibility": 0.9800474047660828, "presence": 0.990105926990509}, "left eye (outer)": {"x": 0.11370041221380234, "y": 0.49759769439697266, "z": 0.18784263730049133, "visibility": 0.9788920283317566, "presence": 0.9870696067810059}, "right eye (inner)": {"x": 0.1408158242702484, "y": 0.5035733580589294, "z": 0.1614091545343399, "visibility": 0.9915590882301331, "presence": 0.9952510595321655}, "right eye": {"x": 0.14435140788555145, "y": 0.5040134191513062, "z": 0.16080011427402496, "visibility": 0.9951421022415161, "presence": 0.9974958300590515}, "right eye (outer)": {"x": 0.1476537585258484, "y": 0.5044810771942139, "z": 0.16049979627132416, "visibility": 0.9968340396881104, "presence": 0.9981990456581116}, "left ear": {"x": 0.0953737273812294, "y": 0.49790555238723755, "z": 0.05155546963214874, "visibility": 0.992262601852417, "presence": 0.9849947094917297}, "right ear": {"x": 0.14380507171154022, "y": 0.508189857006073, "z": -0.07231077551841736, "visibility": 0.99802166223526, "presence": 0.9990156888961792}, "mouth (left)": {"x": 0.11439252644777298, "y": 0.5171352624893188, "z": 0.2021552473306656, "visibility": 0.9806224703788757, "presence": 0.9934996366500854}, "mouth (right)": {"x": 0.12883102893829346, "y": 0.5207489728927612, "z": 0.1619899421930313, "visibility": 0.9911849498748779, "presence": 0.9954549074172974}, "left shoulder": {"x": -0.005215804558247328, "y": 0.5326461791992188, "z": 0.07431989908218384, "visibility": 0.9924835562705994, "presence": 0.994568943977356}, "right shoulder": {"x": 0.1502266228199005, "y": 0.5573042035102844, "z": -0.23531490564346313, "visibility": 0.9994450211524963, "presence": 0.9998668432235718}, "left elbow": {"x": -0.03954829275608063, "y": 0.6105379462242126, "z": 0.07162262499332428, "visibility": 0.08278530836105347, "presence": 0.7938919067382812}, "right elbow": {"x": 0.22391849756240845, "y": 0.6345429420471191, "z": -0.16753381490707397, "visibility": 0.911487340927124, "presence": 0.9956398010253906}, "left wrist": {"x": 0.006437851116061211, "y": 0.6253551244735718, "z": 0.014467659406363964, "visibility": 0.004227703437209129, "presence": 0.8060762882232666}, "right wrist": {"x": 0.19315358996391296, "y": 0.6427038908004761, "z": 0.15534892678260803, "visibility": 0.4732077419757843, "presence": 0.9990206956863403}, "left pinky": {"x": 0.014107560738921165, "y": 0.6302359104156494, "z": 0.027693655341863632, "visibility": 0.008129396475851536, "presence": 0.8695279359817505}, "right pinky": {"x": 0.18216197192668915, "y": 0.6454231142997742, "z": 0.16495783627033234, "visibility": 0.44283583760261536, "presence": 0.9984684586524963}, "left index": {"x": 0.026001473888754845, "y": 0.6261570453643799, "z": 0.004530922044068575, "visibility": 0.009124787524342537, "presence": 0.8692735433578491}, "right index": {"x": 0.1724359095096588, "y": 0.6417347192764282, "z": 0.16111885011196136, "visibility": 0.4569660723209381, "presence": 0.9986679553985596}, "left thumb": {"x": 0.028095459565520287, "y": 0.624487042427063, "z": 0.004634801298379898, "visibility": 0.009433522820472717, "presence": 0.8736523389816284}, "right thumb": {"x": 0.17355743050575256, "y": 0.640831470489502, "z": 0.16073712706565857, "visibility": 0.39482560753822327, "presence": 0.9991239905357361}, "left hip": {"x": -0.04695834219455719, "y": 0.7151920795440674, "z": 0.08941097557544708, "visibility": 0.9812816381454468, "presence": 0.9959069490432739}, "right hip": {"x": 0.009370190091431141, "y": 0.7266508340835571, "z": -0.08977631479501724, "visibility": 0.9932169914245605, "presence": 0.9990968704223633}, "left knee": {"x": 0.11955069750547409, "y": 0.7982984185218811, "z": 0.3596131503582001, "visibility": 0.18979395925998688, "presence": 0.9731308817863464}, "right knee": {"x": 0.13795465230941772, "y": 0.8102375268936157, "z": 0.038520824164152145, "visibility": 0.9317861199378967, "presence": 0.9973408579826355}, "left ankle": {"x": 0.20866462588310242, "y": 0.9059866070747375, "z": 0.5196282863616943, "visibility": 0.3982682526111603, "presence": 0.9094080328941345}, "right ankle": {"x": 0.21389874815940857, "y": 0.9205357432365417, "z": 0.15990571677684784, "visibility": 0.9279113411903381, "presence": 0.9271476864814758}, "left heel": {"x": 0.20678260922431946, "y": 0.935783863067627, "z": 0.5313997864723206, "visibility": 0.6116093993186951, "presence": 0.8398013710975647}, "right heel": {"x": 0.20370784401893616, "y": 0.9490849375724792, "z": 0.1742003709077835, "visibility": 0.9531651139259338, "presence": 0.9091600775718689}, "left foot index": {"x": 0.26215997338294983, "y": 0.8927892446517944, "z": 0.4869520366191864, "visibility": 0.284328430891037, "presence": 0.9714764952659607}, "right foot index": {"x": 0.28701117634773254, "y": 0.9091919660568237, "z": 0.1168198511004448, "visibility": 0.7288665771484375, "presence": 0.9559411406517029}, "timestamp": "20240418-210144"}