{"nose": {"x": 0.13227619230747223, "y": 0.509863018989563, "z": 0.2234196960926056, "visibility": 0.9836583733558655, "presence": 0.9951481223106384}, "left eye (inner)": {"x": 0.12780022621154785, "y": 0.49922075867652893, "z": 0.18154144287109375, "visibility": 0.9844533205032349, "presence": 0.9953436255455017}, "left eye": {"x": 0.12145591527223587, "y": 0.4980207085609436, "z": 0.18120568990707397, "visibility": 0.9834080934524536, "presence": 0.9954160451889038}, "left eye (outer)": {"x": 0.11465868353843689, "y": 0.4968307912349701, "z": 0.18136844038963318, "visibility": 0.983140766620636, "presence": 0.9940669536590576}, "right eye (inner)": {"x": 0.1413724422454834, "y": 0.5014119148254395, "z": 0.15328694880008698, "visibility": 0.992650032043457, "presence": 0.9972609281539917}, "right eye": {"x": 0.14474767446517944, "y": 0.5019201040267944, "z": 0.15268965065479279, "visibility": 0.995628833770752, "presence": 0.9983929991722107}, "right eye (outer)": {"x": 0.1478571593761444, "y": 0.5024009346961975, "z": 0.1524055004119873, "visibility": 0.9971019625663757, "presence": 0.9986929297447205}, "left ear": {"x": 0.09683049470186234, "y": 0.4978097081184387, "z": 0.047976695001125336, "visibility": 0.9941004514694214, "presence": 0.9937584400177002}, "right ear": {"x": 0.14378505945205688, "y": 0.5065184235572815, "z": -0.08097860217094421, "visibility": 0.9981071949005127, "presence": 0.9991408586502075}, "mouth (left)": {"x": 0.11742405593395233, "y": 0.5171219706535339, "z": 0.19546745717525482, "visibility": 0.9822208285331726, "presence": 0.994326651096344}, "mouth (right)": {"x": 0.1314132660627365, "y": 0.5192584991455078, "z": 0.1539796143770218, "visibility": 0.9914013147354126, "presence": 0.9952144622802734}, "left shoulder": {"x": -0.004400609061121941, "y": 0.5316935181617737, "z": 0.05320538580417633, "visibility": 0.9920937418937683, "presence": 0.9937566518783569}, "right shoulder": {"x": 0.1522866189479828, "y": 0.5568134188652039, "z": -0.24277862906455994, "visibility": 0.9993821978569031, "presence": 0.9995021820068359}, "left elbow": {"x": -0.029767731204628944, "y": 0.5914704203605652, "z": 0.16488143801689148, "visibility": 0.07309387624263763, "presence": 0.8214262127876282}, "right elbow": {"x": 0.23085539042949677, "y": 0.6171732544898987, "z": -0.16753321886062622, "visibility": 0.8933407068252563, "presence": 0.9823633432388306}, "left wrist": {"x": 0.02778608538210392, "y": 0.5875676274299622, "z": 0.3033066987991333, "visibility": 0.004485106561332941, "presence": 0.7222521901130676}, "right wrist": {"x": 0.22792795300483704, "y": 0.6170098185539246, "z": 0.16322477161884308, "visibility": 0.45337238907814026, "presence": 0.9946557283401489}, "left pinky": {"x": 0.03972260281443596, "y": 0.5896641612052917, "z": 0.34362977743148804, "visibility": 0.008559204638004303, "presence": 0.7581843733787537}, "right pinky": {"x": 0.23274001479148865, "y": 0.6214633584022522, "z": 0.17634643614292145, "visibility": 0.44083866477012634, "presence": 0.9918429255485535}, "left index": {"x": 0.0506310798227787, "y": 0.5875226259231567, "z": 0.31684085726737976, "visibility": 0.00961871724575758, "presence": 0.7354544997215271}, "right index": {"x": 0.2176540642976761, "y": 0.6165135502815247, "z": 0.17241322994232178, "visibility": 0.4557857811450958, "presence": 0.992468535900116}, "left thumb": {"x": 0.05167499557137489, "y": 0.5876634120941162, "z": 0.29720285534858704, "visibility": 0.010046713054180145, "presence": 0.7598310112953186}, "right thumb": {"x": 0.21573710441589355, "y": 0.6166731119155884, "z": 0.16805079579353333, "visibility": 0.39965152740478516, "presence": 0.9949964284896851}, "left hip": {"x": -0.049841709434986115, "y": 0.7111067175865173, "z": 0.1004190742969513, "visibility": 0.9784077405929565, "presence": 0.9867650270462036}, "right hip": {"x": 0.015767280012369156, "y": 0.7271453142166138, "z": -0.10070963203907013, "visibility": 0.9921073913574219, "presence": 0.9951262474060059}, "left knee": {"x": 0.12266695499420166, "y": 0.7770222425460815, "z": 0.36607682704925537, "visibility": 0.15268661081790924, "presence": 0.9053406715393066}, "right knee": {"x": 0.15537327527999878, "y": 0.8017197847366333, "z": -0.06839435547590256, "visibility": 0.9245703220367432, "presence": 0.9834383130073547}, "left ankle": {"x": 0.18796966969966888, "y": 0.8925272822380066, "z": 0.4647288918495178, "visibility": 0.3293953537940979, "presence": 0.7575045228004456}, "right ankle": {"x": 0.21398398280143738, "y": 0.9201087951660156, "z": -0.03790781646966934, "visibility": 0.9209084510803223, "presence": 0.7493947744369507}, "left heel": {"x": 0.18125274777412415, "y": 0.9217782020568848, "z": 0.4723072946071625, "visibility": 0.5631203651428223, "presence": 0.6317296028137207}, "right heel": {"x": 0.2035999894142151, "y": 0.9490464329719543, "z": -0.03063007816672325, "visibility": 0.9503050446510315, "presence": 0.7080745697021484}, "left foot index": {"x": 0.19279877841472626, "y": 0.871242880821228, "z": 0.449663370847702, "visibility": 0.23655395209789276, "presence": 0.8889038562774658}, "right foot index": {"x": 0.2872371971607208, "y": 0.9093649983406067, "z": -0.07013168185949326, "visibility": 0.7143715620040894, "presence": 0.8134503960609436}, "timestamp": "20240418-210144"}