{"nose": {"x": 0.1688707172870636, "y": 0.5192514657974243, "z": 0.2735275626182556, "visibility": 0.9871910810470581, "presence": 0.9977364540100098}, "left eye (inner)": {"x": 0.1669883131980896, "y": 0.5088691115379333, "z": 0.22921425104141235, "visibility": 0.9871639013290405, "presence": 0.9975448250770569}, "left eye": {"x": 0.16086378693580627, "y": 0.5071695446968079, "z": 0.22883190214633942, "visibility": 0.9866821765899658, "presence": 0.9974498152732849}, "left eye (outer)": {"x": 0.15434302389621735, "y": 0.5053584575653076, "z": 0.22900702059268951, "visibility": 0.9862011671066284, "presence": 0.9965943694114685}, "right eye (inner)": {"x": 0.17973725497722626, "y": 0.5116561651229858, "z": 0.19650839269161224, "visibility": 0.9940874576568604, "presence": 0.9985964894294739}, "right eye": {"x": 0.18332402408123016, "y": 0.5123146772384644, "z": 0.19589269161224365, "visibility": 0.9965431094169617, "presence": 0.9991694688796997}, "right eye (outer)": {"x": 0.18692734837532043, "y": 0.5129868388175964, "z": 0.19559821486473083, "visibility": 0.9975957870483398, "presence": 0.9993112087249756}, "left ear": {"x": 0.1391514539718628, "y": 0.5059341192245483, "z": 0.09193936735391617, "visibility": 0.9952748417854309, "presence": 0.9969731569290161}, "right ear": {"x": 0.1844293773174286, "y": 0.5177003145217896, "z": -0.062046751379966736, "visibility": 0.9984371066093445, "presence": 0.999656081199646}, "mouth (left)": {"x": 0.15413087606430054, "y": 0.5261237621307373, "z": 0.24193166196346283, "visibility": 0.9862971901893616, "presence": 0.9968830943107605}, "mouth (right)": {"x": 0.1673402488231659, "y": 0.5281678438186646, "z": 0.1931910365819931, "visibility": 0.9932772517204285, "presence": 0.9976327419281006}, "left shoulder": {"x": 0.022729510441422462, "y": 0.5362478494644165, "z": 0.13030600547790527, "visibility": 0.994992196559906, "presence": 0.9950214624404907}, "right shoulder": {"x": 0.1902972310781479, "y": 0.5675191283226013, "z": -0.2408778965473175, "visibility": 0.999441385269165, "presence": 0.9996700286865234}, "left elbow": {"x": 0.01774577423930168, "y": 0.5933367609977722, "z": 0.3664439618587494, "visibility": 0.10272951424121857, "presence": 0.8735899329185486}, "right elbow": {"x": 0.2752675712108612, "y": 0.6197322607040405, "z": -0.13502486050128937, "visibility": 0.911236584186554, "presence": 0.9882583022117615}, "left wrist": {"x": 0.08872352540493011, "y": 0.579138457775116, "z": 0.665436327457428, "visibility": 0.007460243534296751, "presence": 0.8493137359619141}, "right wrist": {"x": 0.27827394008636475, "y": 0.5957417488098145, "z": 0.26624250411987305, "visibility": 0.39342689514160156, "presence": 0.9975222945213318}, "left pinky": {"x": 0.10453903675079346, "y": 0.5751579999923706, "z": 0.7324177026748657, "visibility": 0.013689814135432243, "presence": 0.8674163818359375}, "right pinky": {"x": 0.2883850336074829, "y": 0.5874830484390259, "z": 0.27643638849258423, "visibility": 0.3706303536891937, "presence": 0.9966260194778442}, "left index": {"x": 0.11687294393777847, "y": 0.5734270811080933, "z": 0.7037625312805176, "visibility": 0.01515551283955574, "presence": 0.8425011038780212}, "right index": {"x": 0.27342700958251953, "y": 0.5820984244346619, "z": 0.28351253271102905, "visibility": 0.38694897294044495, "presence": 0.9967029690742493}, "left thumb": {"x": 0.11830002814531326, "y": 0.5755689740180969, "z": 0.6608831882476807, "visibility": 0.01525256410241127, "presence": 0.8622826337814331}, "right thumb": {"x": 0.26746270060539246, "y": 0.5866923928260803, "z": 0.27595070004463196, "visibility": 0.3419974744319916, "presence": 0.9977748990058899}, "left hip": {"x": -0.021974332630634308, "y": 0.7174140214920044, "z": 0.14758996665477753, "visibility": 0.98387610912323, "presence": 0.9893203973770142}, "right hip": {"x": 0.03167213499546051, "y": 0.7318657636642456, "z": -0.1478366106748581, "visibility": 0.9925131797790527, "presence": 0.9967455863952637}, "left knee": {"x": 0.12273258715867996, "y": 0.7671802639961243, "z": 0.6162689328193665, "visibility": 0.21542946994304657, "presence": 0.9310745000839233}, "right knee": {"x": 0.18331506848335266, "y": 0.7910318970680237, "z": -0.06970515847206116, "visibility": 0.9289278984069824, "presence": 0.9950960278511047}, "left ankle": {"x": 0.1493462473154068, "y": 0.8437529802322388, "z": 0.8717370629310608, "visibility": 0.4145733714103699, "presence": 0.8444561958312988}, "right ankle": {"x": 0.2210749238729477, "y": 0.9190279841423035, "z": 0.001753036631271243, "visibility": 0.9128255844116211, "presence": 0.8295378684997559}, "left heel": {"x": 0.1420295089483261, "y": 0.8674667477607727, "z": 0.8969513773918152, "visibility": 0.6536853909492493, "presence": 0.7897732257843018}, "right heel": {"x": 0.20436684787273407, "y": 0.948107123374939, "z": 0.016609136015176773, "visibility": 0.9415786862373352, "presence": 0.7971993088722229}, "left foot index": {"x": 0.1694992184638977, "y": 0.8233281970024109, "z": 0.9277588129043579, "visibility": 0.3261801302433014, "presence": 0.9601571559906006}, "right foot index": {"x": 0.2997797429561615, "y": 0.9099065661430359, "z": -0.007300621829926968, "visibility": 0.7229277491569519, "presence": 0.8757743239402771}, "timestamp": "20240418-210139"}