{"nose": {"x": 0.14683116972446442, "y": 0.5475659966468811, "z": 0.26370561122894287, "visibility": 0.9858757257461548, "presence": 0.9972249269485474}, "left eye (inner)": {"x": 0.14396332204341888, "y": 0.5374239683151245, "z": 0.22701996564865112, "visibility": 0.985626220703125, "presence": 0.9966272115707397}, "left eye": {"x": 0.13819758594036102, "y": 0.5356917977333069, "z": 0.22664548456668854, "visibility": 0.9853216409683228, "presence": 0.9966022968292236}, "left eye (outer)": {"x": 0.13172638416290283, "y": 0.5337575078010559, "z": 0.22679272294044495, "visibility": 0.9846004843711853, "presence": 0.9957083463668823}, "right eye (inner)": {"x": 0.15671387314796448, "y": 0.5410280227661133, "z": 0.19385427236557007, "visibility": 0.993252158164978, "presence": 0.99774569272995}, "right eye": {"x": 0.16049210727214813, "y": 0.5417354106903076, "z": 0.1932506561279297, "visibility": 0.9960989356040955, "presence": 0.9986042380332947}, "right eye (outer)": {"x": 0.16425028443336487, "y": 0.5419853329658508, "z": 0.19297775626182556, "visibility": 0.9972507357597351, "presence": 0.9988383650779724}, "left ear": {"x": 0.11545056104660034, "y": 0.5319375395774841, "z": 0.11050312966108322, "visibility": 0.9945735335350037, "presence": 0.9967345595359802}, "right ear": {"x": 0.1628602296113968, "y": 0.5432232618331909, "z": -0.04112296178936958, "visibility": 0.9981995224952698, "presence": 0.9993428587913513}, "mouth (left)": {"x": 0.13394410908222198, "y": 0.553512692451477, "z": 0.23942093551158905, "visibility": 0.9856705665588379, "presence": 0.9975722432136536}, "mouth (right)": {"x": 0.14631901681423187, "y": 0.5567116737365723, "z": 0.1915322244167328, "visibility": 0.992827296257019, "presence": 0.9976428151130676}, "left shoulder": {"x": 0.01460654754191637, "y": 0.5609633922576904, "z": 0.19416393339633942, "visibility": 0.9951261878013611, "presence": 0.9976493716239929}, "right shoulder": {"x": 0.16545610129833221, "y": 0.5905760526657104, "z": -0.21960380673408508, "visibility": 0.9993693828582764, "presence": 0.999567449092865}, "left elbow": {"x": 0.026728473603725433, "y": 0.6176695823669434, "z": 0.46442222595214844, "visibility": 0.1273244470357895, "presence": 0.961607813835144}, "right elbow": {"x": 0.24825944006443024, "y": 0.6441947221755981, "z": -0.11116795241832733, "visibility": 0.9192039966583252, "presence": 0.9924742579460144}, "left wrist": {"x": 0.10815845429897308, "y": 0.5992104411125183, "z": 0.7869018316268921, "visibility": 0.009653450921177864, "presence": 0.9712523221969604}, "right wrist": {"x": 0.2524828314781189, "y": 0.6067895293235779, "z": 0.2723959982395172, "visibility": 0.3809968829154968, "presence": 0.9990853071212769}, "left pinky": {"x": 0.12612223625183105, "y": 0.5947040915489197, "z": 0.8617640137672424, "visibility": 0.01749986596405506, "presence": 0.9678801894187927}, "right pinky": {"x": 0.26119205355644226, "y": 0.5973965525627136, "z": 0.2855953574180603, "visibility": 0.3556233048439026, "presence": 0.9985654950141907}, "left index": {"x": 0.13133470714092255, "y": 0.5885037183761597, "z": 0.8225976824760437, "visibility": 0.01935218647122383, "presence": 0.959837794303894}, "right index": {"x": 0.24852822721004486, "y": 0.5917617082595825, "z": 0.28558778762817383, "visibility": 0.36822614073753357, "presence": 0.9985299110412598}, "left thumb": {"x": 0.13011251389980316, "y": 0.5935324430465698, "z": 0.7797715663909912, "visibility": 0.019232578575611115, "presence": 0.9696744680404663}, "right thumb": {"x": 0.24191239476203918, "y": 0.5960648655891418, "z": 0.2793494164943695, "visibility": 0.3336264193058014, "presence": 0.9990925788879395}, "left hip": {"x": -0.04258634150028229, "y": 0.737104058265686, "z": 0.16453410685062408, "visibility": 0.9829190373420715, "presence": 0.993505597114563}, "right hip": {"x": -0.00407269736751914, "y": 0.7495781183242798, "z": -0.16476376354694366, "visibility": 0.991100549697876, "presence": 0.9962670207023621}, "left knee": {"x": 0.17034341394901276, "y": 0.7849620580673218, "z": 0.3834123909473419, "visibility": 0.2718910872936249, "presence": 0.964713454246521}, "right knee": {"x": 0.17778708040714264, "y": 0.7886034250259399, "z": -0.16296134889125824, "visibility": 0.922106146812439, "presence": 0.9933801889419556}, "left ankle": {"x": 0.20897312462329865, "y": 0.9053168296813965, "z": 0.4533631503582001, "visibility": 0.49050581455230713, "presence": 0.9082358479499817}, "right ankle": {"x": 0.2179771363735199, "y": 0.9198010563850403, "z": -0.06448741257190704, "visibility": 0.9036237597465515, "presence": 0.8882614374160767}, "left heel": {"x": 0.18077725172042847, "y": 0.9347465634346008, "z": 0.4561639428138733, "visibility": 0.7072504162788391, "presence": 0.8448435664176941}, "right heel": {"x": 0.20273244380950928, "y": 0.9477263689041138, "z": -0.04842996224761009, "visibility": 0.9358769059181213, "presence": 0.8738880753517151}, "left foot index": {"x": 0.23655706644058228, "y": 0.8899876475334167, "z": 0.4315089285373688, "visibility": 0.40303125977516174, "presence": 0.9516938924789429}, "right foot index": {"x": 0.30005943775177, "y": 0.9091488122940063, "z": -0.07672743499279022, "visibility": 0.7157079577445984, "presence": 0.9164475202560425}, "timestamp": "20240418-210138"}