{"nose": {"x": 0.09062634408473969, "y": 0.5109996199607849, "z": 0.33460137248039246, "visibility": 0.984727144241333, "presence": 0.996434211730957}, "left eye (inner)": {"x": 0.08981604874134064, "y": 0.5001815557479858, "z": 0.2998388111591339, "visibility": 0.985124409198761, "presence": 0.995835542678833}, "left eye": {"x": 0.08466894179582596, "y": 0.49828457832336426, "z": 0.29945603013038635, "visibility": 0.9847792387008667, "presence": 0.9957419037818909}, "left eye (outer)": {"x": 0.07929737865924835, "y": 0.4962552487850189, "z": 0.299603134393692, "visibility": 0.9839770793914795, "presence": 0.9943630695343018}, "right eye (inner)": {"x": 0.10257846862077713, "y": 0.5043561458587646, "z": 0.2653411030769348, "visibility": 0.9921098351478577, "presence": 0.9977198243141174}, "right eye": {"x": 0.1064559742808342, "y": 0.50553959608078, "z": 0.26465755701065063, "visibility": 0.9953097105026245, "presence": 0.9987309575080872}, "right eye (outer)": {"x": 0.11022808402776718, "y": 0.5067964792251587, "z": 0.2642782926559448, "visibility": 0.9967537522315979, "presence": 0.9990216493606567}, "left ear": {"x": 0.06572871655225754, "y": 0.49552926421165466, "z": 0.20675276219844818, "visibility": 0.9938488006591797, "presence": 0.9935193657875061}, "right ear": {"x": 0.10736919939517975, "y": 0.5111175775527954, "z": 0.032597243785858154, "visibility": 0.9978169798851013, "presence": 0.9994487166404724}, "mouth (left)": {"x": 0.0762152224779129, "y": 0.5162278413772583, "z": 0.31246358156204224, "visibility": 0.9853602647781372, "presence": 0.9946512579917908}, "mouth (right)": {"x": 0.08917931467294693, "y": 0.5199540853500366, "z": 0.2623707354068756, "visibility": 0.9923972487449646, "presence": 0.9959347248077393}, "left shoulder": {"x": -0.03221724554896355, "y": 0.5284231901168823, "z": 0.2607441246509552, "visibility": 0.9946308135986328, "presence": 0.9862819314002991}, "right shoulder": {"x": 0.10926710814237595, "y": 0.557712197303772, "z": -0.1649913638830185, "visibility": 0.9994634985923767, "presence": 0.9994739890098572}, "left elbow": {"x": -0.05129261687397957, "y": 0.574091374874115, "z": 0.44544002413749695, "visibility": 0.0772581472992897, "presence": 0.8026923537254333}, "right elbow": {"x": 0.1846729964017868, "y": 0.6090844869613647, "z": -0.101832814514637, "visibility": 0.9160802960395813, "presence": 0.9921098351478577}, "left wrist": {"x": 0.0390983410179615, "y": 0.5774497389793396, "z": 0.6450904011726379, "visibility": 0.007762169931083918, "presence": 0.855567991733551}, "right wrist": {"x": 0.20369912683963776, "y": 0.5882455110549927, "z": 0.29292887449264526, "visibility": 0.5521179437637329, "presence": 0.999152421951294}, "left pinky": {"x": 0.06099247932434082, "y": 0.5752429366111755, "z": 0.7072023153305054, "visibility": 0.014175232499837875, "presence": 0.8916510939598083}, "right pinky": {"x": 0.21756815910339355, "y": 0.5821638107299805, "z": 0.31105998158454895, "visibility": 0.5373145341873169, "presence": 0.9987097978591919}, "left index": {"x": 0.07068081945180893, "y": 0.5637670755386353, "z": 0.6723328232765198, "visibility": 0.015905821695923805, "presence": 0.8742689490318298}, "right index": {"x": 0.2062201350927353, "y": 0.5749894380569458, "z": 0.3160511553287506, "visibility": 0.549223780632019, "presence": 0.998852014541626}, "left thumb": {"x": 0.06947452574968338, "y": 0.5711565613746643, "z": 0.6365503668785095, "visibility": 0.01603214256465435, "presence": 0.8887015581130981}, "right thumb": {"x": 0.19570791721343994, "y": 0.5786818265914917, "z": 0.3026537001132965, "visibility": 0.5003304481506348, "presence": 0.9992547631263733}, "left hip": {"x": -0.14693805575370789, "y": 0.695867657661438, "z": 0.14429989457130432, "visibility": 0.982162594795227, "presence": 0.9781668186187744}, "right hip": {"x": -0.06556762009859085, "y": 0.7042248249053955, "z": -0.1446043848991394, "visibility": 0.9910187721252441, "presence": 0.9931656718254089}, "left knee": {"x": 0.06354398280382156, "y": 0.7950609922409058, "z": 0.33061400055885315, "visibility": 0.16425669193267822, "presence": 0.9470797181129456}, "right knee": {"x": 0.0767962634563446, "y": 0.8005751371383667, "z": -0.09498485922813416, "visibility": 0.939873993396759, "presence": 0.9933172464370728}, "left ankle": {"x": 0.1892511397600174, "y": 0.9120791554450989, "z": 0.4222273826599121, "visibility": 0.3671620488166809, "presence": 0.8857476711273193}, "right ankle": {"x": 0.20155315101146698, "y": 0.922707200050354, "z": 0.029043368995189667, "visibility": 0.933635413646698, "presence": 0.849766731262207}, "left heel": {"x": 0.19405591487884521, "y": 0.9442368745803833, "z": 0.42898187041282654, "visibility": 0.6058716177940369, "presence": 0.7858529686927795}, "right heel": {"x": 0.20650264620780945, "y": 0.9504841566085815, "z": 0.04804927110671997, "visibility": 0.9587921500205994, "presence": 0.8421022891998291}, "left foot index": {"x": 0.26947006583213806, "y": 0.8865660429000854, "z": 0.37157782912254333, "visibility": 0.31483006477355957, "presence": 0.9373819828033447}, "right foot index": {"x": 0.28107750415802, "y": 0.8937939405441284, "z": -0.006894089747220278, "visibility": 0.7919763326644897, "presence": 0.8994754552841187}, "timestamp": "20240418-210142"}