{"nose": {"x": 0.08237914741039276, "y": 0.5177780389785767, "z": 0.882571816444397, "visibility": 0.7282814383506775, "presence": 0.9992063641548157}, "left eye (inner)": {"x": 0.08081628382205963, "y": 0.5089825391769409, "z": 0.8698104023933411, "visibility": 0.7039793729782104, "presence": 0.9993914365768433}, "left eye": {"x": 0.0764395073056221, "y": 0.5074318051338196, "z": 0.8693718910217285, "visibility": 0.7149867415428162, "presence": 0.9994558691978455}, "left eye (outer)": {"x": 0.07218380272388458, "y": 0.5057612061500549, "z": 0.8696285486221313, "visibility": 0.7241691946983337, "presence": 0.9993352293968201}, "right eye (inner)": {"x": 0.09188950061798096, "y": 0.5114907026290894, "z": 0.8495242595672607, "visibility": 0.7156764268875122, "presence": 0.9994358420372009}, "right eye": {"x": 0.09513824433088303, "y": 0.5117100477218628, "z": 0.8490102887153625, "visibility": 0.7271143198013306, "presence": 0.9995794892311096}, "right eye (outer)": {"x": 0.09833599627017975, "y": 0.5116032361984253, "z": 0.848980188369751, "visibility": 0.7323678731918335, "presence": 0.9995743632316589}, "left ear": {"x": 0.05917017161846161, "y": 0.505318820476532, "z": 0.7593058943748474, "visibility": 0.8030518889427185, "presence": 0.9992033839225769}, "right ear": {"x": 0.09422532469034195, "y": 0.5092170834541321, "z": 0.6901910901069641, "visibility": 0.7272919416427612, "presence": 0.9995304346084595}, "mouth (left)": {"x": 0.06648139655590057, "y": 0.522452712059021, "z": 0.8511197566986084, "visibility": 0.751673698425293, "presence": 0.9977710247039795}, "mouth (right)": {"x": 0.07949696481227875, "y": 0.5243455171585083, "z": 0.8208163976669312, "visibility": 0.7368203997612, "presence": 0.9968942403793335}, "left shoulder": {"x": -0.027698302641510963, "y": 0.5221221446990967, "z": 0.5948423743247986, "visibility": 0.996187150478363, "presence": 0.9901099801063538}, "right shoulder": {"x": 0.09228678047657013, "y": 0.556629478931427, "z": 0.41102010011672974, "visibility": 0.9877865314483643, "presence": 0.9935983419418335}, "left elbow": {"x": -0.12559056282043457, "y": 0.5509987473487854, "z": 0.23591738939285278, "visibility": 0.21366502344608307, "presence": 0.6032517552375793}, "right elbow": {"x": 0.16703923046588898, "y": 0.6351386904716492, "z": 0.3986310362815857, "visibility": 0.2787300944328308, "presence": 0.9487082958221436}, "left wrist": {"x": -0.09633718430995941, "y": 0.5687597990036011, "z": -0.22928574681282043, "visibility": 0.1927880197763443, "presence": 0.820649266242981}, "right wrist": {"x": 0.12055563181638718, "y": 0.6359075307846069, "z": 0.8120521306991577, "visibility": 0.11508682370185852, "presence": 0.9067590236663818}, "left pinky": {"x": -0.09260152280330658, "y": 0.5708636045455933, "z": -0.28129875659942627, "visibility": 0.23903732001781464, "presence": 0.8790270686149597}, "right pinky": {"x": 0.10897310078144073, "y": 0.6330074071884155, "z": 0.849086582660675, "visibility": 0.13623951375484467, "presence": 0.8912985920906067}, "left index": {"x": -0.07120773941278458, "y": 0.5744893550872803, "z": -0.2733847498893738, "visibility": 0.25314566493034363, "presence": 0.874760091304779}, "right index": {"x": 0.09447626769542694, "y": 0.6269963979721069, "z": 0.8497476577758789, "visibility": 0.1425498127937317, "presence": 0.8786289691925049}, "left thumb": {"x": -0.06951837241649628, "y": 0.5753490924835205, "z": -0.23740431666374207, "visibility": 0.23802971839904785, "presence": 0.8860676288604736}, "right thumb": {"x": 0.09222203493118286, "y": 0.6285048723220825, "z": 0.8204771876335144, "visibility": 0.1245032474398613, "presence": 0.9143626689910889}, "left hip": {"x": -0.2060173600912094, "y": 0.6374187469482422, "z": 0.05525970086455345, "visibility": 0.9260145425796509, "presence": 0.9916530251502991}, "right hip": {"x": -0.14955343306064606, "y": 0.6560744047164917, "z": -0.056759122759103775, "visibility": 0.8921753764152527, "presence": 0.9936635494232178}, "left knee": {"x": -0.14593374729156494, "y": 0.7846135497093201, "z": 0.04676487669348717, "visibility": 0.4755728542804718, "presence": 0.9569970369338989}, "right knee": {"x": -0.21236801147460938, "y": 0.7509666681289673, "z": -0.05997787043452263, "visibility": 0.5889098048210144, "presence": 0.9795096516609192}, "left ankle": {"x": -0.16635891795158386, "y": 0.8765774965286255, "z": 0.023523442447185516, "visibility": 0.525655210018158, "presence": 0.8870819807052612}, "right ankle": {"x": -0.38463351130485535, "y": 0.8090745210647583, "z": 0.11780741810798645, "visibility": 0.5286139845848083, "presence": 0.810655951499939}, "left heel": {"x": -0.18213453888893127, "y": 0.8976814150810242, "z": 0.022433659061789513, "visibility": 0.6044018864631653, "presence": 0.7965203523635864}, "right heel": {"x": -0.421584814786911, "y": 0.8193479776382446, "z": 0.13754619657993317, "visibility": 0.5555552244186401, "presence": 0.7727672457695007}, "left foot index": {"x": -0.1401660442352295, "y": 0.8805040121078491, "z": -0.06399568915367126, "visibility": 0.46894216537475586, "presence": 0.8551465272903442}, "right foot index": {"x": -0.4072580635547638, "y": 0.8211676478385925, "z": 0.07412939518690109, "visibility": 0.4361257255077362, "presence": 0.8487380146980286}, "timestamp": "20240418-210214"}