{"nose": {"x": 0.16222940385341644, "y": 0.5103897452354431, "z": 0.25537362694740295, "visibility": 0.9843868017196655, "presence": 0.9987186193466187}, "left eye (inner)": {"x": 0.15856629610061646, "y": 0.49864888191223145, "z": 0.2100030481815338, "visibility": 0.9860637187957764, "presence": 0.9989678859710693}, "left eye": {"x": 0.1518440991640091, "y": 0.4969194829463959, "z": 0.20959056913852692, "visibility": 0.9849536418914795, "presence": 0.998953104019165}, "left eye (outer)": {"x": 0.144854336977005, "y": 0.49521899223327637, "z": 0.209768608212471, "visibility": 0.9848318696022034, "presence": 0.9986275434494019}, "right eye (inner)": {"x": 0.17383690178394318, "y": 0.5017603635787964, "z": 0.1777481883764267, "visibility": 0.9936488270759583, "presence": 0.9993590712547302}, "right eye": {"x": 0.17850162088871002, "y": 0.5023677945137024, "z": 0.17717228829860687, "visibility": 0.9962270855903625, "presence": 0.9996114373207092}, "right eye (outer)": {"x": 0.1831008344888687, "y": 0.5029541254043579, "z": 0.17678134143352509, "visibility": 0.9976025819778442, "presence": 0.9996663331985474}, "left ear": {"x": 0.1280445158481598, "y": 0.4962649345397949, "z": 0.07208581268787384, "visibility": 0.9950128793716431, "presence": 0.9989726543426514}, "right ear": {"x": 0.18242089450359344, "y": 0.5074450969696045, "z": -0.0799872949719429, "visibility": 0.9984450340270996, "presence": 0.9998639822006226}, "mouth (left)": {"x": 0.14700257778167725, "y": 0.5169597864151001, "z": 0.22760210931301117, "visibility": 0.9846287965774536, "presence": 0.9986672401428223}, "mouth (right)": {"x": 0.1624947190284729, "y": 0.5197764039039612, "z": 0.17903095483779907, "visibility": 0.9929017424583435, "presence": 0.9988734126091003}, "left shoulder": {"x": 0.015837909653782845, "y": 0.529837965965271, "z": 0.11101280152797699, "visibility": 0.9930492639541626, "presence": 0.9977625608444214}, "right shoulder": {"x": 0.18831434845924377, "y": 0.558411717414856, "z": -0.22863246500492096, "visibility": 0.9995582699775696, "presence": 0.9997782111167908}, "left elbow": {"x": 0.03231268748641014, "y": 0.5873955488204956, "z": 0.43585750460624695, "visibility": 0.06815910339355469, "presence": 0.8637421131134033}, "right elbow": {"x": 0.2727302014827728, "y": 0.6138946413993835, "z": -0.07649789750576019, "visibility": 0.9073349833488464, "presence": 0.966540515422821}, "left wrist": {"x": 0.11646566540002823, "y": 0.5800138711929321, "z": 0.8529504537582397, "visibility": 0.00421437481418252, "presence": 0.7745606303215027}, "right wrist": {"x": 0.27328217029571533, "y": 0.5903573036193848, "z": 0.33865615725517273, "visibility": 0.48394668102264404, "presence": 0.987636387348175}, "left pinky": {"x": 0.13780364394187927, "y": 0.5739697217941284, "z": 0.9398955702781677, "visibility": 0.00774723244830966, "presence": 0.8081092238426208}, "right pinky": {"x": 0.2800731658935547, "y": 0.5822036266326904, "z": 0.354290634393692, "visibility": 0.4608139395713806, "presence": 0.9899898767471313}, "left index": {"x": 0.1299380511045456, "y": 0.5684219002723694, "z": 0.9095593690872192, "visibility": 0.00857747532427311, "presence": 0.7750172019004822}, "right index": {"x": 0.2696903944015503, "y": 0.579084038734436, "z": 0.3638741374015808, "visibility": 0.47303247451782227, "presence": 0.989875853061676}, "left thumb": {"x": 0.14403802156448364, "y": 0.5750526785850525, "z": 0.8515444397926331, "visibility": 0.008971653878688812, "presence": 0.795268714427948}, "right thumb": {"x": 0.26345592737197876, "y": 0.5820963978767395, "z": 0.35022181272506714, "visibility": 0.4212907552719116, "presence": 0.9921147227287292}, "left hip": {"x": -0.029370928183197975, "y": 0.7108333110809326, "z": 0.12637847661972046, "visibility": 0.9834409356117249, "presence": 0.9897865056991577}, "right hip": {"x": 0.04775378853082657, "y": 0.7295916080474854, "z": -0.12646619975566864, "visibility": 0.9949386119842529, "presence": 0.997073769569397}, "left knee": {"x": 0.07318545132875443, "y": 0.71965092420578, "z": 0.836669921875, "visibility": 0.11463945358991623, "presence": 0.9231213927268982}, "right knee": {"x": 0.17935603857040405, "y": 0.7999575734138489, "z": 0.07531339675188065, "visibility": 0.9288656711578369, "presence": 0.9947720170021057}, "left ankle": {"x": 0.06299744546413422, "y": 0.7389744520187378, "z": 1.358833909034729, "visibility": 0.26490873098373413, "presence": 0.9056293368339539}, "right ankle": {"x": 0.19174370169639587, "y": 0.9222296476364136, "z": 0.24742518365383148, "visibility": 0.9174683690071106, "presence": 0.748939037322998}, "left heel": {"x": 0.06521998345851898, "y": 0.7534908056259155, "z": 1.4151499271392822, "visibility": 0.5332589149475098, "presence": 0.9090221524238586}, "right heel": {"x": 0.1765018105506897, "y": 0.9509114027023315, "z": 0.2718936800956726, "visibility": 0.9452320337295532, "presence": 0.7459513545036316}, "left foot index": {"x": 0.047707170248031616, "y": 0.705187976360321, "z": 1.521006464958191, "visibility": 0.18614748120307922, "presence": 0.989570140838623}, "right foot index": {"x": 0.2679278552532196, "y": 0.9122613668441772, "z": 0.2540641725063324, "visibility": 0.7017533779144287, "presence": 0.885707676410675}, "timestamp": "20240418-210210"}