{"nose": {"x": 0.09274215996265411, "y": 0.5428259372711182, "z": 0.26859813928604126, "visibility": 0.9818093180656433, "presence": 0.9996362924575806}, "left eye (inner)": {"x": 0.09309392422437668, "y": 0.5326756238937378, "z": 0.2410728484392166, "visibility": 0.9832779765129089, "presence": 0.9996230602264404}, "left eye": {"x": 0.08727751672267914, "y": 0.5302587747573853, "z": 0.2407442033290863, "visibility": 0.9827166795730591, "presence": 0.9996732473373413}, "left eye (outer)": {"x": 0.08116985112428665, "y": 0.527723491191864, "z": 0.24093998968601227, "visibility": 0.9818794131278992, "presence": 0.9996040463447571}, "right eye (inner)": {"x": 0.10615680366754532, "y": 0.5372278094291687, "z": 0.20696358382701874, "visibility": 0.99164879322052, "presence": 0.9997368454933167}, "right eye": {"x": 0.1099662110209465, "y": 0.538221538066864, "z": 0.2063549906015396, "visibility": 0.9951743483543396, "presence": 0.9998342990875244}, "right eye (outer)": {"x": 0.11389410495758057, "y": 0.5393027067184448, "z": 0.20606721937656403, "visibility": 0.9966466426849365, "presence": 0.9998588562011719}, "left ear": {"x": 0.06649665534496307, "y": 0.5254592895507812, "z": 0.15428376197814941, "visibility": 0.993694543838501, "presence": 0.9995995163917542}, "right ear": {"x": 0.11068376153707504, "y": 0.5417441129684448, "z": 0.009693409316241741, "visibility": 0.9979315996170044, "presence": 0.9999014139175415}, "mouth (left)": {"x": 0.07603824138641357, "y": 0.5458628535270691, "z": 0.2565302550792694, "visibility": 0.9840644598007202, "presence": 0.9996873140335083}, "mouth (right)": {"x": 0.08910876512527466, "y": 0.5511037707328796, "z": 0.2083282321691513, "visibility": 0.9918525218963623, "presence": 0.999632716178894}, "left shoulder": {"x": -0.025120340287685394, "y": 0.5503618717193604, "z": 0.18717218935489655, "visibility": 0.9936753511428833, "presence": 0.9998006224632263}, "right shoulder": {"x": 0.09654597193002701, "y": 0.5787885189056396, "z": -0.18183277547359467, "visibility": 0.9993690252304077, "presence": 0.9999786615371704}, "left elbow": {"x": -0.02360641397535801, "y": 0.6234475374221802, "z": 0.1419031322002411, "visibility": 0.13484714925289154, "presence": 0.9943621158599854}, "right elbow": {"x": 0.1743779480457306, "y": 0.6584764719009399, "z": -0.13088524341583252, "visibility": 0.9663392901420593, "presence": 0.9988666772842407}, "left wrist": {"x": 0.07357820868492126, "y": 0.6385979652404785, "z": 0.05940530076622963, "visibility": 0.00555461086332798, "presence": 0.996917724609375}, "right wrist": {"x": 0.14848697185516357, "y": 0.644152045249939, "z": 0.2251165807247162, "visibility": 0.37535029649734497, "presence": 0.999875545501709}, "left pinky": {"x": 0.09415930509567261, "y": 0.6418557167053223, "z": 0.07086484879255295, "visibility": 0.01019042544066906, "presence": 0.9969421029090881}, "right pinky": {"x": 0.13540583848953247, "y": 0.6418570876121521, "z": 0.242870032787323, "visibility": 0.31624534726142883, "presence": 0.9998412132263184}, "left index": {"x": 0.0954362154006958, "y": 0.6392673254013062, "z": 0.04591468721628189, "visibility": 0.011440147645771503, "presence": 0.9968026876449585}, "right index": {"x": 0.1260739415884018, "y": 0.6378607749938965, "z": 0.22883732616901398, "visibility": 0.3248671591281891, "presence": 0.9998664855957031}, "left thumb": {"x": 0.08943243324756622, "y": 0.6412513852119446, "z": 0.04670204222202301, "visibility": 0.011181270703673363, "presence": 0.9975497126579285}, "right thumb": {"x": 0.1263519823551178, "y": 0.6408636569976807, "z": 0.22771628201007843, "visibility": 0.2818794250488281, "presence": 0.9999103546142578}, "left hip": {"x": -0.090189129114151, "y": 0.7182106971740723, "z": 0.10772804915904999, "visibility": 0.9768020510673523, "presence": 0.999798595905304}, "right hip": {"x": -0.056053511798381805, "y": 0.7274889945983887, "z": -0.10808143764734268, "visibility": 0.988629162311554, "presence": 0.9999085664749146}, "left knee": {"x": 0.07764558494091034, "y": 0.7958723306655884, "z": 0.28286364674568176, "visibility": 0.23333874344825745, "presence": 0.9989330172538757}, "right knee": {"x": 0.09390806406736374, "y": 0.8085236549377441, "z": -0.055335864424705505, "visibility": 0.9602147936820984, "presence": 0.9998123049736023}, "left ankle": {"x": 0.18463531136512756, "y": 0.9054986238479614, "z": 0.3221696615219116, "visibility": 0.5486399531364441, "presence": 0.9921497106552124}, "right ankle": {"x": 0.19533507525920868, "y": 0.9237375259399414, "z": -0.038870204240083694, "visibility": 0.9626306891441345, "presence": 0.9883168339729309}, "left heel": {"x": 0.1833660900592804, "y": 0.9356303215026855, "z": 0.32243210077285767, "visibility": 0.7562180757522583, "presence": 0.9807310104370117}, "right heel": {"x": 0.19227026402950287, "y": 0.9506125450134277, "z": -0.032100219279527664, "visibility": 0.9766187071800232, "presence": 0.9847427606582642}, "left foot index": {"x": 0.2658340632915497, "y": 0.8882700204849243, "z": 0.2892950773239136, "visibility": 0.4497438073158264, "presence": 0.995257556438446}, "right foot index": {"x": 0.27649393677711487, "y": 0.9041374921798706, "z": -0.0716184750199318, "visibility": 0.8559613823890686, "presence": 0.9878777265548706}, "timestamp": "20240418-210131"}