{"nose": {"x": 0.15135158598423004, "y": 0.5608831644058228, "z": 0.17296645045280457, "visibility": 0.985231339931488, "presence": 0.998816967010498}, "left eye (inner)": {"x": 0.1542302668094635, "y": 0.5509730577468872, "z": 0.14450344443321228, "visibility": 0.986682116985321, "presence": 0.9990224838256836}, "left eye": {"x": 0.14988592267036438, "y": 0.5489453077316284, "z": 0.14410971105098724, "visibility": 0.9866004586219788, "presence": 0.9991776347160339}, "left eye (outer)": {"x": 0.14504054188728333, "y": 0.5467652082443237, "z": 0.1442665010690689, "visibility": 0.9852574467658997, "presence": 0.9990322589874268}, "right eye (inner)": {"x": 0.16400860249996185, "y": 0.55471271276474, "z": 0.11185487359762192, "visibility": 0.9936725497245789, "presence": 0.9992443323135376}, "right eye": {"x": 0.16684328019618988, "y": 0.5553884506225586, "z": 0.11122862249612808, "visibility": 0.9964249134063721, "presence": 0.9995243549346924}, "right eye (outer)": {"x": 0.1697678565979004, "y": 0.5561206936836243, "z": 0.1108795776963234, "visibility": 0.9975706338882446, "presence": 0.9995991587638855}, "left ear": {"x": 0.12947319447994232, "y": 0.5441070795059204, "z": 0.08963756263256073, "visibility": 0.9946714043617249, "presence": 0.9992949962615967}, "right ear": {"x": 0.16545948386192322, "y": 0.5578821897506714, "z": -0.060400936752557755, "visibility": 0.9985219836235046, "presence": 0.9997307658195496}, "mouth (left)": {"x": 0.13683678209781647, "y": 0.5662458539009094, "z": 0.1687057614326477, "visibility": 0.985439121723175, "presence": 0.9990360736846924}, "mouth (right)": {"x": 0.14522309601306915, "y": 0.5696264505386353, "z": 0.12141918390989304, "visibility": 0.9933345317840576, "presence": 0.9988090991973877}, "left shoulder": {"x": 0.024282369762659073, "y": 0.5708404183387756, "z": 0.14694520831108093, "visibility": 0.9960578083992004, "presence": 0.9993164539337158}, "right shoulder": {"x": 0.13697963953018188, "y": 0.5925673842430115, "z": -0.21598249673843384, "visibility": 0.9997027516365051, "presence": 0.9998254179954529}, "left elbow": {"x": 0.0054709212854504585, "y": 0.6183611154556274, "z": 0.3299040198326111, "visibility": 0.10790309309959412, "presence": 0.9794460535049438}, "right elbow": {"x": 0.2084491103887558, "y": 0.6664994359016418, "z": -0.15865181386470795, "visibility": 0.955145001411438, "presence": 0.9866319298744202}, "left wrist": {"x": 0.07871513813734055, "y": 0.63487309217453, "z": 0.5236786007881165, "visibility": 0.004833627492189407, "presence": 0.9907868504524231}, "right wrist": {"x": 0.16360409557819366, "y": 0.6454855799674988, "z": 0.19107627868652344, "visibility": 0.4005798399448395, "presence": 0.9986743927001953}, "left pinky": {"x": 0.09883669018745422, "y": 0.6349633932113647, "z": 0.575750470161438, "visibility": 0.008821052499115467, "presence": 0.99192214012146}, "right pinky": {"x": 0.14712665975093842, "y": 0.6376653909683228, "z": 0.205759197473526, "visibility": 0.3518112003803253, "presence": 0.9988688826560974}, "left index": {"x": 0.11050324887037277, "y": 0.6313966512680054, "z": 0.5474501848220825, "visibility": 0.009803667664527893, "presence": 0.9904155731201172}, "right index": {"x": 0.1388815939426422, "y": 0.6331552267074585, "z": 0.1948421448469162, "visibility": 0.36208635568618774, "presence": 0.9990529417991638}, "left thumb": {"x": 0.10105323791503906, "y": 0.6356946229934692, "z": 0.517097532749176, "visibility": 0.009477593936026096, "presence": 0.9920371770858765}, "right thumb": {"x": 0.14745718240737915, "y": 0.6395547986030579, "z": 0.19364763796329498, "visibility": 0.31547269225120544, "presence": 0.9992689490318298}, "left hip": {"x": -0.05358109623193741, "y": 0.7278201580047607, "z": 0.12778712809085846, "visibility": 0.9911155700683594, "presence": 0.9973579049110413}, "right hip": {"x": -0.04209684953093529, "y": 0.7389936447143555, "z": -0.12796315550804138, "visibility": 0.9969795346260071, "presence": 0.9977402687072754}, "left knee": {"x": 0.12756824493408203, "y": 0.78798508644104, "z": 0.21453310549259186, "visibility": 0.19989913702011108, "presence": 0.995718777179718}, "right knee": {"x": 0.13763631880283356, "y": 0.8065260648727417, "z": -0.15695640444755554, "visibility": 0.9579081535339355, "presence": 0.9979148507118225}, "left ankle": {"x": 0.22420166432857513, "y": 0.9018489122390747, "z": 0.23799866437911987, "visibility": 0.42977073788642883, "presence": 0.9791439175605774}, "right ankle": {"x": 0.23229463398456573, "y": 0.9194955825805664, "z": -0.09372229874134064, "visibility": 0.948762059211731, "presence": 0.9260398745536804}, "left heel": {"x": 0.21197892725467682, "y": 0.9342572093009949, "z": 0.23819084465503693, "visibility": 0.6441184878349304, "presence": 0.9534743428230286}, "right heel": {"x": 0.22637160122394562, "y": 0.9468809366226196, "z": -0.08211585879325867, "visibility": 0.9662134051322937, "presence": 0.9199615716934204}, "left foot index": {"x": 0.293581485748291, "y": 0.892236053943634, "z": 0.19696375727653503, "visibility": 0.3403039276599884, "presence": 0.9844133853912354}, "right foot index": {"x": 0.3088749647140503, "y": 0.9049283266067505, "z": -0.12824870645999908, "visibility": 0.8023914694786072, "presence": 0.9422063231468201}, "timestamp": "20240418-210128"}