{"nose": {"x": 0.10997780412435532, "y": 0.552080512046814, "z": 0.2678614854812622, "visibility": 0.9388552904129028, "presence": 0.998653769493103}, "left eye (inner)": {"x": 0.10919756442308426, "y": 0.5409513711929321, "z": 0.23491357266902924, "visibility": 0.9298260807991028, "presence": 0.9987837672233582}, "left eye": {"x": 0.10326500982046127, "y": 0.5386387705802917, "z": 0.23458196222782135, "visibility": 0.9312239289283752, "presence": 0.9988884329795837}, "left eye (outer)": {"x": 0.09716468304395676, "y": 0.5362964868545532, "z": 0.23476789891719818, "visibility": 0.937491238117218, "presence": 0.9986637830734253}, "right eye (inner)": {"x": 0.12355608493089676, "y": 0.545502781867981, "z": 0.20305584371089935, "visibility": 0.9478219151496887, "presence": 0.9991613626480103}, "right eye": {"x": 0.128076434135437, "y": 0.5464614033699036, "z": 0.20241691172122955, "visibility": 0.9587850570678711, "presence": 0.9994768500328064}, "right eye (outer)": {"x": 0.13251551985740662, "y": 0.5474625825881958, "z": 0.20209574699401855, "visibility": 0.967796802520752, "presence": 0.9995704293251038}, "left ear": {"x": 0.08352874219417572, "y": 0.536087155342102, "z": 0.13943776488304138, "visibility": 0.9719640016555786, "presence": 0.9988037347793579}, "right ear": {"x": 0.13104340434074402, "y": 0.551086962223053, "z": -0.008941330015659332, "visibility": 0.968199610710144, "presence": 0.9997088313102722}, "mouth (left)": {"x": 0.09419357776641846, "y": 0.5565229654312134, "z": 0.2506983280181885, "visibility": 0.9416860342025757, "presence": 0.9984716773033142}, "mouth (right)": {"x": 0.10873771458864212, "y": 0.5611003637313843, "z": 0.20449699461460114, "visibility": 0.947675347328186, "presence": 0.9983775615692139}, "left shoulder": {"x": -0.012465884909033775, "y": 0.564376175403595, "z": 0.19319570064544678, "visibility": 0.9946230053901672, "presence": 0.9974547028541565}, "right shoulder": {"x": 0.12582799792289734, "y": 0.5965067148208618, "z": -0.20453770458698273, "visibility": 0.9966258406639099, "presence": 0.9996415376663208}, "left elbow": {"x": -0.011698371730744839, "y": 0.6266821622848511, "z": 0.36462876200675964, "visibility": 0.11784370988607407, "presence": 0.9277984499931335}, "right elbow": {"x": 0.19593654572963715, "y": 0.6693919897079468, "z": -0.1262071281671524, "visibility": 0.6670936942100525, "presence": 0.969429612159729}, "left wrist": {"x": 0.06372450292110443, "y": 0.6299781203269958, "z": 0.5306121706962585, "visibility": 0.012350388802587986, "presence": 0.9670436978340149}, "right wrist": {"x": 0.15428303182125092, "y": 0.6426970958709717, "z": 0.2415178120136261, "visibility": 0.15901458263397217, "presence": 0.9974752068519592}, "left pinky": {"x": 0.08982650935649872, "y": 0.6262999176979065, "z": 0.58503258228302, "visibility": 0.024684008210897446, "presence": 0.9722879528999329}, "right pinky": {"x": 0.13713839650154114, "y": 0.6344634294509888, "z": 0.27043506503105164, "visibility": 0.1274433434009552, "presence": 0.9977748990058899}, "left index": {"x": 0.0926937535405159, "y": 0.6131673455238342, "z": 0.5564311742782593, "visibility": 0.027257923036813736, "presence": 0.9689673185348511}, "right index": {"x": 0.12873658537864685, "y": 0.6290951371192932, "z": 0.259201318025589, "visibility": 0.13151682913303375, "presence": 0.9980376362800598}, "left thumb": {"x": 0.08753454685211182, "y": 0.6265730857849121, "z": 0.5233652591705322, "visibility": 0.02427525818347931, "presence": 0.9739936590194702}, "right thumb": {"x": 0.13053476810455322, "y": 0.6351605653762817, "z": 0.2472175806760788, "visibility": 0.114328533411026, "presence": 0.9985301494598389}, "left hip": {"x": -0.0773688405752182, "y": 0.735612154006958, "z": 0.1457778364419937, "visibility": 0.9756648540496826, "presence": 0.9825145602226257}, "right hip": {"x": -0.04414121434092522, "y": 0.7476274967193604, "z": -0.14596962928771973, "visibility": 0.9769655466079712, "presence": 0.9889931082725525}, "left knee": {"x": 0.13537779450416565, "y": 0.7899695038795471, "z": 0.2562718093395233, "visibility": 0.2898188531398773, "presence": 0.9714863896369934}, "right knee": {"x": 0.14276744425296783, "y": 0.7986177802085876, "z": -0.1867334544658661, "visibility": 0.7757365107536316, "presence": 0.9927849769592285}, "left ankle": {"x": 0.19753208756446838, "y": 0.9115796089172363, "z": 0.2444518655538559, "visibility": 0.5442125201225281, "presence": 0.9171794056892395}, "right ankle": {"x": 0.20777998864650726, "y": 0.9239775538444519, "z": -0.15533432364463806, "visibility": 0.7223548889160156, "presence": 0.8061140775680542}, "left heel": {"x": 0.183600515127182, "y": 0.9450693130493164, "z": 0.2446625828742981, "visibility": 0.721671998500824, "presence": 0.8488898277282715}, "right heel": {"x": 0.19695121049880981, "y": 0.9525026082992554, "z": -0.14622744917869568, "visibility": 0.7842493653297424, "presence": 0.7941643595695496}, "left foot index": {"x": 0.2623656690120697, "y": 0.8889018893241882, "z": 0.18189842998981476, "visibility": 0.4686417579650879, "presence": 0.944800615310669}, "right foot index": {"x": 0.28856995701789856, "y": 0.9065645933151245, "z": -0.20244839787483215, "visibility": 0.6112444400787354, "presence": 0.8524556159973145}, "timestamp": "20240418-210148"}