{"nose": {"x": 0.09772603958845139, "y": 0.5135654807090759, "z": 0.21165193617343903, "visibility": 0.988657534122467, "presence": 0.9930095672607422}, "left eye (inner)": {"x": 0.0920247808098793, "y": 0.502437949180603, "z": 0.16874448955059052, "visibility": 0.988751232624054, "presence": 0.9945981502532959}, "left eye": {"x": 0.08485715836286545, "y": 0.5009480714797974, "z": 0.16835474967956543, "visibility": 0.9888436794281006, "presence": 0.9946998357772827}, "left eye (outer)": {"x": 0.077712282538414, "y": 0.49951547384262085, "z": 0.16850171983242035, "visibility": 0.9881629943847656, "presence": 0.9932178854942322}, "right eye (inner)": {"x": 0.10770677030086517, "y": 0.5054177045822144, "z": 0.1357778161764145, "visibility": 0.9948562383651733, "presence": 0.996704638004303}, "right eye": {"x": 0.1116228923201561, "y": 0.5060542821884155, "z": 0.1351858526468277, "visibility": 0.9970238208770752, "presence": 0.9980308413505554}, "right eye (outer)": {"x": 0.1153779998421669, "y": 0.5066200494766235, "z": 0.13484007120132446, "visibility": 0.997870147228241, "presence": 0.9983874559402466}, "left ear": {"x": 0.06310909986495972, "y": 0.501498818397522, "z": 0.030878789722919464, "visibility": 0.9963845610618591, "presence": 0.9942516088485718}, "right ear": {"x": 0.11538075655698776, "y": 0.5112693309783936, "z": -0.11711031943559647, "visibility": 0.9987531304359436, "presence": 0.9991025924682617}, "mouth (left)": {"x": 0.08027346432209015, "y": 0.5196104049682617, "z": 0.18333570659160614, "visibility": 0.9862694144248962, "presence": 0.9912823438644409}, "mouth (right)": {"x": 0.09701577574014664, "y": 0.5225950479507446, "z": 0.13506300747394562, "visibility": 0.9932774305343628, "presence": 0.9920823574066162}, "left shoulder": {"x": -0.0294058658182621, "y": 0.5352073311805725, "z": 0.06758566200733185, "visibility": 0.9942193031311035, "presence": 0.9902291893959045}, "right shoulder": {"x": 0.13403336703777313, "y": 0.559630274772644, "z": -0.27514392137527466, "visibility": 0.9992146492004395, "presence": 0.9988127946853638}, "left elbow": {"x": -0.04635781794786453, "y": 0.5973409414291382, "z": 0.30836254358291626, "visibility": 0.10666640102863312, "presence": 0.685457706451416}, "right elbow": {"x": 0.2084384262561798, "y": 0.6180945634841919, "z": -0.1822662353515625, "visibility": 0.8957797884941101, "presence": 0.9423446655273438}, "left wrist": {"x": 0.010368838906288147, "y": 0.5974413156509399, "z": 0.6211478114128113, "visibility": 0.003428781172260642, "presence": 0.5554467439651489}, "right wrist": {"x": 0.201984703540802, "y": 0.6077741980552673, "z": 0.19880735874176025, "visibility": 0.15157237648963928, "presence": 0.9781238436698914}, "left pinky": {"x": 0.019838575273752213, "y": 0.59881991147995, "z": 0.6948509216308594, "visibility": 0.0062215072102844715, "presence": 0.633083701133728}, "right pinky": {"x": 0.1947149634361267, "y": 0.6082261800765991, "z": 0.21557949483394623, "visibility": 0.1320951282978058, "presence": 0.9753128290176392}, "left index": {"x": 0.029802171513438225, "y": 0.5983936190605164, "z": 0.6617350578308105, "visibility": 0.006814558058977127, "presence": 0.5894823670387268}, "right index": {"x": 0.18925735354423523, "y": 0.6062068343162537, "z": 0.22742904722690582, "visibility": 0.13841168582439423, "presence": 0.9759289622306824}, "left thumb": {"x": 0.03342422470450401, "y": 0.5972305536270142, "z": 0.6171994209289551, "visibility": 0.007480730302631855, "presence": 0.599280059337616}, "right thumb": {"x": 0.18660259246826172, "y": 0.607344925403595, "z": 0.2104947865009308, "visibility": 0.11480943858623505, "presence": 0.98194420337677}, "left hip": {"x": -0.046825047582387924, "y": 0.7199159860610962, "z": 0.10902304947376251, "visibility": 0.9862194657325745, "presence": 0.9751124978065491}, "right hip": {"x": 0.027995631098747253, "y": 0.7301493287086487, "z": -0.10919971764087677, "visibility": 0.9941747784614563, "presence": 0.9895824193954468}, "left knee": {"x": 0.1375352293252945, "y": 0.7874460220336914, "z": 0.4929569363594055, "visibility": 0.2512585520744324, "presence": 0.8797737956047058}, "right knee": {"x": 0.15419979393482208, "y": 0.8045398592948914, "z": 0.08057226985692978, "visibility": 0.8995941877365112, "presence": 0.9700037837028503}, "left ankle": {"x": 0.2202123999595642, "y": 0.8975820541381836, "z": 0.7384272813796997, "visibility": 0.45533275604248047, "presence": 0.7515964508056641}, "right ankle": {"x": 0.2358701527118683, "y": 0.9155457615852356, "z": 0.25885093212127686, "visibility": 0.8956233859062195, "presence": 0.698000967502594}, "left heel": {"x": 0.22168079018592834, "y": 0.9229663610458374, "z": 0.7612696886062622, "visibility": 0.6907497048377991, "presence": 0.6626226305961609}, "right heel": {"x": 0.22880272567272186, "y": 0.9430222511291504, "z": 0.28088536858558655, "visibility": 0.9284939765930176, "presence": 0.7097639441490173}, "left foot index": {"x": 0.21292541921138763, "y": 0.8762401342391968, "z": 0.7384962439537048, "visibility": 0.2960507571697235, "presence": 0.9118002653121948}, "right foot index": {"x": 0.30974581837654114, "y": 0.9053254127502441, "z": 0.22627002000808716, "visibility": 0.6646174192428589, "presence": 0.8446828722953796}, "timestamp": "20240418-210123"}