{"nose": {"x": 0.09040086716413498, "y": 0.507115364074707, "z": 0.23645128309726715, "visibility": 0.9900431036949158, "presence": 0.9959924817085266}, "left eye (inner)": {"x": 0.08589518070220947, "y": 0.49688881635665894, "z": 0.19229035079479218, "visibility": 0.9892995357513428, "presence": 0.9960601925849915}, "left eye": {"x": 0.07996127009391785, "y": 0.4959351420402527, "z": 0.19197194278240204, "visibility": 0.989919900894165, "presence": 0.9960045218467712}, "left eye (outer)": {"x": 0.07378518581390381, "y": 0.495087206363678, "z": 0.19213923811912537, "visibility": 0.9888034462928772, "presence": 0.9946438074111938}, "right eye (inner)": {"x": 0.10190948098897934, "y": 0.4998086392879486, "z": 0.16546423733234406, "visibility": 0.9947139024734497, "presence": 0.9977225661277771}, "right eye": {"x": 0.10755100101232529, "y": 0.5009186267852783, "z": 0.1648460179567337, "visibility": 0.9970675110816956, "presence": 0.9986459612846375}, "right eye (outer)": {"x": 0.1129564493894577, "y": 0.5020952224731445, "z": 0.16454489529132843, "visibility": 0.9978057146072388, "presence": 0.9988666772842407}, "left ear": {"x": 0.06028441712260246, "y": 0.4978340268135071, "z": 0.05602382495999336, "visibility": 0.9961612224578857, "presence": 0.9950897693634033}, "right ear": {"x": 0.1174248605966568, "y": 0.5074660778045654, "z": -0.06025246903300285, "visibility": 0.9986741542816162, "presence": 0.9994764924049377}, "mouth (left)": {"x": 0.07727047801017761, "y": 0.5143860578536987, "z": 0.20675158500671387, "visibility": 0.9886199235916138, "presence": 0.994392454624176}, "mouth (right)": {"x": 0.09431914240121841, "y": 0.5169103145599365, "z": 0.16650810837745667, "visibility": 0.9938494563102722, "presence": 0.9955054521560669}, "left shoulder": {"x": -0.021662505343556404, "y": 0.5367237329483032, "z": 0.10096323490142822, "visibility": 0.9953242540359497, "presence": 0.990756094455719}, "right shoulder": {"x": 0.13801360130310059, "y": 0.5583688020706177, "z": -0.25027263164520264, "visibility": 0.9993798732757568, "presence": 0.9993084669113159}, "left elbow": {"x": -0.01573893241584301, "y": 0.5948082208633423, "z": 0.26263636350631714, "visibility": 0.1148003339767456, "presence": 0.6731587648391724}, "right elbow": {"x": 0.206117644906044, "y": 0.6155434846878052, "z": -0.1701529175043106, "visibility": 0.8817228078842163, "presence": 0.9480327367782593}, "left wrist": {"x": 0.06646250933408737, "y": 0.5847848653793335, "z": 0.47788968682289124, "visibility": 0.005280496086925268, "presence": 0.4395619034767151}, "right wrist": {"x": 0.19916513562202454, "y": 0.5795692801475525, "z": 0.19980360567569733, "visibility": 0.18075139820575714, "presence": 0.9794803857803345}, "left pinky": {"x": 0.09025415033102036, "y": 0.5827107429504395, "z": 0.53944331407547, "visibility": 0.009561682119965553, "presence": 0.49245619773864746}, "right pinky": {"x": 0.21554811298847198, "y": 0.5725511908531189, "z": 0.21410992741584778, "visibility": 0.1618843823671341, "presence": 0.977745532989502}, "left index": {"x": 0.097303107380867, "y": 0.5783951282501221, "z": 0.5129370093345642, "visibility": 0.01042819581925869, "presence": 0.4638592004776001}, "right index": {"x": 0.205948144197464, "y": 0.5663520097732544, "z": 0.22880955040454865, "visibility": 0.16845402121543884, "presence": 0.9792211651802063}, "left thumb": {"x": 0.09509014338254929, "y": 0.5795007944107056, "z": 0.4732067883014679, "visibility": 0.01099121943116188, "presence": 0.49704813957214355}, "right thumb": {"x": 0.19557301700115204, "y": 0.5711842179298401, "z": 0.21353690326213837, "visibility": 0.1391160935163498, "presence": 0.9848061203956604}, "left hip": {"x": -0.05167526751756668, "y": 0.7167693972587585, "z": 0.1301238089799881, "visibility": 0.9880579113960266, "presence": 0.965641975402832}, "right hip": {"x": 0.007686334196478128, "y": 0.728863000869751, "z": -0.13042478263378143, "visibility": 0.994624137878418, "presence": 0.990151584148407}, "left knee": {"x": 0.11509080231189728, "y": 0.7578607797622681, "z": 0.6417329907417297, "visibility": 0.23904818296432495, "presence": 0.8080756068229675}, "right knee": {"x": 0.16444268822669983, "y": 0.7966160774230957, "z": -0.06268265843391418, "visibility": 0.8859304785728455, "presence": 0.9859558343887329}, "left ankle": {"x": 0.11401979625225067, "y": 0.8185417056083679, "z": 0.9380210041999817, "visibility": 0.45016297698020935, "presence": 0.7593885660171509}, "right ankle": {"x": 0.23249562084674835, "y": 0.9157651662826538, "z": 0.014850555919110775, "visibility": 0.8832129240036011, "presence": 0.6050529479980469}, "left heel": {"x": 0.11508093774318695, "y": 0.8374944925308228, "z": 0.9694298505783081, "visibility": 0.6891193985939026, "presence": 0.7193273305892944}, "right heel": {"x": 0.2213275134563446, "y": 0.9443835020065308, "z": 0.030001435428857803, "visibility": 0.9213876724243164, "presence": 0.5751552581787109}, "left foot index": {"x": 0.11570822447538376, "y": 0.7965785264968872, "z": 1.0171786546707153, "visibility": 0.344456285238266, "presence": 0.9394564032554626}, "right foot index": {"x": 0.31351274251937866, "y": 0.9054560661315918, "z": 0.006447456311434507, "visibility": 0.7263668775558472, "presence": 0.7133054137229919}, "timestamp": "20240418-210122"}