{"nose": {"x": 0.039312608540058136, "y": 0.5371453762054443, "z": 0.4946274757385254, "visibility": 0.5348667502403259, "presence": 0.19943557679653168}, "left eye (inner)": {"x": 0.04944417253136635, "y": 0.5353660583496094, "z": 0.506683886051178, "visibility": 0.4979591369628906, "presence": 0.20082080364227295}, "left eye": {"x": 0.05051447078585625, "y": 0.5353354215621948, "z": 0.5060484409332275, "visibility": 0.5150396823883057, "presence": 0.2480376660823822}, "left eye (outer)": {"x": 0.05110311135649681, "y": 0.5359123945236206, "z": 0.5059766173362732, "visibility": 0.5321498513221741, "presence": 0.22765272855758667}, "right eye (inner)": {"x": 0.04558132588863373, "y": 0.5329650640487671, "z": 0.5208672285079956, "visibility": 0.5030888319015503, "presence": 0.1668778359889984}, "right eye": {"x": 0.043856021016836166, "y": 0.5318002700805664, "z": 0.5203824639320374, "visibility": 0.5242021679878235, "presence": 0.19210542738437653}, "right eye (outer)": {"x": 0.04234352707862854, "y": 0.5301657319068909, "z": 0.5199519395828247, "visibility": 0.5374742150306702, "presence": 0.18782441318035126}, "left ear": {"x": 0.04836531728506088, "y": 0.5291705131530762, "z": 0.5215762257575989, "visibility": 0.6671735644340515, "presence": 0.2810836732387543}, "right ear": {"x": 0.03673632815480232, "y": 0.517607569694519, "z": 0.5900489687919617, "visibility": 0.5195572376251221, "presence": 0.17658457159996033}, "mouth (left)": {"x": 0.031175708398222923, "y": 0.536237359046936, "z": 0.503153383731842, "visibility": 0.5758864879608154, "presence": 0.3339739441871643}, "mouth (right)": {"x": 0.026808956637978554, "y": 0.5345149040222168, "z": 0.517538845539093, "visibility": 0.5618147850036621, "presence": 0.1894669085741043}, "left shoulder": {"x": 0.0191817544400692, "y": 0.5502200126647949, "z": 0.3431321084499359, "visibility": 0.9923466444015503, "presence": 0.8219388723373413}, "right shoulder": {"x": -0.029508164152503014, "y": 0.5336650609970093, "z": 0.535199761390686, "visibility": 0.9697257876396179, "presence": 0.41901087760925293}, "left elbow": {"x": 0.023767471313476562, "y": 0.587833046913147, "z": 0.16800224781036377, "visibility": 0.1493699550628662, "presence": 0.3754247725009918}, "right elbow": {"x": -0.03365220129489899, "y": 0.5572481155395508, "z": 0.31394097208976746, "visibility": 0.3233828544616699, "presence": 0.23742040991783142}, "left wrist": {"x": 0.03412533923983574, "y": 0.581823468208313, "z": -0.021097008138895035, "visibility": 0.06261635571718216, "presence": 0.39748507738113403}, "right wrist": {"x": 0.01706256903707981, "y": 0.5791943669319153, "z": 0.058829016983509064, "visibility": 0.10571259260177612, "presence": 0.39040446281433105}, "left pinky": {"x": 0.0394275039434433, "y": 0.5805866718292236, "z": -0.06859469413757324, "visibility": 0.10499108582735062, "presence": 0.4533942639827728}, "right pinky": {"x": 0.030029427260160446, "y": 0.5754637122154236, "z": 0.010127454064786434, "visibility": 0.11189685016870499, "presence": 0.4349977970123291}, "left index": {"x": 0.044048771262168884, "y": 0.5800725817680359, "z": -0.054817572236061096, "visibility": 0.11142802983522415, "presence": 0.4514896273612976}, "right index": {"x": 0.02676294557750225, "y": 0.5748944878578186, "z": 0.007341323886066675, "visibility": 0.11746891587972641, "presence": 0.4694540500640869}, "left thumb": {"x": 0.04209591820836067, "y": 0.5815416574478149, "z": -0.016894301399588585, "visibility": 0.09695002436637878, "presence": 0.44765007495880127}, "right thumb": {"x": 0.02598065510392189, "y": 0.5767454504966736, "z": 0.04424562677741051, "visibility": 0.10509611666202545, "presence": 0.5258668661117554}, "left hip": {"x": -0.20494136214256287, "y": 0.6570137739181519, "z": -0.05817030742764473, "visibility": 0.9130346775054932, "presence": 0.2737765908241272}, "right hip": {"x": -0.28639501333236694, "y": 0.6421561241149902, "z": 0.05702376365661621, "visibility": 0.8757967352867126, "presence": 0.10987597703933716}, "left knee": {"x": -0.04978489503264427, "y": 0.7563809156417847, "z": -0.38799142837524414, "visibility": 0.3738207221031189, "presence": 0.3728695213794708}, "right knee": {"x": -0.19810329377651215, "y": 0.7128373384475708, "z": 0.22270454466342926, "visibility": 0.45331963896751404, "presence": 0.15388405323028564}, "left ankle": {"x": 0.025493929162621498, "y": 0.8846837282180786, "z": -0.6912909746170044, "visibility": 0.4873065948486328, "presence": 0.1456202268600464}, "right ankle": {"x": -0.3482033312320709, "y": 0.7488642930984497, "z": 0.37702086567878723, "visibility": 0.44090166687965393, "presence": 0.06394802033901215}, "left heel": {"x": 0.08843673765659332, "y": 0.9233914613723755, "z": -0.7291176915168762, "visibility": 0.5841562747955322, "presence": 0.0575513020157814}, "right heel": {"x": -0.4706943929195404, "y": 0.7564792633056641, "z": 0.3925875723361969, "visibility": 0.47905105352401733, "presence": 0.07539905607700348}, "left foot index": {"x": 0.10354401171207428, "y": 0.9152500033378601, "z": -0.9485542178153992, "visibility": 0.4326784312725067, "presence": 0.04547916725277901}, "right foot index": {"x": -0.3440169095993042, "y": 0.7572380304336548, "z": 0.3244500160217285, "visibility": 0.37175536155700684, "presence": 0.11607301235198975}, "timestamp": "20240418-210156"}