{"nose": {"x": 0.07386037707328796, "y": 0.5445352792739868, "z": 0.2838096618652344, "visibility": 0.9857144951820374, "presence": 0.996914267539978}, "left eye (inner)": {"x": 0.07418294250965118, "y": 0.5354105234146118, "z": 0.2444571852684021, "visibility": 0.9869236350059509, "presence": 0.9972746968269348}, "left eye": {"x": 0.06946990638971329, "y": 0.533877432346344, "z": 0.24412386119365692, "visibility": 0.9873643517494202, "presence": 0.997590184211731}, "left eye (outer)": {"x": 0.06428200751543045, "y": 0.5321296453475952, "z": 0.24429728090763092, "visibility": 0.9862282276153564, "presence": 0.9971427321434021}, "right eye (inner)": {"x": 0.08808547258377075, "y": 0.5388144254684448, "z": 0.21317437291145325, "visibility": 0.9930251240730286, "presence": 0.9981210827827454}, "right eye": {"x": 0.09321499615907669, "y": 0.5397725701332092, "z": 0.21251121163368225, "visibility": 0.9959965944290161, "presence": 0.998842716217041}, "right eye (outer)": {"x": 0.09804040938615799, "y": 0.540752649307251, "z": 0.21213124692440033, "visibility": 0.9970176219940186, "presence": 0.9990649819374084}, "left ear": {"x": 0.050257936120033264, "y": 0.5320092439651489, "z": 0.13104146718978882, "visibility": 0.9953963160514832, "presence": 0.9970107078552246}, "right ear": {"x": 0.09683513641357422, "y": 0.5450303554534912, "z": -0.013891687616705894, "visibility": 0.9980942010879517, "presence": 0.9993287324905396}, "mouth (left)": {"x": 0.05992215871810913, "y": 0.5490666627883911, "z": 0.2623084783554077, "visibility": 0.9867497682571411, "presence": 0.9962400197982788}, "mouth (right)": {"x": 0.07401026040315628, "y": 0.5533262491226196, "z": 0.21639293432235718, "visibility": 0.9930137991905212, "presence": 0.9958788156509399}, "left shoulder": {"x": -0.04650352895259857, "y": 0.5590422749519348, "z": 0.17843613028526306, "visibility": 0.9957243204116821, "presence": 0.993245542049408}, "right shoulder": {"x": 0.09389776736497879, "y": 0.5869989395141602, "z": -0.20308524370193481, "visibility": 0.9993894100189209, "presence": 0.999320387840271}, "left elbow": {"x": -0.061753664165735245, "y": 0.5921119451522827, "z": 0.2914368808269501, "visibility": 0.14459128677845, "presence": 0.8353573083877563}, "right elbow": {"x": 0.16449879109859467, "y": 0.6413291692733765, "z": -0.16495178639888763, "visibility": 0.950682520866394, "presence": 0.9515719413757324}, "left wrist": {"x": 0.0016165548004209995, "y": 0.5847368836402893, "z": 0.3845026195049286, "visibility": 0.006018149666488171, "presence": 0.9085872173309326}, "right wrist": {"x": 0.12664024531841278, "y": 0.5906990170478821, "z": 0.1884947419166565, "visibility": 0.27833595871925354, "presence": 0.9931408762931824}, "left pinky": {"x": 0.021721873432397842, "y": 0.5738593339920044, "z": 0.4345111548900604, "visibility": 0.010457637719810009, "presence": 0.9307040572166443}, "right pinky": {"x": 0.11223205924034119, "y": 0.5770116448402405, "z": 0.20586074888706207, "visibility": 0.24601025879383087, "presence": 0.993514895439148}, "left index": {"x": 0.026108698919415474, "y": 0.5708402991294861, "z": 0.40327706933021545, "visibility": 0.011792208068072796, "presence": 0.9254091382026672}, "right index": {"x": 0.10055363923311234, "y": 0.5726796388626099, "z": 0.20414532721042633, "visibility": 0.2567805349826813, "presence": 0.9947899580001831}, "left thumb": {"x": 0.02114981971681118, "y": 0.582222044467926, "z": 0.3744843304157257, "visibility": 0.01150476187467575, "presence": 0.9342758655548096}, "right thumb": {"x": 0.10101652145385742, "y": 0.5779799222946167, "z": 0.194791778922081, "visibility": 0.23129914700984955, "presence": 0.99614018201828}, "left hip": {"x": -0.14801625907421112, "y": 0.7202883958816528, "z": 0.13250842690467834, "visibility": 0.987075686454773, "presence": 0.9641258120536804}, "right hip": {"x": -0.0767405703663826, "y": 0.7262842655181885, "z": -0.13284501433372498, "visibility": 0.9922377467155457, "presence": 0.982309877872467}, "left knee": {"x": 0.07782591134309769, "y": 0.7973767518997192, "z": 0.23265627026557922, "visibility": 0.22219344973564148, "presence": 0.9654030203819275}, "right knee": {"x": 0.0866631492972374, "y": 0.8060833215713501, "z": -0.1269921511411667, "visibility": 0.9626952409744263, "presence": 0.9895696640014648}, "left ankle": {"x": 0.2129719853401184, "y": 0.9073821902275085, "z": 0.2355244904756546, "visibility": 0.5224036574363708, "presence": 0.9014931917190552}, "right ankle": {"x": 0.2259870171546936, "y": 0.9182106852531433, "z": -0.05272504314780235, "visibility": 0.9593832492828369, "presence": 0.7638903260231018}, "left heel": {"x": 0.2110041230916977, "y": 0.939337432384491, "z": 0.23283536732196808, "visibility": 0.7228586077690125, "presence": 0.8124427795410156}, "right heel": {"x": 0.2261187732219696, "y": 0.9454317092895508, "z": -0.04055481404066086, "visibility": 0.9745533466339111, "presence": 0.7665984630584717}, "left foot index": {"x": 0.28185874223709106, "y": 0.8937832117080688, "z": 0.15084746479988098, "visibility": 0.4490085244178772, "presence": 0.9419145584106445}, "right foot index": {"x": 0.304400771856308, "y": 0.8971220850944519, "z": -0.11424767971038818, "visibility": 0.8552267551422119, "presence": 0.8532478213310242}, "timestamp": "20240418-210129"}