{"nose": {"x": 0.061713866889476776, "y": 0.5074121952056885, "z": 0.15560117363929749, "visibility": 0.5264343619346619, "presence": 0.2363995611667633}, "left eye (inner)": {"x": 0.07718776911497116, "y": 0.5076324343681335, "z": 0.13130486011505127, "visibility": 0.4674563407897949, "presence": 0.31563979387283325}, "left eye": {"x": 0.07846610993146896, "y": 0.5073410272598267, "z": 0.1306707113981247, "visibility": 0.5066344141960144, "presence": 0.40011799335479736}, "left eye (outer)": {"x": 0.07905594259500504, "y": 0.5074690580368042, "z": 0.1305782049894333, "visibility": 0.5173342227935791, "presence": 0.39312446117401123}, "right eye (inner)": {"x": 0.07435465604066849, "y": 0.5100219249725342, "z": 0.1697675585746765, "visibility": 0.48014065623283386, "presence": 0.22536662220954895}, "right eye": {"x": 0.07326966524124146, "y": 0.5119193196296692, "z": 0.16898183524608612, "visibility": 0.5229459404945374, "presence": 0.28129318356513977}, "right eye (outer)": {"x": 0.07244565337896347, "y": 0.5134462118148804, "z": 0.16848544776439667, "visibility": 0.5301162004470825, "presence": 0.290755957365036}, "left ear": {"x": 0.07779788970947266, "y": 0.5130534172058105, "z": 0.06626883149147034, "visibility": 0.6865883469581604, "presence": 0.6442341208457947}, "right ear": {"x": 0.07220907509326935, "y": 0.5206887125968933, "z": 0.25069570541381836, "visibility": 0.5192925333976746, "presence": 0.38675791025161743}, "mouth (left)": {"x": 0.052356209605932236, "y": 0.5096689462661743, "z": 0.14283306896686554, "visibility": 0.5775940418243408, "presence": 0.6932684779167175}, "mouth (right)": {"x": 0.04934672266244888, "y": 0.5129600167274475, "z": 0.19088789820671082, "visibility": 0.5576468110084534, "presence": 0.46324002742767334}, "left shoulder": {"x": 0.022461123764514923, "y": 0.5612244009971619, "z": -0.06449741870164871, "visibility": 0.993449866771698, "presence": 0.9796580076217651}, "right shoulder": {"x": 0.0002052513009402901, "y": 0.5219590067863464, "z": 0.42247772216796875, "visibility": 0.9730148911476135, "presence": 0.8073693513870239}, "left elbow": {"x": -0.0840415358543396, "y": 0.6067126989364624, "z": -0.40288233757019043, "visibility": 0.16909627616405487, "presence": 0.42178598046302795}, "right elbow": {"x": -0.07931998372077942, "y": 0.56194007396698, "z": 0.3159148395061493, "visibility": 0.23895961046218872, "presence": 0.4049300253391266}, "left wrist": {"x": -0.06478764861822128, "y": 0.5663444995880127, "z": -0.7511671185493469, "visibility": 0.08895254880189896, "presence": 0.8269604444503784}, "right wrist": {"x": -0.01025617215782404, "y": 0.567844033241272, "z": 0.15419574081897736, "visibility": 0.090929314494133, "presence": 0.8477694392204285}, "left pinky": {"x": -0.05958857387304306, "y": 0.5557833909988403, "z": -0.8350054621696472, "visibility": 0.15109851956367493, "presence": 0.8718864917755127}, "right pinky": {"x": 0.00990678183734417, "y": 0.570561408996582, "z": 0.1130681037902832, "visibility": 0.11749070882797241, "presence": 0.8914701342582703}, "left index": {"x": -0.03223481774330139, "y": 0.55211341381073, "z": -0.8131685256958008, "visibility": 0.15917819738388062, "presence": 0.883082389831543}, "right index": {"x": 0.02416987717151642, "y": 0.5625404119491577, "z": 0.0653824508190155, "visibility": 0.12436213344335556, "presence": 0.906865656375885}, "left thumb": {"x": -0.03619006276130676, "y": 0.5571768879890442, "z": -0.7472540140151978, "visibility": 0.13398507237434387, "presence": 0.8803467750549316}, "right thumb": {"x": 0.017413536086678505, "y": 0.559415876865387, "z": 0.11440679430961609, "visibility": 0.11332788318395615, "presence": 0.918221116065979}, "left hip": {"x": -0.2497463822364807, "y": 0.6378307342529297, "z": -0.12478738278150558, "visibility": 0.8724897503852844, "presence": 0.4131091833114624}, "right hip": {"x": -0.2996915876865387, "y": 0.6050547957420349, "z": 0.12392418086528778, "visibility": 0.8313339352607727, "presence": 0.22404733300209045}, "left knee": {"x": -0.4358157217502594, "y": 0.760835587978363, "z": -0.5071108937263489, "visibility": 0.4230940639972687, "presence": 0.22224704921245575}, "right knee": {"x": -0.4701228737831116, "y": 0.7026655673980713, "z": -0.04112190380692482, "visibility": 0.3713463246822357, "presence": 0.07054838538169861}, "left ankle": {"x": -0.5197427272796631, "y": 0.856181263923645, "z": -0.9581148624420166, "visibility": 0.4804653227329254, "presence": 0.10199055075645447}, "right ankle": {"x": -0.7098933458328247, "y": 0.7402341961860657, "z": 0.20726712048053741, "visibility": 0.35929086804389954, "presence": 0.042230114340782166}, "left heel": {"x": -0.5278741121292114, "y": 0.8800446391105652, "z": -1.0146796703338623, "visibility": 0.5289051532745361, "presence": 0.04255180060863495}, "right heel": {"x": -0.7390198707580566, "y": 0.7495740652084351, "z": 0.2344842106103897, "visibility": 0.39519408345222473, "presence": 0.047699663788080215}, "left foot index": {"x": -0.5646998286247253, "y": 0.8369356393814087, "z": -1.2936362028121948, "visibility": 0.4242323637008667, "presence": 0.04804513230919838}, "right foot index": {"x": -0.8068731427192688, "y": 0.7387129068374634, "z": 0.150399848818779, "visibility": 0.30150189995765686, "presence": 0.05979776009917259}, "timestamp": "20240418-210156"}