{"nose": {"x": 0.10533463209867477, "y": 0.5367825627326965, "z": 0.2507838308811188, "visibility": 0.9488962292671204, "presence": 0.9987115859985352}, "left eye (inner)": {"x": 0.10364579409360886, "y": 0.5260051488876343, "z": 0.21223250031471252, "visibility": 0.9425784945487976, "presence": 0.9986200332641602}, "left eye": {"x": 0.09741242974996567, "y": 0.5234416723251343, "z": 0.21189944446086884, "visibility": 0.945626974105835, "presence": 0.9987547397613525}, "left eye (outer)": {"x": 0.0911375880241394, "y": 0.5208903551101685, "z": 0.21209721267223358, "visibility": 0.9465935826301575, "presence": 0.9985047578811646}, "right eye (inner)": {"x": 0.11864054203033447, "y": 0.5314235687255859, "z": 0.18367229402065277, "visibility": 0.952897846698761, "presence": 0.9990069270133972}, "right eye": {"x": 0.12342904508113861, "y": 0.5325548648834229, "z": 0.18312528729438782, "visibility": 0.960387110710144, "presence": 0.9993602633476257}, "right eye (outer)": {"x": 0.1279417723417282, "y": 0.5337684154510498, "z": 0.1828974336385727, "visibility": 0.9630501866340637, "presence": 0.9994555115699768}, "left ear": {"x": 0.0778089240193367, "y": 0.520905077457428, "z": 0.09983852505683899, "visibility": 0.9700034260749817, "presence": 0.9982033967971802}, "right ear": {"x": 0.1263028085231781, "y": 0.5375080108642578, "z": -0.026772331446409225, "visibility": 0.9629050493240356, "presence": 0.9995775818824768}, "mouth (left)": {"x": 0.0879240483045578, "y": 0.5396903157234192, "z": 0.2225179672241211, "visibility": 0.9538751840591431, "presence": 0.9988251328468323}, "mouth (right)": {"x": 0.10383357852697372, "y": 0.5452432036399841, "z": 0.18184229731559753, "visibility": 0.9593832492828369, "presence": 0.998664140701294}, "left shoulder": {"x": -0.010728536173701286, "y": 0.5495119690895081, "z": 0.1375887393951416, "visibility": 0.9950682520866394, "presence": 0.99907386302948}, "right shoulder": {"x": 0.12112338095903397, "y": 0.5843091011047363, "z": -0.21690377593040466, "visibility": 0.9970312714576721, "presence": 0.999893307685852}, "left elbow": {"x": 0.0003633533196989447, "y": 0.6313496828079224, "z": 0.017977025359869003, "visibility": 0.1982024908065796, "presence": 0.974445104598999}, "right elbow": {"x": 0.19155937433242798, "y": 0.6651238799095154, "z": -0.1446254700422287, "visibility": 0.9042150378227234, "presence": 0.995159924030304}, "left wrist": {"x": 0.09662079066038132, "y": 0.6372345089912415, "z": -0.1933450698852539, "visibility": 0.024543263018131256, "presence": 0.988667905330658}, "right wrist": {"x": 0.15587250888347626, "y": 0.6419532299041748, "z": 0.20081420242786407, "visibility": 0.2016284018754959, "presence": 0.9994751811027527}, "left pinky": {"x": 0.11396817117929459, "y": 0.6401718258857727, "z": -0.2051699459552765, "visibility": 0.04046977683901787, "presence": 0.9890148043632507}, "right pinky": {"x": 0.1415829062461853, "y": 0.6374110579490662, "z": 0.21470196545124054, "visibility": 0.16028916835784912, "presence": 0.9992870688438416}, "left index": {"x": 0.1141328513622284, "y": 0.6350958347320557, "z": -0.22813557088375092, "visibility": 0.04437842592597008, "presence": 0.9898058772087097}, "right index": {"x": 0.13091257214546204, "y": 0.6336480975151062, "z": 0.20267678797245026, "visibility": 0.164270281791687, "presence": 0.9994138479232788}, "left thumb": {"x": 0.10855074971914291, "y": 0.6378236413002014, "z": -0.2091582864522934, "visibility": 0.0383487343788147, "presence": 0.9921700358390808}, "right thumb": {"x": 0.13211266696453094, "y": 0.6375064849853516, "z": 0.20289410650730133, "visibility": 0.14122642576694489, "presence": 0.9996168613433838}, "left hip": {"x": -0.08040262013673782, "y": 0.7241595983505249, "z": 0.10447058081626892, "visibility": 0.9739052653312683, "presence": 0.9981045722961426}, "right hip": {"x": -0.03095480613410473, "y": 0.7366428375244141, "z": -0.10480910539627075, "visibility": 0.9774380922317505, "presence": 0.999152421951294}, "left knee": {"x": 0.1049540713429451, "y": 0.793627142906189, "z": 0.30768704414367676, "visibility": 0.22954775393009186, "presence": 0.9910180568695068}, "right knee": {"x": 0.1213817372918129, "y": 0.8079598546028137, "z": -0.028394265100359917, "visibility": 0.8801060318946838, "presence": 0.9985889792442322}, "left ankle": {"x": 0.17033597826957703, "y": 0.9075620770454407, "z": 0.3267157971858978, "visibility": 0.5322867035865784, "presence": 0.9732005000114441}, "right ankle": {"x": 0.17961587011814117, "y": 0.9253129959106445, "z": -8.515155059285462e-06, "visibility": 0.8813422322273254, "presence": 0.9533675909042358}, "left heel": {"x": 0.16558685898780823, "y": 0.9423583745956421, "z": 0.3239523768424988, "visibility": 0.7393741011619568, "presence": 0.9456860423088074}, "right heel": {"x": 0.1730305254459381, "y": 0.9538460969924927, "z": 0.004808100871741772, "visibility": 0.9041601419448853, "presence": 0.944105863571167}, "left foot index": {"x": 0.22360531985759735, "y": 0.8872020840644836, "z": 0.27076736092567444, "visibility": 0.4282536506652832, "presence": 0.9891568422317505}, "right foot index": {"x": 0.25796404480934143, "y": 0.9092246890068054, "z": -0.05238669738173485, "visibility": 0.7336841225624084, "presence": 0.9715050458908081}, "timestamp": "20240418-210201"}