{"nose": {"x": 0.04600702226161957, "y": 0.5419730544090271, "z": 0.3604918122291565, "visibility": 0.9773100018501282, "presence": 0.9842004179954529}, "left eye (inner)": {"x": 0.04597742110490799, "y": 0.5316137671470642, "z": 0.321340411901474, "visibility": 0.9778391122817993, "presence": 0.9868069291114807}, "left eye": {"x": 0.04213545471429825, "y": 0.5298672914505005, "z": 0.32101088762283325, "visibility": 0.9785987138748169, "presence": 0.9887436628341675}, "left eye (outer)": {"x": 0.03860374540090561, "y": 0.5281538963317871, "z": 0.3211405277252197, "visibility": 0.9761137962341309, "presence": 0.9873836636543274}, "right eye (inner)": {"x": 0.054755307734012604, "y": 0.5341294407844543, "z": 0.29234352707862854, "visibility": 0.9878994822502136, "presence": 0.9894331097602844}, "right eye": {"x": 0.05725802481174469, "y": 0.5344343781471252, "z": 0.2916615307331085, "visibility": 0.9930530190467834, "presence": 0.992877185344696}, "right eye (outer)": {"x": 0.059949520975351334, "y": 0.5347064733505249, "z": 0.29124778509140015, "visibility": 0.9947706460952759, "presence": 0.9941763877868652}, "left ear": {"x": 0.02381470985710621, "y": 0.5229241847991943, "z": 0.1929321438074112, "visibility": 0.9920942783355713, "presence": 0.987464189529419}, "right ear": {"x": 0.05565156415104866, "y": 0.535197913646698, "z": 0.06153198704123497, "visibility": 0.9971087574958801, "presence": 0.9954423904418945}, "mouth (left)": {"x": 0.031511541455984116, "y": 0.5460894107818604, "z": 0.33275893330574036, "visibility": 0.9813538193702698, "presence": 0.9859479665756226}, "mouth (right)": {"x": 0.04198193922638893, "y": 0.5485815405845642, "z": 0.29021644592285156, "visibility": 0.9900204539299011, "presence": 0.9817333221435547}, "left shoulder": {"x": -0.074091337621212, "y": 0.5403181314468384, "z": 0.2023075371980667, "visibility": 0.994043231010437, "presence": 0.9815555214881897}, "right shoulder": {"x": 0.054460812360048294, "y": 0.5784103274345398, "z": -0.14604328572750092, "visibility": 0.9991663098335266, "presence": 0.9973242282867432}, "left elbow": {"x": -0.09343947470188141, "y": 0.5775220990180969, "z": 0.24039137363433838, "visibility": 0.12699303030967712, "presence": 0.5672682523727417}, "right elbow": {"x": 0.12555383145809174, "y": 0.6310697197914124, "z": -0.11817582696676254, "visibility": 0.9607258439064026, "presence": 0.8343289494514465}, "left wrist": {"x": 0.00525439390912652, "y": 0.5699669122695923, "z": 0.2016080915927887, "visibility": 0.0049420674331486225, "presence": 0.6815962195396423}, "right wrist": {"x": 0.059223249554634094, "y": 0.5873799324035645, "z": 0.27291131019592285, "visibility": 0.24044500291347504, "presence": 0.959200918674469}, "left pinky": {"x": 0.0081549771130085, "y": 0.578783392906189, "z": 0.22997814416885376, "visibility": 0.009094443172216415, "presence": 0.7358900308609009}, "right pinky": {"x": 0.05132538080215454, "y": 0.579054594039917, "z": 0.30110225081443787, "visibility": 0.20829637348651886, "presence": 0.9568941593170166}, "left index": {"x": 0.010573681443929672, "y": 0.5747197270393372, "z": 0.2066228687763214, "visibility": 0.010322258807718754, "presence": 0.7357439994812012}, "right index": {"x": 0.03919580206274986, "y": 0.5736907720565796, "z": 0.30084457993507385, "visibility": 0.21703195571899414, "presence": 0.9671097993850708}, "left thumb": {"x": 0.004445074126124382, "y": 0.5786619782447815, "z": 0.19168245792388916, "visibility": 0.010463953949511051, "presence": 0.7543573975563049}, "right thumb": {"x": 0.04186432808637619, "y": 0.5783389806747437, "z": 0.2801142632961273, "visibility": 0.1932578682899475, "presence": 0.9756166934967041}, "left hip": {"x": -0.20071977376937866, "y": 0.6953805088996887, "z": 0.12434331327676773, "visibility": 0.9771859049797058, "presence": 0.8313061594963074}, "right hip": {"x": -0.14114896953105927, "y": 0.7064930200576782, "z": -0.12471254914999008, "visibility": 0.9855281114578247, "presence": 0.8811927437782288}, "left knee": {"x": 0.04088938236236572, "y": 0.794794499874115, "z": 0.06639527529478073, "visibility": 0.2722786068916321, "presence": 0.8725997805595398}, "right knee": {"x": 0.04304945096373558, "y": 0.7986493110656738, "z": -0.18291157484054565, "visibility": 0.9585063457489014, "presence": 0.928887128829956}, "left ankle": {"x": 0.19740672409534454, "y": 0.9116161465644836, "z": -0.08125520497560501, "visibility": 0.6043035387992859, "presence": 0.6088477373123169}, "right ankle": {"x": 0.2038419246673584, "y": 0.9176648259162903, "z": -0.19717282056808472, "visibility": 0.9583517909049988, "presence": 0.3377804160118103}, "left heel": {"x": 0.19499355554580688, "y": 0.9440070986747742, "z": -0.09904595464468002, "visibility": 0.7802854776382446, "presence": 0.387231707572937}, "right heel": {"x": 0.20882771909236908, "y": 0.9451912641525269, "z": -0.19512949883937836, "visibility": 0.974104642868042, "presence": 0.3270997703075409}, "left foot index": {"x": 0.2670910656452179, "y": 0.8944900631904602, "z": -0.22155700623989105, "visibility": 0.5190544724464417, "presence": 0.6047784090042114}, "right foot index": {"x": 0.2766994833946228, "y": 0.8944500088691711, "z": -0.2928105592727661, "visibility": 0.8445929288864136, "presence": 0.34704241156578064}, "timestamp": "20240418-210146"}