{"nose": {"x": 0.16982141137123108, "y": 0.5134865641593933, "z": 0.28704187273979187, "visibility": 0.9876750111579895, "presence": 0.9983654618263245}, "left eye (inner)": {"x": 0.16621392965316772, "y": 0.5022470355033875, "z": 0.23875898122787476, "visibility": 0.987872302532196, "presence": 0.9983338713645935}, "left eye": {"x": 0.15967361629009247, "y": 0.5005938410758972, "z": 0.23834817111492157, "visibility": 0.9873571991920471, "presence": 0.998221218585968}, "left eye (outer)": {"x": 0.15292970836162567, "y": 0.49908432364463806, "z": 0.23848529160022736, "visibility": 0.9869082570075989, "presence": 0.9975703358650208}, "right eye (inner)": {"x": 0.18094539642333984, "y": 0.5055979490280151, "z": 0.20679382979869843, "visibility": 0.9945642948150635, "presence": 0.999092698097229}, "right eye": {"x": 0.18533119559288025, "y": 0.5064162611961365, "z": 0.20616766810417175, "visibility": 0.9968231320381165, "presence": 0.9994695782661438}, "right eye (outer)": {"x": 0.1895843893289566, "y": 0.5072044134140015, "z": 0.2058289647102356, "visibility": 0.9978092908859253, "presence": 0.9995591044425964}, "left ear": {"x": 0.13797570765018463, "y": 0.5008042454719543, "z": 0.08887921273708344, "visibility": 0.9956749677658081, "presence": 0.9979608058929443}, "right ear": {"x": 0.18881212174892426, "y": 0.5123175382614136, "z": -0.0640074759721756, "visibility": 0.9986043572425842, "presence": 0.9998058676719666}, "mouth (left)": {"x": 0.15496709942817688, "y": 0.5198562741279602, "z": 0.25108009576797485, "visibility": 0.9867157340049744, "presence": 0.9978002905845642}, "mouth (right)": {"x": 0.17020940780639648, "y": 0.5226777195930481, "z": 0.20277133584022522, "visibility": 0.9936656951904297, "presence": 0.9983905553817749}, "left shoulder": {"x": 0.025671137496829033, "y": 0.5340743064880371, "z": 0.13401363790035248, "visibility": 0.9946759939193726, "presence": 0.9954783320426941}, "right shoulder": {"x": 0.1980665624141693, "y": 0.5623586177825928, "z": -0.23794323205947876, "visibility": 0.9994803667068481, "presence": 0.9997555613517761}, "left elbow": {"x": 0.006412914022803307, "y": 0.5870180130004883, "z": 0.413646399974823, "visibility": 0.09339479357004166, "presence": 0.8721681237220764}, "right elbow": {"x": 0.2835136950016022, "y": 0.6154628396034241, "z": -0.10557837039232254, "visibility": 0.9161045551300049, "presence": 0.9869931936264038}, "left wrist": {"x": 0.06752222031354904, "y": 0.5705726146697998, "z": 0.8160377740859985, "visibility": 0.006381527986377478, "presence": 0.8552842140197754}, "right wrist": {"x": 0.28482890129089355, "y": 0.5919309854507446, "z": 0.2998426556587219, "visibility": 0.42974966764450073, "presence": 0.9974919557571411}, "left pinky": {"x": 0.08120720833539963, "y": 0.5656371116638184, "z": 0.8997312784194946, "visibility": 0.011766391806304455, "presence": 0.8720011115074158}, "right pinky": {"x": 0.2958790361881256, "y": 0.5863341689109802, "z": 0.3130321800708771, "visibility": 0.40521830320358276, "presence": 0.9969342947006226}, "left index": {"x": 0.09219498932361603, "y": 0.5640044212341309, "z": 0.872644305229187, "visibility": 0.013043755665421486, "presence": 0.8476528525352478}, "right index": {"x": 0.2816399931907654, "y": 0.5806926488876343, "z": 0.31619933247566223, "visibility": 0.4230417311191559, "presence": 0.9970625042915344}, "left thumb": {"x": 0.09438145905733109, "y": 0.5664783716201782, "z": 0.8156638145446777, "visibility": 0.013267693109810352, "presence": 0.8677573800086975}, "right thumb": {"x": 0.2753114104270935, "y": 0.5836544632911682, "z": 0.30869996547698975, "visibility": 0.37276697158813477, "presence": 0.9979821443557739}, "left hip": {"x": -0.017560021951794624, "y": 0.713794469833374, "z": 0.14159145951271057, "visibility": 0.983254611492157, "presence": 0.9818161725997925}, "right hip": {"x": 0.04332248121500015, "y": 0.7279461026191711, "z": -0.1417817920446396, "visibility": 0.9930678606033325, "presence": 0.9950108528137207}, "left knee": {"x": 0.1245424896478653, "y": 0.7570388317108154, "z": 0.7015400528907776, "visibility": 0.19019152224063873, "presence": 0.8858734965324402}, "right knee": {"x": 0.1907687783241272, "y": 0.7923351526260376, "z": -0.04184173047542572, "visibility": 0.9359177947044373, "presence": 0.9926585555076599}, "left ankle": {"x": 0.1398795247077942, "y": 0.8196876645088196, "z": 1.0584450960159302, "visibility": 0.36903029680252075, "presence": 0.7794125080108643}, "right ankle": {"x": 0.22346924245357513, "y": 0.9188746213912964, "z": 0.05983573943376541, "visibility": 0.9186262488365173, "presence": 0.7022238969802856}, "left heel": {"x": 0.13896213471889496, "y": 0.8411208987236023, "z": 1.0956273078918457, "visibility": 0.6201174855232239, "presence": 0.741874635219574}, "right heel": {"x": 0.20543836057186127, "y": 0.94831782579422, "z": 0.07813873142004013, "visibility": 0.9450903534889221, "presence": 0.6778311133384705}, "left foot index": {"x": 0.1544877290725708, "y": 0.7984117269515991, "z": 1.162160873413086, "visibility": 0.2798793613910675, "presence": 0.956903338432312}, "right foot index": {"x": 0.2997135818004608, "y": 0.9097527265548706, "z": 0.06284520030021667, "visibility": 0.7220807671546936, "presence": 0.812168300151825}, "timestamp": "20240418-210139"}