{"nose": {"x": 0.1502717137336731, "y": 0.5145794153213501, "z": 0.22059325873851776, "visibility": 0.9831154346466064, "presence": 0.9886067509651184}, "left eye (inner)": {"x": 0.14897717535495758, "y": 0.5031306147575378, "z": 0.1795671433210373, "visibility": 0.9843236207962036, "presence": 0.9890987873077393}, "left eye": {"x": 0.14294575154781342, "y": 0.5011173486709595, "z": 0.179226815700531, "visibility": 0.9839069247245789, "presence": 0.9897680878639221}, "left eye (outer)": {"x": 0.13628584146499634, "y": 0.4991336464881897, "z": 0.1794278919696808, "visibility": 0.9825459122657776, "presence": 0.9872179627418518}, "right eye (inner)": {"x": 0.1625293493270874, "y": 0.5069423913955688, "z": 0.15570782124996185, "visibility": 0.992781400680542, "presence": 0.9936677813529968}, "right eye": {"x": 0.16625867784023285, "y": 0.5075926184654236, "z": 0.1551000028848648, "visibility": 0.9958944916725159, "presence": 0.9964476823806763}, "right eye (outer)": {"x": 0.1699196845293045, "y": 0.5081642866134644, "z": 0.15480761229991913, "visibility": 0.9972856044769287, "presence": 0.9973167777061462}, "left ear": {"x": 0.11744306236505508, "y": 0.4987699091434479, "z": 0.051836103200912476, "visibility": 0.9938707947731018, "presence": 0.9845192432403564}, "right ear": {"x": 0.1642366349697113, "y": 0.511390209197998, "z": -0.06749927252531052, "visibility": 0.9983837008476257, "presence": 0.9981967806816101}, "mouth (left)": {"x": 0.1325891613960266, "y": 0.5192104578018188, "z": 0.19426898658275604, "visibility": 0.983623743057251, "presence": 0.991054117679596}, "mouth (right)": {"x": 0.14682170748710632, "y": 0.5235564112663269, "z": 0.15436527132987976, "visibility": 0.9927083253860474, "presence": 0.9925317168235779}, "left shoulder": {"x": 0.008713334798812866, "y": 0.5337000489234924, "z": 0.050650447607040405, "visibility": 0.9945052862167358, "presence": 0.9940738081932068}, "right shoulder": {"x": 0.15851828455924988, "y": 0.5620312690734863, "z": -0.2083568423986435, "visibility": 0.9995608329772949, "presence": 0.9997392296791077}, "left elbow": {"x": -0.06811574101448059, "y": 0.5983936190605164, "z": -0.0021112344693392515, "visibility": 0.09999634325504303, "presence": 0.8055556416511536}, "right elbow": {"x": 0.2296227067708969, "y": 0.6316725611686707, "z": -0.1150977686047554, "visibility": 0.9124435186386108, "presence": 0.9936382174491882}, "left wrist": {"x": -0.047240786254405975, "y": 0.6264133453369141, "z": -0.09923304617404938, "visibility": 0.0045206123031675816, "presence": 0.8514533042907715}, "right wrist": {"x": 0.20489341020584106, "y": 0.6460075974464417, "z": 0.19835211336612701, "visibility": 0.4030323028564453, "presence": 0.9989563226699829}, "left pinky": {"x": -0.0483015738427639, "y": 0.6351752877235413, "z": -0.09693647176027298, "visibility": 0.00857362151145935, "presence": 0.9034979343414307}, "right pinky": {"x": 0.19400611519813538, "y": 0.6504751443862915, "z": 0.2093275636434555, "visibility": 0.36669492721557617, "presence": 0.9983055591583252}, "left index": {"x": -0.03371347486972809, "y": 0.6332648396492004, "z": -0.11821465939283371, "visibility": 0.009474748745560646, "presence": 0.9037918448448181}, "right index": {"x": 0.18424351513385773, "y": 0.6479708552360535, "z": 0.20422302186489105, "visibility": 0.38128718733787537, "presence": 0.9985425472259521}, "left thumb": {"x": -0.028982728719711304, "y": 0.6307594776153564, "z": -0.10841844230890274, "visibility": 0.009486861526966095, "presence": 0.9077295064926147}, "right thumb": {"x": 0.1846562922000885, "y": 0.6463955640792847, "z": 0.20366685092449188, "visibility": 0.3260433077812195, "presence": 0.9990567564964294}, "left hip": {"x": -0.05336477607488632, "y": 0.7120797038078308, "z": 0.07222947478294373, "visibility": 0.9859115481376648, "presence": 0.9934576153755188}, "right hip": {"x": -0.004794150125235319, "y": 0.7252733111381531, "z": -0.07266989350318909, "visibility": 0.995098352432251, "presence": 0.9981265664100647}, "left knee": {"x": 0.11856905370950699, "y": 0.7929799556732178, "z": 0.31601232290267944, "visibility": 0.19166269898414612, "presence": 0.9596265554428101}, "right knee": {"x": 0.12436730414628983, "y": 0.8043090105056763, "z": 0.05523858591914177, "visibility": 0.9397917985916138, "presence": 0.9945640563964844}, "left ankle": {"x": 0.1978876143693924, "y": 0.907680332660675, "z": 0.4420740008354187, "visibility": 0.3699102997779846, "presence": 0.911704957485199}, "right ankle": {"x": 0.21409456431865692, "y": 0.9205716252326965, "z": 0.16994939744472504, "visibility": 0.9278867840766907, "presence": 0.9044601917266846}, "left heel": {"x": 0.19552360475063324, "y": 0.9389535188674927, "z": 0.45089077949523926, "visibility": 0.5937542915344238, "presence": 0.842979371547699}, "right heel": {"x": 0.20461569726467133, "y": 0.9488292932510376, "z": 0.1836705058813095, "visibility": 0.9511299729347229, "presence": 0.8888786435127258}, "left foot index": {"x": 0.24838557839393616, "y": 0.8919193148612976, "z": 0.3999691307544708, "visibility": 0.26161184906959534, "presence": 0.9677464365959167}, "right foot index": {"x": 0.291430801153183, "y": 0.9093014597892761, "z": 0.12547266483306885, "visibility": 0.7192276120185852, "presence": 0.941476047039032}, "timestamp": "20240418-210140"}