{"nose": {"x": 0.037704721093177795, "y": 0.5127047300338745, "z": 0.2079615443944931, "visibility": 0.9782153964042664, "presence": 0.9840662479400635}, "left eye (inner)": {"x": 0.03214019164443016, "y": 0.5018099546432495, "z": 0.17009909451007843, "visibility": 0.977577805519104, "presence": 0.9832183718681335}, "left eye": {"x": 0.025992903858423233, "y": 0.5001603364944458, "z": 0.16982094943523407, "visibility": 0.9782505631446838, "presence": 0.984939455986023}, "left eye (outer)": {"x": 0.019865725189447403, "y": 0.49852585792541504, "z": 0.16995859146118164, "visibility": 0.9767336845397949, "presence": 0.9823380708694458}, "right eye (inner)": {"x": 0.046261947602033615, "y": 0.5047575235366821, "z": 0.13345184922218323, "visibility": 0.987860918045044, "presence": 0.9877030253410339}, "right eye": {"x": 0.0503007136285305, "y": 0.5051544904708862, "z": 0.13291016221046448, "visibility": 0.9929921627044678, "presence": 0.992020308971405}, "right eye (outer)": {"x": 0.05414842069149017, "y": 0.5055235624313354, "z": 0.132636159658432, "visibility": 0.9945729374885559, "presence": 0.9931839108467102}, "left ear": {"x": 0.0035471937153488398, "y": 0.498600572347641, "z": 0.06005187705159187, "visibility": 0.9914972186088562, "presence": 0.9797435998916626}, "right ear": {"x": 0.051420703530311584, "y": 0.5085753202438354, "z": -0.10642779618501663, "visibility": 0.9966491460800171, "presence": 0.9949910044670105}, "mouth (left)": {"x": 0.024341223761439323, "y": 0.5192355513572693, "z": 0.18703334033489227, "visibility": 0.9799829125404358, "presence": 0.9874091148376465}, "mouth (right)": {"x": 0.03823480382561684, "y": 0.5213116407394409, "z": 0.13472887873649597, "visibility": 0.9883900880813599, "presence": 0.9862135052680969}, "left shoulder": {"x": -0.0861998125910759, "y": 0.5415998697280884, "z": 0.09204769134521484, "visibility": 0.9929677844047546, "presence": 0.9899610280990601}, "right shoulder": {"x": 0.06525260955095291, "y": 0.5567802786827087, "z": -0.2937273383140564, "visibility": 0.998607337474823, "presence": 0.9979857206344604}, "left elbow": {"x": -0.07103900611400604, "y": 0.590621829032898, "z": 0.01643524318933487, "visibility": 0.17780587077140808, "presence": 0.7682132720947266}, "right elbow": {"x": 0.14558953046798706, "y": 0.6072189211845398, "z": -0.24132834374904633, "visibility": 0.9731553792953491, "presence": 0.931489109992981}, "left wrist": {"x": 0.021769696846604347, "y": 0.5685368180274963, "z": -0.1359967440366745, "visibility": 0.009151771664619446, "presence": 0.7532954812049866}, "right wrist": {"x": 0.09436002373695374, "y": 0.572412371635437, "z": 0.11216602474451065, "visibility": 0.17118553817272186, "presence": 0.9535412788391113}, "left pinky": {"x": 0.037040650844573975, "y": 0.5733288526535034, "z": -0.138668954372406, "visibility": 0.01671351119875908, "presence": 0.7691834568977356}, "right pinky": {"x": 0.09548649191856384, "y": 0.5645593404769897, "z": 0.12114667892456055, "visibility": 0.1415712535381317, "presence": 0.9486593008041382}, "left index": {"x": 0.0391518734395504, "y": 0.5656319856643677, "z": -0.15233823657035828, "visibility": 0.01941782608628273, "presence": 0.7789493203163147}, "right index": {"x": 0.06702679395675659, "y": 0.5604032278060913, "z": 0.10693753510713577, "visibility": 0.14862585067749023, "presence": 0.957012414932251}, "left thumb": {"x": 0.03197135776281357, "y": 0.5701993703842163, "z": -0.14686091244220734, "visibility": 0.017888683825731277, "presence": 0.8109424710273743}, "right thumb": {"x": 0.07031866163015366, "y": 0.563987135887146, "z": 0.11358167976140976, "visibility": 0.13314944505691528, "presence": 0.9686757326126099}, "left hip": {"x": -0.10522520542144775, "y": 0.7112125754356384, "z": 0.11791868507862091, "visibility": 0.9705443382263184, "presence": 0.9656020402908325}, "right hip": {"x": -0.025503529235720634, "y": 0.7217802405357361, "z": -0.11825282871723175, "visibility": 0.9819332361221313, "presence": 0.984480619430542}, "left knee": {"x": 0.08968579769134521, "y": 0.7858591675758362, "z": 0.3977128267288208, "visibility": 0.22665254771709442, "presence": 0.8927426338195801}, "right knee": {"x": 0.10661683976650238, "y": 0.8020029067993164, "z": -0.13161832094192505, "visibility": 0.9506657123565674, "presence": 0.9772263765335083}, "left ankle": {"x": 0.13472093641757965, "y": 0.8688114285469055, "z": 0.5300617814064026, "visibility": 0.5938199758529663, "presence": 0.7981756925582886}, "right ankle": {"x": 0.1983618438243866, "y": 0.9182248115539551, "z": -0.11353575438261032, "visibility": 0.9531190991401672, "presence": 0.669813334941864}, "left heel": {"x": 0.1375274658203125, "y": 0.8939393758773804, "z": 0.5403581261634827, "visibility": 0.8076551556587219, "presence": 0.7129137516021729}, "right heel": {"x": 0.20252253115177155, "y": 0.9472315907478333, "z": -0.10875574499368668, "visibility": 0.9765776991844177, "presence": 0.6555305123329163}, "left foot index": {"x": 0.16474689543247223, "y": 0.8526978492736816, "z": 0.5040639042854309, "visibility": 0.49731847643852234, "presence": 0.9210841655731201}, "right foot index": {"x": 0.25937435030937195, "y": 0.9001483917236328, "z": -0.1743638515472412, "visibility": 0.8282367587089539, "presence": 0.7533628344535828}, "timestamp": "20240418-210133"}