{"nose": {"x": 0.11699497699737549, "y": 0.5494352579116821, "z": 0.22903482615947723, "visibility": 0.9796687960624695, "presence": 0.9995779395103455}, "left eye (inner)": {"x": 0.11549482494592667, "y": 0.5388038158416748, "z": 0.20397084951400757, "visibility": 0.9782962203025818, "presence": 0.9995442032814026}, "left eye": {"x": 0.10928861051797867, "y": 0.5362446904182434, "z": 0.20370548963546753, "visibility": 0.978297233581543, "presence": 0.9996052384376526}, "left eye (outer)": {"x": 0.10269170254468918, "y": 0.5335536599159241, "z": 0.2039438933134079, "visibility": 0.9776517152786255, "presence": 0.9995272159576416}, "right eye (inner)": {"x": 0.12937156856060028, "y": 0.5440327525138855, "z": 0.17372414469718933, "visibility": 0.9877785444259644, "presence": 0.9996718168258667}, "right eye": {"x": 0.13337793946266174, "y": 0.5452861785888672, "z": 0.17314413189888, "visibility": 0.9918168187141418, "presence": 0.999790370464325}, "right eye (outer)": {"x": 0.13737311959266663, "y": 0.5466340780258179, "z": 0.17291872203350067, "visibility": 0.9939132928848267, "presence": 0.9998243451118469}, "left ear": {"x": 0.08729825913906097, "y": 0.5328927040100098, "z": 0.1099817156791687, "visibility": 0.9912605881690979, "presence": 0.999497652053833}, "right ear": {"x": 0.1357712745666504, "y": 0.5505246520042419, "z": -0.023160181939601898, "visibility": 0.994931161403656, "presence": 0.9998654127120972}, "mouth (left)": {"x": 0.10015005618333817, "y": 0.5533629655838013, "z": 0.2207997590303421, "visibility": 0.9804842472076416, "presence": 0.9996707439422607}, "mouth (right)": {"x": 0.11427362263202667, "y": 0.5584439039230347, "z": 0.17935949563980103, "visibility": 0.9877774119377136, "presence": 0.9996059536933899}, "left shoulder": {"x": -0.008008010685443878, "y": 0.5636142492294312, "z": 0.17025603353977203, "visibility": 0.9955562353134155, "presence": 0.9997368454933167}, "right shoulder": {"x": 0.12766224145889282, "y": 0.5967589020729065, "z": -0.20869942009449005, "visibility": 0.9991034269332886, "presence": 0.9999697208404541}, "left elbow": {"x": 0.007337462157011032, "y": 0.635339617729187, "z": 0.07052136212587357, "visibility": 0.12582188844680786, "presence": 0.9934744238853455}, "right elbow": {"x": 0.1943204700946808, "y": 0.675484299659729, "z": -0.14267082512378693, "visibility": 0.8875725269317627, "presence": 0.9978316426277161}, "left wrist": {"x": 0.09225822985172272, "y": 0.6441219449043274, "z": -0.010328677482903004, "visibility": 0.007405864540487528, "presence": 0.9974244832992554}, "right wrist": {"x": 0.14884299039840698, "y": 0.6521137356758118, "z": 0.1918228566646576, "visibility": 0.2262413054704666, "presence": 0.9998295307159424}, "left pinky": {"x": 0.1068679466843605, "y": 0.6477303504943848, "z": -0.008098995313048363, "visibility": 0.01388908177614212, "presence": 0.9971973896026611}, "right pinky": {"x": 0.13069194555282593, "y": 0.6470917463302612, "z": 0.2071262151002884, "visibility": 0.1833011656999588, "presence": 0.9997949004173279}, "left index": {"x": 0.10659639537334442, "y": 0.6442931294441223, "z": -0.030231337994337082, "visibility": 0.015321236103773117, "presence": 0.9973102807998657}, "right index": {"x": 0.12512215971946716, "y": 0.6435352563858032, "z": 0.19302895665168762, "visibility": 0.18911239504814148, "presence": 0.9998393058776855}, "left thumb": {"x": 0.09849940240383148, "y": 0.644425094127655, "z": -0.023402569815516472, "visibility": 0.01410223450511694, "presence": 0.9980328679084778}, "right thumb": {"x": 0.12587085366249084, "y": 0.6457113027572632, "z": 0.19489292800426483, "visibility": 0.16139858961105347, "presence": 0.9998918771743774}, "left hip": {"x": -0.10007497668266296, "y": 0.724571168422699, "z": 0.11862555891275406, "visibility": 0.9873466491699219, "presence": 0.9993506073951721}, "right hip": {"x": -0.047248680144548416, "y": 0.736140251159668, "z": -0.11889542639255524, "visibility": 0.9934849143028259, "presence": 0.9996354579925537}, "left knee": {"x": 0.11814260482788086, "y": 0.7940194010734558, "z": 0.2081099897623062, "visibility": 0.2166835367679596, "presence": 0.9980680346488953}, "right knee": {"x": 0.12293783575296402, "y": 0.8029688596725464, "z": -0.12015891820192337, "visibility": 0.9132896661758423, "presence": 0.9995593428611755}, "left ankle": {"x": 0.19395501911640167, "y": 0.9082809686660767, "z": 0.16167905926704407, "visibility": 0.48594000935554504, "presence": 0.9874952435493469}, "right ankle": {"x": 0.20316177606582642, "y": 0.9261361360549927, "z": -0.11659195274114609, "visibility": 0.8998509049415588, "presence": 0.9687336087226868}, "left heel": {"x": 0.18560023605823517, "y": 0.9440255165100098, "z": 0.15319448709487915, "visibility": 0.7150570750236511, "presence": 0.9694303870201111}, "right heel": {"x": 0.1935085654258728, "y": 0.9535359144210815, "z": -0.11201142519712448, "visibility": 0.9288171529769897, "presence": 0.9593477845191956}, "left foot index": {"x": 0.27066048979759216, "y": 0.8974272608757019, "z": 0.09782211482524872, "visibility": 0.3792346715927124, "presence": 0.9893099069595337}, "right foot index": {"x": 0.28470784425735474, "y": 0.9106701016426086, "z": -0.16195954382419586, "visibility": 0.7123823165893555, "presence": 0.968589186668396}, "timestamp": "20240418-210151"}