{"nose": {"x": 0.07444463670253754, "y": 0.5145705938339233, "z": 0.3038162589073181, "visibility": 0.9023463129997253, "presence": 0.9929198622703552}, "left eye (inner)": {"x": 0.07075154036283493, "y": 0.5064119696617126, "z": 0.2719775140285492, "visibility": 0.8875359296798706, "presence": 0.9932708144187927}, "left eye": {"x": 0.06471849977970123, "y": 0.504745602607727, "z": 0.27169179916381836, "visibility": 0.8897785544395447, "presence": 0.9937572479248047}, "left eye (outer)": {"x": 0.05874473601579666, "y": 0.5032157897949219, "z": 0.27189338207244873, "visibility": 0.9012147188186646, "presence": 0.9923043847084045}, "right eye (inner)": {"x": 0.08521123975515366, "y": 0.5081196427345276, "z": 0.24090765416622162, "visibility": 0.914990246295929, "presence": 0.9956637024879456}, "right eye": {"x": 0.08942639082670212, "y": 0.5094369649887085, "z": 0.24031688272953033, "visibility": 0.9320589900016785, "presence": 0.9973182082176208}, "right eye (outer)": {"x": 0.09350930154323578, "y": 0.5095585584640503, "z": 0.2399793416261673, "visibility": 0.9468866586685181, "presence": 0.9978138208389282}, "left ear": {"x": 0.04215729609131813, "y": 0.5028665065765381, "z": 0.1724468171596527, "visibility": 0.9553548097610474, "presence": 0.9879109859466553}, "right ear": {"x": 0.09103282541036606, "y": 0.5157011151313782, "z": 0.032697245478630066, "visibility": 0.9470956325531006, "presence": 0.9982602000236511}, "mouth (left)": {"x": 0.05847356095910072, "y": 0.5203708410263062, "z": 0.2860966920852661, "visibility": 0.9067864418029785, "presence": 0.9895811080932617}, "mouth (right)": {"x": 0.07447231560945511, "y": 0.5246742963790894, "z": 0.24100103974342346, "visibility": 0.914535403251648, "presence": 0.9897054433822632}, "left shoulder": {"x": -0.03706604987382889, "y": 0.5342833399772644, "z": 0.2115263193845749, "visibility": 0.9929099082946777, "presence": 0.9749640226364136}, "right shoulder": {"x": 0.09829910844564438, "y": 0.5593353509902954, "z": -0.1796119660139084, "visibility": 0.9945074319839478, "presence": 0.998887836933136}, "left elbow": {"x": -0.06632092595100403, "y": 0.5818829536437988, "z": 0.03261200711131096, "visibility": 0.08908643573522568, "presence": 0.5764507055282593}, "right elbow": {"x": 0.16946376860141754, "y": 0.6213066577911377, "z": -0.13550633192062378, "visibility": 0.4423453211784363, "presence": 0.945133626461029}, "left wrist": {"x": 0.03219844400882721, "y": 0.6216741800308228, "z": -0.33168065547943115, "visibility": 0.01395084522664547, "presence": 0.6610552668571472}, "right wrist": {"x": 0.1349126100540161, "y": 0.6266497373580933, "z": 0.2729719877243042, "visibility": 0.12305013090372086, "presence": 0.991014301776886}, "left pinky": {"x": 0.07520090043544769, "y": 0.6249932050704956, "z": -0.2493084967136383, "visibility": 0.029494937509298325, "presence": 0.749840259552002}, "right pinky": {"x": 0.1220126673579216, "y": 0.6244282126426697, "z": 0.28334182500839233, "visibility": 0.11217194050550461, "presence": 0.9895317554473877}, "left index": {"x": 0.07197427749633789, "y": 0.6222450733184814, "z": -0.45745736360549927, "visibility": 0.03234872594475746, "presence": 0.7676252126693726}, "right index": {"x": 0.11428215354681015, "y": 0.6222314238548279, "z": 0.28317639231681824, "visibility": 0.11577792465686798, "presence": 0.9924495220184326}, "left thumb": {"x": 0.05487912893295288, "y": 0.6198834180831909, "z": -0.45237022638320923, "visibility": 0.028367919847369194, "presence": 0.7807076573371887}, "right thumb": {"x": 0.11532040685415268, "y": 0.6243253946304321, "z": 0.2759149372577667, "visibility": 0.09864132106304169, "presence": 0.9945434331893921}, "left hip": {"x": -0.1638287454843521, "y": 0.6867214441299438, "z": 0.1070343405008316, "visibility": 0.9646978974342346, "presence": 0.8169685006141663}, "right hip": {"x": -0.08970880508422852, "y": 0.697695255279541, "z": -0.10750817507505417, "visibility": 0.9644957184791565, "presence": 0.9319824576377869}, "left knee": {"x": 0.06257808953523636, "y": 0.7883128523826599, "z": 0.2539528012275696, "visibility": 0.32985055446624756, "presence": 0.8198407292366028}, "right knee": {"x": 0.07034486532211304, "y": 0.8026136159896851, "z": -0.0449109822511673, "visibility": 0.6463409662246704, "presence": 0.9632432460784912}, "left ankle": {"x": 0.1445668488740921, "y": 0.8967550992965698, "z": 0.3199493885040283, "visibility": 0.4878467321395874, "presence": 0.7258787751197815}, "right ankle": {"x": 0.187518909573555, "y": 0.9210664629936218, "z": 0.056166213005781174, "visibility": 0.5544881820678711, "presence": 0.4604198634624481}, "left heel": {"x": 0.1432599127292633, "y": 0.9232922792434692, "z": 0.32286763191223145, "visibility": 0.636424720287323, "presence": 0.5680768489837646}, "right heel": {"x": 0.1909172534942627, "y": 0.9461682438850403, "z": 0.06993015855550766, "visibility": 0.6485779881477356, "presence": 0.4782867431640625}, "left foot index": {"x": 0.20921866595745087, "y": 0.8812686800956726, "z": 0.2307308465242386, "visibility": 0.3999035060405731, "presence": 0.874931812286377}, "right foot index": {"x": 0.26167434453964233, "y": 0.8996976613998413, "z": -0.012650085613131523, "visibility": 0.42291271686553955, "presence": 0.661989688873291}, "timestamp": "20240418-210147"}