{"nose": {"x": 0.11987588554620743, "y": 0.5624997019767761, "z": 0.1940198540687561, "visibility": 0.9842592477798462, "presence": 0.9992710947990417}, "left eye (inner)": {"x": 0.12012112140655518, "y": 0.5515735149383545, "z": 0.15711793303489685, "visibility": 0.9833014607429504, "presence": 0.9993054866790771}, "left eye": {"x": 0.11491791158914566, "y": 0.5493928790092468, "z": 0.1567400097846985, "visibility": 0.9833837151527405, "presence": 0.9993988275527954}, "left eye (outer)": {"x": 0.1096268743276596, "y": 0.5472959280014038, "z": 0.15683481097221375, "visibility": 0.9827969074249268, "presence": 0.9993070363998413}, "right eye (inner)": {"x": 0.13282588124275208, "y": 0.5563589334487915, "z": 0.13004735112190247, "visibility": 0.9906070828437805, "presence": 0.999470055103302}, "right eye": {"x": 0.13680125772953033, "y": 0.5574120283126831, "z": 0.12944135069847107, "visibility": 0.9937634468078613, "presence": 0.999658465385437}, "right eye (outer)": {"x": 0.1406637281179428, "y": 0.5584749579429626, "z": 0.12914244830608368, "visibility": 0.9953283667564392, "presence": 0.9997138381004333}, "left ear": {"x": 0.09542994201183319, "y": 0.5462831258773804, "z": 0.07905714213848114, "visibility": 0.9933681488037109, "presence": 0.9994506239891052}, "right ear": {"x": 0.13832882046699524, "y": 0.5622150301933289, "z": -0.07660870254039764, "visibility": 0.9961420893669128, "presence": 0.9997959733009338}, "mouth (left)": {"x": 0.10483711957931519, "y": 0.5667315721511841, "z": 0.16936898231506348, "visibility": 0.9849622249603271, "presence": 0.9993320107460022}, "mouth (right)": {"x": 0.11713549494743347, "y": 0.5713607668876648, "z": 0.13282792270183563, "visibility": 0.9905734658241272, "presence": 0.9991520643234253}, "left shoulder": {"x": 0.0028835050761699677, "y": 0.5707584619522095, "z": 0.16751360893249512, "visibility": 0.9963609576225281, "presence": 0.9991581439971924}, "right shoulder": {"x": 0.1256616711616516, "y": 0.606763482093811, "z": -0.21741650998592377, "visibility": 0.9992566704750061, "presence": 0.999777615070343}, "left elbow": {"x": -0.011620039120316505, "y": 0.6270962953567505, "z": 0.3544527292251587, "visibility": 0.1382591873407364, "presence": 0.9721689820289612}, "right elbow": {"x": 0.18956737220287323, "y": 0.6751090884208679, "z": -0.13277901709079742, "visibility": 0.9115411639213562, "presence": 0.9845485687255859}, "left wrist": {"x": 0.06424233317375183, "y": 0.6020292639732361, "z": 0.5326659679412842, "visibility": 0.008950318209826946, "presence": 0.9921891689300537}, "right wrist": {"x": 0.14554773271083832, "y": 0.6321894526481628, "z": 0.24207495152950287, "visibility": 0.2224637269973755, "presence": 0.998621940612793}, "left pinky": {"x": 0.07559137791395187, "y": 0.6014849543571472, "z": 0.5813533067703247, "visibility": 0.015950094908475876, "presence": 0.9931097030639648}, "right pinky": {"x": 0.12583936750888824, "y": 0.6202340722084045, "z": 0.262665718793869, "visibility": 0.18984030187129974, "presence": 0.9988107681274414}, "left index": {"x": 0.07683572173118591, "y": 0.6013473868370056, "z": 0.5538139939308167, "visibility": 0.017583269625902176, "presence": 0.9922073483467102}, "right index": {"x": 0.12091117352247238, "y": 0.6170279383659363, "z": 0.24803195893764496, "visibility": 0.19783902168273926, "presence": 0.9989797472953796}, "left thumb": {"x": 0.07751276344060898, "y": 0.6025952100753784, "z": 0.5257670283317566, "visibility": 0.016741598024964333, "presence": 0.9937142729759216}, "right thumb": {"x": 0.12402971088886261, "y": 0.6202970743179321, "z": 0.24365419149398804, "visibility": 0.1775638461112976, "presence": 0.9992196559906006}, "left hip": {"x": -0.09479673951864243, "y": 0.7394801378250122, "z": 0.14126341044902802, "visibility": 0.9890064597129822, "presence": 0.9940199851989746}, "right hip": {"x": -0.045648664236068726, "y": 0.7480546236038208, "z": -0.14145952463150024, "visibility": 0.9938822984695435, "presence": 0.9956281185150146}, "left knee": {"x": 0.13471104204654694, "y": 0.7888473868370056, "z": 0.22560906410217285, "visibility": 0.27110549807548523, "presence": 0.9934428930282593}, "right knee": {"x": 0.1327400952577591, "y": 0.7942866086959839, "z": -0.15097400546073914, "visibility": 0.9317628145217896, "presence": 0.9979022741317749}, "left ankle": {"x": 0.19648918509483337, "y": 0.9097035527229309, "z": 0.25666239857673645, "visibility": 0.5460777282714844, "presence": 0.9695493578910828}, "right ankle": {"x": 0.20674902200698853, "y": 0.9241765141487122, "z": -0.07335871458053589, "visibility": 0.9214648008346558, "presence": 0.9304486513137817}, "left heel": {"x": 0.1816747933626175, "y": 0.943884015083313, "z": 0.2574699819087982, "visibility": 0.7557787895202637, "presence": 0.9394909143447876}, "right heel": {"x": 0.19336996972560883, "y": 0.9531370401382446, "z": -0.060639068484306335, "visibility": 0.9447462558746338, "presence": 0.9268826842308044}, "left foot index": {"x": 0.26341354846954346, "y": 0.8978687524795532, "z": 0.2103518843650818, "visibility": 0.4596641957759857, "presence": 0.980802059173584}, "right foot index": {"x": 0.2891795039176941, "y": 0.9104236364364624, "z": -0.10558474808931351, "visibility": 0.776676595211029, "presence": 0.9484548568725586}, "timestamp": "20240418-210151"}