{"nose": {"x": 0.09018157422542572, "y": 0.5563511848449707, "z": 0.24498659372329712, "visibility": 0.9821105599403381, "presence": 0.9932907819747925}, "left eye (inner)": {"x": 0.0903502032160759, "y": 0.5460225343704224, "z": 0.21129076182842255, "visibility": 0.9837459921836853, "presence": 0.9944280385971069}, "left eye": {"x": 0.08464210480451584, "y": 0.5437906980514526, "z": 0.21086733043193817, "visibility": 0.9836120009422302, "presence": 0.9951636791229248}, "left eye (outer)": {"x": 0.07893776148557663, "y": 0.5416046977043152, "z": 0.21095725893974304, "visibility": 0.9827089309692383, "presence": 0.9945447444915771}, "right eye (inner)": {"x": 0.10331380367279053, "y": 0.5502842664718628, "z": 0.17470823228359222, "visibility": 0.9916696548461914, "presence": 0.9957767128944397}, "right eye": {"x": 0.1073022186756134, "y": 0.5511334538459778, "z": 0.1740681231021881, "visibility": 0.9952036738395691, "presence": 0.9973275661468506}, "right eye (outer)": {"x": 0.11138205975294113, "y": 0.5520198345184326, "z": 0.17370669543743134, "visibility": 0.996501088142395, "presence": 0.9978052973747253}, "left ear": {"x": 0.06422356516122818, "y": 0.5401289463043213, "z": 0.1306639462709427, "visibility": 0.9943774938583374, "presence": 0.9959035515785217}, "right ear": {"x": 0.10835988074541092, "y": 0.5550370216369629, "z": -0.033146221190690994, "visibility": 0.9978905320167542, "presence": 0.9985476136207581}, "mouth (left)": {"x": 0.07439767569303513, "y": 0.5606088042259216, "z": 0.23057852685451508, "visibility": 0.9849201440811157, "presence": 0.9943760633468628}, "mouth (right)": {"x": 0.08719195425510406, "y": 0.5648928880691528, "z": 0.1778457909822464, "visibility": 0.9919461607933044, "presence": 0.9932030439376831}, "left shoulder": {"x": -0.03332455828785896, "y": 0.5713472962379456, "z": 0.18053849041461945, "visibility": 0.9942169785499573, "presence": 0.994279146194458}, "right shoulder": {"x": 0.09157880395650864, "y": 0.5939802527427673, "z": -0.1984807401895523, "visibility": 0.9993317127227783, "presence": 0.998729407787323}, "left elbow": {"x": -0.04598557576537132, "y": 0.6174080967903137, "z": 0.40915700793266296, "visibility": 0.13309180736541748, "presence": 0.8575809597969055}, "right elbow": {"x": 0.16196861863136292, "y": 0.6599026322364807, "z": -0.1240561455488205, "visibility": 0.971031129360199, "presence": 0.9061553478240967}, "left wrist": {"x": 0.019800422713160515, "y": 0.5978764295578003, "z": 0.6986774206161499, "visibility": 0.00543808750808239, "presence": 0.9367644786834717}, "right wrist": {"x": 0.12383310496807098, "y": 0.6254479289054871, "z": 0.2641275227069855, "visibility": 0.3151546120643616, "presence": 0.992615818977356}, "left pinky": {"x": 0.037216540426015854, "y": 0.594154417514801, "z": 0.7704331278800964, "visibility": 0.009946659207344055, "presence": 0.9491033554077148}, "right pinky": {"x": 0.10909203439950943, "y": 0.6122422218322754, "z": 0.2946421802043915, "visibility": 0.26433977484703064, "presence": 0.9939261078834534}, "left index": {"x": 0.03925599530339241, "y": 0.591899573802948, "z": 0.7467780113220215, "visibility": 0.011222651228308678, "presence": 0.9418016076087952}, "right index": {"x": 0.0964123010635376, "y": 0.6066023707389832, "z": 0.2862483263015747, "visibility": 0.27361515164375305, "presence": 0.9949219822883606}, "left thumb": {"x": 0.038088325411081314, "y": 0.5965621471405029, "z": 0.6970231533050537, "visibility": 0.011143380776047707, "presence": 0.9491633772850037}, "right thumb": {"x": 0.09757600724697113, "y": 0.6108012795448303, "z": 0.2687576711177826, "visibility": 0.2405088096857071, "presence": 0.9961180686950684}, "left hip": {"x": -0.09011612832546234, "y": 0.7309299111366272, "z": 0.13362924754619598, "visibility": 0.9778229594230652, "presence": 0.9653635621070862}, "right hip": {"x": -0.05631904676556587, "y": 0.7382689714431763, "z": -0.1338464617729187, "visibility": 0.9881131649017334, "presence": 0.9739680886268616}, "left knee": {"x": 0.10948058217763901, "y": 0.7858275771141052, "z": 0.26093870401382446, "visibility": 0.2619386613368988, "presence": 0.9612022638320923}, "right knee": {"x": 0.11747384816408157, "y": 0.8007505536079407, "z": -0.16116134822368622, "visibility": 0.966477632522583, "presence": 0.9858191013336182}, "left ankle": {"x": 0.19455614686012268, "y": 0.9063581228256226, "z": 0.23542119562625885, "visibility": 0.6070539355278015, "presence": 0.9291515946388245}, "right ankle": {"x": 0.2035015970468521, "y": 0.9205397367477417, "z": -0.1399756819009781, "visibility": 0.9690481424331665, "presence": 0.7796670198440552}, "left heel": {"x": 0.18677857518196106, "y": 0.9405986070632935, "z": 0.23205898702144623, "visibility": 0.794693112373352, "presence": 0.8711552023887634}, "right heel": {"x": 0.19429679214954376, "y": 0.9501835107803345, "z": -0.13268524408340454, "visibility": 0.9804124236106873, "presence": 0.7814007997512817}, "left foot index": {"x": 0.26471221446990967, "y": 0.8957774043083191, "z": 0.17297418415546417, "visibility": 0.5200934410095215, "presence": 0.9500330090522766}, "right foot index": {"x": 0.28887709975242615, "y": 0.9059616923332214, "z": -0.1875094771385193, "visibility": 0.881221354007721, "presence": 0.8175928592681885}, "timestamp": "20240418-210131"}