{"nose": {"x": 0.506287693977356, "y": 0.2039954662322998, "z": -0.1376841515302658, "visibility": 0.9999616146087646, "presence": 0.9999868869781494}, "left eye (inner)": {"x": 0.5013142824172974, "y": 0.18629823625087738, "z": -0.13079817593097687, "visibility": 0.9999508261680603, "presence": 0.9999909400939941}, "left eye": {"x": 0.5005706548690796, "y": 0.18523460626602173, "z": -0.1310749053955078, "visibility": 0.9999577403068542, "presence": 0.9999947547912598}, "left eye (outer)": {"x": 0.49998950958251953, "y": 0.1842508167028427, "z": -0.1310957372188568, "visibility": 0.9999720454216003, "presence": 0.999995231628418}, "right eye (inner)": {"x": 0.49961739778518677, "y": 0.18779045343399048, "z": -0.1535230576992035, "visibility": 0.9999682307243347, "presence": 0.9999712705612183}, "right eye": {"x": 0.4974936842918396, "y": 0.18785592913627625, "z": -0.1537112295627594, "visibility": 0.9999738335609436, "presence": 0.9999700784683228}, "right eye (outer)": {"x": 0.4951849579811096, "y": 0.18811281025409698, "z": -0.15377488732337952, "visibility": 0.9999768137931824, "presence": 0.9999552965164185}, "left ear": {"x": 0.49050742387771606, "y": 0.19047003984451294, "z": -0.08489613234996796, "visibility": 0.9999836087226868, "presence": 0.9999988079071045}, "right ear": {"x": 0.48238128423690796, "y": 0.1945975422859192, "z": -0.1866558939218521, "visibility": 0.9999358654022217, "presence": 0.9999568462371826}, "mouth (left)": {"x": 0.5021116733551025, "y": 0.21919934451580048, "z": -0.11519882827997208, "visibility": 0.9999539852142334, "presence": 0.9999972581863403}, "mouth (right)": {"x": 0.5005022287368774, "y": 0.2207004278898239, "z": -0.14630232751369476, "visibility": 0.9999533295631409, "presence": 0.9999852180480957}, "left shoulder": {"x": 0.48825913667678833, "y": 0.25955960154533386, "z": -0.012049672193825245, "visibility": 0.9999898672103882, "presence": 0.9999998807907104}, "right shoulder": {"x": 0.45553016662597656, "y": 0.2879580557346344, "z": -0.19682469964027405, "visibility": 0.9999899864196777, "presence": 0.9999819993972778}, "left elbow": {"x": 0.5232869386672974, "y": 0.3100660741329193, "z": 0.06504221260547638, "visibility": 0.6831027269363403, "presence": 0.9999980926513672}, "right elbow": {"x": 0.46473637223243713, "y": 0.4125898480415344, "z": -0.19467850029468536, "visibility": 0.9562448859214783, "presence": 0.9987403750419617}, "left wrist": {"x": 0.5497410893440247, "y": 0.25326892733573914, "z": 0.0829206183552742, "visibility": 0.7709781527519226, "presence": 0.9999961853027344}, "right wrist": {"x": 0.48937559127807617, "y": 0.43997085094451904, "z": -0.1523813158273697, "visibility": 0.9162721633911133, "presence": 0.999291181564331}, "left pinky": {"x": 0.5593351125717163, "y": 0.2407216876745224, "z": 0.08561212569475174, "visibility": 0.7909129858016968, "presence": 0.9999827146530151}, "right pinky": {"x": 0.49696120619773865, "y": 0.4458378255367279, "z": -0.17142264544963837, "visibility": 0.9189290404319763, "presence": 0.9992110729217529}, "left index": {"x": 0.5567728877067566, "y": 0.23419243097305298, "z": 0.07132623344659805, "visibility": 0.7941156029701233, "presence": 0.9999762773513794}, "right index": {"x": 0.49872320890426636, "y": 0.4285000264644623, "z": -0.17169225215911865, "visibility": 0.9184019565582275, "presence": 0.9991056323051453}, "left thumb": {"x": 0.5523573160171509, "y": 0.242728590965271, "z": 0.07765033096075058, "visibility": 0.7848784923553467, "presence": 0.9999880790710449}, "right thumb": {"x": 0.4952619969844818, "y": 0.42485329508781433, "z": -0.15337681770324707, "visibility": 0.9073981642723083, "presence": 0.999432384967804}, "left hip": {"x": 0.444976270198822, "y": 0.4528101980686188, "z": 0.07251597195863724, "visibility": 0.9999861121177673, "presence": 0.9999998807907104}, "right hip": {"x": 0.4303646981716156, "y": 0.47061020135879517, "z": -0.07242827862501144, "visibility": 0.9999909400939941, "presence": 0.9999994039535522}, "left knee": {"x": 0.47669023275375366, "y": 0.5470216274261475, "z": 0.26817989349365234, "visibility": 0.5966895818710327, "presence": 0.999998927116394}, "right knee": {"x": 0.501281201839447, "y": 0.5818924903869629, "z": -0.09771246463060379, "visibility": 0.9899054765701294, "presence": 0.9999974966049194}, "left ankle": {"x": 0.443901002407074, "y": 0.6342977285385132, "z": 0.4051724076271057, "visibility": 0.6720300316810608, "presence": 0.99998939037323}, "right ankle": {"x": 0.47616010904312134, "y": 0.760030210018158, "z": -0.05479048565030098, "visibility": 0.9942523241043091, "presence": 0.9999350309371948}, "left heel": {"x": 0.42893123626708984, "y": 0.6510367393493652, "z": 0.41590529680252075, "visibility": 0.7313277125358582, "presence": 0.9999666213989258}, "right heel": {"x": 0.46345728635787964, "y": 0.7913460731506348, "z": -0.04883125424385071, "visibility": 0.9851314425468445, "presence": 0.9998503923416138}, "left foot index": {"x": 0.4715798795223236, "y": 0.6540066599845886, "z": 0.4259135127067566, "visibility": 0.793296217918396, "presence": 0.9999439716339111}, "right foot index": {"x": 0.5095776319503784, "y": 0.7953484654426575, "z": -0.06387338787317276, "visibility": 0.992093563079834, "presence": 0.999312162399292}, "timestamp": "20240413-004348"}