{"nose": {"x": 0.5039400458335876, "y": 0.17788109183311462, "z": -0.07396126538515091, "visibility": 0.9999755024909973, "presence": 0.9999960660934448}, "left eye (inner)": {"x": 0.5007853507995605, "y": 0.16325166821479797, "z": -0.07086625695228577, "visibility": 0.9999623894691467, "presence": 0.9999961853027344}, "left eye": {"x": 0.49962013959884644, "y": 0.16281010210514069, "z": -0.07108169049024582, "visibility": 0.9999638199806213, "presence": 0.9999970197677612}, "left eye (outer)": {"x": 0.49867314100265503, "y": 0.16242624819278717, "z": -0.07105021923780441, "visibility": 0.9999755024909973, "presence": 0.999996542930603}, "right eye (inner)": {"x": 0.500363290309906, "y": 0.16327965259552002, "z": -0.09294797480106354, "visibility": 0.999980092048645, "presence": 0.9999938011169434}, "right eye": {"x": 0.4988240599632263, "y": 0.1628638356924057, "z": -0.09312498569488525, "visibility": 0.9999831914901733, "presence": 0.9999945163726807}, "right eye (outer)": {"x": 0.49711209535598755, "y": 0.16247177124023438, "z": -0.09318480640649796, "visibility": 0.9999852180480957, "presence": 0.9999927282333374}, "left ear": {"x": 0.49002331495285034, "y": 0.16452248394489288, "z": -0.04066815227270126, "visibility": 0.9999784827232361, "presence": 0.9999982118606567}, "right ear": {"x": 0.4844830632209778, "y": 0.16616536676883698, "z": -0.14064344763755798, "visibility": 0.9999598860740662, "presence": 0.9999936819076538}, "mouth (left)": {"x": 0.4981745183467865, "y": 0.193108469247818, "z": -0.05702261999249458, "visibility": 0.9999657273292542, "presence": 0.999996542930603}, "mouth (right)": {"x": 0.49815815687179565, "y": 0.19342860579490662, "z": -0.08747311681509018, "visibility": 0.9999701976776123, "presence": 0.9999912977218628}, "left shoulder": {"x": 0.46240320801734924, "y": 0.22469525039196014, "z": 0.02946477010846138, "visibility": 0.9999918341636658, "presence": 0.9999992847442627}, "right shoulder": {"x": 0.47164806723594666, "y": 0.2540968954563141, "z": -0.17483264207839966, "visibility": 0.9999921321868896, "presence": 0.9999939203262329}, "left elbow": {"x": 0.4873439371585846, "y": 0.28904038667678833, "z": 0.12342184782028198, "visibility": 0.6175518035888672, "presence": 0.9999808073043823}, "right elbow": {"x": 0.4979986548423767, "y": 0.34169700741767883, "z": -0.1717887669801712, "visibility": 0.9805290102958679, "presence": 0.999745786190033}, "left wrist": {"x": 0.5366774201393127, "y": 0.2735011577606201, "z": 0.1773250848054886, "visibility": 0.7166465520858765, "presence": 0.9999552965164185}, "right wrist": {"x": 0.543470025062561, "y": 0.3159199059009552, "z": -0.10128425061702728, "visibility": 0.9481775164604187, "presence": 0.9999006986618042}, "left pinky": {"x": 0.5407067537307739, "y": 0.2679558992385864, "z": 0.19367769360542297, "visibility": 0.745611310005188, "presence": 0.9999055862426758}, "right pinky": {"x": 0.5548063516616821, "y": 0.3131953477859497, "z": -0.11660812795162201, "visibility": 0.9451367259025574, "presence": 0.99986732006073}, "left index": {"x": 0.5399503111839294, "y": 0.26814892888069153, "z": 0.17426124215126038, "visibility": 0.7500013709068298, "presence": 0.999855637550354}, "right index": {"x": 0.5527539253234863, "y": 0.30014654994010925, "z": -0.1114090234041214, "visibility": 0.945939302444458, "presence": 0.9998408555984497}, "left thumb": {"x": 0.5374204516410828, "y": 0.2705921530723572, "z": 0.17123976349830627, "visibility": 0.7379739284515381, "presence": 0.999909520149231}, "right thumb": {"x": 0.5468782782554626, "y": 0.3023116886615753, "z": -0.09921048581600189, "visibility": 0.9232490062713623, "presence": 0.9998993873596191}, "left hip": {"x": 0.43588870763778687, "y": 0.4453757405281067, "z": 0.07797519862651825, "visibility": 0.9999869465827942, "presence": 0.9999995231628418}, "right hip": {"x": 0.4350132346153259, "y": 0.4571147859096527, "z": -0.07796377688646317, "visibility": 0.9999916553497314, "presence": 0.9999990463256836}, "left knee": {"x": 0.47226929664611816, "y": 0.5343477129936218, "z": 0.2923784852027893, "visibility": 0.470854252576828, "presence": 0.9999874830245972}, "right knee": {"x": 0.489484965801239, "y": 0.5748175978660583, "z": -0.10274781286716461, "visibility": 0.9895566701889038, "presence": 0.9999961853027344}, "left ankle": {"x": 0.44271349906921387, "y": 0.6303331255912781, "z": 0.426250696182251, "visibility": 0.5601776838302612, "presence": 0.9999443292617798}, "right ankle": {"x": 0.4774797558784485, "y": 0.7544228434562683, "z": -0.10929377377033234, "visibility": 0.9931834936141968, "presence": 0.9998538494110107}, "left heel": {"x": 0.4279586672782898, "y": 0.6530737280845642, "z": 0.4381895959377289, "visibility": 0.6269441246986389, "presence": 0.9998389482498169}, "right heel": {"x": 0.46336883306503296, "y": 0.7849119305610657, "z": -0.10822410881519318, "visibility": 0.981595516204834, "presence": 0.9996090531349182}, "left foot index": {"x": 0.46693477034568787, "y": 0.6407805681228638, "z": 0.4639403820037842, "visibility": 0.7378491163253784, "presence": 0.9999020099639893}, "right foot index": {"x": 0.5127888917922974, "y": 0.7888583540916443, "z": -0.11292845010757446, "visibility": 0.9925006628036499, "presence": 0.9988100528717041}, "timestamp": "20240413-004341"}