{"nose": {"x": 0.49451231956481934, "y": 0.17169009149074554, "z": 0.003877175971865654, "visibility": 0.9999751448631287, "presence": 0.9999969005584717}, "left eye (inner)": {"x": 0.4910324215888977, "y": 0.15648433566093445, "z": 0.0029835226014256477, "visibility": 0.9999585151672363, "presence": 0.9999964237213135}, "left eye": {"x": 0.48911404609680176, "y": 0.15553641319274902, "z": 0.002817137399688363, "visibility": 0.999966561794281, "presence": 0.9999969005584717}, "left eye (outer)": {"x": 0.4877423644065857, "y": 0.15463247895240784, "z": 0.0028907922096550465, "visibility": 0.9999738931655884, "presence": 0.9999961853027344}, "right eye (inner)": {"x": 0.4921515882015228, "y": 0.1568814516067505, "z": -0.017284702509641647, "visibility": 0.9999738931655884, "presence": 0.9999958276748657}, "right eye": {"x": 0.49103617668151855, "y": 0.15638482570648193, "z": -0.01750090718269348, "visibility": 0.9999805092811584, "presence": 0.9999966621398926}, "right eye (outer)": {"x": 0.489740788936615, "y": 0.15580950677394867, "z": -0.017537113279104233, "visibility": 0.999981164932251, "presence": 0.9999960660934448}, "left ear": {"x": 0.47958827018737793, "y": 0.1574123650789261, "z": 0.019752763211727142, "visibility": 0.9999818205833435, "presence": 0.9999972581863403}, "right ear": {"x": 0.4780424237251282, "y": 0.15785913169384003, "z": -0.0728088915348053, "visibility": 0.9999572038650513, "presence": 0.9999969005584717}, "mouth (left)": {"x": 0.4887901246547699, "y": 0.1857082098722458, "z": 0.016665298491716385, "visibility": 0.9999597668647766, "presence": 0.9999960660934448}, "mouth (right)": {"x": 0.4896060824394226, "y": 0.18564993143081665, "z": -0.011688729748129845, "visibility": 0.9999638795852661, "presence": 0.9999929666519165}, "left shoulder": {"x": 0.4500638544559479, "y": 0.22665069997310638, "z": 0.08099231123924255, "visibility": 0.9999862313270569, "presence": 0.9999980926513672}, "right shoulder": {"x": 0.47716575860977173, "y": 0.22797349095344543, "z": -0.11413327604532242, "visibility": 0.9999871253967285, "presence": 0.9999959468841553}, "left elbow": {"x": 0.49785882234573364, "y": 0.27716243267059326, "z": 0.13705284893512726, "visibility": 0.6461923122406006, "presence": 0.9999703168869019}, "right elbow": {"x": 0.5326542258262634, "y": 0.2550017535686493, "z": -0.12265851348638535, "visibility": 0.9917807579040527, "presence": 0.9999427795410156}, "left wrist": {"x": 0.5455837249755859, "y": 0.2701687812805176, "z": 0.16162723302841187, "visibility": 0.7003134489059448, "presence": 0.9999232292175293}, "right wrist": {"x": 0.5653600096702576, "y": 0.17062120139598846, "z": -0.05137971043586731, "visibility": 0.9759552478790283, "presence": 0.9999500513076782}, "left pinky": {"x": 0.5542498230934143, "y": 0.2507304847240448, "z": 0.17386554181575775, "visibility": 0.7290543913841248, "presence": 0.9999070167541504}, "right pinky": {"x": 0.5770834684371948, "y": 0.1565851867198944, "z": -0.07012112438678741, "visibility": 0.9760466814041138, "presence": 0.9999443292617798}, "left index": {"x": 0.5557831525802612, "y": 0.24843859672546387, "z": 0.15705783665180206, "visibility": 0.7309405207633972, "presence": 0.9998506307601929}, "right index": {"x": 0.5717107057571411, "y": 0.14761236310005188, "z": -0.058804385364055634, "visibility": 0.9766205549240112, "presence": 0.9999308586120605}, "left thumb": {"x": 0.5545986890792847, "y": 0.257283478975296, "z": 0.15540586411952972, "visibility": 0.7285435199737549, "presence": 0.9998817443847656}, "right thumb": {"x": 0.5671831369400024, "y": 0.15199629962444305, "z": -0.047907087951898575, "visibility": 0.9648866057395935, "presence": 0.9999535083770752}, "left hip": {"x": 0.4226759374141693, "y": 0.444230854511261, "z": 0.07651732861995697, "visibility": 0.9999871253967285, "presence": 0.9999990463256836}, "right hip": {"x": 0.4331178069114685, "y": 0.4572516083717346, "z": -0.07650572806596756, "visibility": 0.9999898672103882, "presence": 0.999998927116394}, "left knee": {"x": 0.46123409271240234, "y": 0.5255075097084045, "z": 0.26768937706947327, "visibility": 0.5914143323898315, "presence": 0.999990701675415}, "right knee": {"x": 0.49306756258010864, "y": 0.5790039300918579, "z": -0.04075941815972328, "visibility": 0.9966060519218445, "presence": 0.9999985694885254}, "left ankle": {"x": 0.4364408850669861, "y": 0.6264330148696899, "z": 0.3950030207633972, "visibility": 0.7190690040588379, "presence": 0.9999659061431885}, "right ankle": {"x": 0.4715670049190521, "y": 0.7532312870025635, "z": -0.025961508974432945, "visibility": 0.993686854839325, "presence": 0.9999452829360962}, "left heel": {"x": 0.42181211709976196, "y": 0.6526290774345398, "z": 0.40640586614608765, "visibility": 0.7782993316650391, "presence": 0.9999157190322876}, "right heel": {"x": 0.45572781562805176, "y": 0.7827919721603394, "z": -0.022921063005924225, "visibility": 0.9828687310218811, "presence": 0.9998701810836792}, "left foot index": {"x": 0.45797958970069885, "y": 0.6341390609741211, "z": 0.4237552583217621, "visibility": 0.8763253688812256, "presence": 0.9999493360519409}, "right foot index": {"x": 0.5092583894729614, "y": 0.7899137139320374, "z": -0.034150365740060806, "visibility": 0.9947727918624878, "presence": 0.9997099041938782}, "timestamp": "20240413-004355"}