{"nose": {"x": 0.5147831439971924, "y": 0.16056428849697113, "z": -0.18491467833518982, "visibility": 0.9999560117721558, "presence": 0.9999347925186157}, "left eye (inner)": {"x": 0.5117740631103516, "y": 0.14624567329883575, "z": -0.17878538370132446, "visibility": 0.9999271631240845, "presence": 0.9999233484268188}, "left eye": {"x": 0.5104946494102478, "y": 0.1455327570438385, "z": -0.1790686398744583, "visibility": 0.9999197721481323, "presence": 0.9999419450759888}, "left eye (outer)": {"x": 0.509300172328949, "y": 0.1446799784898758, "z": -0.1790839433670044, "visibility": 0.9999455213546753, "presence": 0.9999393224716187}, "right eye (inner)": {"x": 0.5111749768257141, "y": 0.14623554050922394, "z": -0.20068654417991638, "visibility": 0.9999674558639526, "presence": 0.9998940229415894}, "right eye": {"x": 0.5095162987709045, "y": 0.1455901861190796, "z": -0.20090651512145996, "visibility": 0.9999720454216003, "presence": 0.9999197721481323}, "right eye (outer)": {"x": 0.5079145431518555, "y": 0.1446642428636551, "z": -0.20102420449256897, "visibility": 0.9999786019325256, "presence": 0.9999152421951294}, "left ear": {"x": 0.4961768090724945, "y": 0.14267820119857788, "z": -0.13147160410881042, "visibility": 0.9999411702156067, "presence": 0.999971866607666}, "right ear": {"x": 0.49552401900291443, "y": 0.1432797908782959, "z": -0.23052342236042023, "visibility": 0.9999417066574097, "presence": 0.9999336004257202}, "mouth (left)": {"x": 0.5087212920188904, "y": 0.17484360933303833, "z": -0.1621062308549881, "visibility": 0.9999238848686218, "presence": 0.9999899864196777}, "mouth (right)": {"x": 0.5082567930221558, "y": 0.17502713203430176, "z": -0.19249697029590607, "visibility": 0.9999428391456604, "presence": 0.9999809265136719}, "left shoulder": {"x": 0.4870077073574066, "y": 0.21798719465732574, "z": -0.05319588631391525, "visibility": 0.9999766945838928, "presence": 0.9999991655349731}, "right shoulder": {"x": 0.45417898893356323, "y": 0.250573992729187, "z": -0.23969027400016785, "visibility": 0.9999868273735046, "presence": 0.9999969005584717}, "left elbow": {"x": 0.5151527523994446, "y": 0.2882382571697235, "z": 0.01736895740032196, "visibility": 0.3239416778087616, "presence": 0.9999903440475464}, "right elbow": {"x": 0.4420243799686432, "y": 0.379025399684906, "z": -0.27328282594680786, "visibility": 0.9893838763237, "presence": 0.9998648166656494}, "left wrist": {"x": 0.5455281138420105, "y": 0.27343881130218506, "z": 0.004199942573904991, "visibility": 0.41665738821029663, "presence": 0.9999865293502808}, "right wrist": {"x": 0.5075010061264038, "y": 0.42435070872306824, "z": -0.3100112974643707, "visibility": 0.9834863543510437, "presence": 0.9999927282333374}, "left pinky": {"x": 0.5515066981315613, "y": 0.23668290674686432, "z": 0.0016043654177337885, "visibility": 0.4628751873970032, "presence": 0.9999600648880005}, "right pinky": {"x": 0.5222889184951782, "y": 0.44767388701438904, "z": -0.34813857078552246, "visibility": 0.9845797419548035, "presence": 0.9999864101409912}, "left index": {"x": 0.5510520339012146, "y": 0.22758589684963226, "z": -0.020205650478601456, "visibility": 0.4647578001022339, "presence": 0.999955415725708}, "right index": {"x": 0.5279293060302734, "y": 0.4378531575202942, "z": -0.34197574853897095, "visibility": 0.9837039113044739, "presence": 0.9999909400939941}, "left thumb": {"x": 0.545944094657898, "y": 0.23482263088226318, "z": -0.004144621081650257, "visibility": 0.45676854252815247, "presence": 0.9999758005142212}, "right thumb": {"x": 0.5230820178985596, "y": 0.4283168315887451, "z": -0.3100346028804779, "visibility": 0.9744459986686707, "presence": 0.999995231628418}, "left hip": {"x": 0.4410037398338318, "y": 0.4210945963859558, "z": 0.07105592638254166, "visibility": 0.9999792575836182, "presence": 0.9999983310699463}, "right hip": {"x": 0.42733120918273926, "y": 0.4407961666584015, "z": -0.07107222825288773, "visibility": 0.9999903440475464, "presence": 0.9999972581863403}, "left knee": {"x": 0.45620909333229065, "y": 0.538585901260376, "z": 0.26056617498397827, "visibility": 0.437481164932251, "presence": 0.9999549388885498}, "right knee": {"x": 0.4728422164916992, "y": 0.576090931892395, "z": -0.08276040852069855, "visibility": 0.9802801012992859, "presence": 0.9999732971191406}, "left ankle": {"x": 0.44591593742370605, "y": 0.6323379278182983, "z": 0.4406610429286957, "visibility": 0.6326285600662231, "presence": 0.9998989105224609}, "right ankle": {"x": 0.478170782327652, "y": 0.7505420446395874, "z": -0.06488755345344543, "visibility": 0.9870750308036804, "presence": 0.999716579914093}, "left heel": {"x": 0.4331147074699402, "y": 0.6538522839546204, "z": 0.45377689599990845, "visibility": 0.7235535979270935, "presence": 0.9997366070747375}, "right heel": {"x": 0.4666185975074768, "y": 0.7821018695831299, "z": -0.06397698819637299, "visibility": 0.9766831994056702, "presence": 0.9994788765907288}, "left foot index": {"x": 0.47024035453796387, "y": 0.6549027562141418, "z": 0.41975274682044983, "visibility": 0.7312864065170288, "presence": 0.999850869178772}, "right foot index": {"x": 0.5192097425460815, "y": 0.779987096786499, "z": -0.09219209849834442, "visibility": 0.9859701991081238, "presence": 0.9985120892524719}, "timestamp": "20240413-004339"}