{"nose": {"x": 0.514291524887085, "y": 0.1682746559381485, "z": 0.0063886940479278564, "visibility": 0.999982476234436, "presence": 0.999996542930603}, "left eye (inner)": {"x": 0.5108659267425537, "y": 0.15149693191051483, "z": 0.0024595041759312153, "visibility": 0.999976634979248, "presence": 0.9999957084655762}, "left eye": {"x": 0.5087233781814575, "y": 0.15047790110111237, "z": 0.0022250099573284388, "visibility": 0.9999794960021973, "presence": 0.9999960660934448}, "left eye (outer)": {"x": 0.5066982507705688, "y": 0.14976763725280762, "z": 0.0023241937160491943, "visibility": 0.9999854564666748, "presence": 0.9999947547912598}, "right eye (inner)": {"x": 0.5127744674682617, "y": 0.15208759903907776, "z": -0.015820089727640152, "visibility": 0.9999856352806091, "presence": 0.9999960660934448}, "right eye": {"x": 0.5123227834701538, "y": 0.15156538784503937, "z": -0.01607087254524231, "visibility": 0.9999887347221375, "presence": 0.9999971389770508}, "right eye (outer)": {"x": 0.5120766162872314, "y": 0.15102434158325195, "z": -0.016101950779557228, "visibility": 0.9999896287918091, "presence": 0.9999967813491821}, "left ear": {"x": 0.4948263168334961, "y": 0.1508009433746338, "z": 0.006243647076189518, "visibility": 0.999991774559021, "presence": 0.9999960660934448}, "right ear": {"x": 0.5034400820732117, "y": 0.15297561883926392, "z": -0.07746733725070953, "visibility": 0.9999737739562988, "presence": 0.9999973773956299}, "mouth (left)": {"x": 0.5079129934310913, "y": 0.18121223151683807, "z": 0.015245461836457253, "visibility": 0.9999693632125854, "presence": 0.9999938011169434}, "mouth (right)": {"x": 0.5102704763412476, "y": 0.18136487901210785, "z": -0.01068289764225483, "visibility": 0.9999687075614929, "presence": 0.9999904632568359}, "left shoulder": {"x": 0.45336323976516724, "y": 0.2180529087781906, "z": 0.05912880226969719, "visibility": 0.9999826550483704, "presence": 0.9999960660934448}, "right shoulder": {"x": 0.507724404335022, "y": 0.22433172166347504, "z": -0.11324720084667206, "visibility": 0.9999886155128479, "presence": 0.9999938011169434}, "left elbow": {"x": 0.47566309571266174, "y": 0.29547640681266785, "z": 0.17638470232486725, "visibility": 0.4958094656467438, "presence": 0.9998787641525269}, "right elbow": {"x": 0.5709114074707031, "y": 0.2376270294189453, "z": -0.12135696411132812, "visibility": 0.9899743795394897, "presence": 0.9999170303344727}, "left wrist": {"x": 0.521058201789856, "y": 0.285180926322937, "z": 0.28327590227127075, "visibility": 0.5396732687950134, "presence": 0.999906063079834}, "right wrist": {"x": 0.5792241096496582, "y": 0.1379447877407074, "z": -0.04285667836666107, "visibility": 0.9841330647468567, "presence": 0.9999810457229614}, "left pinky": {"x": 0.5295904874801636, "y": 0.2845502495765686, "z": 0.3057602047920227, "visibility": 0.5701183676719666, "presence": 0.9998910427093506}, "right pinky": {"x": 0.5862001180648804, "y": 0.11522860080003738, "z": -0.058361150324344635, "visibility": 0.985078752040863, "presence": 0.9999736547470093}, "left index": {"x": 0.54194176197052, "y": 0.2859685719013214, "z": 0.2884868085384369, "visibility": 0.5701605081558228, "presence": 0.9998301267623901}, "right index": {"x": 0.5752246379852295, "y": 0.11007813364267349, "z": -0.05750040337443352, "visibility": 0.9841501712799072, "presence": 0.9999686479568481}, "left thumb": {"x": 0.5345717072486877, "y": 0.28649091720581055, "z": 0.27887654304504395, "visibility": 0.5731430649757385, "presence": 0.9998736381530762}, "right thumb": {"x": 0.5711068511009216, "y": 0.11734969913959503, "z": -0.04357661306858063, "visibility": 0.9748826026916504, "presence": 0.9999816417694092}, "left hip": {"x": 0.4240742623806, "y": 0.4511980712413788, "z": 0.06698532402515411, "visibility": 0.9999839663505554, "presence": 0.9999983310699463}, "right hip": {"x": 0.4527524411678314, "y": 0.46983829140663147, "z": -0.06712926179170609, "visibility": 0.9999918341636658, "presence": 0.9999983310699463}, "left knee": {"x": 0.46121150255203247, "y": 0.5171080827713013, "z": 0.2967362105846405, "visibility": 0.555462121963501, "presence": 0.9999822378158569}, "right knee": {"x": 0.5148733854293823, "y": 0.5862094163894653, "z": 0.03080899454653263, "visibility": 0.9952284097671509, "presence": 0.9999955892562866}, "left ankle": {"x": 0.45012831687927246, "y": 0.6362916827201843, "z": 0.42506709694862366, "visibility": 0.7497010827064514, "presence": 0.9999526739120483}, "right ankle": {"x": 0.4784010946750641, "y": 0.7576647996902466, "z": 0.06323844194412231, "visibility": 0.9971231818199158, "presence": 0.9998804330825806}, "left heel": {"x": 0.44001060724258423, "y": 0.6646555066108704, "z": 0.433027982711792, "visibility": 0.8131691217422485, "presence": 0.9998687505722046}, "right heel": {"x": 0.46184462308883667, "y": 0.782651960849762, "z": 0.06716880202293396, "visibility": 0.9922010898590088, "presence": 0.9997664093971252}, "left foot index": {"x": 0.4749065339565277, "y": 0.6373347640037537, "z": 0.4715770184993744, "visibility": 0.8392911553382874, "presence": 0.9999533891677856}, "right foot index": {"x": 0.5146574974060059, "y": 0.7861186265945435, "z": 0.05878680199384689, "visibility": 0.9954615235328674, "presence": 0.9997115731239319}, "timestamp": "20240413-004345"}