{"nose": {"x": 0.5100854635238647, "y": 0.1624603122472763, "z": -0.04457807168364525, "visibility": 0.999957263469696, "presence": 0.9999938011169434}, "left eye (inner)": {"x": 0.5083617568016052, "y": 0.14693138003349304, "z": -0.04627503827214241, "visibility": 0.9999237060546875, "presence": 0.999992847442627}, "left eye": {"x": 0.506995439529419, "y": 0.14621394872665405, "z": -0.04644971340894699, "visibility": 0.9999108910560608, "presence": 0.9999938011169434}, "left eye (outer)": {"x": 0.5055046081542969, "y": 0.145432710647583, "z": -0.04640544205904007, "visibility": 0.9999390244483948, "presence": 0.9999920129776001}, "right eye (inner)": {"x": 0.5087898969650269, "y": 0.1469055414199829, "z": -0.06762201339006424, "visibility": 0.9999666810035706, "presence": 0.9999923706054688}, "right eye": {"x": 0.5078486204147339, "y": 0.14626801013946533, "z": -0.06782032549381256, "visibility": 0.9999699592590332, "presence": 0.999994158744812}, "right eye (outer)": {"x": 0.5069935321807861, "y": 0.1454528123140335, "z": -0.0678890272974968, "visibility": 0.9999774098396301, "presence": 0.9999932050704956}, "left ear": {"x": 0.4936366081237793, "y": 0.14347732067108154, "z": -0.032164085656404495, "visibility": 0.9999259114265442, "presence": 0.9999951124191284}, "right ear": {"x": 0.49626851081848145, "y": 0.14501751959323883, "z": -0.12763746082782745, "visibility": 0.9999357461929321, "presence": 0.9999953508377075}, "mouth (left)": {"x": 0.5031583309173584, "y": 0.1759626269340515, "z": -0.03208031505346298, "visibility": 0.9999090433120728, "presence": 0.9999933242797852}, "mouth (right)": {"x": 0.5042341947555542, "y": 0.17584167420864105, "z": -0.06120983883738518, "visibility": 0.999932050704956, "presence": 0.9999891519546509}, "left shoulder": {"x": 0.4508790075778961, "y": 0.19812461733818054, "z": 0.03597664088010788, "visibility": 0.9999708533287048, "presence": 0.9999974966049194}, "right shoulder": {"x": 0.48815304040908813, "y": 0.2270214706659317, "z": -0.15796923637390137, "visibility": 0.9999833703041077, "presence": 0.9999963045120239}, "left elbow": {"x": 0.48843592405319214, "y": 0.26881372928619385, "z": 0.1248854398727417, "visibility": 0.3058778643608093, "presence": 0.9999531507492065}, "right elbow": {"x": 0.5328507423400879, "y": 0.31455424427986145, "z": -0.16046026349067688, "visibility": 0.9865210056304932, "presence": 0.9999178647994995}, "left wrist": {"x": 0.5339589715003967, "y": 0.24754393100738525, "z": 0.1675410121679306, "visibility": 0.2982274889945984, "presence": 0.9999241828918457}, "right wrist": {"x": 0.5810981392860413, "y": 0.2730201780796051, "z": -0.09651251882314682, "visibility": 0.977799117565155, "presence": 0.9999790191650391}, "left pinky": {"x": 0.5441129803657532, "y": 0.23353450000286102, "z": 0.18122455477714539, "visibility": 0.3381478190422058, "presence": 0.9998887777328491}, "right pinky": {"x": 0.5966547131538391, "y": 0.27000918984413147, "z": -0.11579497158527374, "visibility": 0.9794156551361084, "presence": 0.9999703168869019}, "left index": {"x": 0.5437363982200623, "y": 0.23014861345291138, "z": 0.1620224118232727, "visibility": 0.33718186616897583, "presence": 0.9998408555984497}, "right index": {"x": 0.5949171781539917, "y": 0.254016250371933, "z": -0.10680554062128067, "visibility": 0.9782240986824036, "presence": 0.9999672174453735}, "left thumb": {"x": 0.5408555269241333, "y": 0.23371188342571259, "z": 0.16134639084339142, "visibility": 0.33964890241622925, "presence": 0.9998817443847656}, "right thumb": {"x": 0.591508150100708, "y": 0.2556305229663849, "z": -0.09337440878152847, "visibility": 0.9663655161857605, "presence": 0.9999790191650391}, "left hip": {"x": 0.4248681664466858, "y": 0.4241122007369995, "z": 0.06276724487543106, "visibility": 0.9999828934669495, "presence": 0.9999996423721313}, "right hip": {"x": 0.4417503774166107, "y": 0.44318687915802, "z": -0.06289677321910858, "visibility": 0.9999919533729553, "presence": 0.9999996423721313}, "left knee": {"x": 0.4619973599910736, "y": 0.5187822580337524, "z": 0.2563856244087219, "visibility": 0.5127376317977905, "presence": 0.9999828338623047}, "right knee": {"x": 0.485637366771698, "y": 0.5712326765060425, "z": -0.011127766221761703, "visibility": 0.9771506190299988, "presence": 0.9999949932098389}, "left ankle": {"x": 0.44468599557876587, "y": 0.6360762119293213, "z": 0.38725996017456055, "visibility": 0.7324351668357849, "presence": 0.9999443292617798}, "right ankle": {"x": 0.483269065618515, "y": 0.7534240484237671, "z": 0.01951414719223976, "visibility": 0.9845185875892639, "presence": 0.9998712539672852}, "left heel": {"x": 0.4332562983036041, "y": 0.6609697341918945, "z": 0.3998700678348541, "visibility": 0.8040919303894043, "presence": 0.9998419284820557}, "right heel": {"x": 0.4682753086090088, "y": 0.7834016680717468, "z": 0.0239013209939003, "visibility": 0.9731419682502747, "presence": 0.9997324347496033}, "left foot index": {"x": 0.4690794348716736, "y": 0.6382110118865967, "z": 0.419929563999176, "visibility": 0.8060161471366882, "presence": 0.99992835521698}, "right foot index": {"x": 0.5204850435256958, "y": 0.7893957495689392, "z": 0.010006166994571686, "visibility": 0.984096884727478, "presence": 0.999466598033905}, "timestamp": "20240413-004339"}