{"nose": {"x": 0.4977649748325348, "y": 0.250244140625, "z": -0.3187711834907532, "visibility": 0.9999309182167053, "presence": 0.9999912977218628}, "left eye (inner)": {"x": 0.4970138669013977, "y": 0.23334816098213196, "z": -0.3126443922519684, "visibility": 0.9998819828033447, "presence": 0.9999868869781494}, "left eye": {"x": 0.4975551962852478, "y": 0.2324056476354599, "z": -0.3129308819770813, "visibility": 0.9999052882194519, "presence": 0.9999905824661255}, "left eye (outer)": {"x": 0.4984440207481384, "y": 0.2303188294172287, "z": -0.3129217326641083, "visibility": 0.9999263882637024, "presence": 0.9999897480010986}, "right eye (inner)": {"x": 0.4917953610420227, "y": 0.23318570852279663, "z": -0.32589977979660034, "visibility": 0.999925971031189, "presence": 0.9999728202819824}, "right eye": {"x": 0.48851221799850464, "y": 0.23224517703056335, "z": -0.32609298825263977, "visibility": 0.9999439716339111, "presence": 0.9999723434448242}, "right eye (outer)": {"x": 0.4850831627845764, "y": 0.23144012689590454, "z": -0.3261796236038208, "visibility": 0.9999464154243469, "presence": 0.999962568283081}, "left ear": {"x": 0.49078601598739624, "y": 0.22655612230300903, "z": -0.24365055561065674, "visibility": 0.9999468922615051, "presence": 0.9999936819076538}, "right ear": {"x": 0.47450685501098633, "y": 0.22724734246730804, "z": -0.2998160421848297, "visibility": 0.9998778700828552, "presence": 0.9999154806137085}, "mouth (left)": {"x": 0.4929305911064148, "y": 0.2632486820220947, "z": -0.2869475483894348, "visibility": 0.9999090433120728, "presence": 0.999994158744812}, "mouth (right)": {"x": 0.4855252206325531, "y": 0.26403099298477173, "z": -0.3047674596309662, "visibility": 0.9999196529388428, "presence": 0.9999752044677734}, "left shoulder": {"x": 0.5015509128570557, "y": 0.2729854881763458, "z": -0.1636129468679428, "visibility": 0.9999834299087524, "presence": 0.9999996423721313}, "right shoulder": {"x": 0.4263758063316345, "y": 0.30236777663230896, "z": -0.24721629917621613, "visibility": 0.9999826550483704, "presence": 0.9999409914016724}, "left elbow": {"x": 0.5118024349212646, "y": 0.3479854464530945, "z": -0.15296006202697754, "visibility": 0.5578360557556152, "presence": 0.9999921321868896}, "right elbow": {"x": 0.40148162841796875, "y": 0.4048093557357788, "z": -0.22474169731140137, "visibility": 0.9886892437934875, "presence": 0.9996652603149414}, "left wrist": {"x": 0.5091677904129028, "y": 0.40546560287475586, "z": -0.2669258713722229, "visibility": 0.6479638814926147, "presence": 0.9999988079071045}, "right wrist": {"x": 0.4257120192050934, "y": 0.49921777844429016, "z": -0.22228865325450897, "visibility": 0.9759023785591125, "presence": 0.9999758005142212}, "left pinky": {"x": 0.5022681951522827, "y": 0.4352820813655853, "z": -0.295768678188324, "visibility": 0.6810244917869568, "presence": 0.9999951124191284}, "right pinky": {"x": 0.42940273880958557, "y": 0.523032546043396, "z": -0.2450241595506668, "visibility": 0.9752042889595032, "presence": 0.9999446868896484}, "left index": {"x": 0.49642810225486755, "y": 0.42550531029701233, "z": -0.3155098855495453, "visibility": 0.6852535605430603, "presence": 0.9999954700469971}, "right index": {"x": 0.4365535378456116, "y": 0.5173025131225586, "z": -0.25954121351242065, "visibility": 0.9758769273757935, "presence": 0.9999524354934692}, "left thumb": {"x": 0.4958028793334961, "y": 0.41674405336380005, "z": -0.2765257656574249, "visibility": 0.6818253397941589, "presence": 0.9999979734420776}, "right thumb": {"x": 0.4361949861049652, "y": 0.5073649287223816, "z": -0.22800734639167786, "visibility": 0.9641592502593994, "presence": 0.9999775886535645}, "left hip": {"x": 0.457026869058609, "y": 0.4370070993900299, "z": 0.0352269671857357, "visibility": 0.9999790191650391, "presence": 0.9999988079071045}, "right hip": {"x": 0.41910648345947266, "y": 0.4396442472934723, "z": -0.03532765805721283, "visibility": 0.9999781847000122, "presence": 0.999990701675415}, "left knee": {"x": 0.46753987669944763, "y": 0.583243727684021, "z": 0.00044235592940822244, "visibility": 0.508881151676178, "presence": 0.9999973773956299}, "right knee": {"x": 0.4527115225791931, "y": 0.534327507019043, "z": -0.09920869767665863, "visibility": 0.9914276599884033, "presence": 0.9999717473983765}, "left ankle": {"x": 0.4669044017791748, "y": 0.7453046441078186, "z": 0.0006441986770369112, "visibility": 0.6715781688690186, "presence": 0.9999608993530273}, "right ankle": {"x": 0.4468277394771576, "y": 0.6102364659309387, "z": 0.04247910901904106, "visibility": 0.9813664555549622, "presence": 0.9999669790267944}, "left heel": {"x": 0.45468705892562866, "y": 0.7726424932479858, "z": -0.0041098701767623425, "visibility": 0.7296616435050964, "presence": 0.9997758269309998}, "right heel": {"x": 0.44251543283462524, "y": 0.6308552622795105, "z": 0.056186068803071976, "visibility": 0.952775776386261, "presence": 0.999958872795105}, "left foot index": {"x": 0.4992360472679138, "y": 0.781136155128479, "z": -0.07740005105733871, "visibility": 0.8158130645751953, "presence": 0.9990880489349365}, "right foot index": {"x": 0.4485086500644684, "y": 0.6715753674507141, "z": 0.030506860464811325, "visibility": 0.9851248860359192, "presence": 0.9997100234031677}, "timestamp": "20240413-004354"}