{"nose": {"x": 0.5007075071334839, "y": 0.27378982305526733, "z": -0.31404757499694824, "visibility": 0.9999555945396423, "presence": 0.9999994039535522}, "left eye (inner)": {"x": 0.49877625703811646, "y": 0.25536948442459106, "z": -0.30788615345954895, "visibility": 0.9999284744262695, "presence": 0.9999991655349731}, "left eye": {"x": 0.49932774901390076, "y": 0.2539062201976776, "z": -0.3081664741039276, "visibility": 0.999932587146759, "presence": 0.9999994039535522}, "left eye (outer)": {"x": 0.5000676512718201, "y": 0.25264501571655273, "z": -0.30813637375831604, "visibility": 0.9999530911445618, "presence": 0.9999994039535522}, "right eye (inner)": {"x": 0.4946252405643463, "y": 0.25690320134162903, "z": -0.3247414231300354, "visibility": 0.9999623894691467, "presence": 0.9999988079071045}, "right eye": {"x": 0.4919707179069519, "y": 0.2563217282295227, "z": -0.3249315023422241, "visibility": 0.999970018863678, "presence": 0.999998927116394}, "right eye (outer)": {"x": 0.4891955852508545, "y": 0.2557470202445984, "z": -0.3250209093093872, "visibility": 0.9999736547470093, "presence": 0.9999988079071045}, "left ear": {"x": 0.49300694465637207, "y": 0.2492104172706604, "z": -0.2402823269367218, "visibility": 0.9999573826789856, "presence": 0.9999995231628418}, "right ear": {"x": 0.47806328535079956, "y": 0.25278395414352417, "z": -0.3152928948402405, "visibility": 0.999930202960968, "presence": 0.9999978542327881}, "mouth (left)": {"x": 0.49747800827026367, "y": 0.28346753120422363, "z": -0.28300395607948303, "visibility": 0.9999378323554993, "presence": 0.9999996423721313}, "mouth (right)": {"x": 0.4911072254180908, "y": 0.28665027022361755, "z": -0.3059532046318054, "visibility": 0.9999483823776245, "presence": 0.9999992847442627}, "left shoulder": {"x": 0.508057177066803, "y": 0.30201104283332825, "z": -0.16195537149906158, "visibility": 0.9999871850013733, "presence": 1.0}, "right shoulder": {"x": 0.43185558915138245, "y": 0.3187498450279236, "z": -0.2799522280693054, "visibility": 0.9999907612800598, "presence": 0.9999997615814209}, "left elbow": {"x": 0.5159631371498108, "y": 0.40390217304229736, "z": -0.167450949549675, "visibility": 0.6344537138938904, "presence": 0.9999991655349731}, "right elbow": {"x": 0.4055813252925873, "y": 0.4253935217857361, "z": -0.25576716661453247, "visibility": 0.9935179352760315, "presence": 0.9999954700469971}, "left wrist": {"x": 0.49441614747047424, "y": 0.45565667748451233, "z": -0.29107290506362915, "visibility": 0.6885436773300171, "presence": 0.9999998807907104}, "right wrist": {"x": 0.39651161432266235, "y": 0.5308797359466553, "z": -0.23854389786720276, "visibility": 0.9896649718284607, "presence": 0.9999979734420776}, "left pinky": {"x": 0.487419068813324, "y": 0.47860828042030334, "z": -0.31957146525382996, "visibility": 0.7129495143890381, "presence": 0.9999996423721313}, "right pinky": {"x": 0.3895677328109741, "y": 0.5598168969154358, "z": -0.2591121792793274, "visibility": 0.9896426200866699, "presence": 0.9999921321868896}, "left index": {"x": 0.48231029510498047, "y": 0.46813154220581055, "z": -0.33914071321487427, "visibility": 0.7141490578651428, "presence": 0.9999996423721313}, "right index": {"x": 0.3926888704299927, "y": 0.5632248520851135, "z": -0.2764703631401062, "visibility": 0.9894927740097046, "presence": 0.9999916553497314}, "left thumb": {"x": 0.4829186499118805, "y": 0.460727721452713, "z": -0.3013525605201721, "visibility": 0.7094607949256897, "presence": 0.9999997615814209}, "right thumb": {"x": 0.3966000974178314, "y": 0.5533406734466553, "z": -0.2451678216457367, "visibility": 0.9838756322860718, "presence": 0.9999967813491821}, "left hip": {"x": 0.46430110931396484, "y": 0.45523715019226074, "z": 0.056317418813705444, "visibility": 0.9999854564666748, "presence": 0.9999998807907104}, "right hip": {"x": 0.4272076487541199, "y": 0.4642220437526703, "z": -0.056322865188121796, "visibility": 0.9999915957450867, "presence": 0.9999997615814209}, "left knee": {"x": 0.48709362745285034, "y": 0.5546932816505432, "z": 0.18016520142555237, "visibility": 0.5336320400238037, "presence": 0.9999939203262329}, "right knee": {"x": 0.47687044739723206, "y": 0.5844366550445557, "z": -0.1209685429930687, "visibility": 0.988572359085083, "presence": 0.9999972581863403}, "left ankle": {"x": 0.44222140312194824, "y": 0.6233804225921631, "z": 0.3773656487464905, "visibility": 0.6128164529800415, "presence": 0.9999773502349854}, "right ankle": {"x": 0.47873812913894653, "y": 0.7542535662651062, "z": -0.09315217286348343, "visibility": 0.9920624494552612, "presence": 0.9999468326568604}, "left heel": {"x": 0.42723631858825684, "y": 0.6346773505210876, "z": 0.39608296751976013, "visibility": 0.6688739061355591, "presence": 0.9999479055404663}, "right heel": {"x": 0.4680178165435791, "y": 0.7833271622657776, "z": -0.09144529700279236, "visibility": 0.9829300045967102, "presence": 0.9999053478240967}, "left foot index": {"x": 0.4394860863685608, "y": 0.6683824062347412, "z": 0.3635200262069702, "visibility": 0.7883232235908508, "presence": 0.9999430179595947}, "right foot index": {"x": 0.5128456354141235, "y": 0.7872991561889648, "z": -0.14955219626426697, "visibility": 0.9915045499801636, "presence": 0.9994176626205444}, "timestamp": "20240413-004340"}