{"nose": {"x": 0.5248123407363892, "y": 0.15068218111991882, "z": -0.07317967712879181, "visibility": 0.9999481439590454, "presence": 0.9999936819076538}, "left eye (inner)": {"x": 0.5218707323074341, "y": 0.1340748518705368, "z": -0.07469921559095383, "visibility": 0.999939501285553, "presence": 0.999993085861206}, "left eye": {"x": 0.5204238295555115, "y": 0.1329028606414795, "z": -0.07492946833372116, "visibility": 0.99993896484375, "presence": 0.9999939203262329}, "left eye (outer)": {"x": 0.5191071629524231, "y": 0.1317475289106369, "z": -0.07486752420663834, "visibility": 0.9999467134475708, "presence": 0.9999923706054688}, "right eye (inner)": {"x": 0.5229092836380005, "y": 0.1347329467535019, "z": -0.09771454334259033, "visibility": 0.9999655485153198, "presence": 0.9999932050704956}, "right eye": {"x": 0.5223478078842163, "y": 0.1341530829668045, "z": -0.09793934226036072, "visibility": 0.9999772310256958, "presence": 0.9999951124191284}, "right eye (outer)": {"x": 0.5220258235931396, "y": 0.13346149027347565, "z": -0.09801467508077621, "visibility": 0.9999811053276062, "presence": 0.9999946355819702}, "left ear": {"x": 0.5070608258247375, "y": 0.1320880651473999, "z": -0.055216334760189056, "visibility": 0.9999719262123108, "presence": 0.9999949932098389}, "right ear": {"x": 0.5121461153030396, "y": 0.13483797013759613, "z": -0.1582181453704834, "visibility": 0.9999666810035706, "presence": 0.9999958276748657}, "mouth (left)": {"x": 0.517844557762146, "y": 0.16533571481704712, "z": -0.05791432410478592, "visibility": 0.9998250007629395, "presence": 0.9999949932098389}, "mouth (right)": {"x": 0.5189167261123657, "y": 0.16579441726207733, "z": -0.08974218368530273, "visibility": 0.9998658299446106, "presence": 0.9999922513961792}, "left shoulder": {"x": 0.4585520625114441, "y": 0.19285845756530762, "z": 0.02501574717462063, "visibility": 0.9998787045478821, "presence": 0.9999979734420776}, "right shoulder": {"x": 0.4951713979244232, "y": 0.2278074473142624, "z": -0.18717388808727264, "visibility": 0.9999735355377197, "presence": 0.9999973773956299}, "left elbow": {"x": 0.4920247495174408, "y": 0.2724645435810089, "z": 0.10703923553228378, "visibility": 0.30533668398857117, "presence": 0.9999544620513916}, "right elbow": {"x": 0.5333197116851807, "y": 0.34533819556236267, "z": -0.20831453800201416, "visibility": 0.9831998944282532, "presence": 0.9999285936355591}, "left wrist": {"x": 0.5444865226745605, "y": 0.27255532145500183, "z": 0.1372329592704773, "visibility": 0.3125206232070923, "presence": 0.9999600648880005}, "right wrist": {"x": 0.589401364326477, "y": 0.3274052143096924, "z": -0.17860350012779236, "visibility": 0.9719213843345642, "presence": 0.9999847412109375}, "left pinky": {"x": 0.5518128871917725, "y": 0.2662123143672943, "z": 0.1478012055158615, "visibility": 0.33448389172554016, "presence": 0.9999563694000244}, "right pinky": {"x": 0.6108372807502747, "y": 0.3330921530723572, "z": -0.2085581123828888, "visibility": 0.9697784185409546, "presence": 0.9999794960021973}, "left index": {"x": 0.5520716905593872, "y": 0.2658858001232147, "z": 0.12249128520488739, "visibility": 0.33582010865211487, "presence": 0.9999403953552246}, "right index": {"x": 0.6113573908805847, "y": 0.3117499351501465, "z": -0.193232923746109, "visibility": 0.9696705341339111, "presence": 0.9999809265136719}, "left thumb": {"x": 0.5521903038024902, "y": 0.27138960361480713, "z": 0.1284278780221939, "visibility": 0.33226507902145386, "presence": 0.9999527931213379}, "right thumb": {"x": 0.6033798456192017, "y": 0.30924418568611145, "z": -0.17427481710910797, "visibility": 0.9501345753669739, "presence": 0.9999876022338867}, "left hip": {"x": 0.42314523458480835, "y": 0.42853716015815735, "z": 0.0694115087389946, "visibility": 0.9999550580978394, "presence": 0.9999992847442627}, "right hip": {"x": 0.450309693813324, "y": 0.44905886054039, "z": -0.0694638341665268, "visibility": 0.9999851584434509, "presence": 0.9999994039535522}, "left knee": {"x": 0.4580095708370209, "y": 0.5315840840339661, "z": 0.2889431416988373, "visibility": 0.46480903029441833, "presence": 0.9999901056289673}, "right knee": {"x": 0.49924764037132263, "y": 0.5860823392868042, "z": -0.03263150900602341, "visibility": 0.990088939666748, "presence": 0.9999971389770508}, "left ankle": {"x": 0.4531506597995758, "y": 0.6501959562301636, "z": 0.4508276879787445, "visibility": 0.742566704750061, "presence": 0.9999659061431885}, "right ankle": {"x": 0.4780663549900055, "y": 0.7725065350532532, "z": 0.017019618302583694, "visibility": 0.9954262971878052, "presence": 0.9999501705169678}, "left heel": {"x": 0.4434799253940582, "y": 0.67768394947052, "z": 0.4665316641330719, "visibility": 0.8378204703330994, "presence": 0.9999014139175415}, "right heel": {"x": 0.46251410245895386, "y": 0.801089882850647, "z": 0.023464489728212357, "visibility": 0.9919410347938538, "presence": 0.9998966455459595}, "left foot index": {"x": 0.47382789850234985, "y": 0.6678175330162048, "z": 0.4742806553840637, "visibility": 0.8310206532478333, "presence": 0.9999569654464722}, "right foot index": {"x": 0.5178654789924622, "y": 0.8071188926696777, "z": 0.008321416564285755, "visibility": 0.9909635186195374, "presence": 0.9997885823249817}, "timestamp": "20240413-004327"}