{"nose": {"x": 0.40582510828971863, "y": 0.3131025433540344, "z": 0.04675452411174774, "visibility": 0.9999383091926575, "presence": 0.999997615814209}, "left eye (inner)": {"x": 0.40328264236450195, "y": 0.30128350853919983, "z": 0.05877462774515152, "visibility": 0.9999148845672607, "presence": 0.999996542930603}, "left eye": {"x": 0.40109747648239136, "y": 0.3005150556564331, "z": 0.05839391425251961, "visibility": 0.9999226927757263, "presence": 0.9999970197677612}, "left eye (outer)": {"x": 0.39867815375328064, "y": 0.29978689551353455, "z": 0.05859070271253586, "visibility": 0.9999327659606934, "presence": 0.9999959468841553}, "right eye (inner)": {"x": 0.4024598002433777, "y": 0.3013285994529724, "z": 0.007133722770959139, "visibility": 0.9999376535415649, "presence": 0.9999959468841553}, "right eye": {"x": 0.39978155493736267, "y": 0.3007845878601074, "z": 0.006778685841709375, "visibility": 0.9999538064002991, "presence": 0.999996542930603}, "right eye (outer)": {"x": 0.39703819155693054, "y": 0.30034732818603516, "z": 0.0066976118832826614, "visibility": 0.999956488609314, "presence": 0.9999955892562866}, "left ear": {"x": 0.37242114543914795, "y": 0.2992973029613495, "z": 0.1225961223244667, "visibility": 0.999957799911499, "presence": 0.9999966621398926}, "right ear": {"x": 0.3726511299610138, "y": 0.30063796043395996, "z": -0.11268799751996994, "visibility": 0.9999212026596069, "presence": 0.999995231628418}, "mouth (left)": {"x": 0.3938698172569275, "y": 0.3210843503475189, "z": 0.08116526901721954, "visibility": 0.9996323585510254, "presence": 0.9999932050704956}, "mouth (right)": {"x": 0.39299705624580383, "y": 0.3209308683872223, "z": 0.010123711079359055, "visibility": 0.9996628761291504, "presence": 0.999987006187439}, "left shoulder": {"x": 0.28184154629707336, "y": 0.3327883780002594, "z": 0.22733712196350098, "visibility": 0.9999641180038452, "presence": 0.9999974966049194}, "right shoulder": {"x": 0.3502446413040161, "y": 0.33349573612213135, "z": -0.24976001679897308, "visibility": 0.999983012676239, "presence": 0.9999934434890747}, "left elbow": {"x": 0.23649640381336212, "y": 0.3897641897201538, "z": 0.3037686049938202, "visibility": 0.2430863231420517, "presence": 0.9999548196792603}, "right elbow": {"x": 0.4454028010368347, "y": 0.3606375753879547, "z": -0.2896648645401001, "visibility": 0.9903321862220764, "presence": 0.9999839067459106}, "left wrist": {"x": 0.2331264317035675, "y": 0.43121176958084106, "z": 0.31561988592147827, "visibility": 0.34476882219314575, "presence": 0.9999667406082153}, "right wrist": {"x": 0.5095803737640381, "y": 0.3198598623275757, "z": -0.10267656296491623, "visibility": 0.9787607789039612, "presence": 0.9999724626541138}, "left pinky": {"x": 0.22152911126613617, "y": 0.44814231991767883, "z": 0.3334619998931885, "visibility": 0.36404308676719666, "presence": 0.9999619722366333}, "right pinky": {"x": 0.526637852191925, "y": 0.30882227420806885, "z": -0.13509196043014526, "visibility": 0.9728814363479614, "presence": 0.9999439716339111}, "left index": {"x": 0.22740475833415985, "y": 0.4479425251483917, "z": 0.3142891824245453, "visibility": 0.36803191900253296, "presence": 0.9999463558197021}, "right index": {"x": 0.5196186900138855, "y": 0.3040259778499603, "z": -0.10803943127393723, "visibility": 0.9694251418113708, "presence": 0.9999260902404785}, "left thumb": {"x": 0.23533132672309875, "y": 0.4434078335762024, "z": 0.31802746653556824, "visibility": 0.35830938816070557, "presence": 0.9999555349349976}, "right thumb": {"x": 0.5129903554916382, "y": 0.3079771101474762, "z": -0.09082721918821335, "visibility": 0.9455042481422424, "presence": 0.9999568462371826}, "left hip": {"x": 0.22676287591457367, "y": 0.457703560590744, "z": 0.16734711825847626, "visibility": 0.999980628490448, "presence": 0.9999994039535522}, "right hip": {"x": 0.25328561663627625, "y": 0.46301478147506714, "z": -0.1675732433795929, "visibility": 0.9999909400939941, "presence": 0.9999994039535522}, "left knee": {"x": 0.29188820719718933, "y": 0.5199065804481506, "z": 0.5548096299171448, "visibility": 0.21964949369430542, "presence": 0.9999828338623047}, "right knee": {"x": 0.35669055581092834, "y": 0.5371992588043213, "z": -0.17882142961025238, "visibility": 0.9901716709136963, "presence": 0.9999967813491821}, "left ankle": {"x": 0.2978879511356354, "y": 0.5939348340034485, "z": 0.7726452350616455, "visibility": 0.428274005651474, "presence": 0.9999123811721802}, "right ankle": {"x": 0.26927390694618225, "y": 0.6329785585403442, "z": -0.16755612194538116, "visibility": 0.9854668378829956, "presence": 0.9999160766601562}, "left heel": {"x": 0.2831256091594696, "y": 0.6078343987464905, "z": 0.7913490533828735, "visibility": 0.5579758286476135, "presence": 0.9997349381446838}, "right heel": {"x": 0.23819103837013245, "y": 0.651296854019165, "z": -0.1638285517692566, "visibility": 0.960570216178894, "presence": 0.9998024106025696}, "left foot index": {"x": 0.35774970054626465, "y": 0.6005509495735168, "z": 0.8278244137763977, "visibility": 0.57405024766922, "presence": 0.9998581409454346}, "right foot index": {"x": 0.33166274428367615, "y": 0.6594949960708618, "z": -0.1938563585281372, "visibility": 0.9736404418945312, "presence": 0.9994083642959595}, "timestamp": "20240418-210259"}