{"nose": {"x": 0.3981061279773712, "y": 0.31091949343681335, "z": -0.7658846378326416, "visibility": 0.9999973177909851, "presence": 0.9999960660934448}, "left eye (inner)": {"x": 0.3987595736980438, "y": 0.3001324236392975, "z": -0.7435556054115295, "visibility": 0.9999937415122986, "presence": 0.9999914169311523}, "left eye": {"x": 0.39836636185646057, "y": 0.29949328303337097, "z": -0.7440577149391174, "visibility": 0.9999912977218628, "presence": 0.999992847442627}, "left eye (outer)": {"x": 0.3982737958431244, "y": 0.2989960014820099, "z": -0.7440457940101624, "visibility": 0.9999940991401672, "presence": 0.9999911785125732}, "right eye (inner)": {"x": 0.3940054178237915, "y": 0.2997244894504547, "z": -0.7917466163635254, "visibility": 0.9999978542327881, "presence": 0.9999887943267822}, "right eye": {"x": 0.3897961676120758, "y": 0.29898521304130554, "z": -0.7921687364578247, "visibility": 0.9999978542327881, "presence": 0.9999910593032837}, "right eye (outer)": {"x": 0.38542377948760986, "y": 0.29823821783065796, "z": -0.7924104928970337, "visibility": 0.9999983906745911, "presence": 0.9999887943267822}, "left ear": {"x": 0.3772013485431671, "y": 0.29615816473960876, "z": -0.5565502643585205, "visibility": 0.9999943375587463, "presence": 0.9999953508377075}, "right ear": {"x": 0.3579137325286865, "y": 0.2946605086326599, "z": -0.774787962436676, "visibility": 0.9999949932098389, "presence": 0.9999819993972778}, "mouth (left)": {"x": 0.3877927362918854, "y": 0.31794410943984985, "z": -0.6841522455215454, "visibility": 0.9999977946281433, "presence": 0.9999983310699463}, "mouth (right)": {"x": 0.3826811611652374, "y": 0.3171943128108978, "z": -0.7500488758087158, "visibility": 0.9999989867210388, "presence": 0.9999966621398926}, "left shoulder": {"x": 0.3803806006908417, "y": 0.32678043842315674, "z": -0.29111942648887634, "visibility": 0.9999991655349731, "presence": 0.9999998807907104}, "right shoulder": {"x": 0.25042474269866943, "y": 0.32708999514579773, "z": -0.7195054888725281, "visibility": 0.9999997019767761, "presence": 0.9999990463256836}, "left elbow": {"x": 0.3852357268333435, "y": 0.36722156405448914, "z": -0.13232360780239105, "visibility": 0.8148148655891418, "presence": 0.999998927116394}, "right elbow": {"x": 0.1687057614326477, "y": 0.3850560784339905, "z": -0.7735351920127869, "visibility": 0.999553918838501, "presence": 0.9999774694442749}, "left wrist": {"x": 0.38210028409957886, "y": 0.3998022675514221, "z": -0.2369445115327835, "visibility": 0.8977182507514954, "presence": 0.9999990463256836}, "right wrist": {"x": 0.15047532320022583, "y": 0.44408777356147766, "z": -0.8596473336219788, "visibility": 0.9980084896087646, "presence": 0.9999796152114868}, "left pinky": {"x": 0.39753761887550354, "y": 0.41069746017456055, "z": -0.25547921657562256, "visibility": 0.8428483605384827, "presence": 0.9999957084655762}, "right pinky": {"x": 0.13215264678001404, "y": 0.45962807536125183, "z": -0.9322161674499512, "visibility": 0.9929356575012207, "presence": 0.9999133348464966}, "left index": {"x": 0.39711201190948486, "y": 0.40672823786735535, "z": -0.31892144680023193, "visibility": 0.8491995930671692, "presence": 0.9999940395355225}, "right index": {"x": 0.1495228409767151, "y": 0.46430841088294983, "z": -0.9584909081459045, "visibility": 0.9936230778694153, "presence": 0.9999122619628906}, "left thumb": {"x": 0.3842950761318207, "y": 0.4038548767566681, "z": -0.26328274607658386, "visibility": 0.813621461391449, "presence": 0.9999972581863403}, "right thumb": {"x": 0.15965816378593445, "y": 0.4589621126651764, "z": -0.8716824054718018, "visibility": 0.9863092303276062, "presence": 0.999964714050293}, "left hip": {"x": 0.2799660563468933, "y": 0.43138203024864197, "z": 0.15575648844242096, "visibility": 0.9999858140945435, "presence": 0.9999990463256836}, "right hip": {"x": 0.2110617309808731, "y": 0.4342992901802063, "z": -0.15591758489608765, "visibility": 0.9999932646751404, "presence": 0.9999977350234985}, "left knee": {"x": 0.32629111409187317, "y": 0.5093039274215698, "z": 0.2669288218021393, "visibility": 0.23253312706947327, "presence": 0.9999866485595703}, "right knee": {"x": 0.2705130875110626, "y": 0.5229578018188477, "z": -0.32863903045654297, "visibility": 0.9759336709976196, "presence": 0.9999841451644897}, "left ankle": {"x": 0.30862316489219666, "y": 0.5898297429084778, "z": 0.5326266884803772, "visibility": 0.43634098768234253, "presence": 0.9999023675918579}, "right ankle": {"x": 0.25773316621780396, "y": 0.6300939917564392, "z": -0.24483390152454376, "visibility": 0.9845912456512451, "presence": 0.9997530579566956}, "left heel": {"x": 0.2870870530605316, "y": 0.6067944169044495, "z": 0.5458694696426392, "visibility": 0.3992505669593811, "presence": 0.9996706247329712}, "right heel": {"x": 0.2416488379240036, "y": 0.6489703059196472, "z": -0.24632565677165985, "visibility": 0.8767890334129333, "presence": 0.9994636178016663}, "left foot index": {"x": 0.38516533374786377, "y": 0.6044161319732666, "z": 0.41339775919914246, "visibility": 0.6415722370147705, "presence": 0.9996572732925415}, "right foot index": {"x": 0.32215771079063416, "y": 0.6518347859382629, "z": -0.4559236466884613, "visibility": 0.9819079637527466, "presence": 0.9985564351081848}, "timestamp": "20240418-210216"}