{"nose": {"x": 0.38941940665245056, "y": 0.33947908878326416, "z": -0.5451155304908752, "visibility": 0.9999516010284424, "presence": 1.0}, "left eye (inner)": {"x": 0.3865777850151062, "y": 0.32815441489219666, "z": -0.5183393359184265, "visibility": 0.9999357461929321, "presence": 0.9999998807907104}, "left eye": {"x": 0.3854643702507019, "y": 0.32733047008514404, "z": -0.5187879204750061, "visibility": 0.999942421913147, "presence": 0.9999998807907104}, "left eye (outer)": {"x": 0.38456985354423523, "y": 0.32658854126930237, "z": -0.5187324285507202, "visibility": 0.9999542832374573, "presence": 0.9999998807907104}, "right eye (inner)": {"x": 0.38358551263809204, "y": 0.3282652795314789, "z": -0.5757051706314087, "visibility": 0.9999597668647766, "presence": 0.9999998807907104}, "right eye": {"x": 0.38029101490974426, "y": 0.32754334807395935, "z": -0.576099157333374, "visibility": 0.9999708533287048, "presence": 0.9999998807907104}, "right eye (outer)": {"x": 0.37680840492248535, "y": 0.3270234167575836, "z": -0.57625812292099, "visibility": 0.9999731183052063, "presence": 0.9999998807907104}, "left ear": {"x": 0.3604094684123993, "y": 0.32500284910202026, "z": -0.3531554937362671, "visibility": 0.9999764561653137, "presence": 0.9999998807907104}, "right ear": {"x": 0.34999388456344604, "y": 0.32590436935424805, "z": -0.6149668097496033, "visibility": 0.9999547600746155, "presence": 0.9999998807907104}, "mouth (left)": {"x": 0.37922966480255127, "y": 0.3478269875049591, "z": -0.4750356078147888, "visibility": 0.9998457431793213, "presence": 1.0}, "mouth (right)": {"x": 0.37676411867141724, "y": 0.34843313694000244, "z": -0.5532546043395996, "visibility": 0.9998680353164673, "presence": 0.9999998807907104}, "left shoulder": {"x": 0.35729435086250305, "y": 0.36222872138023376, "z": -0.11662155389785767, "visibility": 0.9999861121177673, "presence": 1.0}, "right shoulder": {"x": 0.24607698619365692, "y": 0.3622821867465973, "z": -0.6358129978179932, "visibility": 0.9999935030937195, "presence": 0.9999998807907104}, "left elbow": {"x": 0.3464869260787964, "y": 0.403219997882843, "z": 0.09671887755393982, "visibility": 0.3828784227371216, "presence": 0.9999997615814209}, "right elbow": {"x": 0.15886007249355316, "y": 0.4072759747505188, "z": -0.7205756306648254, "visibility": 0.9958527088165283, "presence": 0.9999966621398926}, "left wrist": {"x": 0.38506776094436646, "y": 0.4138743579387665, "z": 0.10188668966293335, "visibility": 0.6053560972213745, "presence": 0.9999998807907104}, "right wrist": {"x": 0.1136913001537323, "y": 0.466100811958313, "z": -0.8000140190124512, "visibility": 0.9909443259239197, "presence": 0.9999982118606567}, "left pinky": {"x": 0.4061942398548126, "y": 0.4176943898200989, "z": 0.1092502623796463, "visibility": 0.6298744082450867, "presence": 0.9999995231628418}, "right pinky": {"x": 0.08227457106113434, "y": 0.4839210510253906, "z": -0.8699923157691956, "visibility": 0.9860482811927795, "presence": 0.999990701675415}, "left index": {"x": 0.4069235324859619, "y": 0.4098682403564453, "z": 0.04930967092514038, "visibility": 0.6393146514892578, "presence": 0.9999991655349731}, "right index": {"x": 0.09423565864562988, "y": 0.4877152442932129, "z": -0.8968466520309448, "visibility": 0.9848513603210449, "presence": 0.9999895095825195}, "left thumb": {"x": 0.3944702446460724, "y": 0.4081401526927948, "z": 0.07832662761211395, "visibility": 0.6262533664703369, "presence": 0.9999996423721313}, "right thumb": {"x": 0.11127293109893799, "y": 0.48268014192581177, "z": -0.8133001923561096, "visibility": 0.9703372120857239, "presence": 0.9999961853027344}, "left hip": {"x": 0.265869677066803, "y": 0.46842634677886963, "z": 0.1758258044719696, "visibility": 0.999988853931427, "presence": 0.9999998807907104}, "right hip": {"x": 0.20366916060447693, "y": 0.473591685295105, "z": -0.17581383883953094, "visibility": 0.9999945759773254, "presence": 0.9999997615814209}, "left knee": {"x": 0.3674596846103668, "y": 0.5267260670661926, "z": 0.2601960003376007, "visibility": 0.2554986774921417, "presence": 0.9999988079071045}, "right knee": {"x": 0.30532050132751465, "y": 0.5319711565971375, "z": -0.42817631363868713, "visibility": 0.9927215576171875, "presence": 0.9999991655349731}, "left ankle": {"x": 0.30341675877571106, "y": 0.5845255255699158, "z": 0.5265341997146606, "visibility": 0.5262823700904846, "presence": 0.9999812841415405}, "right ankle": {"x": 0.25879594683647156, "y": 0.6350428462028503, "z": -0.2968471944332123, "visibility": 0.991292417049408, "presence": 0.9999711513519287}, "left heel": {"x": 0.28040093183517456, "y": 0.6010690331459045, "z": 0.5434362292289734, "visibility": 0.6228237748146057, "presence": 0.9999465942382812}, "right heel": {"x": 0.2323700338602066, "y": 0.6549476385116577, "z": -0.2851993441581726, "visibility": 0.9654675126075745, "presence": 0.9999394416809082}, "left foot index": {"x": 0.3619498610496521, "y": 0.6057202816009521, "z": 0.47810307145118713, "visibility": 0.709359347820282, "presence": 0.9999336004257202}, "right foot index": {"x": 0.32594597339630127, "y": 0.6594756841659546, "z": -0.4485640227794647, "visibility": 0.9879233837127686, "presence": 0.9998487234115601}, "timestamp": "20240418-210300"}