{"nose": {"x": 0.39450645446777344, "y": 0.29388630390167236, "z": -0.0986722856760025, "visibility": 0.9999277591705322, "presence": 0.9999959468841553}, "left eye (inner)": {"x": 0.39181646704673767, "y": 0.28396493196487427, "z": -0.08489129692316055, "visibility": 0.9998980164527893, "presence": 0.9999933242797852}, "left eye": {"x": 0.3901011645793915, "y": 0.2832612693309784, "z": -0.08529727160930634, "visibility": 0.9999029636383057, "presence": 0.9999936819076538}, "left eye (outer)": {"x": 0.38864046335220337, "y": 0.28252434730529785, "z": -0.08509283512830734, "visibility": 0.9999327659606934, "presence": 0.999990701675415}, "right eye (inner)": {"x": 0.3901289105415344, "y": 0.28411614894866943, "z": -0.13944602012634277, "visibility": 0.9999443292617798, "presence": 0.9999936819076538}, "right eye": {"x": 0.3873554468154907, "y": 0.28369003534317017, "z": -0.13982190191745758, "visibility": 0.9999563694000244, "presence": 0.9999953508377075}, "right eye (outer)": {"x": 0.38476574420928955, "y": 0.2832552194595337, "z": -0.13995853066444397, "visibility": 0.9999627470970154, "presence": 0.9999943971633911}, "left ear": {"x": 0.36348626017570496, "y": 0.2824157476425171, "z": -8.120155689539388e-05, "visibility": 0.9999594688415527, "presence": 0.9999912977218628}, "right ear": {"x": 0.35919275879859924, "y": 0.28382399678230286, "z": -0.2493746131658554, "visibility": 0.9999252557754517, "presence": 0.9999940395355225}, "mouth (left)": {"x": 0.38229864835739136, "y": 0.30257049202919006, "z": -0.05598791316151619, "visibility": 0.9998587965965271, "presence": 0.9999891519546509}, "mouth (right)": {"x": 0.3808208405971527, "y": 0.3031059801578522, "z": -0.13108672201633453, "visibility": 0.9998950362205505, "presence": 0.9999833106994629}, "left shoulder": {"x": 0.2773001790046692, "y": 0.31536370515823364, "z": 0.1387220174074173, "visibility": 0.9999729990959167, "presence": 0.9999940395355225}, "right shoulder": {"x": 0.32789796590805054, "y": 0.32578369975090027, "z": -0.3773193657398224, "visibility": 0.9999842047691345, "presence": 0.9999922513961792}, "left elbow": {"x": 0.24362343549728394, "y": 0.3711540699005127, "z": 0.19318002462387085, "visibility": 0.27635106444358826, "presence": 0.9998558759689331}, "right elbow": {"x": 0.41242343187332153, "y": 0.3605884909629822, "z": -0.4918149411678314, "visibility": 0.9879647493362427, "presence": 0.9999731779098511}, "left wrist": {"x": 0.23068779706954956, "y": 0.42787161469459534, "z": 0.08663670718669891, "visibility": 0.34901121258735657, "presence": 0.9997987151145935}, "right wrist": {"x": 0.5029845833778381, "y": 0.32354533672332764, "z": -0.40534713864326477, "visibility": 0.9282943606376648, "presence": 0.9999616146087646}, "left pinky": {"x": 0.2192460000514984, "y": 0.43787774443626404, "z": 0.09743229299783707, "visibility": 0.38277024030685425, "presence": 0.9998270869255066}, "right pinky": {"x": 0.5366389155387878, "y": 0.31801843643188477, "z": -0.4631281793117523, "visibility": 0.9173658490180969, "presence": 0.9999375343322754}, "left index": {"x": 0.22744576632976532, "y": 0.43833401799201965, "z": 0.061513274908065796, "visibility": 0.38733628392219543, "presence": 0.9997691512107849}, "right index": {"x": 0.5332387685775757, "y": 0.3112747073173523, "z": -0.4260413646697998, "visibility": 0.9140726327896118, "presence": 0.9999327659606934}, "left thumb": {"x": 0.23574331402778625, "y": 0.4352070689201355, "z": 0.07177785038948059, "visibility": 0.37902888655662537, "presence": 0.9997851252555847}, "right thumb": {"x": 0.5204197764396667, "y": 0.313104510307312, "z": -0.3919634521007538, "visibility": 0.8703575134277344, "presence": 0.9999562501907349}, "left hip": {"x": 0.2144482433795929, "y": 0.44629546999931335, "z": 0.17669157683849335, "visibility": 0.99998539686203, "presence": 0.9999996423721313}, "right hip": {"x": 0.23911221325397491, "y": 0.45288679003715515, "z": -0.17670707404613495, "visibility": 0.9999919533729553, "presence": 0.9999997615814209}, "left knee": {"x": 0.29311057925224304, "y": 0.5189812183380127, "z": 0.5725110173225403, "visibility": 0.3557484447956085, "presence": 0.9999904632568359}, "right knee": {"x": 0.32518136501312256, "y": 0.5285740494728088, "z": -0.18067719042301178, "visibility": 0.9929088950157166, "presence": 0.9999984502792358}, "left ankle": {"x": 0.2971980571746826, "y": 0.5932902693748474, "z": 0.8426193594932556, "visibility": 0.6599382758140564, "presence": 0.9999613761901855}, "right ankle": {"x": 0.2609640955924988, "y": 0.6337700486183167, "z": -0.13385705649852753, "visibility": 0.9914732575416565, "presence": 0.9999762773513794}, "left heel": {"x": 0.2807694971561432, "y": 0.6131213307380676, "z": 0.8654189705848694, "visibility": 0.7162792086601257, "presence": 0.9998738765716553}, "right heel": {"x": 0.2364002913236618, "y": 0.6508054733276367, "z": -0.127818301320076, "visibility": 0.955132007598877, "presence": 0.999943733215332}, "left foot index": {"x": 0.3609696924686432, "y": 0.6010268330574036, "z": 0.8829058408737183, "visibility": 0.7702962160110474, "presence": 0.9999233484268188}, "right foot index": {"x": 0.32729601860046387, "y": 0.6592078804969788, "z": -0.1754900962114334, "visibility": 0.9878290891647339, "presence": 0.9997811913490295}, "timestamp": "20240418-210244"}