{"nose": {"x": 0.4030526876449585, "y": 0.34580904245376587, "z": -0.4966191351413727, "visibility": 0.9999484419822693, "presence": 0.9999994039535522}, "left eye (inner)": {"x": 0.4017918109893799, "y": 0.33564987778663635, "z": -0.4762052595615387, "visibility": 0.9999241232872009, "presence": 0.999998927116394}, "left eye": {"x": 0.4001299738883972, "y": 0.335014671087265, "z": -0.4766341745853424, "visibility": 0.999932587146759, "presence": 0.9999990463256836}, "left eye (outer)": {"x": 0.3986227214336395, "y": 0.3344126045703888, "z": -0.4765729010105133, "visibility": 0.9999488592147827, "presence": 0.9999988079071045}, "right eye (inner)": {"x": 0.3990213871002197, "y": 0.33528536558151245, "z": -0.5259681344032288, "visibility": 0.9999586343765259, "presence": 0.9999986886978149}, "right eye": {"x": 0.395202100276947, "y": 0.3343883752822876, "z": -0.5263195633888245, "visibility": 0.9999704957008362, "presence": 0.999998927116394}, "right eye (outer)": {"x": 0.39128991961479187, "y": 0.33353567123413086, "z": -0.5264164209365845, "visibility": 0.9999728798866272, "presence": 0.9999988079071045}, "left ear": {"x": 0.371616005897522, "y": 0.3314257860183716, "z": -0.3321303427219391, "visibility": 0.9999754428863525, "presence": 0.9999992847442627}, "right ear": {"x": 0.3645992577075958, "y": 0.3316378593444824, "z": -0.5602258443832397, "visibility": 0.9999544620513916, "presence": 0.9999982118606567}, "mouth (left)": {"x": 0.3904227614402771, "y": 0.3538675010204315, "z": -0.4335728585720062, "visibility": 0.9998803734779358, "presence": 0.9999996423721313}, "mouth (right)": {"x": 0.3885478973388672, "y": 0.35367351770401, "z": -0.5013148784637451, "visibility": 0.9999143481254578, "presence": 0.9999995231628418}, "left shoulder": {"x": 0.3721483647823334, "y": 0.3669745624065399, "z": -0.13253383338451385, "visibility": 0.9999857544898987, "presence": 1.0}, "right shoulder": {"x": 0.2532612681388855, "y": 0.36552900075912476, "z": -0.5941103100776672, "visibility": 0.9999923706054688, "presence": 0.9999997615814209}, "left elbow": {"x": 0.37720081210136414, "y": 0.4075612723827362, "z": -0.05774332210421562, "visibility": 0.3789913058280945, "presence": 0.9999992847442627}, "right elbow": {"x": 0.16239561140537262, "y": 0.406729519367218, "z": -0.6315560936927795, "visibility": 0.9926422834396362, "presence": 0.9999921321868896}, "left wrist": {"x": 0.3941590487957001, "y": 0.4227485954761505, "z": -0.21044360101222992, "visibility": 0.5951422452926636, "presence": 0.9999997615814209}, "right wrist": {"x": 0.14328821003437042, "y": 0.4787803590297699, "z": -0.6796826124191284, "visibility": 0.9750804901123047, "presence": 0.9999959468841553}, "left pinky": {"x": 0.4133974015712738, "y": 0.4280798137187958, "z": -0.23973499238491058, "visibility": 0.6200885772705078, "presence": 0.9999986886978149}, "right pinky": {"x": 0.12549127638339996, "y": 0.4981733560562134, "z": -0.7409247159957886, "visibility": 0.9701391458511353, "presence": 0.9999754428863525}, "left index": {"x": 0.41090238094329834, "y": 0.42067524790763855, "z": -0.2877911925315857, "visibility": 0.6290086507797241, "presence": 0.9999985694885254}, "right index": {"x": 0.14268992841243744, "y": 0.5006380677223206, "z": -0.7582035660743713, "visibility": 0.9693965315818787, "presence": 0.9999793767929077}, "left thumb": {"x": 0.39961057901382446, "y": 0.41907453536987305, "z": -0.2342710942029953, "visibility": 0.6182161569595337, "presence": 0.9999994039535522}, "right thumb": {"x": 0.15059413015842438, "y": 0.494773268699646, "z": -0.6864479184150696, "visibility": 0.9528049230575562, "presence": 0.9999921321868896}, "left hip": {"x": 0.2859842777252197, "y": 0.4677490293979645, "z": 0.15314652025699615, "visibility": 0.9999845623970032, "presence": 0.9999997615814209}, "right hip": {"x": 0.21646063029766083, "y": 0.4706950783729553, "z": -0.15316320955753326, "visibility": 0.9999918341636658, "presence": 0.9999995231628418}, "left knee": {"x": 0.38846415281295776, "y": 0.5309118628501892, "z": 0.2030731588602066, "visibility": 0.2643122375011444, "presence": 0.9999966621398926}, "right knee": {"x": 0.3079373240470886, "y": 0.5299901366233826, "z": -0.450939416885376, "visibility": 0.9902019500732422, "presence": 0.9999984502792358}, "left ankle": {"x": 0.3094492256641388, "y": 0.585205614566803, "z": 0.44528213143348694, "visibility": 0.5776576995849609, "presence": 0.9999744892120361}, "right ankle": {"x": 0.2652483880519867, "y": 0.6332592368125916, "z": -0.3517661690711975, "visibility": 0.9914134740829468, "presence": 0.9999537467956543}, "left heel": {"x": 0.28371661901474, "y": 0.5927641987800598, "z": 0.46014949679374695, "visibility": 0.670951247215271, "presence": 0.999936580657959}, "right heel": {"x": 0.24080583453178406, "y": 0.6523615717887878, "z": -0.3453686833381653, "visibility": 0.9611584544181824, "presence": 0.999897837638855}, "left foot index": {"x": 0.363540917634964, "y": 0.6050099730491638, "z": 0.3921954035758972, "visibility": 0.7569994926452637, "presence": 0.9999210834503174}, "right foot index": {"x": 0.3281679153442383, "y": 0.6571690440177917, "z": -0.4747593402862549, "visibility": 0.990522563457489, "presence": 0.99964439868927}, "timestamp": "20240418-210228"}