{"nose": {"x": 0.4002990424633026, "y": 0.29329392313957214, "z": -0.3436524271965027, "visibility": 0.9998243451118469, "presence": 0.9999639987945557}, "left eye (inner)": {"x": 0.39747896790504456, "y": 0.2828327715396881, "z": -0.3257679343223572, "visibility": 0.9997686147689819, "presence": 0.9999614953994751}, "left eye": {"x": 0.3952220380306244, "y": 0.2820632755756378, "z": -0.32624688744544983, "visibility": 0.9997942447662354, "presence": 0.9999685287475586}, "left eye (outer)": {"x": 0.39334774017333984, "y": 0.28133946657180786, "z": -0.3262747526168823, "visibility": 0.999850869178772, "presence": 0.9999678134918213}, "right eye (inner)": {"x": 0.3962654173374176, "y": 0.283083975315094, "z": -0.38836875557899475, "visibility": 0.999883234500885, "presence": 0.9999542236328125}, "right eye": {"x": 0.39311090111732483, "y": 0.2825799584388733, "z": -0.3887580931186676, "visibility": 0.9999182224273682, "presence": 0.9999669790267944}, "right eye (outer)": {"x": 0.3899892568588257, "y": 0.28215456008911133, "z": -0.38905346393585205, "visibility": 0.999927818775177, "presence": 0.9999643564224243}, "left ear": {"x": 0.3666744828224182, "y": 0.28142261505126953, "z": -0.211758092045784, "visibility": 0.9999225735664368, "presence": 0.999988317489624}, "right ear": {"x": 0.36248910427093506, "y": 0.28266555070877075, "z": -0.498090535402298, "visibility": 0.9998686909675598, "presence": 0.9999754428863525}, "mouth (left)": {"x": 0.38861799240112305, "y": 0.30142641067504883, "z": -0.2908293902873993, "visibility": 0.9997304677963257, "presence": 0.999991774559021}, "mouth (right)": {"x": 0.3871636986732483, "y": 0.30131807923316956, "z": -0.3758592903614044, "visibility": 0.9998241066932678, "presence": 0.9999878406524658}, "left shoulder": {"x": 0.3169417977333069, "y": 0.31891798973083496, "z": 0.009638410061597824, "visibility": 0.9999802112579346, "presence": 0.9999996423721313}, "right shoulder": {"x": 0.28751224279403687, "y": 0.3245253264904022, "z": -0.583145797252655, "visibility": 0.9999875426292419, "presence": 0.9999970197677612}, "left elbow": {"x": 0.2734263837337494, "y": 0.37857475876808167, "z": 0.29353636503219604, "visibility": 0.170135959982872, "presence": 0.9999966621398926}, "right elbow": {"x": 0.24248632788658142, "y": 0.39820894598960876, "z": -0.7392492294311523, "visibility": 0.9930824637413025, "presence": 0.999850869178772}, "left wrist": {"x": 0.36919331550598145, "y": 0.38551950454711914, "z": 0.4387839436531067, "visibility": 0.26988524198532104, "presence": 0.9999958276748657}, "right wrist": {"x": 0.38318175077438354, "y": 0.413787305355072, "z": -0.7812117338180542, "visibility": 0.9882667660713196, "presence": 0.9999967813491821}, "left pinky": {"x": 0.38302910327911377, "y": 0.38360512256622314, "z": 0.47958776354789734, "visibility": 0.3332328498363495, "presence": 0.9999902248382568}, "right pinky": {"x": 0.41324087977409363, "y": 0.42273712158203125, "z": -0.8528952598571777, "visibility": 0.9832809567451477, "presence": 0.9999969005584717}, "left index": {"x": 0.3856595456600189, "y": 0.3802329897880554, "z": 0.42334410548210144, "visibility": 0.34338027238845825, "presence": 0.9999804496765137}, "right index": {"x": 0.43050575256347656, "y": 0.4124370515346527, "z": -0.8181243538856506, "visibility": 0.982119619846344, "presence": 0.9999969005584717}, "left thumb": {"x": 0.3816734254360199, "y": 0.38193854689598083, "z": 0.4203604459762573, "visibility": 0.3381687104701996, "presence": 0.9999880790710449}, "right thumb": {"x": 0.41671431064605713, "y": 0.41036275029182434, "z": -0.7689762711524963, "visibility": 0.9584758877754211, "presence": 0.9999979734420776}, "left hip": {"x": 0.2435770481824875, "y": 0.43891990184783936, "z": 0.19852973520755768, "visibility": 0.9999879002571106, "presence": 0.9999996423721313}, "right hip": {"x": 0.21115674078464508, "y": 0.44681230187416077, "z": -0.19841602444648743, "visibility": 0.9999935626983643, "presence": 0.9999991655349731}, "left knee": {"x": 0.3190290629863739, "y": 0.5149918794631958, "z": 0.42045435309410095, "visibility": 0.2786429226398468, "presence": 0.999983549118042}, "right knee": {"x": 0.29310673475265503, "y": 0.5303422808647156, "z": -0.28799745440483093, "visibility": 0.9926396608352661, "presence": 0.999988317489624}, "left ankle": {"x": 0.2944076657295227, "y": 0.5859898924827576, "z": 0.6825875043869019, "visibility": 0.6175998449325562, "presence": 0.9999446868896484}, "right ankle": {"x": 0.24704447388648987, "y": 0.6305803656578064, "z": -0.19465211033821106, "visibility": 0.9944957494735718, "presence": 0.9998859167098999}, "left heel": {"x": 0.273033082485199, "y": 0.6020050644874573, "z": 0.6997649073600769, "visibility": 0.6958310604095459, "presence": 0.9998695850372314}, "right heel": {"x": 0.21921749413013458, "y": 0.6515397429466248, "z": -0.18812480568885803, "visibility": 0.9701610803604126, "presence": 0.9998175501823425}, "left foot index": {"x": 0.3621574640274048, "y": 0.6021554470062256, "z": 0.6425075531005859, "visibility": 0.7566512227058411, "presence": 0.9998860359191895}, "right foot index": {"x": 0.31266629695892334, "y": 0.6561071872711182, "z": -0.31459006667137146, "visibility": 0.9918470978736877, "presence": 0.9995236396789551}, "timestamp": "20240418-210306"}