{"nose": {"x": 0.4000237286090851, "y": 0.308733731508255, "z": -0.21608376502990723, "visibility": 0.9999425411224365, "presence": 0.9999532699584961}, "left eye (inner)": {"x": 0.3994351029396057, "y": 0.29788681864738464, "z": -0.19062910974025726, "visibility": 0.9999192953109741, "presence": 0.9999420642852783}, "left eye": {"x": 0.3995969295501709, "y": 0.29744964838027954, "z": -0.1910189688205719, "visibility": 0.9999284744262695, "presence": 0.9999545812606812}, "left eye (outer)": {"x": 0.40000104904174805, "y": 0.29702234268188477, "z": -0.19092676043510437, "visibility": 0.9999441504478455, "presence": 0.9999523162841797}, "right eye (inner)": {"x": 0.3949122726917267, "y": 0.29719865322113037, "z": -0.24859419465065002, "visibility": 0.9999573230743408, "presence": 0.9999198913574219}, "right eye": {"x": 0.39135313034057617, "y": 0.29622161388397217, "z": -0.2489352822303772, "visibility": 0.9999681115150452, "presence": 0.9999362230300903}, "right eye (outer)": {"x": 0.38709160685539246, "y": 0.29504087567329407, "z": -0.24910935759544373, "visibility": 0.9999706149101257, "presence": 0.9999258518218994}, "left ear": {"x": 0.37561750411987305, "y": 0.29509568214416504, "z": -0.056425485759973526, "visibility": 0.9999672174453735, "presence": 0.9999738931655884}, "right ear": {"x": 0.3603150546550751, "y": 0.2931700050830841, "z": -0.3195174038410187, "visibility": 0.9999487996101379, "presence": 0.9999392032623291}, "mouth (left)": {"x": 0.39104461669921875, "y": 0.31696441769599915, "z": -0.15925930440425873, "visibility": 0.9998881816864014, "presence": 0.999985933303833}, "mouth (right)": {"x": 0.3864332437515259, "y": 0.31593212485313416, "z": -0.23793183267116547, "visibility": 0.9999254941940308, "presence": 0.9999709129333496}, "left shoulder": {"x": 0.3539656102657318, "y": 0.3404182493686676, "z": 0.11017154902219772, "visibility": 0.9999857544898987, "presence": 0.9999977350234985}, "right shoulder": {"x": 0.2760445475578308, "y": 0.33718666434288025, "z": -0.4318002760410309, "visibility": 0.999988317489624, "presence": 0.9999873638153076}, "left elbow": {"x": 0.3501138687133789, "y": 0.39118075370788574, "z": 0.025707770138978958, "visibility": 0.421138733625412, "presence": 0.999914288520813}, "right elbow": {"x": 0.27246981859207153, "y": 0.4010521471500397, "z": -0.623397707939148, "visibility": 0.9824748635292053, "presence": 0.9994414448738098}, "left wrist": {"x": 0.42876115441322327, "y": 0.38107091188430786, "z": -0.3051671087741852, "visibility": 0.6144669651985168, "presence": 0.9999432563781738}, "right wrist": {"x": 0.3859004080295563, "y": 0.37984499335289, "z": -0.6818336248397827, "visibility": 0.9249503016471863, "presence": 0.9999778270721436}, "left pinky": {"x": 0.4566800594329834, "y": 0.3826947808265686, "z": -0.3446178734302521, "visibility": 0.6400389075279236, "presence": 0.9999157190322876}, "right pinky": {"x": 0.4169212281703949, "y": 0.3790772259235382, "z": -0.7583532333374023, "visibility": 0.9175440073013306, "presence": 0.9999803304672241}, "left index": {"x": 0.4547092318534851, "y": 0.3773154020309448, "z": -0.37312883138656616, "visibility": 0.6499887108802795, "presence": 0.999907374382019}, "right index": {"x": 0.41659852862358093, "y": 0.36898720264434814, "z": -0.7293796539306641, "visibility": 0.9180372357368469, "presence": 0.9999831914901733}, "left thumb": {"x": 0.4376771152019501, "y": 0.376681387424469, "z": -0.32651928067207336, "visibility": 0.6332637667655945, "presence": 0.9999333620071411}, "right thumb": {"x": 0.40444961190223694, "y": 0.3704129159450531, "z": -0.6735447645187378, "visibility": 0.8910791277885437, "presence": 0.9999874830245972}, "left hip": {"x": 0.2729129195213318, "y": 0.4584115445613861, "z": 0.1815662831068039, "visibility": 0.9999852180480957, "presence": 0.9999994039535522}, "right hip": {"x": 0.21800121665000916, "y": 0.4617201089859009, "z": -0.18133768439292908, "visibility": 0.9999884366989136, "presence": 0.9999988079071045}, "left knee": {"x": 0.35280612111091614, "y": 0.5217075943946838, "z": 0.49872303009033203, "visibility": 0.3561885356903076, "presence": 0.9999938011169434}, "right knee": {"x": 0.3226701021194458, "y": 0.5270859003067017, "z": -0.3964354693889618, "visibility": 0.9902833700180054, "presence": 0.9999984502792358}, "left ankle": {"x": 0.3108595907688141, "y": 0.5852426290512085, "z": 0.7609987854957581, "visibility": 0.6157517433166504, "presence": 0.9999836683273315}, "right ankle": {"x": 0.2660061717033386, "y": 0.6327646970748901, "z": -0.3344629108905792, "visibility": 0.9920181035995483, "presence": 0.999984622001648}, "left heel": {"x": 0.2930196523666382, "y": 0.6005650162696838, "z": 0.7779785990715027, "visibility": 0.6781132221221924, "presence": 0.9999589920043945}, "right heel": {"x": 0.23869264125823975, "y": 0.6523571610450745, "z": -0.3301422894001007, "visibility": 0.9610020518302917, "presence": 0.9999641180038452}, "left foot index": {"x": 0.3695581257343292, "y": 0.6042705178260803, "z": 0.7442100644111633, "visibility": 0.7764788269996643, "presence": 0.9999568462371826}, "right foot index": {"x": 0.32963788509368896, "y": 0.6560789942741394, "z": -0.43392741680145264, "visibility": 0.990977942943573, "presence": 0.9998449087142944}, "timestamp": "20240418-210225"}