{"nose": {"x": 0.3946903347969055, "y": 0.29652106761932373, "z": -0.0861806571483612, "visibility": 0.9999023675918579, "presence": 0.9999876022338867}, "left eye (inner)": {"x": 0.3934180438518524, "y": 0.28616392612457275, "z": -0.06836998462677002, "visibility": 0.9998686909675598, "presence": 0.9999829530715942}, "left eye": {"x": 0.3913702666759491, "y": 0.2851425111293793, "z": -0.06886916607618332, "visibility": 0.9998809695243835, "presence": 0.9999845027923584}, "left eye (outer)": {"x": 0.3892780840396881, "y": 0.284141480922699, "z": -0.06872743368148804, "visibility": 0.9998881220817566, "presence": 0.9999793767929077}, "right eye (inner)": {"x": 0.3926889896392822, "y": 0.28656551241874695, "z": -0.1286872923374176, "visibility": 0.9999077320098877, "presence": 0.9999815225601196}, "right eye": {"x": 0.39032259583473206, "y": 0.2859875559806824, "z": -0.12909358739852905, "visibility": 0.999937117099762, "presence": 0.9999865293502808}, "right eye (outer)": {"x": 0.3879915475845337, "y": 0.28542354702949524, "z": -0.12936370074748993, "visibility": 0.9999369382858276, "presence": 0.9999843835830688}, "left ear": {"x": 0.36509159207344055, "y": 0.2829184830188751, "z": 0.045984897762537, "visibility": 0.9999318718910217, "presence": 0.9999841451644897}, "right ear": {"x": 0.3645373284816742, "y": 0.2847357988357544, "z": -0.23700328171253204, "visibility": 0.9999034404754639, "presence": 0.9999839067459106}, "mouth (left)": {"x": 0.3822336196899414, "y": 0.3043972849845886, "z": -0.03484703227877617, "visibility": 0.9994817972183228, "presence": 0.9999833106994629}, "mouth (right)": {"x": 0.381780207157135, "y": 0.3044995963573456, "z": -0.11806224286556244, "visibility": 0.9995782375335693, "presence": 0.9999711513519287}, "left shoulder": {"x": 0.27213090658187866, "y": 0.3195042014122009, "z": 0.18539665639400482, "visibility": 0.9999462366104126, "presence": 0.9999953508377075}, "right shoulder": {"x": 0.33308643102645874, "y": 0.3219839334487915, "z": -0.3948396146297455, "visibility": 0.99997878074646, "presence": 0.9999912977218628}, "left elbow": {"x": 0.22524988651275635, "y": 0.38107964396476746, "z": 0.26613157987594604, "visibility": 0.2372298687696457, "presence": 0.9999059438705444}, "right elbow": {"x": 0.39162370562553406, "y": 0.3697475790977478, "z": -0.6700232625007629, "visibility": 0.993233859539032, "presence": 0.9999237060546875}, "left wrist": {"x": 0.2172636091709137, "y": 0.432628333568573, "z": 0.22206610441207886, "visibility": 0.30569684505462646, "presence": 0.999933123588562}, "right wrist": {"x": 0.48272067308425903, "y": 0.34064480662345886, "z": -0.7701672315597534, "visibility": 0.9803838729858398, "presence": 0.9999821186065674}, "left pinky": {"x": 0.20288430154323578, "y": 0.44577768445014954, "z": 0.24141131341457367, "visibility": 0.3258287310600281, "presence": 0.9999450445175171}, "right pinky": {"x": 0.5140162110328674, "y": 0.3320405185222626, "z": -0.8568339347839355, "visibility": 0.9719650149345398, "presence": 0.9999802112579346}, "left index": {"x": 0.21343140304088593, "y": 0.448196142911911, "z": 0.200750470161438, "visibility": 0.3286879360675812, "presence": 0.9999281167984009}, "right index": {"x": 0.5096271634101868, "y": 0.3207230567932129, "z": -0.8024339079856873, "visibility": 0.9688359498977661, "presence": 0.9999815225601196}, "left thumb": {"x": 0.22113318741321564, "y": 0.4451647996902466, "z": 0.20694655179977417, "visibility": 0.3200969994068146, "presence": 0.9999287128448486}, "right thumb": {"x": 0.4989542067050934, "y": 0.3246907591819763, "z": -0.7540804147720337, "visibility": 0.9367063641548157, "presence": 0.9999868869781494}, "left hip": {"x": 0.22370435297489166, "y": 0.4501427412033081, "z": 0.18672217428684235, "visibility": 0.9999859929084778, "presence": 0.9999996423721313}, "right hip": {"x": 0.24423748254776, "y": 0.4539366364479065, "z": -0.18677403032779694, "visibility": 0.9999936819076538, "presence": 0.9999996423721313}, "left knee": {"x": 0.29680246114730835, "y": 0.5189907550811768, "z": 0.5639443397521973, "visibility": 0.254628449678421, "presence": 0.9999858140945435}, "right knee": {"x": 0.3314521908760071, "y": 0.5304646492004395, "z": -0.20493866503238678, "visibility": 0.9930897951126099, "presence": 0.9999967813491821}, "left ankle": {"x": 0.2986209988594055, "y": 0.5954537987709045, "z": 0.8468369245529175, "visibility": 0.5711257457733154, "presence": 0.9999749660491943}, "right ankle": {"x": 0.2654542624950409, "y": 0.6323861479759216, "z": -0.16583801805973053, "visibility": 0.9907441735267639, "presence": 0.9999769926071167}, "left heel": {"x": 0.2878814935684204, "y": 0.611758291721344, "z": 0.8697628378868103, "visibility": 0.6548085808753967, "presence": 0.9999226331710815}, "right heel": {"x": 0.23558273911476135, "y": 0.6525244116783142, "z": -0.16343724727630615, "visibility": 0.9571055769920349, "presence": 0.9999525547027588}, "left foot index": {"x": 0.3627640902996063, "y": 0.6001014113426208, "z": 0.8661187887191772, "visibility": 0.6795041561126709, "presence": 0.9999512434005737}, "right foot index": {"x": 0.33011531829833984, "y": 0.6593549251556396, "z": -0.2516222298145294, "visibility": 0.9835388660430908, "presence": 0.9998243451118469}, "timestamp": "20240418-210252"}