{"nose": {"x": 0.3980106711387634, "y": 0.2944279909133911, "z": -0.14973671734333038, "visibility": 0.9998050332069397, "presence": 0.9997979998588562}, "left eye (inner)": {"x": 0.39617669582366943, "y": 0.28385546803474426, "z": -0.1292329579591751, "visibility": 0.9997296929359436, "presence": 0.9997742772102356}, "left eye": {"x": 0.394013911485672, "y": 0.2830374538898468, "z": -0.1297023445367813, "visibility": 0.999746561050415, "presence": 0.9998326301574707}, "left eye (outer)": {"x": 0.391543984413147, "y": 0.2821114957332611, "z": -0.12973521649837494, "visibility": 0.9998063445091248, "presence": 0.9998432397842407}, "right eye (inner)": {"x": 0.3956983685493469, "y": 0.2839703857898712, "z": -0.1912824958562851, "visibility": 0.9998378157615662, "presence": 0.9996743202209473}, "right eye": {"x": 0.39326247572898865, "y": 0.28330644965171814, "z": -0.1916019469499588, "visibility": 0.9998825788497925, "presence": 0.9997513890266418}, "right eye (outer)": {"x": 0.39038634300231934, "y": 0.2825426459312439, "z": -0.19188536703586578, "visibility": 0.9998937845230103, "presence": 0.9997158646583557}, "left ear": {"x": 0.36570799350738525, "y": 0.28072425723075867, "z": -0.018978791311383247, "visibility": 0.9998981952667236, "presence": 0.999942421913147}, "right ear": {"x": 0.3650962710380554, "y": 0.28176870942115784, "z": -0.3055240213871002, "visibility": 0.9998211860656738, "presence": 0.9998075366020203}, "mouth (left)": {"x": 0.38521161675453186, "y": 0.302173376083374, "z": -0.10120460391044617, "visibility": 0.9994245767593384, "presence": 0.9999643564224243}, "mouth (right)": {"x": 0.38443347811698914, "y": 0.3019185960292816, "z": -0.18589754402637482, "visibility": 0.9995468854904175, "presence": 0.9999244213104248}, "left shoulder": {"x": 0.29428988695144653, "y": 0.3206104636192322, "z": 0.18184109032154083, "visibility": 0.9999493360519409, "presence": 0.9999988079071045}, "right shoulder": {"x": 0.3179960548877716, "y": 0.3224831819534302, "z": -0.44305694103240967, "visibility": 0.9999785423278809, "presence": 0.9999804496765137}, "left elbow": {"x": 0.30286282300949097, "y": 0.38132795691490173, "z": 0.3476821780204773, "visibility": 0.21695859730243683, "presence": 0.9999873638153076}, "right elbow": {"x": 0.3101454973220825, "y": 0.39096447825431824, "z": -0.698198139667511, "visibility": 0.9914953708648682, "presence": 0.9993652701377869}, "left wrist": {"x": 0.4085775315761566, "y": 0.39777708053588867, "z": 0.41661202907562256, "visibility": 0.28783878684043884, "presence": 0.9999842643737793}, "right wrist": {"x": 0.4560011625289917, "y": 0.37385842204093933, "z": -0.8132756352424622, "visibility": 0.9802924990653992, "presence": 0.9999805688858032}, "left pinky": {"x": 0.429271936416626, "y": 0.3961452841758728, "z": 0.4504488408565521, "visibility": 0.31468233466148376, "presence": 0.9999650716781616}, "right pinky": {"x": 0.4889833927154541, "y": 0.37205564975738525, "z": -0.8980604410171509, "visibility": 0.9718509912490845, "presence": 0.9999837875366211}, "left index": {"x": 0.43726158142089844, "y": 0.3930684030056, "z": 0.3993428945541382, "visibility": 0.3191385567188263, "presence": 0.9999438524246216}, "right index": {"x": 0.4853167235851288, "y": 0.36316919326782227, "z": -0.8571451306343079, "visibility": 0.9687225222587585, "presence": 0.9999841451644897}, "left thumb": {"x": 0.43196117877960205, "y": 0.3953719139099121, "z": 0.398322731256485, "visibility": 0.30986279249191284, "presence": 0.9999643564224243}, "right thumb": {"x": 0.47654756903648376, "y": 0.36349359154701233, "z": -0.8029696941375732, "visibility": 0.9344229102134705, "presence": 0.9999891519546509}, "left hip": {"x": 0.22862893342971802, "y": 0.44776713848114014, "z": 0.19949659705162048, "visibility": 0.9999852776527405, "presence": 0.9999996423721313}, "right hip": {"x": 0.23843033611774445, "y": 0.4514719247817993, "z": -0.19937987625598907, "visibility": 0.999993085861206, "presence": 0.9999990463256836}, "left knee": {"x": 0.29822686314582825, "y": 0.5187804698944092, "z": 0.6086724400520325, "visibility": 0.23246575891971588, "presence": 0.9999886751174927}, "right knee": {"x": 0.3195740580558777, "y": 0.5305596590042114, "z": -0.287209689617157, "visibility": 0.9929848909378052, "presence": 0.9999929666519165}, "left ankle": {"x": 0.2976974844932556, "y": 0.5925726890563965, "z": 0.9251043796539307, "visibility": 0.5471046566963196, "presence": 0.9999700784683228}, "right ankle": {"x": 0.2639661431312561, "y": 0.6338825821876526, "z": -0.27062416076660156, "visibility": 0.991063117980957, "presence": 0.9999473094940186}, "left heel": {"x": 0.2862688899040222, "y": 0.6116872429847717, "z": 0.9493101239204407, "visibility": 0.6375519037246704, "presence": 0.9999233484268188}, "right heel": {"x": 0.23548069596290588, "y": 0.6533014178276062, "z": -0.2699431777000427, "visibility": 0.9584716558456421, "presence": 0.9998958110809326}, "left foot index": {"x": 0.36261075735092163, "y": 0.6002382040023804, "z": 0.9355066418647766, "visibility": 0.6609687209129333, "presence": 0.9999474287033081}, "right foot index": {"x": 0.33003005385398865, "y": 0.6592568159103394, "z": -0.3781548738479614, "visibility": 0.9839907288551331, "presence": 0.9996727705001831}, "timestamp": "20240418-210252"}