{"nose": {"x": 0.40589573979377747, "y": 0.31642937660217285, "z": -0.5444680452346802, "visibility": 0.9999045133590698, "presence": 0.999998927116394}, "left eye (inner)": {"x": 0.4043867886066437, "y": 0.30547577142715454, "z": -0.5223118662834167, "visibility": 0.9998653531074524, "presence": 0.9999984502792358}, "left eye": {"x": 0.4030255079269409, "y": 0.30491405725479126, "z": -0.5228148102760315, "visibility": 0.9998747110366821, "presence": 0.9999985694885254}, "left eye (outer)": {"x": 0.40192297101020813, "y": 0.30435705184936523, "z": -0.5227635502815247, "visibility": 0.9999068975448608, "presence": 0.9999982118606567}, "right eye (inner)": {"x": 0.4014749526977539, "y": 0.3052213490009308, "z": -0.5835824012756348, "visibility": 0.9999241232872009, "presence": 0.9999985694885254}, "right eye": {"x": 0.3976805806159973, "y": 0.30459871888160706, "z": -0.5840330719947815, "visibility": 0.9999443292617798, "presence": 0.9999990463256836}, "right eye (outer)": {"x": 0.3937753140926361, "y": 0.3040618896484375, "z": -0.5843350887298584, "visibility": 0.9999510645866394, "presence": 0.999998927116394}, "left ear": {"x": 0.37464073300361633, "y": 0.303546279668808, "z": -0.37244778871536255, "visibility": 0.9999479055404663, "presence": 0.9999992847442627}, "right ear": {"x": 0.36646807193756104, "y": 0.30403628945350647, "z": -0.6544283628463745, "visibility": 0.999910831451416, "presence": 0.9999990463256836}, "mouth (left)": {"x": 0.3934965133666992, "y": 0.32514092326164246, "z": -0.4774992763996124, "visibility": 0.9997461438179016, "presence": 0.9999992847442627}, "mouth (right)": {"x": 0.3896792232990265, "y": 0.3254444897174835, "z": -0.5615364909172058, "visibility": 0.9998021721839905, "presence": 0.9999991655349731}, "left shoulder": {"x": 0.3432864546775818, "y": 0.34202492237091064, "z": -0.11778616905212402, "visibility": 0.9999725818634033, "presence": 0.9999998807907104}, "right shoulder": {"x": 0.2745063006877899, "y": 0.3463316559791565, "z": -0.6746470928192139, "visibility": 0.999987006187439, "presence": 0.9999997615814209}, "left elbow": {"x": 0.31388160586357117, "y": 0.3776929974555969, "z": 0.23316539824008942, "visibility": 0.1556698977947235, "presence": 0.9999992847442627}, "right elbow": {"x": 0.16300199925899506, "y": 0.39744675159454346, "z": -0.7220458984375, "visibility": 0.9916359782218933, "presence": 0.999982476234436}, "left wrist": {"x": 0.36813268065452576, "y": 0.3965248167514801, "z": 0.4332434833049774, "visibility": 0.32970520853996277, "presence": 0.999998927116394}, "right wrist": {"x": 0.22946590185165405, "y": 0.4536801278591156, "z": -0.6845867037773132, "visibility": 0.9719462394714355, "presence": 0.9999983310699463}, "left pinky": {"x": 0.3880258798599243, "y": 0.40213191509246826, "z": 0.47988012433052063, "visibility": 0.37968605756759644, "presence": 0.9999969005584717}, "right pinky": {"x": 0.2400340586900711, "y": 0.4718354046344757, "z": -0.7424987554550171, "visibility": 0.9648014307022095, "presence": 0.9999971389770508}, "left index": {"x": 0.3979772925376892, "y": 0.4009327292442322, "z": 0.4154159128665924, "visibility": 0.39325374364852905, "presence": 0.9999934434890747}, "right index": {"x": 0.25549259781837463, "y": 0.468085914850235, "z": -0.7265304923057556, "visibility": 0.962710976600647, "presence": 0.9999970197677612}, "left thumb": {"x": 0.384734570980072, "y": 0.39982283115386963, "z": 0.413663774728775, "visibility": 0.3815767467021942, "presence": 0.9999964237213135}, "right thumb": {"x": 0.254717081785202, "y": 0.4617358446121216, "z": -0.6775810122489929, "visibility": 0.934930145740509, "presence": 0.9999983310699463}, "left hip": {"x": 0.2617756724357605, "y": 0.45045721530914307, "z": 0.19876466691493988, "visibility": 0.9999852180480957, "presence": 1.0}, "right hip": {"x": 0.208831787109375, "y": 0.456839382648468, "z": -0.19868691265583038, "visibility": 0.9999926090240479, "presence": 0.9999998807907104}, "left knee": {"x": 0.3343571126461029, "y": 0.5184696316719055, "z": 0.4719177484512329, "visibility": 0.21196873486042023, "presence": 0.9999991655349731}, "right knee": {"x": 0.3038804233074188, "y": 0.5345661640167236, "z": -0.3079354465007782, "visibility": 0.9924600124359131, "presence": 0.9999994039535522}, "left ankle": {"x": 0.29797786474227905, "y": 0.5879077911376953, "z": 0.7785353660583496, "visibility": 0.5438814759254456, "presence": 0.9999951124191284}, "right ankle": {"x": 0.2626070976257324, "y": 0.6335964202880859, "z": -0.10404841601848602, "visibility": 0.9929919242858887, "presence": 0.999991774559021}, "left heel": {"x": 0.28081971406936646, "y": 0.6021110415458679, "z": 0.7992256283760071, "visibility": 0.6258836984634399, "presence": 0.9999849796295166}, "right heel": {"x": 0.2352353036403656, "y": 0.652881383895874, "z": -0.08867309242486954, "visibility": 0.9675741195678711, "presence": 0.9999845027923584}, "left foot index": {"x": 0.3644675612449646, "y": 0.603498101234436, "z": 0.7520833611488342, "visibility": 0.6966376900672913, "presence": 0.9999785423278809}, "right foot index": {"x": 0.32972413301467896, "y": 0.6579562425613403, "z": -0.21338461339473724, "visibility": 0.9878367185592651, "presence": 0.9999263286590576}, "timestamp": "20240418-210249"}