{"nose": {"x": 0.40236660838127136, "y": 0.3040567934513092, "z": 0.00321202096529305, "visibility": 0.9999219179153442, "presence": 0.9999909400939941}, "left eye (inner)": {"x": 0.40163642168045044, "y": 0.2929536700248718, "z": 0.01482385117560625, "visibility": 0.9998962879180908, "presence": 0.9999884366989136}, "left eye": {"x": 0.3994297385215759, "y": 0.2920728325843811, "z": 0.014401945285499096, "visibility": 0.9999065399169922, "presence": 0.9999897480010986}, "left eye (outer)": {"x": 0.3972261846065521, "y": 0.291246235370636, "z": 0.014558364637196064, "visibility": 0.9999183416366577, "presence": 0.9999868869781494}, "right eye (inner)": {"x": 0.4010544717311859, "y": 0.2928602993488312, "z": -0.039344340562820435, "visibility": 0.999932587146759, "presence": 0.9999860525131226}, "right eye": {"x": 0.3986327350139618, "y": 0.29206493496894836, "z": -0.039737291634082794, "visibility": 0.9999556541442871, "presence": 0.9999890327453613}, "right eye (outer)": {"x": 0.3962300419807434, "y": 0.2913660407066345, "z": -0.03987941890954971, "visibility": 0.9999544620513916, "presence": 0.9999867677688599}, "left ear": {"x": 0.37265443801879883, "y": 0.2886289954185486, "z": 0.08930676430463791, "visibility": 0.9999487400054932, "presence": 0.9999903440475464}, "right ear": {"x": 0.3728608787059784, "y": 0.29001396894454956, "z": -0.1583690494298935, "visibility": 0.9999244213104248, "presence": 0.9999845027923584}, "mouth (left)": {"x": 0.3893124759197235, "y": 0.31082361936569214, "z": 0.041986480355262756, "visibility": 0.9996993541717529, "presence": 0.9999850988388062}, "mouth (right)": {"x": 0.3889840543270111, "y": 0.3107587695121765, "z": -0.03255980461835861, "visibility": 0.999762773513794, "presence": 0.9999704360961914}, "left shoulder": {"x": 0.2796541452407837, "y": 0.3210418224334717, "z": 0.22001555562019348, "visibility": 0.9999675750732422, "presence": 0.9999961853027344}, "right shoulder": {"x": 0.3387972414493561, "y": 0.3233147859573364, "z": -0.2895944118499756, "visibility": 0.9999855160713196, "presence": 0.9999896287918091}, "left elbow": {"x": 0.2215011864900589, "y": 0.380435049533844, "z": 0.3428252041339874, "visibility": 0.2608988285064697, "presence": 0.9999392032623291}, "right elbow": {"x": 0.41759592294692993, "y": 0.3642650544643402, "z": -0.5033076405525208, "visibility": 0.9934690594673157, "presence": 0.9999191761016846}, "left wrist": {"x": 0.2276235818862915, "y": 0.4268723726272583, "z": 0.33063966035842896, "visibility": 0.32573214173316956, "presence": 0.9999762773513794}, "right wrist": {"x": 0.48942551016807556, "y": 0.3361278176307678, "z": -0.52432781457901, "visibility": 0.97278892993927, "presence": 0.9999793767929077}, "left pinky": {"x": 0.2130659818649292, "y": 0.4408545196056366, "z": 0.3539109230041504, "visibility": 0.35251137614250183, "presence": 0.9999767541885376}, "right pinky": {"x": 0.5183361172676086, "y": 0.3257691264152527, "z": -0.5906986594200134, "visibility": 0.9665226340293884, "presence": 0.9999707937240601}, "left index": {"x": 0.2237861007452011, "y": 0.4401129484176636, "z": 0.310729444026947, "visibility": 0.35525989532470703, "presence": 0.9999680519104004}, "right index": {"x": 0.5170166492462158, "y": 0.3151131570339203, "z": -0.5424559116363525, "visibility": 0.965030312538147, "presence": 0.9999717473983765}, "left thumb": {"x": 0.23181982338428497, "y": 0.43746665120124817, "z": 0.3147110641002655, "visibility": 0.356864333152771, "presence": 0.9999710321426392}, "right thumb": {"x": 0.5058003664016724, "y": 0.3187987506389618, "z": -0.5086502432823181, "visibility": 0.9380801916122437, "presence": 0.9999816417694092}, "left hip": {"x": 0.23011645674705505, "y": 0.44654256105422974, "z": 0.17390599846839905, "visibility": 0.9999845027923584, "presence": 0.9999992847442627}, "right hip": {"x": 0.2513967454433441, "y": 0.4536731243133545, "z": -0.17410235106945038, "visibility": 0.9999927878379822, "presence": 0.9999991655349731}, "left knee": {"x": 0.2984054684638977, "y": 0.5156218409538269, "z": 0.48056745529174805, "visibility": 0.3129522204399109, "presence": 0.9999767541885376}, "right knee": {"x": 0.3282945454120636, "y": 0.5317701697349548, "z": -0.19808600842952728, "visibility": 0.9947646260261536, "presence": 0.9999922513961792}, "left ankle": {"x": 0.29690468311309814, "y": 0.5898118615150452, "z": 0.6619434952735901, "visibility": 0.6360567808151245, "presence": 0.9999624490737915}, "right ankle": {"x": 0.2514025866985321, "y": 0.6331390738487244, "z": -0.21088732779026031, "visibility": 0.995159924030304, "presence": 0.9999315738677979}, "left heel": {"x": 0.28021231293678284, "y": 0.6059585809707642, "z": 0.676266610622406, "visibility": 0.7280703186988831, "presence": 0.9998774528503418}, "right heel": {"x": 0.22052308917045593, "y": 0.6515160799026489, "z": -0.2082330733537674, "visibility": 0.9715372323989868, "presence": 0.9998548030853271}, "left foot index": {"x": 0.35921764373779297, "y": 0.6012665033340454, "z": 0.6837587356567383, "visibility": 0.7627056241035461, "presence": 0.9999147653579712}, "right foot index": {"x": 0.31582292914390564, "y": 0.6591944098472595, "z": -0.26596322655677795, "visibility": 0.9926286339759827, "presence": 0.9995537400245667}, "timestamp": "20240418-210309"}