{"nose": {"x": 0.4012525677680969, "y": 0.3034900724887848, "z": -0.021799737587571144, "visibility": 0.9999521374702454, "presence": 0.9999985694885254}, "left eye (inner)": {"x": 0.40069958567619324, "y": 0.2935999631881714, "z": -0.015903860330581665, "visibility": 0.9999331831932068, "presence": 0.9999986886978149}, "left eye": {"x": 0.40013787150382996, "y": 0.29273873567581177, "z": -0.016275107860565186, "visibility": 0.9999406337738037, "presence": 0.9999990463256836}, "left eye (outer)": {"x": 0.40050065517425537, "y": 0.2918414771556854, "z": -0.01616882160305977, "visibility": 0.9999537467956543, "presence": 0.9999990463256836}, "right eye (inner)": {"x": 0.3976748287677765, "y": 0.2932833135128021, "z": -0.07047379016876221, "visibility": 0.9999643564224243, "presence": 0.9999972581863403}, "right eye": {"x": 0.3947891592979431, "y": 0.29231515526771545, "z": -0.07077483087778091, "visibility": 0.9999731779098511, "presence": 0.9999971389770508}, "right eye (outer)": {"x": 0.39173877239227295, "y": 0.291353702545166, "z": -0.07079851627349854, "visibility": 0.9999751448631287, "presence": 0.9999959468841553}, "left ear": {"x": 0.3761214017868042, "y": 0.2880585789680481, "z": 0.030952414497733116, "visibility": 0.9999729990959167, "presence": 0.9999996423721313}, "right ear": {"x": 0.3673206865787506, "y": 0.289079874753952, "z": -0.216935932636261, "visibility": 0.9999568462371826, "presence": 0.9999964237213135}, "mouth (left)": {"x": 0.3912031352519989, "y": 0.3106127977371216, "z": 0.00700349360704422, "visibility": 0.9999029040336609, "presence": 0.9999978542327881}, "mouth (right)": {"x": 0.38795772194862366, "y": 0.3100973069667816, "z": -0.06762071698904037, "visibility": 0.9999333620071411, "presence": 0.999993085861206}, "left shoulder": {"x": 0.298957884311676, "y": 0.3214421570301056, "z": 0.15293928980827332, "visibility": 0.9999822378158569, "presence": 0.9999996423721313}, "right shoulder": {"x": 0.3252578377723694, "y": 0.33034077286720276, "z": -0.3379979133605957, "visibility": 0.9999841451644897, "presence": 0.999984860420227}, "left elbow": {"x": 0.30870485305786133, "y": 0.37548115849494934, "z": 0.2899171710014343, "visibility": 0.3509221076965332, "presence": 0.9999747276306152}, "right elbow": {"x": 0.36583560705184937, "y": 0.377359002828598, "z": -0.3479427099227905, "visibility": 0.9738083481788635, "presence": 0.9992295503616333}, "left wrist": {"x": 0.3720742166042328, "y": 0.37604138255119324, "z": 0.35476094484329224, "visibility": 0.5051807165145874, "presence": 0.9999758005142212}, "right wrist": {"x": 0.4273693561553955, "y": 0.35433122515678406, "z": -0.08571650832891464, "visibility": 0.8660233616828918, "presence": 0.9987576007843018}, "left pinky": {"x": 0.3855522871017456, "y": 0.376418799161911, "z": 0.38412588834762573, "visibility": 0.5316804051399231, "presence": 0.9999561309814453}, "right pinky": {"x": 0.4448489546775818, "y": 0.34863314032554626, "z": -0.09512413293123245, "visibility": 0.8627758622169495, "presence": 0.998696506023407}, "left index": {"x": 0.38947340846061707, "y": 0.36622145771980286, "z": 0.35827648639678955, "visibility": 0.5397317409515381, "presence": 0.9999366998672485}, "right index": {"x": 0.44128018617630005, "y": 0.3433421552181244, "z": -0.07702066749334335, "visibility": 0.861793577671051, "presence": 0.9982088804244995}, "left thumb": {"x": 0.3838326930999756, "y": 0.37357524037361145, "z": 0.34529387950897217, "visibility": 0.5270547270774841, "presence": 0.9999525547027588}, "right thumb": {"x": 0.42949846386909485, "y": 0.34458592534065247, "z": -0.07526229321956635, "visibility": 0.833753764629364, "presence": 0.9986628293991089}, "left hip": {"x": 0.22838665544986725, "y": 0.4525367021560669, "z": 0.1806303858757019, "visibility": 0.9999840259552002, "presence": 0.9999997615814209}, "right hip": {"x": 0.23738659918308258, "y": 0.4588859975337982, "z": -0.18043947219848633, "visibility": 0.9999879598617554, "presence": 0.9999990463256836}, "left knee": {"x": 0.30273357033729553, "y": 0.5178667902946472, "z": 0.591693639755249, "visibility": 0.3503641188144684, "presence": 0.9999970197677612}, "right knee": {"x": 0.3417619466781616, "y": 0.5262656807899475, "z": -0.17658407986164093, "visibility": 0.9917827248573303, "presence": 0.9999980926513672}, "left ankle": {"x": 0.30975788831710815, "y": 0.5871642231941223, "z": 0.8189282417297363, "visibility": 0.6411653161048889, "presence": 0.9999722242355347}, "right ankle": {"x": 0.266171395778656, "y": 0.6323865056037903, "z": -0.15356813371181488, "visibility": 0.9932402968406677, "presence": 0.9999409914016724}, "left heel": {"x": 0.29192206263542175, "y": 0.6074046492576599, "z": 0.8384559750556946, "visibility": 0.7019476890563965, "presence": 0.9999178647994995}, "right heel": {"x": 0.2390175610780716, "y": 0.6494783759117126, "z": -0.14782671630382538, "visibility": 0.9669884443283081, "presence": 0.9998553991317749}, "left foot index": {"x": 0.3701860010623932, "y": 0.6012144088745117, "z": 0.8834323883056641, "visibility": 0.788856029510498, "presence": 0.9999207258224487}, "right foot index": {"x": 0.3301836848258972, "y": 0.6565463542938232, "z": -0.15807494521141052, "visibility": 0.992133378982544, "presence": 0.9994643330574036}, "timestamp": "20240418-210226"}