{"nose": {"x": 0.4314650297164917, "y": 0.3109169006347656, "z": -0.6109433174133301, "visibility": 0.9998853206634521, "presence": 0.9999971389770508}, "left eye (inner)": {"x": 0.42679277062416077, "y": 0.3004269003868103, "z": -0.5877139568328857, "visibility": 0.999836802482605, "presence": 0.9999963045120239}, "left eye": {"x": 0.4245598316192627, "y": 0.2999649941921234, "z": -0.5882856845855713, "visibility": 0.9998586177825928, "presence": 0.9999967813491821}, "left eye (outer)": {"x": 0.42240217328071594, "y": 0.29954904317855835, "z": -0.588241696357727, "visibility": 0.9998948574066162, "presence": 0.9999963045120239}, "right eye (inner)": {"x": 0.4243563115596771, "y": 0.300648957490921, "z": -0.6481253504753113, "visibility": 0.9999135136604309, "presence": 0.9999957084655762}, "right eye": {"x": 0.42006170749664307, "y": 0.3003837764263153, "z": -0.6485625505447388, "visibility": 0.9999406933784485, "presence": 0.9999966621398926}, "right eye (outer)": {"x": 0.41560041904449463, "y": 0.3002511262893677, "z": -0.6488980650901794, "visibility": 0.9999462366104126, "presence": 0.9999961853027344}, "left ear": {"x": 0.39598751068115234, "y": 0.29994022846221924, "z": -0.4331110417842865, "visibility": 0.9999558329582214, "presence": 0.9999983310699463}, "right ear": {"x": 0.3885508179664612, "y": 0.30151811242103577, "z": -0.70863938331604, "visibility": 0.9999167323112488, "presence": 0.9999959468841553}, "mouth (left)": {"x": 0.4172168970108032, "y": 0.3200450539588928, "z": -0.5421701669692993, "visibility": 0.9998509287834167, "presence": 0.9999986886978149}, "mouth (right)": {"x": 0.4148552119731903, "y": 0.32044604420661926, "z": -0.6247352957725525, "visibility": 0.9998992681503296, "presence": 0.9999978542327881}, "left shoulder": {"x": 0.3729916512966156, "y": 0.3314536511898041, "z": -0.16829104721546173, "visibility": 0.999985933303833, "presence": 0.9999998807907104}, "right shoulder": {"x": 0.28857851028442383, "y": 0.34374895691871643, "z": -0.7168719172477722, "visibility": 0.999991774559021, "presence": 0.9999991655349731}, "left elbow": {"x": 0.35468724370002747, "y": 0.3642614483833313, "z": 0.19810882210731506, "visibility": 0.2154647409915924, "presence": 0.9999992847442627}, "right elbow": {"x": 0.1911420226097107, "y": 0.39898037910461426, "z": -0.7377529740333557, "visibility": 0.9967460036277771, "presence": 0.999975323677063}, "left wrist": {"x": 0.3924129009246826, "y": 0.3916255533695221, "z": 0.4130251407623291, "visibility": 0.4756481349468231, "presence": 0.9999994039535522}, "right wrist": {"x": 0.268625408411026, "y": 0.4483970105648041, "z": -0.6460428237915039, "visibility": 0.9936094880104065, "presence": 0.9999990463256836}, "left pinky": {"x": 0.41138583421707153, "y": 0.398882120847702, "z": 0.463076651096344, "visibility": 0.5034528970718384, "presence": 0.9999977350234985}, "right pinky": {"x": 0.2802608907222748, "y": 0.466121643781662, "z": -0.709453284740448, "visibility": 0.9887120127677917, "presence": 0.9999982118606567}, "left index": {"x": 0.41428321599960327, "y": 0.400204598903656, "z": 0.39183515310287476, "visibility": 0.5156701803207397, "presence": 0.9999958276748657}, "right index": {"x": 0.2979487180709839, "y": 0.4610669016838074, "z": -0.6865092515945435, "visibility": 0.9878841042518616, "presence": 0.9999982118606567}, "left thumb": {"x": 0.40297338366508484, "y": 0.39862191677093506, "z": 0.39302825927734375, "visibility": 0.5012262463569641, "presence": 0.9999979734420776}, "right thumb": {"x": 0.2960749566555023, "y": 0.4548397958278656, "z": -0.6385068893432617, "visibility": 0.9734135866165161, "presence": 0.9999990463256836}, "left hip": {"x": 0.27530932426452637, "y": 0.4399409890174866, "z": 0.19538290798664093, "visibility": 0.9999868273735046, "presence": 0.9999998807907104}, "right hip": {"x": 0.22184154391288757, "y": 0.45079851150512695, "z": -0.19532173871994019, "visibility": 0.9999926090240479, "presence": 0.9999996423721313}, "left knee": {"x": 0.3440612256526947, "y": 0.5080891251564026, "z": 0.5285689234733582, "visibility": 0.2895401418209076, "presence": 0.9999992847442627}, "right knee": {"x": 0.32274046540260315, "y": 0.5280349850654602, "z": -0.2525811195373535, "visibility": 0.9864565134048462, "presence": 0.9999994039535522}, "left ankle": {"x": 0.31607481837272644, "y": 0.5824560523033142, "z": 0.87752366065979, "visibility": 0.6445029377937317, "presence": 0.9999945163726807}, "right ankle": {"x": 0.26691189408302307, "y": 0.6294375061988831, "z": -0.008513739332556725, "visibility": 0.9907633066177368, "presence": 0.9999920129776001}, "left heel": {"x": 0.29527589678764343, "y": 0.5989501476287842, "z": 0.9027197360992432, "visibility": 0.6525712609291077, "presence": 0.9999810457229614}, "right heel": {"x": 0.24330741167068481, "y": 0.6487531661987305, "z": 0.013676585629582405, "visibility": 0.9518469572067261, "presence": 0.9999845027923584}, "left foot index": {"x": 0.375914990901947, "y": 0.6015373468399048, "z": 0.8533558249473572, "visibility": 0.7843011021614075, "presence": 0.9999691247940063}, "right foot index": {"x": 0.33352071046829224, "y": 0.6558588743209839, "z": -0.08508798480033875, "visibility": 0.9887661933898926, "presence": 0.9999120235443115}, "timestamp": "20240418-210220"}