{"nose": {"x": 0.4168587625026703, "y": 0.2939720153808594, "z": -0.1402551680803299, "visibility": 0.999845564365387, "presence": 0.9998158812522888}, "left eye (inner)": {"x": 0.41400206089019775, "y": 0.2838223874568939, "z": -0.11911503970623016, "visibility": 0.9997553825378418, "presence": 0.9998034834861755}, "left eye": {"x": 0.4115155339241028, "y": 0.28312167525291443, "z": -0.1195753887295723, "visibility": 0.9997794032096863, "presence": 0.999858021736145}, "left eye (outer)": {"x": 0.40876105427742004, "y": 0.28239110112190247, "z": -0.1196269616484642, "visibility": 0.9998292922973633, "presence": 0.9998716115951538}, "right eye (inner)": {"x": 0.4134877920150757, "y": 0.2836799919605255, "z": -0.18281230330467224, "visibility": 0.999866783618927, "presence": 0.9997032284736633}, "right eye": {"x": 0.4108540117740631, "y": 0.28306975960731506, "z": -0.18314194679260254, "visibility": 0.9999070763587952, "presence": 0.9997691512107849}, "right eye (outer)": {"x": 0.4079209864139557, "y": 0.28244829177856445, "z": -0.18343092501163483, "visibility": 0.9999153017997742, "presence": 0.999735414981842}, "left ear": {"x": 0.3819350004196167, "y": 0.28042396903038025, "z": -0.007896690629422665, "visibility": 0.9999194145202637, "presence": 0.999955415725708}, "right ear": {"x": 0.3826085031032562, "y": 0.2814883887767792, "z": -0.30009177327156067, "visibility": 0.9998666048049927, "presence": 0.9998241066932678}, "mouth (left)": {"x": 0.4012994170188904, "y": 0.3021329641342163, "z": -0.09058282524347305, "visibility": 0.9995810985565186, "presence": 0.9999691247940063}, "mouth (right)": {"x": 0.4006557762622833, "y": 0.30184459686279297, "z": -0.17737837135791779, "visibility": 0.999721884727478, "presence": 0.9999339580535889}, "left shoulder": {"x": 0.31536614894866943, "y": 0.3183039724826813, "z": 0.18733954429626465, "visibility": 0.9999484419822693, "presence": 0.9999991655349731}, "right shoulder": {"x": 0.3249191641807556, "y": 0.32106465101242065, "z": -0.43856334686279297, "visibility": 0.9999812841415405, "presence": 0.9999836683273315}, "left elbow": {"x": 0.33669552206993103, "y": 0.3742653429508209, "z": 0.3761186897754669, "visibility": 0.15168866515159607, "presence": 0.9999914169311523}, "right elbow": {"x": 0.2981925904750824, "y": 0.3914340138435364, "z": -0.6940001845359802, "visibility": 0.9910562038421631, "presence": 0.9993218183517456}, "left wrist": {"x": 0.44064757227897644, "y": 0.3813565969467163, "z": 0.44909700751304626, "visibility": 0.23947472870349884, "presence": 0.9999889135360718}, "right wrist": {"x": 0.43883055448532104, "y": 0.3857298493385315, "z": -0.8098440766334534, "visibility": 0.9753100275993347, "presence": 0.9999791383743286}, "left pinky": {"x": 0.4691148102283478, "y": 0.38023409247398376, "z": 0.48393675684928894, "visibility": 0.2801381051540375, "presence": 0.999972939491272}, "right pinky": {"x": 0.46930819749832153, "y": 0.3870195150375366, "z": -0.8946982622146606, "visibility": 0.9691559076309204, "presence": 0.9999830722808838}, "left index": {"x": 0.4735844135284424, "y": 0.3765115439891815, "z": 0.4326143264770508, "visibility": 0.2873690128326416, "presence": 0.9999555349349976}, "right index": {"x": 0.4791736602783203, "y": 0.37823623418807983, "z": -0.8526664972305298, "visibility": 0.9675605893135071, "presence": 0.9999837875366211}, "left thumb": {"x": 0.46606767177581787, "y": 0.37722334265708923, "z": 0.4307864010334015, "visibility": 0.2830944359302521, "presence": 0.9999731779098511}, "right thumb": {"x": 0.4625624418258667, "y": 0.37784814834594727, "z": -0.7988705039024353, "visibility": 0.9428207278251648, "presence": 0.9999887943267822}, "left hip": {"x": 0.2308988869190216, "y": 0.4474159777164459, "z": 0.2061256468296051, "visibility": 0.9999758005142212, "presence": 0.9999995231628418}, "right hip": {"x": 0.23679280281066895, "y": 0.45162010192871094, "z": -0.2060164511203766, "visibility": 0.9999892115592957, "presence": 0.9999983310699463}, "left knee": {"x": 0.30622363090515137, "y": 0.5155627727508545, "z": 0.6257947683334351, "visibility": 0.266445130109787, "presence": 0.9999884366989136}, "right knee": {"x": 0.3257170021533966, "y": 0.5295616388320923, "z": -0.27111920714378357, "visibility": 0.9948657751083374, "presence": 0.9999927282333374}, "left ankle": {"x": 0.29791614413261414, "y": 0.5931479930877686, "z": 0.9729031920433044, "visibility": 0.6202880144119263, "presence": 0.9999606609344482}, "right ankle": {"x": 0.26676061749458313, "y": 0.6313242316246033, "z": -0.22318010032176971, "visibility": 0.9951953887939453, "presence": 0.9999260902404785}, "left heel": {"x": 0.2826295495033264, "y": 0.6144177317619324, "z": 0.9994576573371887, "visibility": 0.7352576851844788, "presence": 0.9999054670333862}, "right heel": {"x": 0.23982439935207367, "y": 0.6485517621040344, "z": -0.21866144239902496, "visibility": 0.9811798334121704, "presence": 0.999859094619751}, "left foot index": {"x": 0.3562740087509155, "y": 0.6004786491394043, "z": 0.9884495735168457, "visibility": 0.7321217060089111, "presence": 0.9999427795410156}, "right foot index": {"x": 0.32997435331344604, "y": 0.6580943465232849, "z": -0.3168543577194214, "visibility": 0.9910900592803955, "presence": 0.9996111989021301}, "timestamp": "20240418-210234"}