{"nose": {"x": 0.4005618095397949, "y": 0.3156604468822479, "z": -0.3131082355976105, "visibility": 0.9999211430549622, "presence": 0.9999563694000244}, "left eye (inner)": {"x": 0.4004802703857422, "y": 0.3057142496109009, "z": -0.2934780418872833, "visibility": 0.9999080300331116, "presence": 0.9999459981918335}, "left eye": {"x": 0.3999437689781189, "y": 0.30499860644340515, "z": -0.29396775364875793, "visibility": 0.9999146461486816, "presence": 0.9999538660049438}, "left eye (outer)": {"x": 0.3995027244091034, "y": 0.3042360246181488, "z": -0.29385867714881897, "visibility": 0.9999321103096008, "presence": 0.999941349029541}, "right eye (inner)": {"x": 0.3972359299659729, "y": 0.30532142519950867, "z": -0.3471326529979706, "visibility": 0.9999509453773499, "presence": 0.9999469518661499}, "right eye": {"x": 0.3941555321216583, "y": 0.3044578433036804, "z": -0.3475484848022461, "visibility": 0.9999645948410034, "presence": 0.9999643564224243}, "right eye (outer)": {"x": 0.3910781145095825, "y": 0.3035602867603302, "z": -0.347800076007843, "visibility": 0.9999666810035706, "presence": 0.9999619722366333}, "left ear": {"x": 0.3756869435310364, "y": 0.30019426345825195, "z": -0.1616971492767334, "visibility": 0.9999635219573975, "presence": 0.9999638795852661}, "right ear": {"x": 0.36429885029792786, "y": 0.30011415481567383, "z": -0.40768104791641235, "visibility": 0.9999358057975769, "presence": 0.9999690055847168}, "mouth (left)": {"x": 0.39140480756759644, "y": 0.32328638434410095, "z": -0.2541564404964447, "visibility": 0.9998517632484436, "presence": 0.9999775886535645}, "mouth (right)": {"x": 0.38739681243896484, "y": 0.32276269793510437, "z": -0.32750484347343445, "visibility": 0.9998984932899475, "presence": 0.9999668598175049}, "left shoulder": {"x": 0.3503876030445099, "y": 0.3378383219242096, "z": 0.024856489151716232, "visibility": 0.9999839067459106, "presence": 0.9999972581863403}, "right shoulder": {"x": 0.2850051522254944, "y": 0.34146803617477417, "z": -0.5079692006111145, "visibility": 0.9999907612800598, "presence": 0.9999940395355225}, "left elbow": {"x": 0.30226442217826843, "y": 0.390671968460083, "z": 0.1308191865682602, "visibility": 0.4640641510486603, "presence": 0.9999274015426636}, "right elbow": {"x": 0.3363760709762573, "y": 0.39082738757133484, "z": -0.7380731105804443, "visibility": 0.9865984916687012, "presence": 0.999922513961792}, "left wrist": {"x": 0.27471038699150085, "y": 0.42450183629989624, "z": 0.0777646079659462, "visibility": 0.5925753116607666, "presence": 0.9998584985733032}, "right wrist": {"x": 0.4727284014225006, "y": 0.36042511463165283, "z": -0.8384719491004944, "visibility": 0.8605544567108154, "presence": 0.9999942779541016}, "left pinky": {"x": 0.265151709318161, "y": 0.4373801350593567, "z": 0.08700089156627655, "visibility": 0.6196169257164001, "presence": 0.9998217225074768}, "right pinky": {"x": 0.504667341709137, "y": 0.35151270031929016, "z": -0.923197865486145, "visibility": 0.8387888669967651, "presence": 0.9999932050704956}, "left index": {"x": 0.2723032534122467, "y": 0.43469908833503723, "z": 0.05093655735254288, "visibility": 0.6258900165557861, "presence": 0.9997491240501404}, "right index": {"x": 0.504446268081665, "y": 0.3417213261127472, "z": -0.8924505114555359, "visibility": 0.8342675566673279, "presence": 0.9999922513961792}, "left thumb": {"x": 0.276249498128891, "y": 0.42994198203086853, "z": 0.06427350640296936, "visibility": 0.5901074409484863, "presence": 0.9998018145561218}, "right thumb": {"x": 0.49314576387405396, "y": 0.345459520816803, "z": -0.8296375274658203, "visibility": 0.7800477743148804, "presence": 0.9999946355819702}, "left hip": {"x": 0.2802893817424774, "y": 0.455046683549881, "z": 0.18371932208538055, "visibility": 0.9999873042106628, "presence": 0.9999997615814209}, "right hip": {"x": 0.22050531208515167, "y": 0.4600309729576111, "z": -0.1835959255695343, "visibility": 0.9999914765357971, "presence": 0.9999996423721313}, "left knee": {"x": 0.37445777654647827, "y": 0.5210015773773193, "z": 0.39766204357147217, "visibility": 0.3193800151348114, "presence": 0.9999924898147583}, "right knee": {"x": 0.31965386867523193, "y": 0.5292661786079407, "z": -0.43579038977622986, "visibility": 0.9910368919372559, "presence": 0.999998927116394}, "left ankle": {"x": 0.3101305365562439, "y": 0.5842722654342651, "z": 0.6675773859024048, "visibility": 0.5806514024734497, "presence": 0.9999690055847168}, "right ankle": {"x": 0.26516881585121155, "y": 0.6325275897979736, "z": -0.37684109807014465, "visibility": 0.9914143681526184, "presence": 0.9999841451644897}, "left heel": {"x": 0.28807303309440613, "y": 0.5981051325798035, "z": 0.6863515377044678, "visibility": 0.6446242332458496, "presence": 0.9999091625213623}, "right heel": {"x": 0.24012355506420135, "y": 0.651181161403656, "z": -0.37185391783714294, "visibility": 0.9493120908737183, "presence": 0.9999576807022095}, "left foot index": {"x": 0.36730265617370605, "y": 0.6051886081695557, "z": 0.6362802386283875, "visibility": 0.7534837126731873, "presence": 0.9998666048049927}, "right foot index": {"x": 0.3286326229572296, "y": 0.6567326784133911, "z": -0.5109590291976929, "visibility": 0.9896636009216309, "presence": 0.9997300505638123}, "timestamp": "20240418-210229"}