{"nose": {"x": 0.4055173993110657, "y": 0.3426864743232727, "z": -0.5160285830497742, "visibility": 0.9999637603759766, "presence": 0.9999996423721313}, "left eye (inner)": {"x": 0.40434354543685913, "y": 0.3317464292049408, "z": -0.49505615234375, "visibility": 0.9999479055404663, "presence": 0.9999990463256836}, "left eye": {"x": 0.4036233425140381, "y": 0.33106741309165955, "z": -0.49551793932914734, "visibility": 0.9999530911445618, "presence": 0.9999991655349731}, "left eye (outer)": {"x": 0.403274267911911, "y": 0.3304502069950104, "z": -0.4954897165298462, "visibility": 0.9999631643295288, "presence": 0.999998927116394}, "right eye (inner)": {"x": 0.399827778339386, "y": 0.33134397864341736, "z": -0.5425788760185242, "visibility": 0.9999721050262451, "presence": 0.999998927116394}, "right eye": {"x": 0.39601609110832214, "y": 0.33060890436172485, "z": -0.5429297089576721, "visibility": 0.9999805092811584, "presence": 0.9999990463256836}, "right eye (outer)": {"x": 0.3922293484210968, "y": 0.32995009422302246, "z": -0.543045699596405, "visibility": 0.9999821186065674, "presence": 0.9999988079071045}, "left ear": {"x": 0.37850087881088257, "y": 0.3282138407230377, "z": -0.350665807723999, "visibility": 0.9999812245368958, "presence": 0.9999992847442627}, "right ear": {"x": 0.36565956473350525, "y": 0.32838690280914307, "z": -0.5656837224960327, "visibility": 0.9999704957008362, "presence": 0.9999980926513672}, "mouth (left)": {"x": 0.39459872245788574, "y": 0.3509833514690399, "z": -0.4530141353607178, "visibility": 0.9999049305915833, "presence": 0.9999997615814209}, "mouth (right)": {"x": 0.39011308550834656, "y": 0.35105693340301514, "z": -0.517535924911499, "visibility": 0.9999313950538635, "presence": 0.9999995231628418}, "left shoulder": {"x": 0.37318849563598633, "y": 0.36005210876464844, "z": -0.14226548373699188, "visibility": 0.9999848008155823, "presence": 1.0}, "right shoulder": {"x": 0.256038635969162, "y": 0.3639594316482544, "z": -0.5796508193016052, "visibility": 0.9999943375587463, "presence": 0.9999996423721313}, "left elbow": {"x": 0.37740057706832886, "y": 0.3978016674518585, "z": 0.0018834638176485896, "visibility": 0.3149968385696411, "presence": 0.9999992847442627}, "right elbow": {"x": 0.16067108511924744, "y": 0.40959787368774414, "z": -0.6527591347694397, "visibility": 0.9967220425605774, "presence": 0.9999889135360718}, "left wrist": {"x": 0.40075767040252686, "y": 0.4157337248325348, "z": -0.05925178527832031, "visibility": 0.5390130281448364, "presence": 0.9999997615814209}, "right wrist": {"x": 0.1374410092830658, "y": 0.4772566556930542, "z": -0.6804724335670471, "visibility": 0.9917164444923401, "presence": 0.9999969005584717}, "left pinky": {"x": 0.42119377851486206, "y": 0.42257335782051086, "z": -0.06854426860809326, "visibility": 0.5653458833694458, "presence": 0.9999985694885254}, "right pinky": {"x": 0.11336992681026459, "y": 0.49697345495224, "z": -0.7377623915672302, "visibility": 0.9856534600257874, "presence": 0.9999805688858032}, "left index": {"x": 0.4191839396953583, "y": 0.41638946533203125, "z": -0.12159848213195801, "visibility": 0.5758134126663208, "presence": 0.9999983310699463}, "right index": {"x": 0.13199482858181, "y": 0.49988311529159546, "z": -0.7608202695846558, "visibility": 0.984959065914154, "presence": 0.9999830722808838}, "left thumb": {"x": 0.40836742520332336, "y": 0.4144350588321686, "z": -0.08171099424362183, "visibility": 0.5622480511665344, "presence": 0.9999992847442627}, "right thumb": {"x": 0.1424866020679474, "y": 0.4927333891391754, "z": -0.6903634667396545, "visibility": 0.969173789024353, "presence": 0.999994158744812}, "left hip": {"x": 0.28018075227737427, "y": 0.46675121784210205, "z": 0.1535676121711731, "visibility": 0.9999849200248718, "presence": 0.9999995231628418}, "right hip": {"x": 0.2164045125246048, "y": 0.46982109546661377, "z": -0.15369370579719543, "visibility": 0.9999918937683105, "presence": 0.9999991655349731}, "left knee": {"x": 0.38091766834259033, "y": 0.5270194411277771, "z": 0.1391068994998932, "visibility": 0.25694718956947327, "presence": 0.9999983310699463}, "right knee": {"x": 0.30949363112449646, "y": 0.5277689099311829, "z": -0.42538729310035706, "visibility": 0.987729012966156, "presence": 0.9999986886978149}, "left ankle": {"x": 0.30887410044670105, "y": 0.5822757482528687, "z": 0.3397321403026581, "visibility": 0.5634422302246094, "presence": 0.9999784231185913}, "right ankle": {"x": 0.2659352719783783, "y": 0.631527841091156, "z": -0.3247402608394623, "visibility": 0.9900861382484436, "presence": 0.999947190284729}, "left heel": {"x": 0.2815330922603607, "y": 0.5955286026000977, "z": 0.3502514064311981, "visibility": 0.6463905572891235, "presence": 0.9999278783798218}, "right heel": {"x": 0.24018573760986328, "y": 0.6514461636543274, "z": -0.3180121183395386, "visibility": 0.9567924737930298, "presence": 0.9998747110366821}, "left foot index": {"x": 0.36935487389564514, "y": 0.6056437492370605, "z": 0.2796805799007416, "visibility": 0.7364736199378967, "presence": 0.9998914003372192}, "right foot index": {"x": 0.3309083878993988, "y": 0.65562504529953, "z": -0.43626636266708374, "visibility": 0.9886336922645569, "presence": 0.9995520710945129}, "timestamp": "20240418-210225"}