{"nose": {"x": 0.4177054166793823, "y": 0.33223360776901245, "z": -0.4824470281600952, "visibility": 0.999883234500885, "presence": 0.9999982118606567}, "left eye (inner)": {"x": 0.4137559235095978, "y": 0.3217111825942993, "z": -0.4602207541465759, "visibility": 0.9998457431793213, "presence": 0.9999977350234985}, "left eye": {"x": 0.41184335947036743, "y": 0.3211348056793213, "z": -0.46069231629371643, "visibility": 0.9998533725738525, "presence": 0.9999980926513672}, "left eye (outer)": {"x": 0.40988606214523315, "y": 0.32061344385147095, "z": -0.4606321454048157, "visibility": 0.9998921751976013, "presence": 0.999997615814209}, "right eye (inner)": {"x": 0.41112619638442993, "y": 0.3216552734375, "z": -0.5221878290176392, "visibility": 0.9999204874038696, "presence": 0.9999973773956299}, "right eye": {"x": 0.4072319269180298, "y": 0.32127106189727783, "z": -0.5226287245750427, "visibility": 0.9999406337738037, "presence": 0.9999980926513672}, "right eye (outer)": {"x": 0.4029059112071991, "y": 0.32098209857940674, "z": -0.5228718519210815, "visibility": 0.9999476075172424, "presence": 0.9999978542327881}, "left ear": {"x": 0.38428306579589844, "y": 0.3201966881752014, "z": -0.3200748562812805, "visibility": 0.9999460577964783, "presence": 0.9999991655349731}, "right ear": {"x": 0.37556585669517517, "y": 0.3214430809020996, "z": -0.6054716110229492, "visibility": 0.9999086260795593, "presence": 0.9999980926513672}, "mouth (left)": {"x": 0.40526118874549866, "y": 0.3409941494464874, "z": -0.4198523461818695, "visibility": 0.9997739195823669, "presence": 0.9999992847442627}, "mouth (right)": {"x": 0.4022609293460846, "y": 0.3409108817577362, "z": -0.5048715472221375, "visibility": 0.9998452067375183, "presence": 0.9999990463256836}, "left shoulder": {"x": 0.36519089341163635, "y": 0.3558264374732971, "z": -0.07879357039928436, "visibility": 0.9999769926071167, "presence": 1.0}, "right shoulder": {"x": 0.27269670367240906, "y": 0.3622422516345978, "z": -0.6440030336380005, "visibility": 0.9999898076057434, "presence": 0.9999995231628418}, "left elbow": {"x": 0.34969964623451233, "y": 0.38577815890312195, "z": 0.24707365036010742, "visibility": 0.18648020923137665, "presence": 0.9999996423721313}, "right elbow": {"x": 0.16650693118572235, "y": 0.4052062928676605, "z": -0.7177011370658875, "visibility": 0.9906181693077087, "presence": 0.9999825954437256}, "left wrist": {"x": 0.3853190839290619, "y": 0.40991222858428955, "z": 0.47113218903541565, "visibility": 0.3313785791397095, "presence": 0.9999996423721313}, "right wrist": {"x": 0.2053127884864807, "y": 0.4675968885421753, "z": -0.6277098059654236, "visibility": 0.9592707753181458, "presence": 0.9999969005584717}, "left pinky": {"x": 0.399364709854126, "y": 0.41737714409828186, "z": 0.5207961201667786, "visibility": 0.3698067367076874, "presence": 0.9999980926513672}, "right pinky": {"x": 0.20833125710487366, "y": 0.48851847648620605, "z": -0.6734140515327454, "visibility": 0.9468045830726624, "presence": 0.999990701675415}, "left index": {"x": 0.4043180048465729, "y": 0.41313058137893677, "z": 0.4554191827774048, "visibility": 0.3790283501148224, "presence": 0.9999964237213135}, "right index": {"x": 0.22989119589328766, "y": 0.48561927676200867, "z": -0.6788672804832458, "visibility": 0.9444370269775391, "presence": 0.999990701675415}, "left thumb": {"x": 0.40094637870788574, "y": 0.41124001145362854, "z": 0.451855331659317, "visibility": 0.3673158586025238, "presence": 0.9999983310699463}, "right thumb": {"x": 0.22852478921413422, "y": 0.47758421301841736, "z": -0.6266945600509644, "visibility": 0.9050825834274292, "presence": 0.9999953508377075}, "left hip": {"x": 0.277197927236557, "y": 0.45795461535453796, "z": 0.2053292989730835, "visibility": 0.9999850392341614, "presence": 0.9999998807907104}, "right hip": {"x": 0.22105881571769714, "y": 0.46605321764945984, "z": -0.20519112050533295, "visibility": 0.9999923706054688, "presence": 0.9999997615814209}, "left knee": {"x": 0.3744816780090332, "y": 0.5223744511604309, "z": 0.2670029401779175, "visibility": 0.19771583378314972, "presence": 0.9999991655349731}, "right knee": {"x": 0.31283918023109436, "y": 0.5307013392448425, "z": -0.5235947370529175, "visibility": 0.9917112588882446, "presence": 0.9999992847442627}, "left ankle": {"x": 0.30940788984298706, "y": 0.5876151919364929, "z": 0.5065886974334717, "visibility": 0.5597298741340637, "presence": 0.999993085861206}, "right ankle": {"x": 0.2667047381401062, "y": 0.6320542097091675, "z": -0.40093564987182617, "visibility": 0.9936290979385376, "presence": 0.9999876022338867}, "left heel": {"x": 0.29065561294555664, "y": 0.6001241207122803, "z": 0.5217994451522827, "visibility": 0.6381058096885681, "presence": 0.9999797344207764}, "right heel": {"x": 0.24127018451690674, "y": 0.6512050032615662, "z": -0.3909167945384979, "visibility": 0.9617835879325867, "presence": 0.999976396560669}, "left foot index": {"x": 0.3716287910938263, "y": 0.6089485287666321, "z": 0.4545312821865082, "visibility": 0.7318689227104187, "presence": 0.9999628067016602}, "right foot index": {"x": 0.3320302963256836, "y": 0.6569019556045532, "z": -0.5243903994560242, "visibility": 0.9917552471160889, "presence": 0.9998996257781982}, "timestamp": "20240418-210231"}