{"nose": {"x": 0.4365362524986267, "y": 0.28974008560180664, "z": -0.16268916428089142, "visibility": 0.9998634457588196, "presence": 0.9997621178627014}, "left eye (inner)": {"x": 0.43359968066215515, "y": 0.2795305550098419, "z": -0.14343802630901337, "visibility": 0.9998162984848022, "presence": 0.9997521042823792}, "left eye": {"x": 0.43079185485839844, "y": 0.2787128984928131, "z": -0.1439083218574524, "visibility": 0.9998416900634766, "presence": 0.9998210072517395}, "left eye (outer)": {"x": 0.4276488423347473, "y": 0.2779415249824524, "z": -0.14393527805805206, "visibility": 0.9998747706413269, "presence": 0.9998327493667603}, "right eye (inner)": {"x": 0.4327971637248993, "y": 0.2795513868331909, "z": -0.20708417892456055, "visibility": 0.9998959302902222, "presence": 0.9996535778045654}, "right eye": {"x": 0.4295594096183777, "y": 0.27879059314727783, "z": -0.20742589235305786, "visibility": 0.9999311566352844, "presence": 0.9997400641441345}, "right eye (outer)": {"x": 0.4259882867336273, "y": 0.2780378460884094, "z": -0.20766966044902802, "visibility": 0.9999346733093262, "presence": 0.999713122844696}, "left ear": {"x": 0.3994643986225128, "y": 0.27697959542274475, "z": -0.03658464178442955, "visibility": 0.9999471306800842, "presence": 0.9999399185180664}, "right ear": {"x": 0.3987478017807007, "y": 0.2775280177593231, "z": -0.3314436674118042, "visibility": 0.9999040365219116, "presence": 0.9998193383216858}, "mouth (left)": {"x": 0.4215390086174011, "y": 0.29770687222480774, "z": -0.11442460864782333, "visibility": 0.9997841119766235, "presence": 0.9999634027481079}, "mouth (right)": {"x": 0.42045727372169495, "y": 0.2975539267063141, "z": -0.20147332549095154, "visibility": 0.9998489618301392, "presence": 0.9999234676361084}, "left shoulder": {"x": 0.326331228017807, "y": 0.3121528923511505, "z": 0.1471276730298996, "visibility": 0.9999759793281555, "presence": 0.9999983310699463}, "right shoulder": {"x": 0.3492927849292755, "y": 0.32001426815986633, "z": -0.46679654717445374, "visibility": 0.9999861717224121, "presence": 0.9999809265136719}, "left elbow": {"x": 0.33265286684036255, "y": 0.37387213110923767, "z": 0.31495988368988037, "visibility": 0.20359934866428375, "presence": 0.9999750852584839}, "right elbow": {"x": 0.3343946635723114, "y": 0.37929949164390564, "z": -0.7333948016166687, "visibility": 0.9960929155349731, "presence": 0.9991400241851807}, "left wrist": {"x": 0.44265541434288025, "y": 0.39726847410202026, "z": 0.33384421467781067, "visibility": 0.28352347016334534, "presence": 0.9999487400054932}, "right wrist": {"x": 0.4889787435531616, "y": 0.3756924569606781, "z": -0.8647761344909668, "visibility": 0.9901379942893982, "presence": 0.9999330043792725}, "left pinky": {"x": 0.4643409252166748, "y": 0.3934576213359833, "z": 0.365266889333725, "visibility": 0.3032565116882324, "presence": 0.9999133348464966}, "right pinky": {"x": 0.53672194480896, "y": 0.3765859007835388, "z": -0.9568407535552979, "visibility": 0.9833770394325256, "presence": 0.9999500513076782}, "left index": {"x": 0.47437816858291626, "y": 0.39042341709136963, "z": 0.3169330954551697, "visibility": 0.309294730424881, "presence": 0.9998608827590942}, "right index": {"x": 0.5491769909858704, "y": 0.36667031049728394, "z": -0.9117174744606018, "visibility": 0.9821968674659729, "presence": 0.9999549388885498}, "left thumb": {"x": 0.4691069424152374, "y": 0.3928537666797638, "z": 0.3209247291088104, "visibility": 0.29746079444885254, "presence": 0.9999021291732788}, "right thumb": {"x": 0.5292650461196899, "y": 0.3674796223640442, "z": -0.8535651564598083, "visibility": 0.9620770812034607, "presence": 0.9999657869338989}, "left hip": {"x": 0.24512116611003876, "y": 0.44292813539505005, "z": 0.19668535888195038, "visibility": 0.9999855756759644, "presence": 0.9999994039535522}, "right hip": {"x": 0.24419823288917542, "y": 0.44960424304008484, "z": -0.1965734362602234, "visibility": 0.9999924898147583, "presence": 0.9999983310699463}, "left knee": {"x": 0.3060019016265869, "y": 0.5159977078437805, "z": 0.6256220936775208, "visibility": 0.38253822922706604, "presence": 0.9999865293502808}, "right knee": {"x": 0.32398325204849243, "y": 0.5259684920310974, "z": -0.2241721898317337, "visibility": 0.98792964220047, "presence": 0.9999921321868896}, "left ankle": {"x": 0.30918166041374207, "y": 0.5908094048500061, "z": 0.9736405611038208, "visibility": 0.714203953742981, "presence": 0.9999736547470093}, "right ankle": {"x": 0.26937201619148254, "y": 0.628320574760437, "z": -0.15646885335445404, "visibility": 0.9916356205940247, "presence": 0.9999538660049438}, "left heel": {"x": 0.2944994568824768, "y": 0.6086143851280212, "z": 1.000876545906067, "visibility": 0.7254464030265808, "presence": 0.9999361038208008}, "right heel": {"x": 0.2442961484193802, "y": 0.6477490067481995, "z": -0.14962613582611084, "visibility": 0.955723226070404, "presence": 0.9999158382415771}, "left foot index": {"x": 0.37497541308403015, "y": 0.5999173521995544, "z": 0.9763165712356567, "visibility": 0.8097504377365112, "presence": 0.9999606609344482}, "right foot index": {"x": 0.3342868387699127, "y": 0.6564807891845703, "z": -0.25354868173599243, "visibility": 0.9900155663490295, "presence": 0.9997585415840149}, "timestamp": "20240418-210219"}