{"nose": {"x": 0.3780410587787628, "y": 0.3072892725467682, "z": 0.055009372532367706, "visibility": 0.9999536275863647, "presence": 0.9999986886978149}, "left eye (inner)": {"x": 0.3786574602127075, "y": 0.2961718738079071, "z": 0.06554418802261353, "visibility": 0.9999184608459473, "presence": 0.9999980926513672}, "left eye": {"x": 0.3770889639854431, "y": 0.29563432931900024, "z": 0.06526109576225281, "visibility": 0.999921441078186, "presence": 0.9999980926513672}, "left eye (outer)": {"x": 0.37531548738479614, "y": 0.295089453458786, "z": 0.06544076651334763, "visibility": 0.999944269657135, "presence": 0.9999974966049194}, "right eye (inner)": {"x": 0.37824708223342896, "y": 0.2956797182559967, "z": 0.010070004500448704, "visibility": 0.9999613761901855, "presence": 0.9999980926513672}, "right eye": {"x": 0.37646472454071045, "y": 0.2949097156524658, "z": 0.009717361070215702, "visibility": 0.9999714493751526, "presence": 0.9999984502792358}, "right eye (outer)": {"x": 0.37481775879859924, "y": 0.29415836930274963, "z": 0.009671739302575588, "visibility": 0.9999735951423645, "presence": 0.9999982118606567}, "left ear": {"x": 0.35088157653808594, "y": 0.2924697995185852, "z": 0.1360659897327423, "visibility": 0.9999635815620422, "presence": 0.9999966621398926}, "right ear": {"x": 0.3509634733200073, "y": 0.2925223708152771, "z": -0.11750660836696625, "visibility": 0.9999455809593201, "presence": 0.9999978542327881}, "mouth (left)": {"x": 0.36751437187194824, "y": 0.3139648735523224, "z": 0.09263214468955994, "visibility": 0.9998355507850647, "presence": 0.9999948740005493}, "mouth (right)": {"x": 0.36719655990600586, "y": 0.31327420473098755, "z": 0.016037074849009514, "visibility": 0.9998851418495178, "presence": 0.9999934434890747}, "left shoulder": {"x": 0.27117854356765747, "y": 0.3257436454296112, "z": 0.27565962076187134, "visibility": 0.9999608993530273, "presence": 0.9999943971633911}, "right shoulder": {"x": 0.3226887285709381, "y": 0.3206734359264374, "z": -0.2627754211425781, "visibility": 0.9999715685844421, "presence": 0.9999940395355225}, "left elbow": {"x": 0.3769831955432892, "y": 0.34699684381484985, "z": 0.3183516561985016, "visibility": 0.36915743350982666, "presence": 0.9999732971191406}, "right elbow": {"x": 0.4420640766620636, "y": 0.33487507700920105, "z": -0.2746732831001282, "visibility": 0.9923529028892517, "presence": 0.9999728202819824}, "left wrist": {"x": 0.44276195764541626, "y": 0.30687516927719116, "z": 0.21930065751075745, "visibility": 0.4904383420944214, "presence": 0.9999849796295166}, "right wrist": {"x": 0.4748421907424927, "y": 0.29099562764167786, "z": -0.0831519141793251, "visibility": 0.9699366092681885, "presence": 0.9999881982803345}, "left pinky": {"x": 0.4604179263114929, "y": 0.2892812192440033, "z": 0.22119908034801483, "visibility": 0.5443956255912781, "presence": 0.9999761581420898}, "right pinky": {"x": 0.4873192310333252, "y": 0.27791649103164673, "z": -0.11986720561981201, "visibility": 0.961250901222229, "presence": 0.9999819993972778}, "left index": {"x": 0.446286141872406, "y": 0.2844007611274719, "z": 0.19838067889213562, "visibility": 0.5494439601898193, "presence": 0.999967098236084}, "right index": {"x": 0.4740747809410095, "y": 0.2747343182563782, "z": -0.11338945478200912, "visibility": 0.9588197469711304, "presence": 0.999976634979248}, "left thumb": {"x": 0.44449862837791443, "y": 0.28735262155532837, "z": 0.20598042011260986, "visibility": 0.5380879044532776, "presence": 0.9999768733978271}, "right thumb": {"x": 0.46885445713996887, "y": 0.27983543276786804, "z": -0.0800064355134964, "visibility": 0.9181153178215027, "presence": 0.9999856948852539}, "left hip": {"x": 0.2089146077632904, "y": 0.45027750730514526, "z": 0.19467096030712128, "visibility": 0.9999825358390808, "presence": 0.9999986886978149}, "right hip": {"x": 0.22235597670078278, "y": 0.45398953557014465, "z": -0.19468997418880463, "visibility": 0.9999890923500061, "presence": 0.9999986886978149}, "left knee": {"x": 0.30020755529403687, "y": 0.5157550573348999, "z": 0.5466572642326355, "visibility": 0.3042377829551697, "presence": 0.9999881982803345}, "right knee": {"x": 0.3277578055858612, "y": 0.5357447266578674, "z": -0.2745600640773773, "visibility": 0.9929277300834656, "presence": 0.9999983310699463}, "left ankle": {"x": 0.28002819418907166, "y": 0.5927824378013611, "z": 0.7542421221733093, "visibility": 0.554993748664856, "presence": 0.9999622106552124}, "right ankle": {"x": 0.23129142820835114, "y": 0.6361078023910522, "z": -0.30754637718200684, "visibility": 0.9922744035720825, "presence": 0.9999659061431885}, "left heel": {"x": 0.2617383301258087, "y": 0.6078532934188843, "z": 0.7704513669013977, "visibility": 0.6503750085830688, "presence": 0.9999114274978638}, "right heel": {"x": 0.1995404213666916, "y": 0.6533567309379578, "z": -0.310458242893219, "visibility": 0.957928478717804, "presence": 0.9999231100082397}, "left foot index": {"x": 0.34066057205200195, "y": 0.6037808060646057, "z": 0.793938159942627, "visibility": 0.7373543381690979, "presence": 0.9999570846557617}, "right foot index": {"x": 0.2938043475151062, "y": 0.6604312062263489, "z": -0.3579186499118805, "visibility": 0.9899774193763733, "presence": 0.999840259552002}, "timestamp": "20240418-210316"}