{"nose": {"x": 0.4051583707332611, "y": 0.30502817034721375, "z": -0.47358042001724243, "visibility": 0.9997811317443848, "presence": 0.9999984502792358}, "left eye (inner)": {"x": 0.4022129476070404, "y": 0.2934672236442566, "z": -0.4506802558898926, "visibility": 0.9997130036354065, "presence": 0.9999977350234985}, "left eye": {"x": 0.40015876293182373, "y": 0.29293593764305115, "z": -0.4511636793613434, "visibility": 0.9997264742851257, "presence": 0.9999979734420776}, "left eye (outer)": {"x": 0.39837056398391724, "y": 0.2924967110157013, "z": -0.4511338770389557, "visibility": 0.9998334050178528, "presence": 0.999997615814209}, "right eye (inner)": {"x": 0.40047773718833923, "y": 0.2932280898094177, "z": -0.5117896199226379, "visibility": 0.999845564365387, "presence": 0.9999977350234985}, "right eye": {"x": 0.3972882926464081, "y": 0.29265567660331726, "z": -0.5122272372245789, "visibility": 0.9998763799667358, "presence": 0.9999983310699463}, "right eye (outer)": {"x": 0.39419054985046387, "y": 0.29227370023727417, "z": -0.5125352740287781, "visibility": 0.9999012351036072, "presence": 0.9999982118606567}, "left ear": {"x": 0.37130722403526306, "y": 0.292601615190506, "z": -0.3089560866355896, "visibility": 0.9999201893806458, "presence": 0.9999990463256836}, "right ear": {"x": 0.36789923906326294, "y": 0.29308509826660156, "z": -0.5895927548408508, "visibility": 0.9998089671134949, "presence": 0.9999985694885254}, "mouth (left)": {"x": 0.3922252655029297, "y": 0.31319719552993774, "z": -0.4103775918483734, "visibility": 0.9997119307518005, "presence": 0.9999992847442627}, "mouth (right)": {"x": 0.38999927043914795, "y": 0.3135441839694977, "z": -0.494144469499588, "visibility": 0.9997913837432861, "presence": 0.9999991655349731}, "left shoulder": {"x": 0.3418917953968048, "y": 0.3325745463371277, "z": -0.055487021803855896, "visibility": 0.9999725818634033, "presence": 0.9999998807907104}, "right shoulder": {"x": 0.27719759941101074, "y": 0.33538657426834106, "z": -0.6267203688621521, "visibility": 0.9999831914901733, "presence": 0.9999996423721313}, "left elbow": {"x": 0.3224034309387207, "y": 0.3788098096847534, "z": 0.29772821068763733, "visibility": 0.1660383939743042, "presence": 0.9999988079071045}, "right elbow": {"x": 0.18772652745246887, "y": 0.3979881703853607, "z": -0.6659390926361084, "visibility": 0.9908581376075745, "presence": 0.9999716281890869}, "left wrist": {"x": 0.3776591718196869, "y": 0.38906237483024597, "z": 0.4845692813396454, "visibility": 0.33174267411231995, "presence": 0.9999988079071045}, "right wrist": {"x": 0.27142950892448425, "y": 0.4378926157951355, "z": -0.7285833358764648, "visibility": 0.9780278205871582, "presence": 0.999998927116394}, "left pinky": {"x": 0.38404107093811035, "y": 0.392020583152771, "z": 0.5352265238761902, "visibility": 0.39476457238197327, "presence": 0.9999963045120239}, "right pinky": {"x": 0.2776152789592743, "y": 0.45489954948425293, "z": -0.7325644493103027, "visibility": 0.9700060486793518, "presence": 0.9999983310699463}, "left index": {"x": 0.38670581579208374, "y": 0.3890455365180969, "z": 0.47903913259506226, "visibility": 0.40738385915756226, "presence": 0.999993085861206}, "right index": {"x": 0.2967817783355713, "y": 0.4493441581726074, "z": -0.7737247347831726, "visibility": 0.9678669571876526, "presence": 0.9999983310699463}, "left thumb": {"x": 0.3835084140300751, "y": 0.38870352506637573, "z": 0.46925854682922363, "visibility": 0.3983260989189148, "presence": 0.9999960660934448}, "right thumb": {"x": 0.29730355739593506, "y": 0.4445233643054962, "z": -0.7406463027000427, "visibility": 0.9332513809204102, "presence": 0.999998927116394}, "left hip": {"x": 0.25459444522857666, "y": 0.44547238945961, "z": 0.19715242087841034, "visibility": 0.9999828338623047, "presence": 0.9999997615814209}, "right hip": {"x": 0.20694255828857422, "y": 0.4508139193058014, "z": -0.19688470661640167, "visibility": 0.9999908804893494, "presence": 0.9999996423721313}, "left knee": {"x": 0.32451555132865906, "y": 0.5181348323822021, "z": 0.4980182349681854, "visibility": 0.1996907740831375, "presence": 0.9999978542327881}, "right knee": {"x": 0.30149680376052856, "y": 0.5342999696731567, "z": -0.3149968087673187, "visibility": 0.9942917823791504, "presence": 0.9999985694885254}, "left ankle": {"x": 0.2959926128387451, "y": 0.5886092185974121, "z": 0.8097701668739319, "visibility": 0.5416257381439209, "presence": 0.9999862909317017}, "right ankle": {"x": 0.2602425217628479, "y": 0.6355005502700806, "z": -0.14439114928245544, "visibility": 0.9946920871734619, "presence": 0.9999806880950928}, "left heel": {"x": 0.27990248799324036, "y": 0.6034383773803711, "z": 0.8332892060279846, "visibility": 0.6508024334907532, "presence": 0.9999628067016602}, "right heel": {"x": 0.2328329235315323, "y": 0.6547737717628479, "z": -0.1399192363023758, "visibility": 0.9753130078315735, "presence": 0.9999645948410034}, "left foot index": {"x": 0.36225929856300354, "y": 0.6019725203514099, "z": 0.7842016220092773, "visibility": 0.7057492733001709, "presence": 0.9999535083770752}, "right foot index": {"x": 0.33071810007095337, "y": 0.6590477228164673, "z": -0.24296744167804718, "visibility": 0.9916329979896545, "presence": 0.9998409748077393}, "timestamp": "20240418-210303"}