{"nose": {"x": 0.3933899700641632, "y": 0.31220123171806335, "z": 0.06563451141119003, "visibility": 0.9999608993530273, "presence": 0.9999953508377075}, "left eye (inner)": {"x": 0.39519259333610535, "y": 0.30207687616348267, "z": 0.07159913331270218, "visibility": 0.9999324083328247, "presence": 0.9999932050704956}, "left eye": {"x": 0.39362239837646484, "y": 0.30104970932006836, "z": 0.07121999561786652, "visibility": 0.9999386668205261, "presence": 0.999992847442627}, "left eye (outer)": {"x": 0.3921487629413605, "y": 0.30003005266189575, "z": 0.07143957167863846, "visibility": 0.9999454617500305, "presence": 0.9999890327453613}, "right eye (inner)": {"x": 0.39438503980636597, "y": 0.30175337195396423, "z": 0.01844451017677784, "visibility": 0.9999667406082153, "presence": 0.9999949932098389}, "right eye": {"x": 0.39242398738861084, "y": 0.30062171816825867, "z": 0.018033983185887337, "visibility": 0.999978244304657, "presence": 0.9999964237213135}, "right eye (outer)": {"x": 0.3907216191291809, "y": 0.29946061968803406, "z": 0.017896169796586037, "visibility": 0.9999788403511047, "presence": 0.9999960660934448}, "left ear": {"x": 0.3689691424369812, "y": 0.2947685420513153, "z": 0.1206701323390007, "visibility": 0.9999660849571228, "presence": 0.9999876022338867}, "right ear": {"x": 0.36829331517219543, "y": 0.29539045691490173, "z": -0.12455619126558304, "visibility": 0.9999642372131348, "presence": 0.9999966621398926}, "mouth (left)": {"x": 0.38096168637275696, "y": 0.31776872277259827, "z": 0.09644435346126556, "visibility": 0.9997979402542114, "presence": 0.9999762773513794}, "mouth (right)": {"x": 0.38040751218795776, "y": 0.3171530067920685, "z": 0.02247195690870285, "visibility": 0.9998756647109985, "presence": 0.9999779462814331}, "left shoulder": {"x": 0.27505505084991455, "y": 0.32559943199157715, "z": 0.23194754123687744, "visibility": 0.9999483823776245, "presence": 0.9999790191650391}, "right shoulder": {"x": 0.34052160382270813, "y": 0.3204880356788635, "z": -0.2817217707633972, "visibility": 0.9999837875366211, "presence": 0.9999924898147583}, "left elbow": {"x": 0.26484113931655884, "y": 0.3557030260562897, "z": 0.37367820739746094, "visibility": 0.2861696183681488, "presence": 0.9998131394386292}, "right elbow": {"x": 0.4586048722267151, "y": 0.3394812047481537, "z": -0.3018043637275696, "visibility": 0.9940575957298279, "presence": 0.9999774694442749}, "left wrist": {"x": 0.2914532423019409, "y": 0.3745119273662567, "z": 0.465969979763031, "visibility": 0.35810238122940063, "presence": 0.999829888343811}, "right wrist": {"x": 0.49770525097846985, "y": 0.2938697040081024, "z": -0.06834370642900467, "visibility": 0.9812449812889099, "presence": 0.9999868869781494}, "left pinky": {"x": 0.29431477189064026, "y": 0.3763614594936371, "z": 0.5060726404190063, "visibility": 0.39433538913726807, "presence": 0.9998134970664978}, "right pinky": {"x": 0.508202850818634, "y": 0.28229284286499023, "z": -0.0987161174416542, "visibility": 0.97573322057724, "presence": 0.9999741315841675}, "left index": {"x": 0.29823338985443115, "y": 0.3782811462879181, "z": 0.47774291038513184, "visibility": 0.3985772430896759, "presence": 0.9997143149375916}, "right index": {"x": 0.4968278706073761, "y": 0.2790863811969757, "z": -0.08052144944667816, "visibility": 0.9753454923629761, "presence": 0.9999648332595825}, "left thumb": {"x": 0.30121397972106934, "y": 0.3771739900112152, "z": 0.4570635259151459, "visibility": 0.3945150077342987, "presence": 0.9997656941413879}, "right thumb": {"x": 0.49253901839256287, "y": 0.28297245502471924, "z": -0.05941499397158623, "visibility": 0.9532292485237122, "presence": 0.999980092048645}, "left hip": {"x": 0.22013191878795624, "y": 0.4576182961463928, "z": 0.17227143049240112, "visibility": 0.9999777674674988, "presence": 0.9999985694885254}, "right hip": {"x": 0.2403050810098648, "y": 0.46134650707244873, "z": -0.1724594384431839, "visibility": 0.9999890327453613, "presence": 0.9999990463256836}, "left knee": {"x": 0.2975258231163025, "y": 0.5229128003120422, "z": 0.6422717571258545, "visibility": 0.2841566801071167, "presence": 0.9999630451202393}, "right knee": {"x": 0.34878724813461304, "y": 0.5313169360160828, "z": -0.17254993319511414, "visibility": 0.9933104515075684, "presence": 0.9999969005584717}, "left ankle": {"x": 0.2981816828250885, "y": 0.5933479070663452, "z": 0.9056203961372375, "visibility": 0.5830609798431396, "presence": 0.9997891783714294}, "right ankle": {"x": 0.2679044306278229, "y": 0.630171537399292, "z": -0.1596234142780304, "visibility": 0.9928956627845764, "presence": 0.9998732805252075}, "left heel": {"x": 0.28607770800590515, "y": 0.6104840040206909, "z": 0.9301774501800537, "visibility": 0.7172155976295471, "presence": 0.9994553923606873}, "right heel": {"x": 0.236651211977005, "y": 0.6493371725082397, "z": -0.15333110094070435, "visibility": 0.9741021990776062, "presence": 0.9996902942657471}, "left foot index": {"x": 0.3585394620895386, "y": 0.6020806431770325, "z": 0.9887791275978088, "visibility": 0.7486703991889954, "presence": 0.9997473359107971}, "right foot index": {"x": 0.3285047709941864, "y": 0.6581045985221863, "z": -0.18197481334209442, "visibility": 0.9905538558959961, "presence": 0.9992382526397705}, "timestamp": "20240418-210240"}