{"nose": {"x": 0.4157116115093231, "y": 0.3258082866668701, "z": -0.6011267304420471, "visibility": 0.9998868107795715, "presence": 0.9999980926513672}, "left eye (inner)": {"x": 0.41198936104774475, "y": 0.31540605425834656, "z": -0.5753715634346008, "visibility": 0.9998201727867126, "presence": 0.9999967813491821}, "left eye": {"x": 0.41043075919151306, "y": 0.3149805963039398, "z": -0.5758619904518127, "visibility": 0.9998365044593811, "presence": 0.9999969005584717}, "left eye (outer)": {"x": 0.4088980257511139, "y": 0.3146103024482727, "z": -0.5757904648780823, "visibility": 0.9998743534088135, "presence": 0.9999957084655762}, "right eye (inner)": {"x": 0.40850502252578735, "y": 0.31496408581733704, "z": -0.6370277404785156, "visibility": 0.9999050498008728, "presence": 0.9999970197677612}, "right eye": {"x": 0.40433239936828613, "y": 0.3143305778503418, "z": -0.6375042200088501, "visibility": 0.9999330043792725, "presence": 0.9999978542327881}, "right eye (outer)": {"x": 0.39992445707321167, "y": 0.3138282597064972, "z": -0.637809693813324, "visibility": 0.9999394416809082, "presence": 0.999997615814209}, "left ear": {"x": 0.3833352029323578, "y": 0.3134195804595947, "z": -0.4084203243255615, "visibility": 0.9999377727508545, "presence": 0.9999980926513672}, "right ear": {"x": 0.3731948435306549, "y": 0.3131727874279022, "z": -0.6931630373001099, "visibility": 0.9999015927314758, "presence": 0.9999978542327881}, "mouth (left)": {"x": 0.40293410420417786, "y": 0.3345836102962494, "z": -0.5282285809516907, "visibility": 0.9997087121009827, "presence": 0.9999985694885254}, "mouth (right)": {"x": 0.39964693784713745, "y": 0.3350330889225006, "z": -0.6131191253662109, "visibility": 0.9998102188110352, "presence": 0.9999984502792358}, "left shoulder": {"x": 0.35802534222602844, "y": 0.3481118679046631, "z": -0.13295550644397736, "visibility": 0.99996417760849, "presence": 0.9999997615814209}, "right shoulder": {"x": 0.2723296880722046, "y": 0.35384225845336914, "z": -0.700555682182312, "visibility": 0.9999868869781494, "presence": 0.9999994039535522}, "left elbow": {"x": 0.3344147801399231, "y": 0.3806776702404022, "z": 0.20512527227401733, "visibility": 0.1434900015592575, "presence": 0.9999983310699463}, "right elbow": {"x": 0.16166239976882935, "y": 0.40387386083602905, "z": -0.7224401235580444, "visibility": 0.9928000569343567, "presence": 0.9999768733978271}, "left wrist": {"x": 0.3797146677970886, "y": 0.4014187753200531, "z": 0.40701019763946533, "visibility": 0.2906700670719147, "presence": 0.9999966621398926}, "right wrist": {"x": 0.22215521335601807, "y": 0.4599214196205139, "z": -0.6592509746551514, "visibility": 0.9794097542762756, "presence": 0.9999967813491821}, "left pinky": {"x": 0.38911569118499756, "y": 0.4044310748577118, "z": 0.45888665318489075, "visibility": 0.33656567335128784, "presence": 0.999988317489624}, "right pinky": {"x": 0.2312280684709549, "y": 0.4787755608558655, "z": -0.7136013507843018, "visibility": 0.9693698883056641, "presence": 0.9999922513961792}, "left index": {"x": 0.39361950755119324, "y": 0.4037744700908661, "z": 0.3895675241947174, "visibility": 0.3475351631641388, "presence": 0.999977707862854}, "right index": {"x": 0.24675478041172028, "y": 0.4744185209274292, "z": -0.7034275531768799, "visibility": 0.9682124853134155, "presence": 0.9999923706054688}, "left thumb": {"x": 0.3895794749259949, "y": 0.4049251973628998, "z": 0.3872841000556946, "visibility": 0.33553361892700195, "presence": 0.9999886751174927}, "right thumb": {"x": 0.24495726823806763, "y": 0.4687436521053314, "z": -0.6525791883468628, "visibility": 0.9398161768913269, "presence": 0.9999958276748657}, "left hip": {"x": 0.2668757438659668, "y": 0.45000138878822327, "z": 0.20558756589889526, "visibility": 0.9999781847000122, "presence": 0.9999998807907104}, "right hip": {"x": 0.21549838781356812, "y": 0.4602189064025879, "z": -0.20548015832901, "visibility": 0.9999897480010986, "presence": 0.9999997615814209}, "left knee": {"x": 0.35527509450912476, "y": 0.5168591737747192, "z": 0.40521439909935, "visibility": 0.200191929936409, "presence": 0.9999977350234985}, "right knee": {"x": 0.3155131936073303, "y": 0.5279918909072876, "z": -0.5300175547599792, "visibility": 0.9911225438117981, "presence": 0.9999992847442627}, "left ankle": {"x": 0.29782235622406006, "y": 0.5856634378433228, "z": 0.6908649802207947, "visibility": 0.5353747010231018, "presence": 0.9999817609786987}, "right ankle": {"x": 0.2623979449272156, "y": 0.6310906410217285, "z": -0.473890483379364, "visibility": 0.9926064014434814, "presence": 0.9999828338623047}, "left heel": {"x": 0.2808387577533722, "y": 0.6008507013320923, "z": 0.7088834047317505, "visibility": 0.6344022750854492, "presence": 0.9999480247497559}, "right heel": {"x": 0.23843593895435333, "y": 0.6505757570266724, "z": -0.47218453884124756, "visibility": 0.9630571007728577, "presence": 0.9999603033065796}, "left foot index": {"x": 0.35724765062332153, "y": 0.6040831208229065, "z": 0.6398268938064575, "visibility": 0.684648334980011, "presence": 0.9999433755874634}, "right foot index": {"x": 0.32819664478302, "y": 0.658077597618103, "z": -0.6307211518287659, "visibility": 0.9899110198020935, "presence": 0.9998462200164795}, "timestamp": "20240418-210235"}