{"nose": {"x": 0.3843463957309723, "y": 0.30326011776924133, "z": -0.22789965569972992, "visibility": 0.9998816251754761, "presence": 0.9999862909317017}, "left eye (inner)": {"x": 0.38364773988723755, "y": 0.2937208414077759, "z": -0.2069210559129715, "visibility": 0.9998541474342346, "presence": 0.9999829530715942}, "left eye": {"x": 0.38287055492401123, "y": 0.29324403405189514, "z": -0.20736360549926758, "visibility": 0.999862551689148, "presence": 0.9999847412109375}, "left eye (outer)": {"x": 0.38210126757621765, "y": 0.29267385601997375, "z": -0.20722804963588715, "visibility": 0.9999087452888489, "presence": 0.9999799728393555}, "right eye (inner)": {"x": 0.3797551393508911, "y": 0.29316142201423645, "z": -0.25894010066986084, "visibility": 0.9999217987060547, "presence": 0.9999825954437256}, "right eye": {"x": 0.3766554892063141, "y": 0.29248183965682983, "z": -0.2593400478363037, "visibility": 0.9999399185180664, "presence": 0.9999880790710449}, "right eye (outer)": {"x": 0.3736148178577423, "y": 0.291828989982605, "z": -0.2595441937446594, "visibility": 0.9999527931213379, "presence": 0.9999867677688599}, "left ear": {"x": 0.35716676712036133, "y": 0.2896801233291626, "z": -0.07765937596559525, "visibility": 0.9999405145645142, "presence": 0.9999865293502808}, "right ear": {"x": 0.3474288582801819, "y": 0.2902335822582245, "z": -0.3165435492992401, "visibility": 0.9998986124992371, "presence": 0.9999880790710449}, "mouth (left)": {"x": 0.3732672333717346, "y": 0.31133967638015747, "z": -0.17044909298419952, "visibility": 0.9998586177825928, "presence": 0.9999886751174927}, "mouth (right)": {"x": 0.370059072971344, "y": 0.31099873781204224, "z": -0.2419043332338333, "visibility": 0.9999045133590698, "presence": 0.9999829530715942}, "left shoulder": {"x": 0.3245747685432434, "y": 0.3300405740737915, "z": 0.09200752526521683, "visibility": 0.9999845027923584, "presence": 0.9999974966049194}, "right shoulder": {"x": 0.27023497223854065, "y": 0.33033132553100586, "z": -0.42129456996917725, "visibility": 0.9999926686286926, "presence": 0.9999951124191284}, "left elbow": {"x": 0.2720411717891693, "y": 0.38430994749069214, "z": 0.1770678013563156, "visibility": 0.43521401286125183, "presence": 0.9999393224716187}, "right elbow": {"x": 0.3270150423049927, "y": 0.3839090168476105, "z": -0.6946108341217041, "visibility": 0.9958360195159912, "presence": 0.9999322891235352}, "left wrist": {"x": 0.23021069169044495, "y": 0.42244720458984375, "z": 0.10625752061605453, "visibility": 0.5740667581558228, "presence": 0.9999052286148071}, "right wrist": {"x": 0.4507514238357544, "y": 0.34222033619880676, "z": -0.7838422060012817, "visibility": 0.9868727922439575, "presence": 0.999994158744812}, "left pinky": {"x": 0.21576592326164246, "y": 0.43601155281066895, "z": 0.11038187146186829, "visibility": 0.6028434038162231, "presence": 0.999861478805542}, "right pinky": {"x": 0.49321427941322327, "y": 0.33238112926483154, "z": -0.8537540435791016, "visibility": 0.9807646870613098, "presence": 0.9999911785125732}, "left index": {"x": 0.2229176014661789, "y": 0.43205419182777405, "z": 0.07875824719667435, "visibility": 0.6090645790100098, "presence": 0.999812662601471}, "right index": {"x": 0.4941680133342743, "y": 0.3235243558883667, "z": -0.8711702823638916, "visibility": 0.980949878692627, "presence": 0.9999903440475464}, "left thumb": {"x": 0.2292623221874237, "y": 0.42718878388404846, "z": 0.09375208616256714, "visibility": 0.593792736530304, "presence": 0.9998598098754883}, "right thumb": {"x": 0.47807785868644714, "y": 0.3277849853038788, "z": -0.7908756732940674, "visibility": 0.961579442024231, "presence": 0.9999940395355225}, "left hip": {"x": 0.27020445466041565, "y": 0.4485475420951843, "z": 0.1726319044828415, "visibility": 0.9999901056289673, "presence": 0.9999997615814209}, "right hip": {"x": 0.21133436262607574, "y": 0.4529048800468445, "z": -0.17247578501701355, "visibility": 0.9999943375587463, "presence": 0.9999997615814209}, "left knee": {"x": 0.3659944534301758, "y": 0.5190585255622864, "z": 0.3144586980342865, "visibility": 0.3409210443496704, "presence": 0.9999864101409912}, "right knee": {"x": 0.2733641266822815, "y": 0.5312859416007996, "z": -0.4488745927810669, "visibility": 0.9923794865608215, "presence": 0.9999978542327881}, "left ankle": {"x": 0.29636523127555847, "y": 0.5858901739120483, "z": 0.5519065856933594, "visibility": 0.5446992516517639, "presence": 0.9999759197235107}, "right ankle": {"x": 0.2490195482969284, "y": 0.6299729943275452, "z": -0.39868730306625366, "visibility": 0.9916927218437195, "presence": 0.9999788999557495}, "left heel": {"x": 0.269864559173584, "y": 0.5978838205337524, "z": 0.5683192014694214, "visibility": 0.6095333099365234, "presence": 0.9999313354492188}, "right heel": {"x": 0.22633031010627747, "y": 0.6514356136322021, "z": -0.3945639133453369, "visibility": 0.9459373354911804, "presence": 0.9999477863311768}, "left foot index": {"x": 0.3561110198497772, "y": 0.6096030473709106, "z": 0.5171790719032288, "visibility": 0.738852858543396, "presence": 0.9998971223831177}, "right foot index": {"x": 0.3120148181915283, "y": 0.6484877467155457, "z": -0.5263272523880005, "visibility": 0.9903218150138855, "presence": 0.9996893405914307}, "timestamp": "20240418-210305"}