{"nose": {"x": 0.3970763385295868, "y": 0.2849369943141937, "z": -0.46157488226890564, "visibility": 0.999867856502533, "presence": 0.9999914169311523}, "left eye (inner)": {"x": 0.39448225498199463, "y": 0.2748696506023407, "z": -0.43785884976387024, "visibility": 0.9997959733009338, "presence": 0.999990701675415}, "left eye": {"x": 0.3924477994441986, "y": 0.27417999505996704, "z": -0.43836861848831177, "visibility": 0.9998092651367188, "presence": 0.9999920129776001}, "left eye (outer)": {"x": 0.390470415353775, "y": 0.27354195713996887, "z": -0.4383939504623413, "visibility": 0.9998610615730286, "presence": 0.9999914169311523}, "right eye (inner)": {"x": 0.3929309844970703, "y": 0.27511489391326904, "z": -0.5028279423713684, "visibility": 0.999896228313446, "presence": 0.9999895095825195}, "right eye": {"x": 0.3896280527114868, "y": 0.274673193693161, "z": -0.5032463073730469, "visibility": 0.9999222159385681, "presence": 0.9999924898147583}, "right eye (outer)": {"x": 0.3861769735813141, "y": 0.2743399739265442, "z": -0.503594160079956, "visibility": 0.9999263882637024, "presence": 0.9999918937683105}, "left ear": {"x": 0.36254894733428955, "y": 0.27438613772392273, "z": -0.29106706380844116, "visibility": 0.9999260306358337, "presence": 0.9999966621398926}, "right ear": {"x": 0.35815054178237915, "y": 0.27539512515068054, "z": -0.5885190367698669, "visibility": 0.9998751878738403, "presence": 0.9999934434890747}, "mouth (left)": {"x": 0.38602083921432495, "y": 0.2937292456626892, "z": -0.39647603034973145, "visibility": 0.9998132586479187, "presence": 0.999997615814209}, "mouth (right)": {"x": 0.382922887802124, "y": 0.29385554790496826, "z": -0.48480525612831116, "visibility": 0.9998766779899597, "presence": 0.9999967813491821}, "left shoulder": {"x": 0.32042059302330017, "y": 0.3152400553226471, "z": -0.03064529038965702, "visibility": 0.999978244304657, "presence": 0.9999998807907104}, "right shoulder": {"x": 0.2795090079307556, "y": 0.32156801223754883, "z": -0.6414231657981873, "visibility": 0.9999818205833435, "presence": 0.9999991655349731}, "left elbow": {"x": 0.2753017246723175, "y": 0.3713184893131256, "z": 0.3047124147415161, "visibility": 0.2011052817106247, "presence": 0.9999988079071045}, "right elbow": {"x": 0.20054472982883453, "y": 0.3886553943157196, "z": -0.7513706684112549, "visibility": 0.9908877611160278, "presence": 0.99993896484375}, "left wrist": {"x": 0.40672674775123596, "y": 0.38278448581695557, "z": 0.48050224781036377, "visibility": 0.34621092677116394, "presence": 0.9999986886978149}, "right wrist": {"x": 0.3194206953048706, "y": 0.4288189709186554, "z": -0.7847678065299988, "visibility": 0.9624739289283752, "presence": 0.9999988079071045}, "left pinky": {"x": 0.42666953802108765, "y": 0.3800857961177826, "z": 0.525374710559845, "visibility": 0.41337281465530396, "presence": 0.9999967813491821}, "right pinky": {"x": 0.3496515452861786, "y": 0.4436779320240021, "z": -0.8550806045532227, "visibility": 0.9550143480300903, "presence": 0.999998927116394}, "left index": {"x": 0.4289150536060333, "y": 0.3777834177017212, "z": 0.46053358912467957, "visibility": 0.42367610335350037, "presence": 0.999992847442627}, "right index": {"x": 0.37164178490638733, "y": 0.4356251657009125, "z": -0.8311968445777893, "visibility": 0.952524721622467, "presence": 0.9999988079071045}, "left thumb": {"x": 0.4235306680202484, "y": 0.38051214814186096, "z": 0.4601028561592102, "visibility": 0.4106343686580658, "presence": 0.9999958276748657}, "right thumb": {"x": 0.36606916785240173, "y": 0.4304133951663971, "z": -0.7749608755111694, "visibility": 0.9170658588409424, "presence": 0.9999991655349731}, "left hip": {"x": 0.23326101899147034, "y": 0.4341849088668823, "z": 0.20855185389518738, "visibility": 0.9999844431877136, "presence": 0.9999997615814209}, "right hip": {"x": 0.1990882307291031, "y": 0.44085773825645447, "z": -0.20843227207660675, "visibility": 0.9999920129776001, "presence": 0.9999994039535522}, "left knee": {"x": 0.30347880721092224, "y": 0.5135123133659363, "z": 0.4645474851131439, "visibility": 0.28823962807655334, "presence": 0.9999920129776001}, "right knee": {"x": 0.28204044699668884, "y": 0.526902973651886, "z": -0.32524409890174866, "visibility": 0.9956737160682678, "presence": 0.9999947547912598}, "left ankle": {"x": 0.27499398589134216, "y": 0.5909476280212402, "z": 0.7635377049446106, "visibility": 0.6651104688644409, "presence": 0.9999752044677734}, "right ankle": {"x": 0.23443128168582916, "y": 0.6318988800048828, "z": -0.22949878871440887, "visibility": 0.9962546229362488, "presence": 0.9999538660049438}, "left heel": {"x": 0.2572725713253021, "y": 0.610326886177063, "z": 0.7844095230102539, "visibility": 0.738734245300293, "presence": 0.9999390840530396}, "right heel": {"x": 0.2090321183204651, "y": 0.6504188776016235, "z": -0.21551749110221863, "visibility": 0.977441132068634, "presence": 0.9999245405197144}, "left foot index": {"x": 0.33719587326049805, "y": 0.6079505681991577, "z": 0.7315124273300171, "visibility": 0.789497971534729, "presence": 0.9999344348907471}, "right foot index": {"x": 0.3037107288837433, "y": 0.6576472520828247, "z": -0.34483063220977783, "visibility": 0.9935156106948853, "presence": 0.9997468590736389}, "timestamp": "20240418-210313"}