{"nose": {"x": 0.37428581714630127, "y": 0.32620492577552795, "z": -0.5967482924461365, "visibility": 0.999945878982544, "presence": 0.9999996423721313}, "left eye (inner)": {"x": 0.3708808422088623, "y": 0.31551724672317505, "z": -0.5723002552986145, "visibility": 0.999927818775177, "presence": 0.9999995231628418}, "left eye": {"x": 0.36920011043548584, "y": 0.31473806500434875, "z": -0.5727474093437195, "visibility": 0.999935507774353, "presence": 0.9999996423721313}, "left eye (outer)": {"x": 0.36906853318214417, "y": 0.3138313889503479, "z": -0.5726641416549683, "visibility": 0.9999531507492065, "presence": 0.9999996423721313}, "right eye (inner)": {"x": 0.36800193786621094, "y": 0.315498024225235, "z": -0.6245540380477905, "visibility": 0.9999647736549377, "presence": 0.9999988079071045}, "right eye": {"x": 0.3646034598350525, "y": 0.31462109088897705, "z": -0.6249340772628784, "visibility": 0.9999752640724182, "presence": 0.9999988079071045}, "right eye (outer)": {"x": 0.3612819015979767, "y": 0.31365811824798584, "z": -0.625034511089325, "visibility": 0.999978244304657, "presence": 0.9999980926513672}, "left ear": {"x": 0.34537819027900696, "y": 0.3121611773967743, "z": -0.39836323261260986, "visibility": 0.9999752044677734, "presence": 0.9999998807907104}, "right ear": {"x": 0.33506837487220764, "y": 0.3116174042224884, "z": -0.6346728205680847, "visibility": 0.99996018409729, "presence": 0.9999969005584717}, "mouth (left)": {"x": 0.3626244366168976, "y": 0.33385682106018066, "z": -0.5219022035598755, "visibility": 0.9999197125434875, "presence": 0.9999997615814209}, "mouth (right)": {"x": 0.36065933108329773, "y": 0.3328686058521271, "z": -0.5925277471542358, "visibility": 0.9999486804008484, "presence": 0.9999991655349731}, "left shoulder": {"x": 0.35763174295425415, "y": 0.351322203874588, "z": -0.18310128152370453, "visibility": 0.9999936819076538, "presence": 1.0}, "right shoulder": {"x": 0.24513237178325653, "y": 0.35998091101646423, "z": -0.635711669921875, "visibility": 0.999995768070221, "presence": 0.9999970197677612}, "left elbow": {"x": 0.383818119764328, "y": 0.3848477602005005, "z": -0.22195863723754883, "visibility": 0.5891004800796509, "presence": 0.9999977350234985}, "right elbow": {"x": 0.19239923357963562, "y": 0.4194084703922272, "z": -0.7161740660667419, "visibility": 0.9956619143486023, "presence": 0.9996685981750488}, "left wrist": {"x": 0.38878679275512695, "y": 0.40287718176841736, "z": -0.555999755859375, "visibility": 0.7163618206977844, "presence": 0.9999971389770508}, "right wrist": {"x": 0.19040155410766602, "y": 0.47059088945388794, "z": -0.7878332734107971, "visibility": 0.9447551965713501, "presence": 0.9985809326171875}, "left pinky": {"x": 0.40472760796546936, "y": 0.40962690114974976, "z": -0.6124592423439026, "visibility": 0.7414166331291199, "presence": 0.9999926090240479}, "right pinky": {"x": 0.19061891734600067, "y": 0.4771450161933899, "z": -0.8582550287246704, "visibility": 0.9349647164344788, "presence": 0.9981822967529297}, "left index": {"x": 0.3960784375667572, "y": 0.4024907350540161, "z": -0.6497183442115784, "visibility": 0.74881911277771, "presence": 0.9999915361404419}, "right index": {"x": 0.19845855236053467, "y": 0.4753665626049042, "z": -0.8900834918022156, "visibility": 0.934959352016449, "presence": 0.998006284236908}, "left thumb": {"x": 0.38974428176879883, "y": 0.40140432119369507, "z": -0.579744815826416, "visibility": 0.7331819534301758, "presence": 0.9999948740005493}, "right thumb": {"x": 0.19500337541103363, "y": 0.46964073181152344, "z": -0.8042206168174744, "visibility": 0.909405529499054, "presence": 0.9986932873725891}, "left hip": {"x": 0.27745428681373596, "y": 0.4620516002178192, "z": 0.1699770987033844, "visibility": 0.9999918341636658, "presence": 0.9999997615814209}, "right hip": {"x": 0.2149808704853058, "y": 0.4663046598434448, "z": -0.1700972020626068, "visibility": 0.9999949336051941, "presence": 0.9999983310699463}, "left knee": {"x": 0.3723483085632324, "y": 0.529329240322113, "z": 0.33019980788230896, "visibility": 0.33866962790489197, "presence": 0.9999945163726807}, "right knee": {"x": 0.3097474277019501, "y": 0.5342220664024353, "z": -0.4103297293186188, "visibility": 0.9938796162605286, "presence": 0.9999914169311523}, "left ankle": {"x": 0.2998306155204773, "y": 0.586302638053894, "z": 0.6450352668762207, "visibility": 0.5538977384567261, "presence": 0.9999791383743286}, "right ankle": {"x": 0.24651524424552917, "y": 0.6349640488624573, "z": -0.33683690428733826, "visibility": 0.9947158694267273, "presence": 0.9999148845672607}, "left heel": {"x": 0.273481160402298, "y": 0.5969328880310059, "z": 0.6669340133666992, "visibility": 0.6156581044197083, "presence": 0.9999538660049438}, "right heel": {"x": 0.21990874409675598, "y": 0.6533924341201782, "z": -0.33720701932907104, "visibility": 0.9633636474609375, "presence": 0.9998646974563599}, "left foot index": {"x": 0.3533704876899719, "y": 0.6043252944946289, "z": 0.5854402184486389, "visibility": 0.7674629092216492, "presence": 0.999967098236084}, "right foot index": {"x": 0.31062841415405273, "y": 0.6572886109352112, "z": -0.523271381855011, "visibility": 0.9937602281570435, "presence": 0.9996023774147034}, "timestamp": "20240418-210308"}