{"nose": {"x": 0.4006142020225525, "y": 0.3047122359275818, "z": -0.17146097123622894, "visibility": 0.9999477863311768, "presence": 0.9999992847442627}, "left eye (inner)": {"x": 0.4000474214553833, "y": 0.2946733832359314, "z": -0.1520008146762848, "visibility": 0.9999269247055054, "presence": 0.9999990463256836}, "left eye": {"x": 0.4000098705291748, "y": 0.2941482663154602, "z": -0.15243449807167053, "visibility": 0.9999350905418396, "presence": 0.9999991655349731}, "left eye (outer)": {"x": 0.4002135992050171, "y": 0.29363444447517395, "z": -0.15234138071537018, "visibility": 0.9999492764472961, "presence": 0.9999988079071045}, "right eye (inner)": {"x": 0.39574989676475525, "y": 0.29402968287467957, "z": -0.20425057411193848, "visibility": 0.9999613165855408, "presence": 0.9999990463256836}, "right eye": {"x": 0.3922296464443207, "y": 0.29303738474845886, "z": -0.20462055504322052, "visibility": 0.9999710917472839, "presence": 0.9999991655349731}, "right eye (outer)": {"x": 0.38800016045570374, "y": 0.2919708490371704, "z": -0.20478148758411407, "visibility": 0.9999733567237854, "presence": 0.999998927116394}, "left ear": {"x": 0.37595134973526, "y": 0.2900865375995636, "z": -0.034514110535383224, "visibility": 0.9999702572822571, "presence": 0.999998927116394}, "right ear": {"x": 0.36096736788749695, "y": 0.28910088539123535, "z": -0.27496784925460815, "visibility": 0.9999535083770752, "presence": 0.999998927116394}, "mouth (left)": {"x": 0.3910923898220062, "y": 0.31210726499557495, "z": -0.11843768507242203, "visibility": 0.9998961091041565, "presence": 0.999997615814209}, "mouth (right)": {"x": 0.38692981004714966, "y": 0.3115372657775879, "z": -0.19051222503185272, "visibility": 0.9999304413795471, "presence": 0.9999961853027344}, "left shoulder": {"x": 0.3270006477832794, "y": 0.32736796140670776, "z": 0.13641726970672607, "visibility": 0.9999815821647644, "presence": 0.9999980926513672}, "right shoulder": {"x": 0.30233538150787354, "y": 0.3313279151916504, "z": -0.39568471908569336, "visibility": 0.9999877214431763, "presence": 0.9999949932098389}, "left elbow": {"x": 0.31660106778144836, "y": 0.37265318632125854, "z": 0.2829885184764862, "visibility": 0.38296249508857727, "presence": 0.9999343156814575}, "right elbow": {"x": 0.36531731486320496, "y": 0.3668176829814911, "z": -0.6300564408302307, "visibility": 0.9840113520622253, "presence": 0.9998798370361328}, "left wrist": {"x": 0.36025843024253845, "y": 0.38358721137046814, "z": 0.32449984550476074, "visibility": 0.5565217733383179, "presence": 0.9998918771743774}, "right wrist": {"x": 0.48329102993011475, "y": 0.3367863893508911, "z": -0.7125663757324219, "visibility": 0.9318435788154602, "presence": 0.9999760389328003}, "left pinky": {"x": 0.36888453364372253, "y": 0.38744473457336426, "z": 0.3520379364490509, "visibility": 0.5820087790489197, "presence": 0.999855637550354}, "right pinky": {"x": 0.5217515826225281, "y": 0.32955402135849, "z": -0.7908486127853394, "visibility": 0.924879789352417, "presence": 0.9999730587005615}, "left index": {"x": 0.37290093302726746, "y": 0.38395869731903076, "z": 0.31819066405296326, "visibility": 0.5909780859947205, "presence": 0.9997957348823547}, "right index": {"x": 0.5248728394508362, "y": 0.32080796360969543, "z": -0.7418010234832764, "visibility": 0.9252747893333435, "presence": 0.9999676942825317}, "left thumb": {"x": 0.37158188223838806, "y": 0.38305923342704773, "z": 0.31339216232299805, "visibility": 0.5757827758789062, "presence": 0.9998371601104736}, "right thumb": {"x": 0.5099093914031982, "y": 0.3245159983634949, "z": -0.7004907727241516, "visibility": 0.8997941613197327, "presence": 0.9999768733978271}, "left hip": {"x": 0.2498401701450348, "y": 0.45253947377204895, "z": 0.18064863979816437, "visibility": 0.9999844431877136, "presence": 0.9999992847442627}, "right hip": {"x": 0.22755537927150726, "y": 0.45864564180374146, "z": -0.1804451197385788, "visibility": 0.9999886155128479, "presence": 0.999998927116394}, "left knee": {"x": 0.3237222731113434, "y": 0.5210140943527222, "z": 0.5499575734138489, "visibility": 0.36778774857521057, "presence": 0.9999912977218628}, "right knee": {"x": 0.33632543683052063, "y": 0.5261891484260559, "z": -0.28750842809677124, "visibility": 0.9911928176879883, "presence": 0.9999985694885254}, "left ankle": {"x": 0.31016066670417786, "y": 0.5869473814964294, "z": 0.8132563233375549, "visibility": 0.6374312043190002, "presence": 0.9999573230743408}, "right ankle": {"x": 0.2660377323627472, "y": 0.6326563954353333, "z": -0.2810148000717163, "visibility": 0.9927341938018799, "presence": 0.9999731779098511}, "left heel": {"x": 0.2923140227794647, "y": 0.6067885160446167, "z": 0.8332551121711731, "visibility": 0.6959208846092224, "presence": 0.9998716115951538}, "right heel": {"x": 0.23899652063846588, "y": 0.6500165462493896, "z": -0.2803332805633545, "visibility": 0.9644241333007812, "presence": 0.9999287128448486}, "left foot index": {"x": 0.3703220784664154, "y": 0.6028015613555908, "z": 0.8363057374954224, "visibility": 0.7899742126464844, "presence": 0.9998860359191895}, "right foot index": {"x": 0.32969868183135986, "y": 0.6565150618553162, "z": -0.3406355679035187, "visibility": 0.9917526841163635, "presence": 0.999653697013855}, "timestamp": "20240418-210225"}