{"nose": {"x": 0.38248640298843384, "y": 0.314824640750885, "z": -0.03590093180537224, "visibility": 0.9999504685401917, "presence": 0.9999997615814209}, "left eye (inner)": {"x": 0.3848249018192291, "y": 0.30535322427749634, "z": -0.028266098350286484, "visibility": 0.9999340176582336, "presence": 0.9999996423721313}, "left eye": {"x": 0.38369956612586975, "y": 0.30450525879859924, "z": -0.028665892779827118, "visibility": 0.9999412298202515, "presence": 0.9999997615814209}, "left eye (outer)": {"x": 0.3825971484184265, "y": 0.30355244874954224, "z": -0.028529280796647072, "visibility": 0.999954879283905, "presence": 0.9999996423721313}, "right eye (inner)": {"x": 0.38327929377555847, "y": 0.3048098087310791, "z": -0.08116043359041214, "visibility": 0.9999603629112244, "presence": 0.9999996423721313}, "right eye": {"x": 0.3806842863559723, "y": 0.30365684628486633, "z": -0.08151043206453323, "visibility": 0.9999697208404541, "presence": 0.9999996423721313}, "right eye (outer)": {"x": 0.3774355947971344, "y": 0.3024129569530487, "z": -0.0815931111574173, "visibility": 0.999971866607666, "presence": 0.9999995231628418}, "left ear": {"x": 0.3581315279006958, "y": 0.29825085401535034, "z": 0.04061522334814072, "visibility": 0.9999723434448242, "presence": 0.9999997615814209}, "right ear": {"x": 0.3500969111919403, "y": 0.2987003028392792, "z": -0.20381011068820953, "visibility": 0.9999443292617798, "presence": 0.9999995231628418}, "mouth (left)": {"x": 0.37191975116729736, "y": 0.32068875432014465, "z": 0.0023534861393272877, "visibility": 0.9998716115951538, "presence": 0.9999991655349731}, "mouth (right)": {"x": 0.367534875869751, "y": 0.3203206956386566, "z": -0.07125762850046158, "visibility": 0.9998956322669983, "presence": 0.9999985694885254}, "left shoulder": {"x": 0.28152355551719666, "y": 0.32839056849479675, "z": 0.19036363065242767, "visibility": 0.9999855756759644, "presence": 0.9999996423721313}, "right shoulder": {"x": 0.31546124815940857, "y": 0.33009013533592224, "z": -0.3137367367744446, "visibility": 0.9999858140945435, "presence": 0.9999966621398926}, "left elbow": {"x": 0.33033880591392517, "y": 0.3639445900917053, "z": 0.46070411801338196, "visibility": 0.36578473448753357, "presence": 0.9999964237213135}, "right elbow": {"x": 0.4182879328727722, "y": 0.3430542051792145, "z": -0.37029722332954407, "visibility": 0.9926137924194336, "presence": 0.9999771118164062}, "left wrist": {"x": 0.3893720805644989, "y": 0.37208202481269836, "z": 0.6864685416221619, "visibility": 0.5312013626098633, "presence": 0.9999966621398926}, "right wrist": {"x": 0.4931716024875641, "y": 0.3063622713088989, "z": -0.234597310423851, "visibility": 0.965830385684967, "presence": 0.9999815225601196}, "left pinky": {"x": 0.40068545937538147, "y": 0.3663988709449768, "z": 0.7489994764328003, "visibility": 0.5746065974235535, "presence": 0.9999946355819702}, "right pinky": {"x": 0.5138230919837952, "y": 0.2924465835094452, "z": -0.2752375900745392, "visibility": 0.9548449516296387, "presence": 0.9999717473983765}, "left index": {"x": 0.4019600749015808, "y": 0.36425960063934326, "z": 0.703152596950531, "visibility": 0.5824589133262634, "presence": 0.9999905824661255}, "right index": {"x": 0.5088492035865784, "y": 0.28845882415771484, "z": -0.24255044758319855, "visibility": 0.9526026248931885, "presence": 0.9999622106552124}, "left thumb": {"x": 0.4006540775299072, "y": 0.3658791780471802, "z": 0.6755218505859375, "visibility": 0.5667535662651062, "presence": 0.999993085861206}, "right thumb": {"x": 0.5043660402297974, "y": 0.29242900013923645, "z": -0.22319233417510986, "visibility": 0.9109776616096497, "presence": 0.9999765157699585}, "left hip": {"x": 0.23282520473003387, "y": 0.4569450318813324, "z": 0.17936274409294128, "visibility": 0.9999869465827942, "presence": 0.9999992847442627}, "right hip": {"x": 0.2331123799085617, "y": 0.462990403175354, "z": -0.1792900413274765, "visibility": 0.9999920129776001, "presence": 0.9999983310699463}, "left knee": {"x": 0.31675878167152405, "y": 0.516550600528717, "z": 0.570628821849823, "visibility": 0.2997053861618042, "presence": 0.9999945163726807}, "right knee": {"x": 0.3372883200645447, "y": 0.5310827493667603, "z": -0.23777225613594055, "visibility": 0.9939876198768616, "presence": 0.9999978542327881}, "left ankle": {"x": 0.30209752917289734, "y": 0.5886834859848022, "z": 0.8043075203895569, "visibility": 0.570893406867981, "presence": 0.9999648332595825}, "right ankle": {"x": 0.26006120443344116, "y": 0.635856568813324, "z": -0.2472488284111023, "visibility": 0.9929388761520386, "presence": 0.9999581575393677}, "left heel": {"x": 0.2849859893321991, "y": 0.604236364364624, "z": 0.8253539204597473, "visibility": 0.6440605521202087, "presence": 0.999906063079834}, "right heel": {"x": 0.23281340301036835, "y": 0.654805064201355, "z": -0.24509356915950775, "visibility": 0.9642845392227173, "presence": 0.999903678894043}, "left foot index": {"x": 0.36008915305137634, "y": 0.6032809019088745, "z": 0.8640868663787842, "visibility": 0.7404240965843201, "presence": 0.9999351501464844}, "right foot index": {"x": 0.3284614384174347, "y": 0.6600912809371948, "z": -0.27796974778175354, "visibility": 0.9904646277427673, "presence": 0.9996926784515381}, "timestamp": "20240418-210301"}