{"nose": {"x": 0.4055325984954834, "y": 0.32821762561798096, "z": -0.5497909784317017, "visibility": 0.9999139904975891, "presence": 0.9999997615814209}, "left eye (inner)": {"x": 0.4040147066116333, "y": 0.3182947337627411, "z": -0.5256193280220032, "visibility": 0.9998787045478821, "presence": 0.9999996423721313}, "left eye": {"x": 0.4024530351161957, "y": 0.3176945745944977, "z": -0.5260909795761108, "visibility": 0.9998871088027954, "presence": 0.9999997615814209}, "left eye (outer)": {"x": 0.40113845467567444, "y": 0.31713607907295227, "z": -0.526025116443634, "visibility": 0.999916136264801, "presence": 0.9999996423721313}, "right eye (inner)": {"x": 0.40083077549934387, "y": 0.31813758611679077, "z": -0.5864657163619995, "visibility": 0.9999316930770874, "presence": 0.9999996423721313}, "right eye": {"x": 0.3965427279472351, "y": 0.3174714744091034, "z": -0.5868909955024719, "visibility": 0.9999498724937439, "presence": 0.9999996423721313}, "right eye (outer)": {"x": 0.3921431005001068, "y": 0.3168471157550812, "z": -0.5871064066886902, "visibility": 0.999955952167511, "presence": 0.9999996423721313}, "left ear": {"x": 0.37351974844932556, "y": 0.31551143527030945, "z": -0.3669131398200989, "visibility": 0.999953031539917, "presence": 0.9999998807907104}, "right ear": {"x": 0.36414068937301636, "y": 0.3157641589641571, "z": -0.6470445394515991, "visibility": 0.9999197125434875, "presence": 0.9999995231628418}, "mouth (left)": {"x": 0.392313688993454, "y": 0.3373454511165619, "z": -0.47988685965538025, "visibility": 0.9997714161872864, "presence": 0.9999998807907104}, "mouth (right)": {"x": 0.3877153694629669, "y": 0.3384285569190979, "z": -0.5633414387702942, "visibility": 0.9998219013214111, "presence": 0.9999997615814209}, "left shoulder": {"x": 0.3490797281265259, "y": 0.3520907461643219, "z": -0.09985219687223434, "visibility": 0.9999752044677734, "presence": 1.0}, "right shoulder": {"x": 0.2593570351600647, "y": 0.3559277057647705, "z": -0.66046541929245, "visibility": 0.9999882578849792, "presence": 0.9999997615814209}, "left elbow": {"x": 0.3245014548301697, "y": 0.38228946924209595, "z": 0.2163049280643463, "visibility": 0.18409469723701477, "presence": 0.9999997615814209}, "right elbow": {"x": 0.1489412486553192, "y": 0.399698942899704, "z": -0.699945330619812, "visibility": 0.9923734664916992, "presence": 0.9999895095825195}, "left wrist": {"x": 0.36996060609817505, "y": 0.4026171863079071, "z": 0.3817881643772125, "visibility": 0.3858892321586609, "presence": 0.9999998807907104}, "right wrist": {"x": 0.1931283324956894, "y": 0.4620380699634552, "z": -0.5670479536056519, "visibility": 0.9743152260780334, "presence": 0.9999979734420776}, "left pinky": {"x": 0.3872675895690918, "y": 0.4089524447917938, "z": 0.41833552718162537, "visibility": 0.4293682277202606, "presence": 0.9999992847442627}, "right pinky": {"x": 0.1972322016954422, "y": 0.48232340812683105, "z": -0.6104977130889893, "visibility": 0.9671164751052856, "presence": 0.9999938011169434}, "left index": {"x": 0.3915391266345978, "y": 0.4040709137916565, "z": 0.3698180317878723, "visibility": 0.44214800000190735, "presence": 0.9999986886978149}, "right index": {"x": 0.21863368153572083, "y": 0.47850608825683594, "z": -0.6114414930343628, "visibility": 0.9652899503707886, "presence": 0.9999938011169434}, "left thumb": {"x": 0.38057583570480347, "y": 0.4028435945510864, "z": 0.3647897243499756, "visibility": 0.42945173382759094, "presence": 0.9999994039535522}, "right thumb": {"x": 0.21556511521339417, "y": 0.47174233198165894, "z": -0.5632922649383545, "visibility": 0.9391056895256042, "presence": 0.9999969005584717}, "left hip": {"x": 0.26606374979019165, "y": 0.4565933346748352, "z": 0.1999697983264923, "visibility": 0.9999862909317017, "presence": 0.9999998807907104}, "right hip": {"x": 0.20826323330402374, "y": 0.46668511629104614, "z": -0.19991172850131989, "visibility": 0.999993085861206, "presence": 0.9999997615814209}, "left knee": {"x": 0.35193508863449097, "y": 0.5209823250770569, "z": 0.3777220547199249, "visibility": 0.21922653913497925, "presence": 0.9999991655349731}, "right knee": {"x": 0.3025314509868622, "y": 0.5336884260177612, "z": -0.4404495656490326, "visibility": 0.9923235774040222, "presence": 0.9999994039535522}, "left ankle": {"x": 0.29803261160850525, "y": 0.5880329608917236, "z": 0.6512983441352844, "visibility": 0.553225040435791, "presence": 0.9999926090240479}, "right ankle": {"x": 0.2619165778160095, "y": 0.6338202357292175, "z": -0.3002409040927887, "visibility": 0.9929377436637878, "presence": 0.9999868869781494}, "left heel": {"x": 0.28083398938179016, "y": 0.6010676026344299, "z": 0.6696184873580933, "visibility": 0.6315015554428101, "presence": 0.9999779462814331}, "right heel": {"x": 0.23523637652397156, "y": 0.6532812118530273, "z": -0.2891291081905365, "visibility": 0.9659190773963928, "presence": 0.9999731779098511}, "left foot index": {"x": 0.36444902420043945, "y": 0.6038942933082581, "z": 0.6112165451049805, "visibility": 0.7104195952415466, "presence": 0.9999657869338989}, "right foot index": {"x": 0.3294333517551422, "y": 0.6580207943916321, "z": -0.41995230317115784, "visibility": 0.9883394241333008, "presence": 0.9998880624771118}, "timestamp": "20240418-210249"}