{"nose": {"x": 0.39320582151412964, "y": 0.2774399518966675, "z": -0.33586621284484863, "visibility": 0.9999690651893616, "presence": 0.9999958276748657}, "left eye (inner)": {"x": 0.39062175154685974, "y": 0.25937655568122864, "z": -0.3280722498893738, "visibility": 0.9999550580978394, "presence": 0.9999953508377075}, "left eye": {"x": 0.390062153339386, "y": 0.2577212154865265, "z": -0.32838934659957886, "visibility": 0.9999622106552124, "presence": 0.9999966621398926}, "left eye (outer)": {"x": 0.3896118700504303, "y": 0.2559628486633301, "z": -0.3283851444721222, "visibility": 0.999973714351654, "presence": 0.9999964237213135}, "right eye (inner)": {"x": 0.388009250164032, "y": 0.26034221053123474, "z": -0.3546113967895508, "visibility": 0.9999755024909973, "presence": 0.9999921321868896}, "right eye": {"x": 0.38548901677131653, "y": 0.25990936160087585, "z": -0.3548363447189331, "visibility": 0.9999797344207764, "presence": 0.9999933242797852}, "right eye (outer)": {"x": 0.38224560022354126, "y": 0.25943106412887573, "z": -0.35493525862693787, "visibility": 0.9999809265136719, "presence": 0.9999920129776001}, "left ear": {"x": 0.3746962547302246, "y": 0.2502151429653168, "z": -0.2512362599372864, "visibility": 0.9999784231185913, "presence": 0.9999977350234985}, "right ear": {"x": 0.36398187279701233, "y": 0.2556752860546112, "z": -0.3703601658344269, "visibility": 0.9999438524246216, "presence": 0.9999881982803345}, "mouth (left)": {"x": 0.3873821496963501, "y": 0.28968095779418945, "z": -0.3002701997756958, "visibility": 0.9999595284461975, "presence": 0.9999986886978149}, "mouth (right)": {"x": 0.3839638829231262, "y": 0.2911096215248108, "z": -0.3367556631565094, "visibility": 0.9999666810035706, "presence": 0.9999970197677612}, "left shoulder": {"x": 0.37380173802375793, "y": 0.2915778160095215, "z": -0.13409949839115143, "visibility": 0.9999924302101135, "presence": 0.9999998807907104}, "right shoulder": {"x": 0.30506667494773865, "y": 0.3225177228450775, "z": -0.36383071541786194, "visibility": 0.9999883770942688, "presence": 0.999996542930603}, "left elbow": {"x": 0.425129234790802, "y": 0.3458828032016754, "z": -0.04438992589712143, "visibility": 0.7802770137786865, "presence": 0.9999988079071045}, "right elbow": {"x": 0.2653244137763977, "y": 0.44538089632987976, "z": -0.41211071610450745, "visibility": 0.9937419295310974, "presence": 0.9999198913574219}, "left wrist": {"x": 0.47325992584228516, "y": 0.425215482711792, "z": -0.06996852904558182, "visibility": 0.8306134939193726, "presence": 0.999996542930603}, "right wrist": {"x": 0.31488484144210815, "y": 0.5502575039863586, "z": -0.46907705068588257, "visibility": 0.9756902456283569, "presence": 0.9999798536300659}, "left pinky": {"x": 0.4955318868160248, "y": 0.4267125129699707, "z": -0.07587400823831558, "visibility": 0.8251274228096008, "presence": 0.9999843835830688}, "right pinky": {"x": 0.3247934877872467, "y": 0.5801595449447632, "z": -0.5198808312416077, "visibility": 0.9696739912033081, "presence": 0.9999539852142334}, "left index": {"x": 0.49366793036460876, "y": 0.43399578332901, "z": -0.1181456446647644, "visibility": 0.8342341780662537, "presence": 0.9999815225601196}, "right index": {"x": 0.33540430665016174, "y": 0.5732291340827942, "z": -0.5202947854995728, "visibility": 0.9692240357398987, "presence": 0.9999635219573975}, "left thumb": {"x": 0.48184213042259216, "y": 0.44059082865715027, "z": -0.08674118667840958, "visibility": 0.8204987645149231, "presence": 0.9999915361404419}, "right thumb": {"x": 0.3322508931159973, "y": 0.5622082352638245, "z": -0.47281813621520996, "visibility": 0.9402028322219849, "presence": 0.9999802112579346}, "left hip": {"x": 0.2984682023525238, "y": 0.491850882768631, "z": 0.09010329097509384, "visibility": 0.9999816417694092, "presence": 0.9999990463256836}, "right hip": {"x": 0.2531835436820984, "y": 0.5046292543411255, "z": -0.09005225449800491, "visibility": 0.9999854564666748, "presence": 0.999996542930603}, "left knee": {"x": 0.3813944458961487, "y": 0.6024426817893982, "z": 0.1276925504207611, "visibility": 0.4740584194660187, "presence": 0.9999966621398926}, "right knee": {"x": 0.3037942051887512, "y": 0.6588342189788818, "z": -0.22136346995830536, "visibility": 0.9983501434326172, "presence": 0.9999960660934448}, "left ankle": {"x": 0.3535236716270447, "y": 0.7488172054290771, "z": 0.27214065194129944, "visibility": 0.7208939790725708, "presence": 0.9999767541885376}, "right ankle": {"x": 0.24450764060020447, "y": 0.8621385097503662, "z": -0.18470355868339539, "visibility": 0.9985344409942627, "presence": 0.9999172687530518}, "left heel": {"x": 0.33879974484443665, "y": 0.7779160141944885, "z": 0.2814445495605469, "visibility": 0.7125416994094849, "presence": 0.9999368190765381}, "right heel": {"x": 0.22735491394996643, "y": 0.9024192690849304, "z": -0.18236425518989563, "visibility": 0.9840573072433472, "presence": 0.9998244643211365}, "left foot index": {"x": 0.39780911803245544, "y": 0.7747272849082947, "z": 0.23758327960968018, "visibility": 0.8685284852981567, "presence": 0.9999120235443115}, "right foot index": {"x": 0.2897793650627136, "y": 0.9098948836326599, "z": -0.2631123661994934, "visibility": 0.9978849291801453, "presence": 0.9993804693222046}, "timestamp": "20240413-004629"}