{"nose": {"x": 0.35789939761161804, "y": 0.14514793455600739, "z": -0.21116261184215546, "visibility": 0.9998966455459595, "presence": 0.9999668598175049}, "left eye (inner)": {"x": 0.35402268171310425, "y": 0.1235937848687172, "z": -0.20239131152629852, "visibility": 0.9998401403427124, "presence": 0.999964714050293}, "left eye": {"x": 0.35354018211364746, "y": 0.12273936718702316, "z": -0.20273058116436005, "visibility": 0.9998542070388794, "presence": 0.9999755620956421}, "left eye (outer)": {"x": 0.35336029529571533, "y": 0.12173956632614136, "z": -0.20272700488567352, "visibility": 0.9998922944068909, "presence": 0.9999767541885376}, "right eye (inner)": {"x": 0.35187870264053345, "y": 0.1243460476398468, "z": -0.2283317595720291, "visibility": 0.9999051094055176, "presence": 0.9999328851699829}, "right eye": {"x": 0.3494892418384552, "y": 0.12457139045000076, "z": -0.22858145833015442, "visibility": 0.999926745891571, "presence": 0.9999438524246216}, "right eye (outer)": {"x": 0.3465621769428253, "y": 0.12475859373807907, "z": -0.22870945930480957, "visibility": 0.999933660030365, "presence": 0.9999326467514038}, "left ear": {"x": 0.3364326059818268, "y": 0.12680646777153015, "z": -0.1367093175649643, "visibility": 0.9999125599861145, "presence": 0.9999881982803345}, "right ear": {"x": 0.32702377438545227, "y": 0.1287471503019333, "z": -0.2548503577709198, "visibility": 0.9998526573181152, "presence": 0.9999240636825562}, "mouth (left)": {"x": 0.35094308853149414, "y": 0.16304773092269897, "z": -0.18067291378974915, "visibility": 0.9998987913131714, "presence": 0.999995231628418}, "mouth (right)": {"x": 0.3478982746601105, "y": 0.16373279690742493, "z": -0.21677181124687195, "visibility": 0.999921441078186, "presence": 0.9999865293502808}, "left shoulder": {"x": 0.34111881256103516, "y": 0.21597152948379517, "z": -0.02864672802388668, "visibility": 0.9999900460243225, "presence": 0.9999997615814209}, "right shoulder": {"x": 0.28046029806137085, "y": 0.23448984324932098, "z": -0.28337937593460083, "visibility": 0.999994158744812, "presence": 0.999995231628418}, "left elbow": {"x": 0.3603106737136841, "y": 0.305674284696579, "z": 0.07893165200948715, "visibility": 0.5635545253753662, "presence": 0.9999986886978149}, "right elbow": {"x": 0.2962614893913269, "y": 0.3782614469528198, "z": -0.327830046415329, "visibility": 0.9968786239624023, "presence": 0.9999063014984131}, "left wrist": {"x": 0.4055365025997162, "y": 0.3512113690376282, "z": 0.07736629247665405, "visibility": 0.8304622769355774, "presence": 0.9999970197677612}, "right wrist": {"x": 0.3659856915473938, "y": 0.4367329180240631, "z": -0.36702293157577515, "visibility": 0.9945887923240662, "presence": 0.9999781847000122}, "left pinky": {"x": 0.42439088225364685, "y": 0.36492297053337097, "z": 0.0818803533911705, "visibility": 0.8471041917800903, "presence": 0.9999862909317017}, "right pinky": {"x": 0.3821006715297699, "y": 0.46011489629745483, "z": -0.412163645029068, "visibility": 0.9919570684432983, "presence": 0.9999579191207886}, "left index": {"x": 0.4254867434501648, "y": 0.362447053194046, "z": 0.046071216464042664, "visibility": 0.8602151870727539, "presence": 0.9999825954437256}, "right index": {"x": 0.38750314712524414, "y": 0.4512406289577484, "z": -0.4087919294834137, "visibility": 0.9921696782112122, "presence": 0.9999591112136841}, "left thumb": {"x": 0.4177171289920807, "y": 0.35943275690078735, "z": 0.06405691057443619, "visibility": 0.8349048495292664, "presence": 0.9999920129776001}, "right thumb": {"x": 0.3827838599681854, "y": 0.4416782259941101, "z": -0.36817920207977295, "visibility": 0.9816703796386719, "presence": 0.999977707862854}, "left hip": {"x": 0.28704696893692017, "y": 0.4511933922767639, "z": 0.08882596343755722, "visibility": 0.9999752640724182, "presence": 0.9999994039535522}, "right hip": {"x": 0.24325621128082275, "y": 0.45665135979652405, "z": -0.08869265019893646, "visibility": 0.9999857544898987, "presence": 0.9999979734420776}, "left knee": {"x": 0.3403782248497009, "y": 0.5907987952232361, "z": 0.24143636226654053, "visibility": 0.41329678893089294, "presence": 0.9999924898147583}, "right knee": {"x": 0.2573252320289612, "y": 0.6419084072113037, "z": -0.2568945586681366, "visibility": 0.9988808631896973, "presence": 0.9999943971633911}, "left ankle": {"x": 0.34455496072769165, "y": 0.7507025599479675, "z": 0.4384097456932068, "visibility": 0.7972353100776672, "presence": 0.9999521970748901}, "right ankle": {"x": 0.23150749504566193, "y": 0.8638616800308228, "z": -0.2799665331840515, "visibility": 0.9989851713180542, "presence": 0.9999110698699951}, "left heel": {"x": 0.33307895064353943, "y": 0.7871613502502441, "z": 0.4517489969730377, "visibility": 0.7615586519241333, "presence": 0.9998797178268433}, "right heel": {"x": 0.21616563200950623, "y": 0.9047614336013794, "z": -0.28516849875450134, "visibility": 0.9806432723999023, "presence": 0.9997672438621521}, "left foot index": {"x": 0.3920198380947113, "y": 0.7808076739311218, "z": 0.41359615325927734, "visibility": 0.8975830078125, "presence": 0.9998598098754883}, "right foot index": {"x": 0.27445176243782043, "y": 0.918255627155304, "z": -0.38965028524398804, "visibility": 0.998534619808197, "presence": 0.9989252686500549}, "timestamp": "20240413-004638"}