{"nose": {"x": 0.36448684334754944, "y": 0.17693880200386047, "z": -0.24181422591209412, "visibility": 0.9999077320098877, "presence": 0.9999688863754272}, "left eye (inner)": {"x": 0.36044615507125854, "y": 0.1547098308801651, "z": -0.23168018460273743, "visibility": 0.9998580813407898, "presence": 0.999966025352478}, "left eye": {"x": 0.35907095670700073, "y": 0.153532937169075, "z": -0.2320195436477661, "visibility": 0.9998705983161926, "presence": 0.9999759197235107}, "left eye (outer)": {"x": 0.35792210698127747, "y": 0.15255562961101532, "z": -0.23201973736286163, "visibility": 0.9999058842658997, "presence": 0.9999767541885376}, "right eye (inner)": {"x": 0.35863953828811646, "y": 0.1551889181137085, "z": -0.25940877199172974, "visibility": 0.9999170899391174, "presence": 0.99993896484375}, "right eye": {"x": 0.3560858368873596, "y": 0.15513087809085846, "z": -0.2596474289894104, "visibility": 0.9999355673789978, "presence": 0.9999500513076782}, "right eye (outer)": {"x": 0.3529873490333557, "y": 0.155498668551445, "z": -0.25978654623031616, "visibility": 0.9999420642852783, "presence": 0.9999412298202515}, "left ear": {"x": 0.34228748083114624, "y": 0.15343639254570007, "z": -0.15756095945835114, "visibility": 0.9999234676361084, "presence": 0.9999879598617554}, "right ear": {"x": 0.3340839445590973, "y": 0.15727001428604126, "z": -0.28329721093177795, "visibility": 0.9998656511306763, "presence": 0.9999337196350098}, "mouth (left)": {"x": 0.35774654150009155, "y": 0.1935095638036728, "z": -0.20812001824378967, "visibility": 0.9999110102653503, "presence": 0.9999958276748657}, "mouth (right)": {"x": 0.35519295930862427, "y": 0.19555829465389252, "z": -0.24648933112621307, "visibility": 0.9999309778213501, "presence": 0.9999890327453613}, "left shoulder": {"x": 0.34567469358444214, "y": 0.23722785711288452, "z": -0.03806963562965393, "visibility": 0.9999912977218628, "presence": 0.9999998807907104}, "right shoulder": {"x": 0.28409281373023987, "y": 0.2619573473930359, "z": -0.3052123486995697, "visibility": 0.9999944567680359, "presence": 0.9999963045120239}, "left elbow": {"x": 0.3694860637187958, "y": 0.31609368324279785, "z": 0.09300391376018524, "visibility": 0.6130049824714661, "presence": 0.9999992847442627}, "right elbow": {"x": 0.2942751944065094, "y": 0.4097132086753845, "z": -0.35019829869270325, "visibility": 0.9970979690551758, "presence": 0.9999310970306396}, "left wrist": {"x": 0.4203464090824127, "y": 0.36579325795173645, "z": 0.1120506301522255, "visibility": 0.8547505140304565, "presence": 0.9999980926513672}, "right wrist": {"x": 0.363081157207489, "y": 0.46482163667678833, "z": -0.3950790762901306, "visibility": 0.9950823187828064, "presence": 0.9999914169311523}, "left pinky": {"x": 0.4396483898162842, "y": 0.3688237965106964, "z": 0.12063276767730713, "visibility": 0.8650627732276917, "presence": 0.9999903440475464}, "right pinky": {"x": 0.37813156843185425, "y": 0.48975780606269836, "z": -0.44280076026916504, "visibility": 0.992592453956604, "presence": 0.9999837875366211}, "left index": {"x": 0.4396737515926361, "y": 0.37190887331962585, "z": 0.08069441467523575, "visibility": 0.8772375583648682, "presence": 0.9999865293502808}, "right index": {"x": 0.3844948709011078, "y": 0.47975701093673706, "z": -0.4390869140625, "visibility": 0.9928184151649475, "presence": 0.9999837875366211}, "left thumb": {"x": 0.4318386912345886, "y": 0.3743565082550049, "z": 0.09767423570156097, "visibility": 0.8548153042793274, "presence": 0.9999942779541016}, "right thumb": {"x": 0.37990984320640564, "y": 0.4691062569618225, "z": -0.39642149209976196, "visibility": 0.9830029010772705, "presence": 0.9999914169311523}, "left hip": {"x": 0.2826879024505615, "y": 0.45807674527168274, "z": 0.09392271935939789, "visibility": 0.9999769926071167, "presence": 0.9999996423721313}, "right hip": {"x": 0.2381749153137207, "y": 0.4654219448566437, "z": -0.09373030811548233, "visibility": 0.9999863505363464, "presence": 0.9999986886978149}, "left knee": {"x": 0.34683436155319214, "y": 0.5921292304992676, "z": 0.23058676719665527, "visibility": 0.3828015923500061, "presence": 0.9999955892562866}, "right knee": {"x": 0.26068952679634094, "y": 0.6413225531578064, "z": -0.2657664120197296, "visibility": 0.998844563961029, "presence": 0.9999970197677612}, "left ankle": {"x": 0.34465691447257996, "y": 0.7502002120018005, "z": 0.4259401857852936, "visibility": 0.7551383972167969, "presence": 0.9999699592590332}, "right ankle": {"x": 0.23159202933311462, "y": 0.8639646768569946, "z": -0.28519314527511597, "visibility": 0.9989562034606934, "presence": 0.9999465942382812}, "left heel": {"x": 0.3327707350254059, "y": 0.7861054539680481, "z": 0.4394168257713318, "visibility": 0.7255437970161438, "presence": 0.9999245405197144}, "right heel": {"x": 0.21565799415111542, "y": 0.9061500430107117, "z": -0.2884315848350525, "visibility": 0.9812918305397034, "presence": 0.9998574256896973}, "left foot index": {"x": 0.3925342857837677, "y": 0.7802721858024597, "z": 0.4018983244895935, "visibility": 0.8779463171958923, "presence": 0.9999234676361084}, "right foot index": {"x": 0.2756264805793762, "y": 0.9186121821403503, "z": -0.3888908326625824, "visibility": 0.9985290169715881, "presence": 0.9994214773178101}, "timestamp": "20240413-004638"}