{"nose": {"x": 0.394162654876709, "y": 0.19291304051876068, "z": -0.2834392189979553, "visibility": 0.9999564290046692, "presence": 0.9999659061431885}, "left eye (inner)": {"x": 0.389926552772522, "y": 0.17251941561698914, "z": -0.27264952659606934, "visibility": 0.9999344348907471, "presence": 0.9999634027481079}, "left eye": {"x": 0.3895295560359955, "y": 0.1717625856399536, "z": -0.2729806900024414, "visibility": 0.9999420642852783, "presence": 0.9999743700027466}, "left eye (outer)": {"x": 0.3893473148345947, "y": 0.17109830677509308, "z": -0.27296411991119385, "visibility": 0.9999606013298035, "presence": 0.9999746084213257}, "right eye (inner)": {"x": 0.3874954581260681, "y": 0.17219574749469757, "z": -0.3014785647392273, "visibility": 0.999965250492096, "presence": 0.999935507774353}, "right eye": {"x": 0.3848983645439148, "y": 0.17197230458259583, "z": -0.30171892046928406, "visibility": 0.9999704957008362, "presence": 0.9999475479125977}, "right eye (outer)": {"x": 0.3811330199241638, "y": 0.1715150773525238, "z": -0.3018697202205658, "visibility": 0.999974250793457, "presence": 0.9999384880065918}, "left ear": {"x": 0.37296685576438904, "y": 0.16987919807434082, "z": -0.19231510162353516, "visibility": 0.9999657869338989, "presence": 0.9999862909317017}, "right ear": {"x": 0.3621271550655365, "y": 0.17073504626750946, "z": -0.3228425681591034, "visibility": 0.9999176859855652, "presence": 0.9999281167984009}, "mouth (left)": {"x": 0.38691869378089905, "y": 0.20868124067783356, "z": -0.2471645325422287, "visibility": 0.9999491572380066, "presence": 0.9999951124191284}, "mouth (right)": {"x": 0.38274890184402466, "y": 0.20715391635894775, "z": -0.28690123558044434, "visibility": 0.9999607801437378, "presence": 0.9999872446060181}, "left shoulder": {"x": 0.3754550814628601, "y": 0.2459510862827301, "z": -0.06617490947246552, "visibility": 0.9999921321868896, "presence": 0.9999997615814209}, "right shoulder": {"x": 0.3099747896194458, "y": 0.27228668332099915, "z": -0.33947280049324036, "visibility": 0.9999901652336121, "presence": 0.9999942779541016}, "left elbow": {"x": 0.40926432609558105, "y": 0.3230952322483063, "z": 0.04873092845082283, "visibility": 0.7379016876220703, "presence": 0.9999990463256836}, "right elbow": {"x": 0.318058043718338, "y": 0.42208221554756165, "z": -0.37472742795944214, "visibility": 0.9954007267951965, "presence": 0.9999288320541382}, "left wrist": {"x": 0.4526430070400238, "y": 0.3865688443183899, "z": 0.0360381193459034, "visibility": 0.8383300304412842, "presence": 0.9999972581863403}, "right wrist": {"x": 0.3911605477333069, "y": 0.47686997056007385, "z": -0.4051494598388672, "visibility": 0.9872667789459229, "presence": 0.9999818801879883}, "left pinky": {"x": 0.4747663140296936, "y": 0.38682737946510315, "z": 0.039208464324474335, "visibility": 0.8276551961898804, "presence": 0.9999879598617554}, "right pinky": {"x": 0.4083954691886902, "y": 0.5077762007713318, "z": -0.45494699478149414, "visibility": 0.981917679309845, "presence": 0.9999667406082153}, "left index": {"x": 0.4748033881187439, "y": 0.39012035727500916, "z": -0.002477639587596059, "visibility": 0.8373064994812012, "presence": 0.9999833106994629}, "right index": {"x": 0.41485118865966797, "y": 0.4957953095436096, "z": -0.4501493573188782, "visibility": 0.9815055727958679, "presence": 0.999967098236084}, "left thumb": {"x": 0.463198184967041, "y": 0.39490482211112976, "z": 0.020079053938388824, "visibility": 0.8183631300926208, "presence": 0.9999926090240479}, "right thumb": {"x": 0.4097468852996826, "y": 0.4815073311328888, "z": -0.40600600838661194, "visibility": 0.9594128131866455, "presence": 0.9999818801879883}, "left hip": {"x": 0.30613142251968384, "y": 0.45878493785858154, "z": 0.0947086289525032, "visibility": 0.9999789595603943, "presence": 0.9999992847442627}, "right hip": {"x": 0.2611980736255646, "y": 0.46417710185050964, "z": -0.09455882012844086, "visibility": 0.9999844431877136, "presence": 0.9999977350234985}, "left knee": {"x": 0.3709215223789215, "y": 0.594277560710907, "z": 0.209547758102417, "visibility": 0.3557785153388977, "presence": 0.999995231628418}, "right knee": {"x": 0.28850430250167847, "y": 0.6347931623458862, "z": -0.2491447925567627, "visibility": 0.9980984330177307, "presence": 0.9999955892562866}, "left ankle": {"x": 0.36701393127441406, "y": 0.749602735042572, "z": 0.3955855965614319, "visibility": 0.6597862243652344, "presence": 0.9999606609344482}, "right ankle": {"x": 0.25628894567489624, "y": 0.8588618040084839, "z": -0.2171688824892044, "visibility": 0.9981333613395691, "presence": 0.9999380111694336}, "left heel": {"x": 0.3547622859477997, "y": 0.7860585451126099, "z": 0.40823298692703247, "visibility": 0.6386299729347229, "presence": 0.9998996257781982}, "right heel": {"x": 0.2398747205734253, "y": 0.8985878825187683, "z": -0.2164144217967987, "visibility": 0.9778826832771301, "presence": 0.999849796295166}, "left foot index": {"x": 0.4128839075565338, "y": 0.7782483696937561, "z": 0.3606567084789276, "visibility": 0.8261415958404541, "presence": 0.9998893737792969}, "right foot index": {"x": 0.29849252104759216, "y": 0.915622353553772, "z": -0.3130820095539093, "visibility": 0.9973631501197815, "presence": 0.9994376301765442}, "timestamp": "20240413-004620"}