{"nose": {"x": 0.4006524980068207, "y": 0.21293525397777557, "z": -0.16064313054084778, "visibility": 0.9999812841415405, "presence": 0.9999985694885254}, "left eye (inner)": {"x": 0.40005531907081604, "y": 0.1891547590494156, "z": -0.1576838344335556, "visibility": 0.9999710321426392, "presence": 0.9999985694885254}, "left eye": {"x": 0.39844682812690735, "y": 0.18684743344783783, "z": -0.157962828874588, "visibility": 0.9999751448631287, "presence": 0.9999988079071045}, "left eye (outer)": {"x": 0.3968861997127533, "y": 0.18492715060710907, "z": -0.15788979828357697, "visibility": 0.9999830722808838, "presence": 0.9999984502792358}, "right eye (inner)": {"x": 0.3993244767189026, "y": 0.19006092846393585, "z": -0.18591101467609406, "visibility": 0.9999852776527405, "presence": 0.9999983310699463}, "right eye": {"x": 0.3972419202327728, "y": 0.18872646987438202, "z": -0.18617331981658936, "visibility": 0.999987781047821, "presence": 0.9999985694885254}, "right eye (outer)": {"x": 0.39508897066116333, "y": 0.1873748004436493, "z": -0.18626001477241516, "visibility": 0.9999884963035583, "presence": 0.9999983310699463}, "left ear": {"x": 0.381182461977005, "y": 0.17836572229862213, "z": -0.11107464879751205, "visibility": 0.9999873638153076, "presence": 0.9999985694885254}, "right ear": {"x": 0.37634262442588806, "y": 0.17906931042671204, "z": -0.2401893138885498, "visibility": 0.999967098236084, "presence": 0.9999979734420776}, "mouth (left)": {"x": 0.3893090784549713, "y": 0.22460132837295532, "z": -0.13500317931175232, "visibility": 0.9999737739562988, "presence": 0.9999986886978149}, "mouth (right)": {"x": 0.38795146346092224, "y": 0.2249632477760315, "z": -0.1745905578136444, "visibility": 0.99997878074646, "presence": 0.9999974966049194}, "left shoulder": {"x": 0.34610408544540405, "y": 0.21366581320762634, "z": -0.019688211381435394, "visibility": 0.9999905228614807, "presence": 0.9999994039535522}, "right shoulder": {"x": 0.34338584542274475, "y": 0.24984073638916016, "z": -0.2782897353172302, "visibility": 0.9999879002571106, "presence": 0.999997615814209}, "left elbow": {"x": 0.409639447927475, "y": 0.24906504154205322, "z": 0.09323837608098984, "visibility": 0.6424157619476318, "presence": 0.9999938011169434}, "right elbow": {"x": 0.41956156492233276, "y": 0.32390204071998596, "z": -0.3703947365283966, "visibility": 0.9943475127220154, "presence": 0.9999723434448242}, "left wrist": {"x": 0.46332472562789917, "y": 0.277139812707901, "z": 0.14142683148384094, "visibility": 0.7112287282943726, "presence": 0.9999691247940063}, "right wrist": {"x": 0.4980941414833069, "y": 0.2862166166305542, "z": -0.4040614068508148, "visibility": 0.9802139401435852, "presence": 0.9999666213989258}, "left pinky": {"x": 0.4791945517063141, "y": 0.27346643805503845, "z": 0.15642081201076508, "visibility": 0.696624219417572, "presence": 0.9999209642410278}, "right pinky": {"x": 0.5175371766090393, "y": 0.2790360450744629, "z": -0.4524081349372864, "visibility": 0.9749139547348022, "presence": 0.9999439716339111}, "left index": {"x": 0.479316771030426, "y": 0.2695920169353485, "z": 0.1270252764225006, "visibility": 0.7050898671150208, "presence": 0.999885082244873}, "right index": {"x": 0.5160623788833618, "y": 0.2620756924152374, "z": -0.43957892060279846, "visibility": 0.973395049571991, "presence": 0.9999418258666992}, "left thumb": {"x": 0.47562527656555176, "y": 0.2769228518009186, "z": 0.13106496632099152, "visibility": 0.6932218670845032, "presence": 0.999936580657959}, "right thumb": {"x": 0.510982096195221, "y": 0.2639293372631073, "z": -0.40401124954223633, "visibility": 0.9458393454551697, "presence": 0.9999667406082153}, "left hip": {"x": 0.2617851495742798, "y": 0.4295300841331482, "z": 0.09145195037126541, "visibility": 0.9999839663505554, "presence": 0.9999997615814209}, "right hip": {"x": 0.23337101936340332, "y": 0.43422770500183105, "z": -0.09125640988349915, "visibility": 0.9999869465827942, "presence": 0.9999996423721313}, "left knee": {"x": 0.3057525157928467, "y": 0.5908701419830322, "z": 0.2445085346698761, "visibility": 0.5083224773406982, "presence": 0.9999990463256836}, "right knee": {"x": 0.23589272797107697, "y": 0.6365290284156799, "z": -0.18683749437332153, "visibility": 0.9981843829154968, "presence": 0.9999995231628418}, "left ankle": {"x": 0.32796135544776917, "y": 0.7644945979118347, "z": 0.3817152976989746, "visibility": 0.7845185995101929, "presence": 0.9999947547912598}, "right ankle": {"x": 0.2107047736644745, "y": 0.8750148415565491, "z": -0.19483518600463867, "visibility": 0.9984605312347412, "presence": 0.9999936819076538}, "left heel": {"x": 0.31498441100120544, "y": 0.7969732284545898, "z": 0.38828420639038086, "visibility": 0.7920715808868408, "presence": 0.9999853372573853}, "right heel": {"x": 0.19290593266487122, "y": 0.9101696610450745, "z": -0.19752420485019684, "visibility": 0.987456202507019, "presence": 0.9999839067459106}, "left foot index": {"x": 0.3715732991695404, "y": 0.7938445210456848, "z": 0.3443671762943268, "visibility": 0.9006776809692383, "presence": 0.9999874830245972}, "right foot index": {"x": 0.2539643347263336, "y": 0.9396376013755798, "z": -0.2869827151298523, "visibility": 0.9978373050689697, "presence": 0.9999439716339111}, "timestamp": "20240413-004711"}