{"nose": {"x": 0.3277108669281006, "y": 0.12004229426383972, "z": -0.16730672121047974, "visibility": 0.9998608827590942, "presence": 0.9999561309814453}, "left eye (inner)": {"x": 0.32301217317581177, "y": 0.10088316351175308, "z": -0.1549702286720276, "visibility": 0.9997689723968506, "presence": 0.9999576807022095}, "left eye": {"x": 0.3223365247249603, "y": 0.10048186033964157, "z": -0.15530607104301453, "visibility": 0.9998010396957397, "presence": 0.9999693632125854}, "left eye (outer)": {"x": 0.3218498229980469, "y": 0.09991555660963058, "z": -0.15528252720832825, "visibility": 0.9998593330383301, "presence": 0.9999693632125854}, "right eye (inner)": {"x": 0.3207378387451172, "y": 0.10104447603225708, "z": -0.18237191438674927, "visibility": 0.9998494982719421, "presence": 0.9999221563339233}, "right eye": {"x": 0.3183170258998871, "y": 0.10061101615428925, "z": -0.1826319843530655, "visibility": 0.9998832941055298, "presence": 0.9999363422393799}, "right eye (outer)": {"x": 0.31498974561691284, "y": 0.10001734644174576, "z": -0.182760089635849, "visibility": 0.9998881220817566, "presence": 0.9999244213104248}, "left ear": {"x": 0.3063927888870239, "y": 0.10211246460676193, "z": -0.08267021179199219, "visibility": 0.9999077320098877, "presence": 0.9999817609786987}, "right ear": {"x": 0.298001229763031, "y": 0.10358066856861115, "z": -0.2076750546693802, "visibility": 0.9997845888137817, "presence": 0.9999068975448608}, "mouth (left)": {"x": 0.32243186235427856, "y": 0.139210507273674, "z": -0.1356288492679596, "visibility": 0.9998872876167297, "presence": 0.999990701675415}, "mouth (right)": {"x": 0.31910115480422974, "y": 0.1390828788280487, "z": -0.17353354394435883, "visibility": 0.9998971223831177, "presence": 0.9999750852584839}, "left shoulder": {"x": 0.3081127107143402, "y": 0.19875195622444153, "z": 0.020236950367689133, "visibility": 0.9999934434890747, "presence": 0.9999995231628418}, "right shoulder": {"x": 0.2556377947330475, "y": 0.2175517976284027, "z": -0.24564270675182343, "visibility": 0.9999939799308777, "presence": 0.9999927282333374}, "left elbow": {"x": 0.32031965255737305, "y": 0.29491958022117615, "z": 0.09859441220760345, "visibility": 0.6154065132141113, "presence": 0.9999947547912598}, "right elbow": {"x": 0.25838762521743774, "y": 0.3649284243583679, "z": -0.3092230558395386, "visibility": 0.9975844621658325, "presence": 0.9998148083686829}, "left wrist": {"x": 0.3580002784729004, "y": 0.36576011776924133, "z": 0.056312792003154755, "visibility": 0.8973445296287537, "presence": 0.9999898672103882}, "right wrist": {"x": 0.3320349156856537, "y": 0.40642958879470825, "z": -0.35905325412750244, "visibility": 0.9945268034934998, "presence": 0.9999814033508301}, "left pinky": {"x": 0.37040016055107117, "y": 0.38601332902908325, "z": 0.05583282560110092, "visibility": 0.8906875848770142, "presence": 0.9999649524688721}, "right pinky": {"x": 0.3506329655647278, "y": 0.4252591133117676, "z": -0.4013276994228363, "visibility": 0.9914244413375854, "presence": 0.9999675750732422}, "left index": {"x": 0.37484997510910034, "y": 0.38781169056892395, "z": 0.023282721638679504, "visibility": 0.9002982378005981, "presence": 0.999957799911499}, "right index": {"x": 0.35737067461013794, "y": 0.4119296967983246, "z": -0.39465439319610596, "visibility": 0.9916180372238159, "presence": 0.9999685287475586}, "left thumb": {"x": 0.36733341217041016, "y": 0.3827607333660126, "z": 0.0431174673140049, "visibility": 0.8816969394683838, "presence": 0.9999774694442749}, "right thumb": {"x": 0.353045254945755, "y": 0.40322592854499817, "z": -0.3584299087524414, "visibility": 0.9814068078994751, "presence": 0.9999823570251465}, "left hip": {"x": 0.2756137549877167, "y": 0.4533883333206177, "z": 0.09246407449245453, "visibility": 0.9999755620956421, "presence": 0.9999980926513672}, "right hip": {"x": 0.2384236603975296, "y": 0.46310552954673767, "z": -0.09247428923845291, "visibility": 0.999984622001648, "presence": 0.9999951124191284}, "left knee": {"x": 0.3174608051776886, "y": 0.6090356707572937, "z": 0.25691619515419006, "visibility": 0.5721315741539001, "presence": 0.9999698400497437}, "right knee": {"x": 0.24229557812213898, "y": 0.6599292159080505, "z": -0.2325379103422165, "visibility": 0.9988321661949158, "presence": 0.99997878074646}, "left ankle": {"x": 0.32873886823654175, "y": 0.7696623802185059, "z": 0.4318603575229645, "visibility": 0.8878254294395447, "presence": 0.9999247789382935}, "right ankle": {"x": 0.21487589180469513, "y": 0.8817291855812073, "z": -0.2752666771411896, "visibility": 0.9991242289543152, "presence": 0.999790608882904}, "left heel": {"x": 0.31822654604911804, "y": 0.8078436255455017, "z": 0.44297298789024353, "visibility": 0.8601047396659851, "presence": 0.9997847676277161}, "right heel": {"x": 0.20067720115184784, "y": 0.9199470281600952, "z": -0.2816634774208069, "visibility": 0.9830355048179626, "presence": 0.9994978904724121}, "left foot index": {"x": 0.3778213858604431, "y": 0.7997446060180664, "z": 0.398751825094223, "visibility": 0.9390005469322205, "presence": 0.9996685981750488}, "right foot index": {"x": 0.2572559118270874, "y": 0.9393170475959778, "z": -0.3906639516353607, "visibility": 0.9986776113510132, "presence": 0.9972153902053833}, "timestamp": "20240413-004702"}