{"nose": {"x": 0.41841673851013184, "y": 0.1434904783964157, "z": -0.16424788534641266, "visibility": 0.9999731183052063, "presence": 0.9999910593032837}, "left eye (inner)": {"x": 0.4182671904563904, "y": 0.12211780250072479, "z": -0.1562204211950302, "visibility": 0.9999604225158691, "presence": 0.9999896287918091}, "left eye": {"x": 0.4171507954597473, "y": 0.12002719193696976, "z": -0.15649905800819397, "visibility": 0.9999653100967407, "presence": 0.9999923706054688}, "left eye (outer)": {"x": 0.4161868989467621, "y": 0.11811772733926773, "z": -0.15647371113300323, "visibility": 0.9999760389328003, "presence": 0.9999916553497314}, "right eye (inner)": {"x": 0.4176309108734131, "y": 0.12428024411201477, "z": -0.18869943916797638, "visibility": 0.9999801516532898, "presence": 0.9999837875366211}, "right eye": {"x": 0.41591230034828186, "y": 0.12360477447509766, "z": -0.18892601132392883, "visibility": 0.9999834299087524, "presence": 0.999985933303833}, "right eye (outer)": {"x": 0.41269534826278687, "y": 0.12232853472232819, "z": -0.18901805579662323, "visibility": 0.9999847412109375, "presence": 0.9999827146530151}, "left ear": {"x": 0.40033745765686035, "y": 0.11785276234149933, "z": -0.08976206183433533, "visibility": 0.9999796152114868, "presence": 0.9999936819076538}, "right ear": {"x": 0.3943624496459961, "y": 0.11861332505941391, "z": -0.2368685007095337, "visibility": 0.9999498724937439, "presence": 0.9999784231185913}, "mouth (left)": {"x": 0.40755701065063477, "y": 0.15811792016029358, "z": -0.1322919726371765, "visibility": 0.9999374151229858, "presence": 0.999995231628418}, "mouth (right)": {"x": 0.40696725249290466, "y": 0.1579665243625641, "z": -0.1768752634525299, "visibility": 0.9999496936798096, "presence": 0.999988317489624}, "left shoulder": {"x": 0.3765087425708771, "y": 0.1815151423215866, "z": 0.010150818154215813, "visibility": 0.9999808073043823, "presence": 0.9999994039535522}, "right shoulder": {"x": 0.35195186734199524, "y": 0.19908128678798676, "z": -0.2813907265663147, "visibility": 0.9999733567237854, "presence": 0.9999902248382568}, "left elbow": {"x": 0.43628716468811035, "y": 0.22991612553596497, "z": 0.04519769176840782, "visibility": 0.5484497547149658, "presence": 0.9999957084655762}, "right elbow": {"x": 0.40614065527915955, "y": 0.30219152569770813, "z": -0.3486417829990387, "visibility": 0.9867430329322815, "presence": 0.9999357461929321}, "left wrist": {"x": 0.5040119886398315, "y": 0.2300540655851364, "z": -0.03830209746956825, "visibility": 0.5625114440917969, "presence": 0.9999774694442749}, "right wrist": {"x": 0.4864583909511566, "y": 0.271817684173584, "z": -0.35997340083122253, "visibility": 0.9485997557640076, "presence": 0.9999239444732666}, "left pinky": {"x": 0.5207046866416931, "y": 0.21600009500980377, "z": -0.042330943048000336, "visibility": 0.5559647083282471, "presence": 0.9999369382858276}, "right pinky": {"x": 0.5077627301216125, "y": 0.25566476583480835, "z": -0.40543490648269653, "visibility": 0.940889298915863, "presence": 0.9998868703842163}, "left index": {"x": 0.5213496088981628, "y": 0.21363788843154907, "z": -0.06737092137336731, "visibility": 0.5629354119300842, "presence": 0.9999167919158936}, "right index": {"x": 0.5072129964828491, "y": 0.24154099822044373, "z": -0.3947896957397461, "visibility": 0.9361748099327087, "presence": 0.9998761415481567}, "left thumb": {"x": 0.5159860849380493, "y": 0.21937195956707, "z": -0.05053175240755081, "visibility": 0.5523902177810669, "presence": 0.999953031539917}, "right thumb": {"x": 0.5006667375564575, "y": 0.24315649271011353, "z": -0.358830988407135, "visibility": 0.8841972351074219, "presence": 0.9999257326126099}, "left hip": {"x": 0.30071377754211426, "y": 0.40657031536102295, "z": 0.09626428782939911, "visibility": 0.9999838471412659, "presence": 0.9999992847442627}, "right hip": {"x": 0.26596248149871826, "y": 0.4122398793697357, "z": -0.09610224515199661, "visibility": 0.9999850392341614, "presence": 0.9999979734420776}, "left knee": {"x": 0.3537740707397461, "y": 0.5653716325759888, "z": 0.19628015160560608, "visibility": 0.5096095204353333, "presence": 0.999996542930603}, "right knee": {"x": 0.2872144281864166, "y": 0.6151376366615295, "z": -0.19846434891223907, "visibility": 0.9963794350624084, "presence": 0.9999970197677612}, "left ankle": {"x": 0.3534713387489319, "y": 0.7388466596603394, "z": 0.3198044002056122, "visibility": 0.7756392359733582, "presence": 0.9999768733978271}, "right ankle": {"x": 0.2473279982805252, "y": 0.8394060730934143, "z": -0.199124276638031, "visibility": 0.9969356656074524, "presence": 0.9999680519104004}, "left heel": {"x": 0.3395993709564209, "y": 0.7725729942321777, "z": 0.326356440782547, "visibility": 0.7751656770706177, "presence": 0.9999426603317261}, "right heel": {"x": 0.2266828566789627, "y": 0.8729358315467834, "z": -0.20176883041858673, "visibility": 0.9777672290802002, "presence": 0.9999209642410278}, "left foot index": {"x": 0.39561325311660767, "y": 0.771683394908905, "z": 0.277254194021225, "visibility": 0.8917474746704102, "presence": 0.9999352693557739}, "right foot index": {"x": 0.2904704213142395, "y": 0.911535918712616, "z": -0.2930263876914978, "visibility": 0.995585024356842, "presence": 0.9997411370277405}, "timestamp": "20240413-004631"}