{"nose": {"x": 0.37326478958129883, "y": 0.1932699978351593, "z": -0.261870801448822, "visibility": 0.9999762773513794, "presence": 0.9999910593032837}, "left eye (inner)": {"x": 0.3705142140388489, "y": 0.17275169491767883, "z": -0.25088244676589966, "visibility": 0.9999651908874512, "presence": 0.9999911785125732}, "left eye": {"x": 0.3694852888584137, "y": 0.17185041308403015, "z": -0.25121158361434937, "visibility": 0.9999696612358093, "presence": 0.9999936819076538}, "left eye (outer)": {"x": 0.36863580346107483, "y": 0.17100393772125244, "z": -0.2511834502220154, "visibility": 0.9999789595603943, "presence": 0.9999935626983643}, "right eye (inner)": {"x": 0.36862725019454956, "y": 0.1730286329984665, "z": -0.28026098012924194, "visibility": 0.9999827742576599, "presence": 0.999984622001648}, "right eye": {"x": 0.36590176820755005, "y": 0.1726800501346588, "z": -0.28049856424331665, "visibility": 0.9999861717224121, "presence": 0.9999873638153076}, "right eye (outer)": {"x": 0.36213451623916626, "y": 0.17221739888191223, "z": -0.28061366081237793, "visibility": 0.9999871850013733, "presence": 0.9999847412109375}, "left ear": {"x": 0.35359475016593933, "y": 0.16964836418628693, "z": -0.17047837376594543, "visibility": 0.9999825954437256, "presence": 0.9999960660934448}, "right ear": {"x": 0.3430632948875427, "y": 0.17158153653144836, "z": -0.30471140146255493, "visibility": 0.9999589323997498, "presence": 0.9999816417694092}, "mouth (left)": {"x": 0.36501529812812805, "y": 0.21014167368412018, "z": -0.22603273391723633, "visibility": 0.9999629855155945, "presence": 0.9999982118606567}, "mouth (right)": {"x": 0.36248305439949036, "y": 0.2101193517446518, "z": -0.26667892932891846, "visibility": 0.9999712705612183, "presence": 0.9999954700469971}, "left shoulder": {"x": 0.3515564799308777, "y": 0.24483712017536163, "z": -0.052751652896404266, "visibility": 0.999989926815033, "presence": 0.9999998807907104}, "right shoulder": {"x": 0.2898261845111847, "y": 0.2693270146846771, "z": -0.3260243237018585, "visibility": 0.9999885559082031, "presence": 0.9999967813491821}, "left elbow": {"x": 0.3820398449897766, "y": 0.3291434943675995, "z": 0.030299391597509384, "visibility": 0.6731725931167603, "presence": 0.9999983310699463}, "right elbow": {"x": 0.29471737146377563, "y": 0.41847458481788635, "z": -0.3714984059333801, "visibility": 0.994698166847229, "presence": 0.9999157190322876}, "left wrist": {"x": 0.42864543199539185, "y": 0.3957929313182831, "z": -0.012594131752848625, "visibility": 0.7324971556663513, "presence": 0.9999923706054688}, "right wrist": {"x": 0.3710920214653015, "y": 0.47512388229370117, "z": -0.41515547037124634, "visibility": 0.9815700054168701, "presence": 0.9999691247940063}, "left pinky": {"x": 0.4480656683444977, "y": 0.4042118489742279, "z": -0.015866072848439217, "visibility": 0.7199649214744568, "presence": 0.9999678134918213}, "right pinky": {"x": 0.385159432888031, "y": 0.5022862553596497, "z": -0.46738773584365845, "visibility": 0.9754499197006226, "presence": 0.999942421913147}, "left index": {"x": 0.4504922926425934, "y": 0.40236812829971313, "z": -0.05405968427658081, "visibility": 0.7356255650520325, "presence": 0.9999592304229736}, "right index": {"x": 0.392782598733902, "y": 0.49137845635414124, "z": -0.46424397826194763, "visibility": 0.9744922518730164, "presence": 0.9999476671218872}, "left thumb": {"x": 0.44010233879089355, "y": 0.40248581767082214, "z": -0.028360515832901, "visibility": 0.7156570553779602, "presence": 0.999981164932251}, "right thumb": {"x": 0.38805216550827026, "y": 0.47959405183792114, "z": -0.41705697774887085, "visibility": 0.946202278137207, "presence": 0.9999700784683228}, "left hip": {"x": 0.28367987275123596, "y": 0.47007280588150024, "z": 0.09724904596805573, "visibility": 0.9999805688858032, "presence": 0.9999996423721313}, "right hip": {"x": 0.2394416779279709, "y": 0.47568291425704956, "z": -0.09707880765199661, "visibility": 0.9999847412109375, "presence": 0.999998927116394}, "left knee": {"x": 0.35364556312561035, "y": 0.5973300337791443, "z": 0.2402566373348236, "visibility": 0.33729490637779236, "presence": 0.9999958276748657}, "right knee": {"x": 0.2605533003807068, "y": 0.6428928971290588, "z": -0.2754117548465729, "visibility": 0.9962224364280701, "presence": 0.999997615814209}, "left ankle": {"x": 0.3378003239631653, "y": 0.7384821772575378, "z": 0.4593771994113922, "visibility": 0.632260799407959, "presence": 0.9999724626541138}, "right ankle": {"x": 0.22411616146564484, "y": 0.8624683618545532, "z": -0.26870197057724, "visibility": 0.9970321655273438, "presence": 0.9999518394470215}, "left heel": {"x": 0.322382390499115, "y": 0.7709001898765564, "z": 0.47575801610946655, "visibility": 0.6431625485420227, "presence": 0.9999369382858276}, "right heel": {"x": 0.20523695647716522, "y": 0.9030469059944153, "z": -0.26995909214019775, "visibility": 0.9825375080108643, "presence": 0.9998775720596313}, "left foot index": {"x": 0.382290780544281, "y": 0.781894326210022, "z": 0.44280362129211426, "visibility": 0.823867678642273, "presence": 0.9999290704727173}, "right foot index": {"x": 0.2660408914089203, "y": 0.9205238223075867, "z": -0.37019598484039307, "visibility": 0.9966997504234314, "presence": 0.9994766116142273}, "timestamp": "20240413-004651"}