{"nose": {"x": 0.3894190788269043, "y": 0.1293015033006668, "z": -0.17578747868537903, "visibility": 0.9999582171440125, "presence": 0.9999607801437378}, "left eye (inner)": {"x": 0.38464945554733276, "y": 0.1038922592997551, "z": -0.1607319414615631, "visibility": 0.999941885471344, "presence": 0.9999605417251587}, "left eye": {"x": 0.38371333479881287, "y": 0.10239429771900177, "z": -0.16105002164840698, "visibility": 0.9999501705169678, "presence": 0.9999747276306152}, "left eye (outer)": {"x": 0.38287657499313354, "y": 0.10103843361139297, "z": -0.16104629635810852, "visibility": 0.9999669194221497, "presence": 0.999977707862854}, "right eye (inner)": {"x": 0.3825017809867859, "y": 0.10501103103160858, "z": -0.19080278277397156, "visibility": 0.999968945980072, "presence": 0.9999076128005981}, "right eye": {"x": 0.3793869614601135, "y": 0.10484178364276886, "z": -0.1910194605588913, "visibility": 0.9999737739562988, "presence": 0.9999165534973145}, "right eye (outer)": {"x": 0.3760409653186798, "y": 0.10486060380935669, "z": -0.19111986458301544, "visibility": 0.9999761581420898, "presence": 0.9998924732208252}, "left ear": {"x": 0.3640750050544739, "y": 0.11002706736326218, "z": -0.087426096200943, "visibility": 0.9999761581420898, "presence": 0.9999903440475464}, "right ear": {"x": 0.3562397062778473, "y": 0.11006156355142593, "z": -0.2260887324810028, "visibility": 0.9999321103096008, "presence": 0.9998840093612671}, "mouth (left)": {"x": 0.38131922483444214, "y": 0.14748528599739075, "z": -0.14148005843162537, "visibility": 0.999944269657135, "presence": 0.9999957084655762}, "mouth (right)": {"x": 0.37843769788742065, "y": 0.14598825573921204, "z": -0.18341588973999023, "visibility": 0.9999552965164185, "presence": 0.9999843835830688}, "left shoulder": {"x": 0.36746329069137573, "y": 0.19895364344120026, "z": 0.015312520787119865, "visibility": 0.9999857544898987, "presence": 0.9999997615814209}, "right shoulder": {"x": 0.302131325006485, "y": 0.20409685373306274, "z": -0.266162246465683, "visibility": 0.999981164932251, "presence": 0.9999904632568359}, "left elbow": {"x": 0.39152711629867554, "y": 0.29158538579940796, "z": 0.023632561787962914, "visibility": 0.571405827999115, "presence": 0.9999963045120239}, "right elbow": {"x": 0.2900316119194031, "y": 0.3461802303791046, "z": -0.3272160291671753, "visibility": 0.9933961033821106, "presence": 0.9995632767677307}, "left wrist": {"x": 0.4417003095149994, "y": 0.3234976828098297, "z": -0.11852166801691055, "visibility": 0.681827962398529, "presence": 0.9999934434890747}, "right wrist": {"x": 0.3709959387779236, "y": 0.38000887632369995, "z": -0.3677441477775574, "visibility": 0.9776495099067688, "presence": 0.999945878982544}, "left pinky": {"x": 0.4591405391693115, "y": 0.3408156931400299, "z": -0.13544043898582458, "visibility": 0.6786156296730042, "presence": 0.9999761581420898}, "right pinky": {"x": 0.38944268226623535, "y": 0.39497944712638855, "z": -0.4123052656650543, "visibility": 0.970881998538971, "presence": 0.9999316930770874}, "left index": {"x": 0.4578622281551361, "y": 0.33153244853019714, "z": -0.16735568642616272, "visibility": 0.6879029870033264, "presence": 0.9999735355377197}, "right index": {"x": 0.3913169801235199, "y": 0.37919244170188904, "z": -0.4079728126525879, "visibility": 0.9695696830749512, "presence": 0.9999407529830933}, "left thumb": {"x": 0.448563814163208, "y": 0.32489585876464844, "z": -0.13443727791309357, "visibility": 0.6672987937927246, "presence": 0.999987006187439}, "right thumb": {"x": 0.3891502022743225, "y": 0.3712380826473236, "z": -0.368080735206604, "visibility": 0.9373468160629272, "presence": 0.9999642372131348}, "left hip": {"x": 0.29603147506713867, "y": 0.43482229113578796, "z": 0.10111471265554428, "visibility": 0.9999754428863525, "presence": 0.999998927116394}, "right hip": {"x": 0.25714558362960815, "y": 0.4310440421104431, "z": -0.1009405255317688, "visibility": 0.9999783039093018, "presence": 0.9999954700469971}, "left knee": {"x": 0.35091066360473633, "y": 0.5803808569908142, "z": 0.28175434470176697, "visibility": 0.3884214460849762, "presence": 0.9999829530715942}, "right knee": {"x": 0.26070091128349304, "y": 0.6331444382667542, "z": -0.26281532645225525, "visibility": 0.9947546124458313, "presence": 0.9999886751174927}, "left ankle": {"x": 0.3421556055545807, "y": 0.7445024847984314, "z": 0.4885234832763672, "visibility": 0.7081578969955444, "presence": 0.9999334812164307}, "right ankle": {"x": 0.23282921314239502, "y": 0.8566945195198059, "z": -0.3153757154941559, "visibility": 0.9964244365692139, "presence": 0.9998202919960022}, "left heel": {"x": 0.3286426365375519, "y": 0.7785894870758057, "z": 0.5028881430625916, "visibility": 0.7217099666595459, "presence": 0.999841570854187}, "right heel": {"x": 0.21503274142742157, "y": 0.8942652344703674, "z": -0.3234458565711975, "visibility": 0.9800076484680176, "presence": 0.9995377063751221}, "left foot index": {"x": 0.385793000459671, "y": 0.7777653932571411, "z": 0.4716487526893616, "visibility": 0.854230523109436, "presence": 0.9998478889465332}, "right foot index": {"x": 0.27391621470451355, "y": 0.9199443459510803, "z": -0.42953839898109436, "visibility": 0.9958713054656982, "presence": 0.9979485869407654}, "timestamp": "20240413-004645"}