{"nose": {"x": 0.34953033924102783, "y": 0.06812525540590286, "z": -0.18377387523651123, "visibility": 0.9998779892921448, "presence": 0.9999731779098511}, "left eye (inner)": {"x": 0.34596067667007446, "y": 0.04699327051639557, "z": -0.16282039880752563, "visibility": 0.9997546672821045, "presence": 0.9999707937240601}, "left eye": {"x": 0.3469555675983429, "y": 0.04664326831698418, "z": -0.1631523221731186, "visibility": 0.9997767210006714, "presence": 0.9999761581420898}, "left eye (outer)": {"x": 0.34820640087127686, "y": 0.04642988741397858, "z": -0.16311846673488617, "visibility": 0.999832034111023, "presence": 0.9999741315841675}, "right eye (inner)": {"x": 0.3409275710582733, "y": 0.046253494918346405, "z": -0.19140782952308655, "visibility": 0.999855101108551, "presence": 0.999951958656311}, "right eye": {"x": 0.33755552768707275, "y": 0.04568196460604668, "z": -0.1916835606098175, "visibility": 0.9998863935470581, "presence": 0.9999610185623169}, "right eye (outer)": {"x": 0.3335493206977844, "y": 0.04568621888756752, "z": -0.19184483587741852, "visibility": 0.9998944401741028, "presence": 0.9999513626098633}, "left ear": {"x": 0.3336133360862732, "y": 0.05736275762319565, "z": -0.055563587695360184, "visibility": 0.9998624920845032, "presence": 0.999982476234436}, "right ear": {"x": 0.3173520863056183, "y": 0.05674681067466736, "z": -0.18682509660720825, "visibility": 0.9997575283050537, "presence": 0.9999464750289917}, "mouth (left)": {"x": 0.345392644405365, "y": 0.08703549206256866, "z": -0.14047609269618988, "visibility": 0.9999024868011475, "presence": 0.9999887943267822}, "mouth (right)": {"x": 0.3395806550979614, "y": 0.08795559406280518, "z": -0.18037597835063934, "visibility": 0.9999185800552368, "presence": 0.9999759197235107}, "left shoulder": {"x": 0.3317714333534241, "y": 0.17297479510307312, "z": 0.056237559765577316, "visibility": 0.99998939037323, "presence": 0.9999986886978149}, "right shoulder": {"x": 0.27469244599342346, "y": 0.17412510514259338, "z": -0.2159353494644165, "visibility": 0.9999924898147583, "presence": 0.9999933242797852}, "left elbow": {"x": 0.3379526436328888, "y": 0.28233352303504944, "z": 0.07833325117826462, "visibility": 0.6003851890563965, "presence": 0.9999825954437256}, "right elbow": {"x": 0.2635970711708069, "y": 0.3169315755367279, "z": -0.27473360300064087, "visibility": 0.9952626824378967, "presence": 0.9997684359550476}, "left wrist": {"x": 0.3760160207748413, "y": 0.3441813290119171, "z": -0.0514683797955513, "visibility": 0.8591067790985107, "presence": 0.9999830722808838}, "right wrist": {"x": 0.3292662799358368, "y": 0.37618449330329895, "z": -0.31968626379966736, "visibility": 0.9912141561508179, "presence": 0.999962568283081}, "left pinky": {"x": 0.3897041082382202, "y": 0.3629542887210846, "z": -0.06710491329431534, "visibility": 0.8726553916931152, "presence": 0.9999654293060303}, "right pinky": {"x": 0.3473775386810303, "y": 0.39902254939079285, "z": -0.3602706491947174, "visibility": 0.9881607890129089, "presence": 0.9999501705169678}, "left index": {"x": 0.39192837476730347, "y": 0.35882940888404846, "z": -0.09835580736398697, "visibility": 0.883314311504364, "presence": 0.9999586343765259}, "right index": {"x": 0.3551122546195984, "y": 0.38388440012931824, "z": -0.3564048409461975, "visibility": 0.9882618188858032, "presence": 0.9999538660049438}, "left thumb": {"x": 0.3858916461467743, "y": 0.3518078923225403, "z": -0.06674445420503616, "visibility": 0.8603224158287048, "presence": 0.9999732971191406}, "right thumb": {"x": 0.3513185679912567, "y": 0.37367820739746094, "z": -0.31938764452934265, "visibility": 0.9750266671180725, "presence": 0.9999707937240601}, "left hip": {"x": 0.30680644512176514, "y": 0.44073402881622314, "z": 0.09672172367572784, "visibility": 0.9999759793281555, "presence": 0.9999990463256836}, "right hip": {"x": 0.2656446397304535, "y": 0.4390283226966858, "z": -0.09672489017248154, "visibility": 0.9999858736991882, "presence": 0.9999983310699463}, "left knee": {"x": 0.32797446846961975, "y": 0.6119979619979858, "z": 0.3012750446796417, "visibility": 0.49113255739212036, "presence": 0.9999655485153198}, "right knee": {"x": 0.2529679238796234, "y": 0.6420490741729736, "z": -0.24879899621009827, "visibility": 0.998217761516571, "presence": 0.9999837875366211}, "left ankle": {"x": 0.34642189741134644, "y": 0.752777099609375, "z": 0.5165332555770874, "visibility": 0.8191403746604919, "presence": 0.9999428987503052}, "right ankle": {"x": 0.23368477821350098, "y": 0.8610251545906067, "z": -0.30453404784202576, "visibility": 0.9985479712486267, "presence": 0.9998223185539246}, "left heel": {"x": 0.3355174660682678, "y": 0.7910128235816956, "z": 0.5313924551010132, "visibility": 0.7699878811836243, "presence": 0.9998182654380798}, "right heel": {"x": 0.21980831027030945, "y": 0.901384711265564, "z": -0.3132776618003845, "visibility": 0.9737999439239502, "presence": 0.9995222091674805}, "left foot index": {"x": 0.3936638832092285, "y": 0.7802630662918091, "z": 0.4889809489250183, "visibility": 0.9007278084754944, "presence": 0.9997450709342957}, "right foot index": {"x": 0.27803173661231995, "y": 0.9167169332504272, "z": -0.42888393998146057, "visibility": 0.9977630972862244, "presence": 0.9967413544654846}, "timestamp": "20240413-004635"}