{"nose": {"x": 0.3856986463069916, "y": 0.14213940501213074, "z": -0.16036127507686615, "visibility": 0.9999738931655884, "presence": 0.9999880790710449}, "left eye (inner)": {"x": 0.38563212752342224, "y": 0.12018133699893951, "z": -0.1530684381723404, "visibility": 0.9999608993530273, "presence": 0.9999845027923584}, "left eye": {"x": 0.3844584822654724, "y": 0.1182832419872284, "z": -0.15335071086883545, "visibility": 0.9999659061431885, "presence": 0.9999879598617554}, "left eye (outer)": {"x": 0.3835217356681824, "y": 0.11644584685564041, "z": -0.15331146121025085, "visibility": 0.999976396560669, "presence": 0.9999862909317017}, "right eye (inner)": {"x": 0.3837335407733917, "y": 0.1210174560546875, "z": -0.1825670748949051, "visibility": 0.9999803900718689, "presence": 0.9999788999557495}, "right eye": {"x": 0.3815462291240692, "y": 0.12019141763448715, "z": -0.18281365931034088, "visibility": 0.9999833703041077, "presence": 0.999982476234436}, "right eye (outer)": {"x": 0.3790583908557892, "y": 0.11896460503339767, "z": -0.18291860818862915, "visibility": 0.9999847412109375, "presence": 0.9999791383743286}, "left ear": {"x": 0.3678610324859619, "y": 0.1150834932923317, "z": -0.09009024500846863, "visibility": 0.999982476234436, "presence": 0.9999896287918091}, "right ear": {"x": 0.3608863949775696, "y": 0.11377321183681488, "z": -0.22412244975566864, "visibility": 0.9999552965164185, "presence": 0.9999775886535645}, "mouth (left)": {"x": 0.3760499358177185, "y": 0.156040221452713, "z": -0.12987017631530762, "visibility": 0.9999513626098633, "presence": 0.9999938011169434}, "mouth (right)": {"x": 0.3741629719734192, "y": 0.15745475888252258, "z": -0.17056843638420105, "visibility": 0.9999594688415527, "presence": 0.9999865293502808}, "left shoulder": {"x": 0.3447508215904236, "y": 0.17969754338264465, "z": 0.011946799233555794, "visibility": 0.9999855756759644, "presence": 0.9999990463256836}, "right shoulder": {"x": 0.324124276638031, "y": 0.19790494441986084, "z": -0.2679356038570404, "visibility": 0.9999815225601196, "presence": 0.9999923706054688}, "left elbow": {"x": 0.39908644556999207, "y": 0.2197507619857788, "z": 0.07315969467163086, "visibility": 0.6114243268966675, "presence": 0.9999926090240479}, "right elbow": {"x": 0.38091832399368286, "y": 0.2992541491985321, "z": -0.3379838466644287, "visibility": 0.9920603632926941, "presence": 0.9999347925186157}, "left wrist": {"x": 0.45747989416122437, "y": 0.2256193310022354, "z": 0.050824932754039764, "visibility": 0.6783685088157654, "presence": 0.9999697208404541}, "right wrist": {"x": 0.4531981348991394, "y": 0.26266130805015564, "z": -0.35498419404029846, "visibility": 0.9731007218360901, "presence": 0.9999738931655884}, "left pinky": {"x": 0.4764314591884613, "y": 0.21613061428070068, "z": 0.04861108586192131, "visibility": 0.6678282618522644, "presence": 0.9999085664749146}, "right pinky": {"x": 0.47548776865005493, "y": 0.25413447618484497, "z": -0.3983004689216614, "visibility": 0.9670225381851196, "presence": 0.99996018409729}, "left index": {"x": 0.47424188256263733, "y": 0.21239250898361206, "z": 0.0333094485104084, "visibility": 0.6766518354415894, "presence": 0.9998834133148193}, "right index": {"x": 0.4736716151237488, "y": 0.23259618878364563, "z": -0.38966864347457886, "visibility": 0.9647337198257446, "presence": 0.9999556541442871}, "left thumb": {"x": 0.47180405259132385, "y": 0.2156497985124588, "z": 0.04671058431267738, "visibility": 0.66189044713974, "presence": 0.9999375343322754}, "right thumb": {"x": 0.4676389694213867, "y": 0.2384396195411682, "z": -0.3543146550655365, "visibility": 0.9324063062667847, "presence": 0.9999744892120361}, "left hip": {"x": 0.2703568637371063, "y": 0.41030755639076233, "z": 0.09079588949680328, "visibility": 0.9999812245368958, "presence": 0.9999992847442627}, "right hip": {"x": 0.23555657267570496, "y": 0.4144490957260132, "z": -0.09071169793605804, "visibility": 0.999980092048645, "presence": 0.9999983310699463}, "left knee": {"x": 0.3097149133682251, "y": 0.5724039077758789, "z": 0.22761157155036926, "visibility": 0.5257723331451416, "presence": 0.9999958276748657}, "right knee": {"x": 0.25160229206085205, "y": 0.6192329525947571, "z": -0.20546314120292664, "visibility": 0.9948656558990479, "presence": 0.9999974966049194}, "left ankle": {"x": 0.3242216110229492, "y": 0.7471562623977661, "z": 0.3669963479042053, "visibility": 0.7837769389152527, "presence": 0.9999724626541138}, "right ankle": {"x": 0.21997985243797302, "y": 0.8564726114273071, "z": -0.21140649914741516, "visibility": 0.9963915944099426, "presence": 0.9999666213989258}, "left heel": {"x": 0.3114795684814453, "y": 0.7813794612884521, "z": 0.3751290440559387, "visibility": 0.7859288454055786, "presence": 0.9999269247055054}, "right heel": {"x": 0.20158176124095917, "y": 0.8995600938796997, "z": -0.21409925818443298, "visibility": 0.9824478626251221, "presence": 0.9999105930328369}, "left foot index": {"x": 0.37065497040748596, "y": 0.7768361568450928, "z": 0.33482515811920166, "visibility": 0.8960796594619751, "presence": 0.99991774559021}, "right foot index": {"x": 0.2672836482524872, "y": 0.9161043763160706, "z": -0.30171361565589905, "visibility": 0.9956855177879333, "presence": 0.9996660947799683}, "timestamp": "20240413-004654"}