{"nose": {"x": 0.3487766683101654, "y": 0.10149367898702621, "z": -0.19553540647029877, "visibility": 0.9998806118965149, "presence": 0.9999626874923706}, "left eye (inner)": {"x": 0.344375342130661, "y": 0.08043738454580307, "z": -0.18281862139701843, "visibility": 0.9998136758804321, "presence": 0.9999531507492065}, "left eye": {"x": 0.3442321717739105, "y": 0.07967133820056915, "z": -0.18314312398433685, "visibility": 0.9998300075531006, "presence": 0.9999641180038452}, "left eye (outer)": {"x": 0.34430649876594543, "y": 0.07876621931791306, "z": -0.18312320113182068, "visibility": 0.9998716115951538, "presence": 0.9999629259109497}, "right eye (inner)": {"x": 0.34208691120147705, "y": 0.08122600615024567, "z": -0.2069227695465088, "visibility": 0.999888002872467, "presence": 0.9999212026596069}, "right eye": {"x": 0.3392532467842102, "y": 0.0809956043958664, "z": -0.2071884423494339, "visibility": 0.9999144673347473, "presence": 0.9999366998672485}, "right eye (outer)": {"x": 0.3356383144855499, "y": 0.08105244487524033, "z": -0.20732660591602325, "visibility": 0.9999217391014099, "presence": 0.9999251365661621}, "left ear": {"x": 0.32912540435791016, "y": 0.08658480644226074, "z": -0.10557757318019867, "visibility": 0.9998964667320251, "presence": 0.9999765157699585}, "right ear": {"x": 0.3178606629371643, "y": 0.08869136869907379, "z": -0.2156408280134201, "visibility": 0.9998356103897095, "presence": 0.9999133348464966}, "mouth (left)": {"x": 0.3441503643989563, "y": 0.11924190819263458, "z": -0.1621483862400055, "visibility": 0.9998797178268433, "presence": 0.9999909400939941}, "mouth (right)": {"x": 0.340008944272995, "y": 0.12011773139238358, "z": -0.19583752751350403, "visibility": 0.999907374382019, "presence": 0.99997878074646}, "left shoulder": {"x": 0.33243459463119507, "y": 0.19276975095272064, "z": -0.0030638636089861393, "visibility": 0.9999879598617554, "presence": 0.9999992847442627}, "right shoulder": {"x": 0.27452510595321655, "y": 0.19622156023979187, "z": -0.23993030190467834, "visibility": 0.9999938011169434, "presence": 0.9999938011169434}, "left elbow": {"x": 0.34437295794487, "y": 0.29487454891204834, "z": 0.06303323805332184, "visibility": 0.4637431204319, "presence": 0.9999938011169434}, "right elbow": {"x": 0.27855461835861206, "y": 0.3402858078479767, "z": -0.2858502268791199, "visibility": 0.9965680837631226, "presence": 0.9998701810836792}, "left wrist": {"x": 0.3890079855918884, "y": 0.3395744562149048, "z": 0.029448051005601883, "visibility": 0.7868853211402893, "presence": 0.9999887943267822}, "right wrist": {"x": 0.3509218692779541, "y": 0.38640692830085754, "z": -0.3370416462421417, "visibility": 0.9939092993736267, "presence": 0.9999845027923584}, "left pinky": {"x": 0.40452390909194946, "y": 0.3583284914493561, "z": 0.03616916015744209, "visibility": 0.8156653046607971, "presence": 0.9999651908874512}, "right pinky": {"x": 0.3693731427192688, "y": 0.41021013259887695, "z": -0.37894803285598755, "visibility": 0.9911295771598816, "presence": 0.9999727010726929}, "left index": {"x": 0.4077692925930023, "y": 0.355562299489975, "z": -0.0005497733363881707, "visibility": 0.8304649591445923, "presence": 0.9999585151672363}, "right index": {"x": 0.37525877356529236, "y": 0.39541542530059814, "z": -0.37482738494873047, "visibility": 0.9912720322608948, "presence": 0.9999735355377197}, "left thumb": {"x": 0.3990932106971741, "y": 0.3509235382080078, "z": 0.017252527177333832, "visibility": 0.8007715940475464, "presence": 0.9999775886535645}, "right thumb": {"x": 0.37194427847862244, "y": 0.38402697443962097, "z": -0.33730587363243103, "visibility": 0.9798252582550049, "presence": 0.9999852180480957}, "left hip": {"x": 0.2960846424102783, "y": 0.4402312934398651, "z": 0.08816106617450714, "visibility": 0.9999748468399048, "presence": 0.9999979734420776}, "right hip": {"x": 0.25505444407463074, "y": 0.4449996054172516, "z": -0.08809749037027359, "visibility": 0.9999866485595703, "presence": 0.9999955892562866}, "left knee": {"x": 0.3372277617454529, "y": 0.5911574959754944, "z": 0.2468847930431366, "visibility": 0.454309344291687, "presence": 0.9999667406082153}, "right knee": {"x": 0.2548426687717438, "y": 0.6399315595626831, "z": -0.24447818100452423, "visibility": 0.9989800453186035, "presence": 0.9999825954437256}, "left ankle": {"x": 0.34544873237609863, "y": 0.7522355914115906, "z": 0.42113882303237915, "visibility": 0.8411452174186707, "presence": 0.9999140501022339}, "right ankle": {"x": 0.23238161206245422, "y": 0.8634577989578247, "z": -0.2789776921272278, "visibility": 0.9991030097007751, "presence": 0.9998112320899963}, "left heel": {"x": 0.3339717984199524, "y": 0.7898260951042175, "z": 0.43183189630508423, "visibility": 0.8111037015914917, "presence": 0.9997634291648865}, "right heel": {"x": 0.21798935532569885, "y": 0.9032604694366455, "z": -0.2854108214378357, "visibility": 0.9819654822349548, "presence": 0.9995220899581909}, "left foot index": {"x": 0.39383214712142944, "y": 0.78106689453125, "z": 0.3811507225036621, "visibility": 0.9204851388931274, "presence": 0.9996933937072754}, "right foot index": {"x": 0.2778346538543701, "y": 0.9188863039016724, "z": -0.40113741159439087, "visibility": 0.9986439347267151, "presence": 0.9975218176841736}, "timestamp": "20240413-004638"}