{"nose": {"x": 0.33929985761642456, "y": 0.17313645780086517, "z": -0.21198582649230957, "visibility": 0.9998860359191895, "presence": 0.999958872795105}, "left eye (inner)": {"x": 0.3358045220375061, "y": 0.15335021913051605, "z": -0.20138084888458252, "visibility": 0.9998151659965515, "presence": 0.9999582767486572}, "left eye": {"x": 0.3352847695350647, "y": 0.15236544609069824, "z": -0.2017284631729126, "visibility": 0.9998394846916199, "presence": 0.9999712705612183}, "left eye (outer)": {"x": 0.33484265208244324, "y": 0.15146216750144958, "z": -0.20174328982830048, "visibility": 0.9998884201049805, "presence": 0.9999732971191406}, "right eye (inner)": {"x": 0.33316415548324585, "y": 0.154451385140419, "z": -0.2303406000137329, "visibility": 0.9998819231987, "presence": 0.9999191761016846}, "right eye": {"x": 0.3296680450439453, "y": 0.15420424938201904, "z": -0.23056474328041077, "visibility": 0.9999076724052429, "presence": 0.999932050704956}, "right eye (outer)": {"x": 0.3263989984989166, "y": 0.15414020419120789, "z": -0.23069658875465393, "visibility": 0.9999127984046936, "presence": 0.9999173879623413}, "left ear": {"x": 0.3168547749519348, "y": 0.1555120348930359, "z": -0.13091020286083221, "visibility": 0.9999245405197144, "presence": 0.999987006187439}, "right ear": {"x": 0.30869343876838684, "y": 0.1562429815530777, "z": -0.26310569047927856, "visibility": 0.9998207688331604, "presence": 0.9999047517776489}, "mouth (left)": {"x": 0.3326539397239685, "y": 0.1903506964445114, "z": -0.18013957142829895, "visibility": 0.9999051690101624, "presence": 0.9999945163726807}, "mouth (right)": {"x": 0.32957735657691956, "y": 0.19079741835594177, "z": -0.22029605507850647, "visibility": 0.9999145865440369, "presence": 0.9999845027923584}, "left shoulder": {"x": 0.3205600380897522, "y": 0.24123355746269226, "z": -0.018627949059009552, "visibility": 0.9999939203262329, "presence": 0.9999998807907104}, "right shoulder": {"x": 0.2592092454433441, "y": 0.2617625594139099, "z": -0.2951495051383972, "visibility": 0.9999938607215881, "presence": 0.999994158744812}, "left elbow": {"x": 0.3453240990638733, "y": 0.3234550952911377, "z": 0.1044902428984642, "visibility": 0.6828935742378235, "presence": 0.9999992847442627}, "right elbow": {"x": 0.2759527862071991, "y": 0.40736377239227295, "z": -0.34920305013656616, "visibility": 0.9975875616073608, "presence": 0.9999146461486816}, "left wrist": {"x": 0.39116406440734863, "y": 0.3881208300590515, "z": 0.13327838480472565, "visibility": 0.9090476632118225, "presence": 0.9999978542327881}, "right wrist": {"x": 0.346806138753891, "y": 0.4605925679206848, "z": -0.3913719654083252, "visibility": 0.9947634935379028, "presence": 0.9999809265136719}, "left pinky": {"x": 0.40929222106933594, "y": 0.40180879831314087, "z": 0.14506855607032776, "visibility": 0.8980861306190491, "presence": 0.9999889135360718}, "right pinky": {"x": 0.36319825053215027, "y": 0.4848911166191101, "z": -0.43822044134140015, "visibility": 0.991665780544281, "presence": 0.99996018409729}, "left index": {"x": 0.4106111526489258, "y": 0.4002165198326111, "z": 0.10598299652338028, "visibility": 0.9078183174133301, "presence": 0.9999849796295166}, "right index": {"x": 0.36792439222335815, "y": 0.4735909402370453, "z": -0.4338108003139496, "visibility": 0.9919523596763611, "presence": 0.9999603033065796}, "left thumb": {"x": 0.40235280990600586, "y": 0.3990922272205353, "z": 0.11962468922138214, "visibility": 0.8903284072875977, "presence": 0.9999933242797852}, "right thumb": {"x": 0.36412546038627625, "y": 0.46297845244407654, "z": -0.3922860026359558, "visibility": 0.9817509055137634, "presence": 0.9999790191650391}, "left hip": {"x": 0.26854968070983887, "y": 0.47589433193206787, "z": 0.09353553503751755, "visibility": 0.99997478723526, "presence": 0.9999995231628418}, "right hip": {"x": 0.22479376196861267, "y": 0.48256540298461914, "z": -0.0933995246887207, "visibility": 0.9999831914901733, "presence": 0.9999982118606567}, "left knee": {"x": 0.32173383235931396, "y": 0.6130905747413635, "z": 0.24603049457073212, "visibility": 0.5016814470291138, "presence": 0.9999921321868896}, "right knee": {"x": 0.24282272160053253, "y": 0.6619986891746521, "z": -0.2732706665992737, "visibility": 0.9987257719039917, "presence": 0.9999936819076538}, "left ankle": {"x": 0.3276427984237671, "y": 0.7700994610786438, "z": 0.4618837833404541, "visibility": 0.8275756239891052, "presence": 0.9999524354934692}, "right ankle": {"x": 0.21436886489391327, "y": 0.8852089643478394, "z": -0.29468363523483276, "visibility": 0.9989578127861023, "presence": 0.9999080896377563}, "left heel": {"x": 0.3166193664073944, "y": 0.8085833787918091, "z": 0.4773935377597809, "visibility": 0.7998947501182556, "presence": 0.9998859167098999}, "right heel": {"x": 0.1995990127325058, "y": 0.9258958697319031, "z": -0.29996705055236816, "visibility": 0.9811621904373169, "presence": 0.9997773766517639}, "left foot index": {"x": 0.37585705518722534, "y": 0.8017507791519165, "z": 0.44621601700782776, "visibility": 0.9051526188850403, "presence": 0.9998724460601807}, "right foot index": {"x": 0.2555501461029053, "y": 0.9412301778793335, "z": -0.40230733156204224, "visibility": 0.998479962348938, "presence": 0.9989307522773743}, "timestamp": "20240413-004703"}