{"nose": {"x": 0.37509816884994507, "y": 0.12709978222846985, "z": -0.19640210270881653, "visibility": 0.9999507069587708, "presence": 0.9999790191650391}, "left eye (inner)": {"x": 0.37244683504104614, "y": 0.10316454619169235, "z": -0.18380680680274963, "visibility": 0.999923825263977, "presence": 0.9999735355377197}, "left eye": {"x": 0.37169453501701355, "y": 0.10168687254190445, "z": -0.18410615622997284, "visibility": 0.9999313950538635, "presence": 0.9999808073043823}, "left eye (outer)": {"x": 0.3711673617362976, "y": 0.10020936280488968, "z": -0.18407773971557617, "visibility": 0.999950647354126, "presence": 0.9999803304672241}, "right eye (inner)": {"x": 0.3699287474155426, "y": 0.10501547902822495, "z": -0.21009449660778046, "visibility": 0.9999628663063049, "presence": 0.9999531507492065}, "right eye": {"x": 0.36701563000679016, "y": 0.105040542781353, "z": -0.21032646298408508, "visibility": 0.9999690055847168, "presence": 0.9999594688415527}, "right eye (outer)": {"x": 0.363739013671875, "y": 0.10492465645074844, "z": -0.21040241420269012, "visibility": 0.9999725818634033, "presence": 0.9999505281448364}, "left ear": {"x": 0.35673049092292786, "y": 0.1046636775135994, "z": -0.10709069669246674, "visibility": 0.999955415725708, "presence": 0.9999861717224121}, "right ear": {"x": 0.345564603805542, "y": 0.10696332901716232, "z": -0.22294433414936066, "visibility": 0.999916672706604, "presence": 0.9999396800994873}, "mouth (left)": {"x": 0.3683525323867798, "y": 0.14321717619895935, "z": -0.16322553157806396, "visibility": 0.999904453754425, "presence": 0.9999951124191284}, "mouth (right)": {"x": 0.36619046330451965, "y": 0.1442611962556839, "z": -0.19904568791389465, "visibility": 0.9999250173568726, "presence": 0.9999860525131226}, "left shoulder": {"x": 0.35608258843421936, "y": 0.1888796091079712, "z": -0.01124459970742464, "visibility": 0.9999819993972778, "presence": 0.9999995231628418}, "right shoulder": {"x": 0.2965919077396393, "y": 0.19895753264427185, "z": -0.26272717118263245, "visibility": 0.9999780058860779, "presence": 0.999993085861206}, "left elbow": {"x": 0.39578866958618164, "y": 0.27250030636787415, "z": -0.04845762997865677, "visibility": 0.5621979832649231, "presence": 0.9999910593032837}, "right elbow": {"x": 0.30895641446113586, "y": 0.3307497501373291, "z": -0.3150208592414856, "visibility": 0.992061197757721, "presence": 0.9998574256896973}, "left wrist": {"x": 0.4529034495353699, "y": 0.2996886074542999, "z": -0.22146916389465332, "visibility": 0.6429447531700134, "presence": 0.9999768733978271}, "right wrist": {"x": 0.3949868977069855, "y": 0.35483595728874207, "z": -0.3444644808769226, "visibility": 0.9744229316711426, "presence": 0.9999717473983765}, "left pinky": {"x": 0.469031423330307, "y": 0.30085912346839905, "z": -0.24556931853294373, "visibility": 0.6457554697990417, "presence": 0.9999254941940308}, "right pinky": {"x": 0.4158950746059418, "y": 0.3643210232257843, "z": -0.3898574113845825, "visibility": 0.9688041806221008, "presence": 0.999954104423523}, "left index": {"x": 0.47011008858680725, "y": 0.2969324588775635, "z": -0.27193397283554077, "visibility": 0.6556035280227661, "presence": 0.9999222755432129}, "right index": {"x": 0.41611427068710327, "y": 0.34367209672927856, "z": -0.38692015409469604, "visibility": 0.9668911099433899, "presence": 0.9999576807022095}, "left thumb": {"x": 0.4644867479801178, "y": 0.2961547076702118, "z": -0.2367010861635208, "visibility": 0.6336109638214111, "presence": 0.9999598264694214}, "right thumb": {"x": 0.4097878038883209, "y": 0.3400774896144867, "z": -0.34575727581977844, "visibility": 0.9351332187652588, "presence": 0.9999754428863525}, "left hip": {"x": 0.281546026468277, "y": 0.41933563351631165, "z": 0.08855284750461578, "visibility": 0.9999754428863525, "presence": 0.9999988079071045}, "right hip": {"x": 0.2409069836139679, "y": 0.4211757183074951, "z": -0.08840572834014893, "visibility": 0.999978244304657, "presence": 0.9999969005584717}, "left knee": {"x": 0.33004528284072876, "y": 0.5720005631446838, "z": 0.2372351586818695, "visibility": 0.44207659363746643, "presence": 0.9999877214431763}, "right knee": {"x": 0.25279927253723145, "y": 0.6184632182121277, "z": -0.22619476914405823, "visibility": 0.9953701496124268, "presence": 0.9999943971633911}, "left ankle": {"x": 0.323613703250885, "y": 0.7450955510139465, "z": 0.397479385137558, "visibility": 0.7199540734291077, "presence": 0.9999563694000244}, "right ankle": {"x": 0.22103969752788544, "y": 0.8508549928665161, "z": -0.2712973952293396, "visibility": 0.996436595916748, "presence": 0.9999340772628784}, "left heel": {"x": 0.3107800781726837, "y": 0.7792555093765259, "z": 0.40726399421691895, "visibility": 0.7265012264251709, "presence": 0.9998953342437744}, "right heel": {"x": 0.2028389722108841, "y": 0.8904902935028076, "z": -0.2787984311580658, "visibility": 0.9783521890640259, "presence": 0.9998295307159424}, "left foot index": {"x": 0.36923885345458984, "y": 0.7777672410011292, "z": 0.36193984746932983, "visibility": 0.8589038252830505, "presence": 0.9998970031738281}, "right foot index": {"x": 0.26613849401474, "y": 0.9168018698692322, "z": -0.38540804386138916, "visibility": 0.9955496191978455, "presence": 0.9993415474891663}, "timestamp": "20240413-004655"}