{"nose": {"x": 0.39730674028396606, "y": 0.1594793051481247, "z": -0.22387909889221191, "visibility": 0.9999769926071167, "presence": 0.9999862909317017}, "left eye (inner)": {"x": 0.3964272141456604, "y": 0.13618457317352295, "z": -0.21014592051506042, "visibility": 0.9999681115150452, "presence": 0.9999841451644897}, "left eye": {"x": 0.39552488923072815, "y": 0.13489504158496857, "z": -0.21042926609516144, "visibility": 0.9999721646308899, "presence": 0.9999877214431763}, "left eye (outer)": {"x": 0.3947414755821228, "y": 0.13370931148529053, "z": -0.21037626266479492, "visibility": 0.9999802708625793, "presence": 0.999985933303833}, "right eye (inner)": {"x": 0.39462965726852417, "y": 0.13676729798316956, "z": -0.24286814033985138, "visibility": 0.9999844431877136, "presence": 0.9999781847000122}, "right eye": {"x": 0.3921282887458801, "y": 0.13639092445373535, "z": -0.24311313033103943, "visibility": 0.9999872446060181, "presence": 0.9999822378158569}, "right eye (outer)": {"x": 0.38947564363479614, "y": 0.1362452358007431, "z": -0.24324467778205872, "visibility": 0.9999882578849792, "presence": 0.9999786615371704}, "left ear": {"x": 0.37900030612945557, "y": 0.13736942410469055, "z": -0.11857141554355621, "visibility": 0.9999854564666748, "presence": 0.9999891519546509}, "right ear": {"x": 0.3703502118587494, "y": 0.1359584629535675, "z": -0.2704031467437744, "visibility": 0.9999657273292542, "presence": 0.9999783039093018}, "mouth (left)": {"x": 0.38733214139938354, "y": 0.17335054278373718, "z": -0.1851268857717514, "visibility": 0.9999596476554871, "presence": 0.9999938011169434}, "mouth (right)": {"x": 0.3857899606227875, "y": 0.17528051137924194, "z": -0.23033730685710907, "visibility": 0.9999687075614929, "presence": 0.9999877214431763}, "left shoulder": {"x": 0.35752958059310913, "y": 0.20504701137542725, "z": -0.006399783305823803, "visibility": 0.9999842643737793, "presence": 0.9999983310699463}, "right shoulder": {"x": 0.32572922110557556, "y": 0.21637997031211853, "z": -0.31405967473983765, "visibility": 0.9999828934669495, "presence": 0.9999897480010986}, "left elbow": {"x": 0.4072677493095398, "y": 0.26488372683525085, "z": -0.02152290754020214, "visibility": 0.5541069507598877, "presence": 0.9999643564224243}, "right elbow": {"x": 0.3678988516330719, "y": 0.3305325508117676, "z": -0.3990000784397125, "visibility": 0.9945161938667297, "presence": 0.9998061060905457}, "left wrist": {"x": 0.4650596082210541, "y": 0.26179343461990356, "z": -0.15518106520175934, "visibility": 0.5931099653244019, "presence": 0.9998120665550232}, "right wrist": {"x": 0.4539796710014343, "y": 0.2968890368938446, "z": -0.4373209476470947, "visibility": 0.97975093126297, "presence": 0.9998745918273926}, "left pinky": {"x": 0.48189496994018555, "y": 0.25679680705070496, "z": -0.17021885514259338, "visibility": 0.5864621996879578, "presence": 0.9995490908622742}, "right pinky": {"x": 0.47867336869239807, "y": 0.29294154047966003, "z": -0.4897102415561676, "visibility": 0.9741902947425842, "presence": 0.999832034111023}, "left index": {"x": 0.47988757491111755, "y": 0.2504187822341919, "z": -0.19231680035591125, "visibility": 0.5958648324012756, "presence": 0.9994681477546692}, "right index": {"x": 0.480952650308609, "y": 0.273387610912323, "z": -0.48097291588783264, "visibility": 0.9725171327590942, "presence": 0.9998235106468201}, "left thumb": {"x": 0.47528839111328125, "y": 0.2534472942352295, "z": -0.1680331528186798, "visibility": 0.5850942730903625, "presence": 0.9996840953826904}, "right thumb": {"x": 0.47545552253723145, "y": 0.27489155530929565, "z": -0.4372182786464691, "visibility": 0.9441360831260681, "presence": 0.9998888969421387}, "left hip": {"x": 0.2776471674442291, "y": 0.43281787633895874, "z": 0.09698210656642914, "visibility": 0.9999791979789734, "presence": 0.9999991655349731}, "right hip": {"x": 0.24181385338306427, "y": 0.4352405071258545, "z": -0.09676317870616913, "visibility": 0.999984085559845, "presence": 0.9999983310699463}, "left knee": {"x": 0.32896894216537476, "y": 0.5864142775535583, "z": 0.2521754503250122, "visibility": 0.5058322548866272, "presence": 0.9999910593032837}, "right knee": {"x": 0.24901361763477325, "y": 0.6306964159011841, "z": -0.253042608499527, "visibility": 0.9984382390975952, "presence": 0.9999969005584717}, "left ankle": {"x": 0.33014482259750366, "y": 0.7618406414985657, "z": 0.43184393644332886, "visibility": 0.800787091255188, "presence": 0.9999566078186035}, "right ankle": {"x": 0.21541941165924072, "y": 0.864563524723053, "z": -0.246376633644104, "visibility": 0.9985573887825012, "presence": 0.999966025352478}, "left heel": {"x": 0.31657707691192627, "y": 0.795535683631897, "z": 0.4434720575809479, "visibility": 0.7992310523986816, "presence": 0.9999041557312012}, "right heel": {"x": 0.19661268591880798, "y": 0.8982166647911072, "z": -0.2487376630306244, "visibility": 0.9883608222007751, "presence": 0.9999088048934937}, "left foot index": {"x": 0.371854305267334, "y": 0.794964611530304, "z": 0.3891109824180603, "visibility": 0.9090323448181152, "presence": 0.9998975992202759}, "right foot index": {"x": 0.2546885311603546, "y": 0.9410758018493652, "z": -0.3604746162891388, "visibility": 0.9979308247566223, "presence": 0.9996229410171509}, "timestamp": "20240413-004711"}