{"nose": {"x": 0.4238280653953552, "y": 0.12765175104141235, "z": -0.232007697224617, "visibility": 0.9999361038208008, "presence": 0.9999310970306396}, "left eye (inner)": {"x": 0.4195283055305481, "y": 0.1051025316119194, "z": -0.22251293063163757, "visibility": 0.9999074339866638, "presence": 0.999913215637207}, "left eye": {"x": 0.4183833599090576, "y": 0.10400667041540146, "z": -0.22281110286712646, "visibility": 0.9999152421951294, "presence": 0.9999363422393799}, "left eye (outer)": {"x": 0.41724246740341187, "y": 0.10297735035419464, "z": -0.22277328372001648, "visibility": 0.9999411702156067, "presence": 0.9999288320541382}, "right eye (inner)": {"x": 0.41760605573654175, "y": 0.10554492473602295, "z": -0.24898862838745117, "visibility": 0.9999579787254333, "presence": 0.9998792409896851}, "right eye": {"x": 0.4148709177970886, "y": 0.10474709421396255, "z": -0.24924561381340027, "visibility": 0.9999645352363586, "presence": 0.9999071359634399}, "right eye (outer)": {"x": 0.41167908906936646, "y": 0.10336457192897797, "z": -0.24938452243804932, "visibility": 0.9999700784683228, "presence": 0.9998956918716431}, "left ear": {"x": 0.4031584858894348, "y": 0.10376325994729996, "z": -0.14945682883262634, "visibility": 0.9999457597732544, "presence": 0.999953031539917}, "right ear": {"x": 0.39420244097709656, "y": 0.10132572054862976, "z": -0.2720755934715271, "visibility": 0.9998951554298401, "presence": 0.9999105930328369}, "mouth (left)": {"x": 0.41403061151504517, "y": 0.14346157014369965, "z": -0.19850324094295502, "visibility": 0.999868631362915, "presence": 0.9999837875366211}, "mouth (right)": {"x": 0.4125172197818756, "y": 0.14278632402420044, "z": -0.23521587252616882, "visibility": 0.9999034404754639, "presence": 0.999966025352478}, "left shoulder": {"x": 0.39555856585502625, "y": 0.18680761754512787, "z": -0.0519225113093853, "visibility": 0.9999749064445496, "presence": 0.9999980926513672}, "right shoulder": {"x": 0.3395388722419739, "y": 0.1926315575838089, "z": -0.3064363896846771, "visibility": 0.9999606013298035, "presence": 0.9999903440475464}, "left elbow": {"x": 0.44435209035873413, "y": 0.24825122952461243, "z": -0.09202416986227036, "visibility": 0.4805842339992523, "presence": 0.9999531507492065}, "right elbow": {"x": 0.36542069911956787, "y": 0.313318133354187, "z": -0.37080392241477966, "visibility": 0.9789038300514221, "presence": 0.9998001456260681}, "left wrist": {"x": 0.5019088983535767, "y": 0.23744218051433563, "z": -0.26775211095809937, "visibility": 0.46196141839027405, "presence": 0.9996683597564697}, "right wrist": {"x": 0.4626334607601166, "y": 0.28743621706962585, "z": -0.39396992325782776, "visibility": 0.9221568703651428, "presence": 0.9999265670776367}, "left pinky": {"x": 0.5205449461936951, "y": 0.2411416620016098, "z": -0.2913375496864319, "visibility": 0.4642718434333801, "presence": 0.99918133020401}, "right pinky": {"x": 0.48509639501571655, "y": 0.2899695336818695, "z": -0.43901771306991577, "visibility": 0.9077295660972595, "presence": 0.9999042749404907}, "left index": {"x": 0.5165149569511414, "y": 0.23324579000473022, "z": -0.3085733950138092, "visibility": 0.47239363193511963, "presence": 0.9991357922554016}, "right index": {"x": 0.48582252860069275, "y": 0.2609194219112396, "z": -0.43207111954689026, "visibility": 0.9011217951774597, "presence": 0.9999066591262817}, "left thumb": {"x": 0.5122789144515991, "y": 0.22949910163879395, "z": -0.2795135974884033, "visibility": 0.4583689272403717, "presence": 0.9994832277297974}, "right thumb": {"x": 0.48044919967651367, "y": 0.26519107818603516, "z": -0.39352092146873474, "visibility": 0.8216196894645691, "presence": 0.9999412298202515}, "left hip": {"x": 0.31497201323509216, "y": 0.40794122219085693, "z": 0.09011322259902954, "visibility": 0.9999791979789734, "presence": 0.9999996423721313}, "right hip": {"x": 0.2769610285758972, "y": 0.4118252992630005, "z": -0.0899285227060318, "visibility": 0.9999803304672241, "presence": 0.9999992847442627}, "left knee": {"x": 0.37018805742263794, "y": 0.5666320323944092, "z": 0.24254779517650604, "visibility": 0.3878689706325531, "presence": 0.9999926090240479}, "right knee": {"x": 0.28484073281288147, "y": 0.6081500053405762, "z": -0.23068924248218536, "visibility": 0.9939870238304138, "presence": 0.9999983310699463}, "left ankle": {"x": 0.36486104130744934, "y": 0.7415613532066345, "z": 0.41945940256118774, "visibility": 0.6927649974822998, "presence": 0.9999721050262451}, "right ankle": {"x": 0.25490859150886536, "y": 0.8439547419548035, "z": -0.2715318500995636, "visibility": 0.9955892562866211, "presence": 0.9999749660491943}, "left heel": {"x": 0.35130298137664795, "y": 0.7761523127555847, "z": 0.43052276968955994, "visibility": 0.6921810507774353, "presence": 0.9999369382858276}, "right heel": {"x": 0.2371431589126587, "y": 0.8820213079452515, "z": -0.2796805799007416, "visibility": 0.9687849283218384, "presence": 0.9999268054962158}, "left foot index": {"x": 0.409107506275177, "y": 0.7727575302124023, "z": 0.37691015005111694, "visibility": 0.8372591137886047, "presence": 0.999930739402771}, "right foot index": {"x": 0.2964286804199219, "y": 0.9138125777244568, "z": -0.4002179205417633, "visibility": 0.9934766292572021, "presence": 0.9996569156646729}, "timestamp": "20240413-004623"}