{"nose": {"x": 0.40629053115844727, "y": 0.26468098163604736, "z": -0.19876468181610107, "visibility": 0.9999451637268066, "presence": 0.9999979734420776}, "left eye (inner)": {"x": 0.4063142240047455, "y": 0.2442639172077179, "z": -0.1932051032781601, "visibility": 0.9999127984046936, "presence": 0.9999982118606567}, "left eye": {"x": 0.40509313344955444, "y": 0.24151752889156342, "z": -0.1935005635023117, "visibility": 0.9999224543571472, "presence": 0.9999986886978149}, "left eye (outer)": {"x": 0.4038587212562561, "y": 0.23892667889595032, "z": -0.19344493746757507, "visibility": 0.9999439120292664, "presence": 0.9999985694885254}, "right eye (inner)": {"x": 0.4046576917171478, "y": 0.2444898635149002, "z": -0.23097677528858185, "visibility": 0.9999513626098633, "presence": 0.9999969005584717}, "right eye": {"x": 0.4022599160671234, "y": 0.242328479886055, "z": -0.23116393387317657, "visibility": 0.9999621510505676, "presence": 0.9999971389770508}, "right eye (outer)": {"x": 0.3995582163333893, "y": 0.24054141342639923, "z": -0.2312416285276413, "visibility": 0.999965250492096, "presence": 0.9999961853027344}, "left ear": {"x": 0.3873611092567444, "y": 0.22968679666519165, "z": -0.13581930100917816, "visibility": 0.999955415725708, "presence": 0.9999988079071045}, "right ear": {"x": 0.38292843103408813, "y": 0.23440048098564148, "z": -0.3125387728214264, "visibility": 0.9999157786369324, "presence": 0.9999947547912598}, "mouth (left)": {"x": 0.396519273519516, "y": 0.27256718277931213, "z": -0.16952233016490936, "visibility": 0.9999428391456604, "presence": 0.999998927116394}, "mouth (right)": {"x": 0.39492207765579224, "y": 0.2732962369918823, "z": -0.22201669216156006, "visibility": 0.9999560713768005, "presence": 0.9999972581863403}, "left shoulder": {"x": 0.35416120290756226, "y": 0.23998218774795532, "z": -0.034850526601076126, "visibility": 0.9999940991401672, "presence": 0.9999997615814209}, "right shoulder": {"x": 0.33323580026626587, "y": 0.29243019223213196, "z": -0.3487589955329895, "visibility": 0.9999921917915344, "presence": 0.9999949932098389}, "left elbow": {"x": 0.41528281569480896, "y": 0.28889963030815125, "z": 0.04984964430332184, "visibility": 0.6947790384292603, "presence": 0.9999983310699463}, "right elbow": {"x": 0.4009554982185364, "y": 0.3715411424636841, "z": -0.4545751214027405, "visibility": 0.9963656663894653, "presence": 0.9999442100524902}, "left wrist": {"x": 0.47267451882362366, "y": 0.31569644808769226, "z": 0.03747235983610153, "visibility": 0.8715020418167114, "presence": 0.9999912977218628}, "right wrist": {"x": 0.47895321249961853, "y": 0.3420076072216034, "z": -0.4968636631965637, "visibility": 0.9895673990249634, "presence": 0.9999005794525146}, "left pinky": {"x": 0.4902486205101013, "y": 0.30522122979164124, "z": 0.04644263535737991, "visibility": 0.8619828820228577, "presence": 0.9999678134918213}, "right pinky": {"x": 0.4992455542087555, "y": 0.32919058203697205, "z": -0.5508280992507935, "visibility": 0.985590934753418, "presence": 0.9998453855514526}, "left index": {"x": 0.49144381284713745, "y": 0.3054809868335724, "z": 0.018209168687462807, "visibility": 0.8711267113685608, "presence": 0.9999558925628662}, "right index": {"x": 0.49941548705101013, "y": 0.31939616799354553, "z": -0.5397534966468811, "visibility": 0.9852535128593445, "presence": 0.9998301267623901}, "left thumb": {"x": 0.4835854172706604, "y": 0.30943000316619873, "z": 0.026059478521347046, "visibility": 0.8552243709564209, "presence": 0.9999775886535645}, "right thumb": {"x": 0.4945622384548187, "y": 0.32248926162719727, "z": -0.49675798416137695, "visibility": 0.9681422114372253, "presence": 0.9998986721038818}, "left hip": {"x": 0.27114468812942505, "y": 0.4321270287036896, "z": 0.1049608364701271, "visibility": 0.9999819397926331, "presence": 0.9999998807907104}, "right hip": {"x": 0.2365482598543167, "y": 0.4571002423763275, "z": -0.10486239194869995, "visibility": 0.9999876618385315, "presence": 0.9999996423721313}, "left knee": {"x": 0.3263472616672516, "y": 0.5837374329566956, "z": 0.2728675603866577, "visibility": 0.4725780487060547, "presence": 0.9999995231628418}, "right knee": {"x": 0.27917036414146423, "y": 0.6531524062156677, "z": -0.22811022400856018, "visibility": 0.9983231425285339, "presence": 0.9999994039535522}, "left ankle": {"x": 0.3490644097328186, "y": 0.746764600276947, "z": 0.4389216899871826, "visibility": 0.7908757925033569, "presence": 0.9999954700469971}, "right ankle": {"x": 0.23399361968040466, "y": 0.8632363080978394, "z": -0.21578757464885712, "visibility": 0.9986628890037537, "presence": 0.9999949932098389}, "left heel": {"x": 0.335828572511673, "y": 0.7799270749092102, "z": 0.4494275152683258, "visibility": 0.7801331281661987, "presence": 0.9999872446060181}, "right heel": {"x": 0.21491675078868866, "y": 0.9007441997528076, "z": -0.21949777007102966, "visibility": 0.9844709634780884, "presence": 0.9999856948852539}, "left foot index": {"x": 0.3945830166339874, "y": 0.7764017581939697, "z": 0.4114445149898529, "visibility": 0.8993827700614929, "presence": 0.9999856948852539}, "right foot index": {"x": 0.277710497379303, "y": 0.914242148399353, "z": -0.30718865990638733, "visibility": 0.9981654286384583, "presence": 0.9999375343322754}, "timestamp": "20240413-004639"}