{"nose": {"x": 0.409431129693985, "y": 0.16895636916160583, "z": -0.20443078875541687, "visibility": 0.9999744892120361, "presence": 0.999995231628418}, "left eye (inner)": {"x": 0.4081892967224121, "y": 0.1482381969690323, "z": -0.20101706683635712, "visibility": 0.9999575614929199, "presence": 0.9999942779541016}, "left eye": {"x": 0.4069656729698181, "y": 0.14571256935596466, "z": -0.201290100812912, "visibility": 0.9999653697013855, "presence": 0.9999954700469971}, "left eye (outer)": {"x": 0.4058842658996582, "y": 0.14345023036003113, "z": -0.20122408866882324, "visibility": 0.9999764561653137, "presence": 0.9999942779541016}, "right eye (inner)": {"x": 0.40646010637283325, "y": 0.14941507577896118, "z": -0.22935311496257782, "visibility": 0.9999765753746033, "presence": 0.9999923706054688}, "right eye": {"x": 0.4039513170719147, "y": 0.14792674779891968, "z": -0.2296183854341507, "visibility": 0.9999816417694092, "presence": 0.9999935626983643}, "right eye (outer)": {"x": 0.40129703283309937, "y": 0.14679357409477234, "z": -0.22972777485847473, "visibility": 0.999981164932251, "presence": 0.9999921321868896}, "left ear": {"x": 0.38865989446640015, "y": 0.1403394639492035, "z": -0.14835724234580994, "visibility": 0.9999824166297913, "presence": 0.9999938011169434}, "right ear": {"x": 0.38259750604629517, "y": 0.14434316754341125, "z": -0.27662912011146545, "visibility": 0.9999418258666992, "presence": 0.9999898672103882}, "mouth (left)": {"x": 0.40016746520996094, "y": 0.18266694247722626, "z": -0.17656747996807098, "visibility": 0.999954879283905, "presence": 0.9999955892562866}, "mouth (right)": {"x": 0.39714446663856506, "y": 0.18296225368976593, "z": -0.2161695510149002, "visibility": 0.9999609589576721, "presence": 0.9999904632568359}, "left shoulder": {"x": 0.36740347743034363, "y": 0.19548462331295013, "z": -0.06064750999212265, "visibility": 0.9999869465827942, "presence": 0.9999984502792358}, "right shoulder": {"x": 0.3451140820980072, "y": 0.21655845642089844, "z": -0.31225088238716125, "visibility": 0.9999807476997375, "presence": 0.9999918937683105}, "left elbow": {"x": 0.4359809458255768, "y": 0.2255879044532776, "z": -0.03567049652338028, "visibility": 0.6507068276405334, "presence": 0.9999884366989136}, "right elbow": {"x": 0.41661033034324646, "y": 0.29306113719940186, "z": -0.38586506247520447, "visibility": 0.9934284090995789, "presence": 0.9999648332595825}, "left wrist": {"x": 0.5124193429946899, "y": 0.23017457127571106, "z": -0.1128712072968483, "visibility": 0.6783799529075623, "presence": 0.9999247789382935}, "right wrist": {"x": 0.4946630001068115, "y": 0.26702818274497986, "z": -0.399306982755661, "visibility": 0.976006031036377, "presence": 0.9999393224716187}, "left pinky": {"x": 0.5290409326553345, "y": 0.21821284294128418, "z": -0.11859788745641708, "visibility": 0.6728324890136719, "presence": 0.9997766613960266}, "right pinky": {"x": 0.5189418792724609, "y": 0.2536465525627136, "z": -0.44717079401016235, "visibility": 0.9702903032302856, "presence": 0.999883770942688}, "left index": {"x": 0.5304311513900757, "y": 0.21493661403656006, "z": -0.1382438689470291, "visibility": 0.6805177330970764, "presence": 0.9997010827064514}, "right index": {"x": 0.5169333815574646, "y": 0.23886242508888245, "z": -0.43942007422447205, "visibility": 0.9675421714782715, "presence": 0.9998700618743896}, "left thumb": {"x": 0.5235840082168579, "y": 0.22125880420207977, "z": -0.12457641214132309, "visibility": 0.6684538125991821, "presence": 0.9998418092727661}, "right thumb": {"x": 0.512596070766449, "y": 0.241669163107872, "z": -0.4012020528316498, "visibility": 0.936782956123352, "presence": 0.9999289512634277}, "left hip": {"x": 0.2769373059272766, "y": 0.4020284116268158, "z": 0.089945487678051, "visibility": 0.9999860525131226, "presence": 0.9999998807907104}, "right hip": {"x": 0.24278488755226135, "y": 0.40610626339912415, "z": -0.0898088663816452, "visibility": 0.9999805688858032, "presence": 0.9999997615814209}, "left knee": {"x": 0.314541757106781, "y": 0.5703973174095154, "z": 0.20982010662555695, "visibility": 0.5158781409263611, "presence": 0.999998927116394}, "right knee": {"x": 0.26385706663131714, "y": 0.6165962815284729, "z": -0.15549582242965698, "visibility": 0.9863768219947815, "presence": 0.9999992847442627}, "left ankle": {"x": 0.33827582001686096, "y": 0.7435360550880432, "z": 0.3110371232032776, "visibility": 0.786388099193573, "presence": 0.9999933242797852}, "right ankle": {"x": 0.22968466579914093, "y": 0.8485324382781982, "z": -0.15635667741298676, "visibility": 0.9904367327690125, "presence": 0.999992847442627}, "left heel": {"x": 0.3243181109428406, "y": 0.7769012451171875, "z": 0.31481030583381653, "visibility": 0.7914756536483765, "presence": 0.9999799728393555}, "right heel": {"x": 0.2103167474269867, "y": 0.8825211524963379, "z": -0.16184130311012268, "visibility": 0.9797679781913757, "presence": 0.9999812841415405}, "left foot index": {"x": 0.3843693435192108, "y": 0.7743813395500183, "z": 0.2612721025943756, "visibility": 0.9009490609169006, "presence": 0.9999755620956421}, "right foot index": {"x": 0.2718246579170227, "y": 0.9162001013755798, "z": -0.26154378056526184, "visibility": 0.9912829995155334, "presence": 0.9999366998672485}, "timestamp": "20240413-004649"}