{"nose": {"x": 0.37470465898513794, "y": 0.1516534984111786, "z": -0.2908908724784851, "visibility": 0.999944806098938, "presence": 0.9999573230743408}, "left eye (inner)": {"x": 0.37037044763565063, "y": 0.13091640174388885, "z": -0.27694159746170044, "visibility": 0.9999197125434875, "presence": 0.9999581575393677}, "left eye": {"x": 0.36986416578292847, "y": 0.1291135549545288, "z": -0.2772763967514038, "visibility": 0.9999345541000366, "presence": 0.9999700784683228}, "left eye (outer)": {"x": 0.3697327971458435, "y": 0.12816546857357025, "z": -0.27724212408065796, "visibility": 0.9999493956565857, "presence": 0.9999701976776123}, "right eye (inner)": {"x": 0.367282897233963, "y": 0.13422216475009918, "z": -0.30816787481307983, "visibility": 0.9999609589576721, "presence": 0.9999308586120605}, "right eye": {"x": 0.36470699310302734, "y": 0.13505133986473083, "z": -0.308400422334671, "visibility": 0.9999697208404541, "presence": 0.9999449253082275}, "right eye (outer)": {"x": 0.3620161712169647, "y": 0.13517732918262482, "z": -0.3085278272628784, "visibility": 0.9999712705612183, "presence": 0.9999359846115112}, "left ear": {"x": 0.35474497079849243, "y": 0.13404463231563568, "z": -0.18568763136863708, "visibility": 0.9999584555625916, "presence": 0.9999821186065674}, "right ear": {"x": 0.34288716316223145, "y": 0.1371421068906784, "z": -0.3277657628059387, "visibility": 0.9999232292175293, "presence": 0.9999366998672485}, "mouth (left)": {"x": 0.3685336410999298, "y": 0.17136724293231964, "z": -0.2514088451862335, "visibility": 0.9999250769615173, "presence": 0.9999945163726807}, "mouth (right)": {"x": 0.364602267742157, "y": 0.17041300237178802, "z": -0.29453355073928833, "visibility": 0.999945878982544, "presence": 0.9999866485595703}, "left shoulder": {"x": 0.3541310429573059, "y": 0.2294464111328125, "z": -0.06883145123720169, "visibility": 0.9999858140945435, "presence": 0.9999995231628418}, "right shoulder": {"x": 0.29055294394493103, "y": 0.23805376887321472, "z": -0.35182270407676697, "visibility": 0.9999844431877136, "presence": 0.9999948740005493}, "left elbow": {"x": 0.3630875051021576, "y": 0.3264862895011902, "z": -0.06791897118091583, "visibility": 0.5566889643669128, "presence": 0.9999854564666748}, "right elbow": {"x": 0.2818310558795929, "y": 0.39228180050849915, "z": -0.416250079870224, "visibility": 0.9945696592330933, "presence": 0.9997861981391907}, "left wrist": {"x": 0.40392574667930603, "y": 0.3911263644695282, "z": -0.23055997490882874, "visibility": 0.6451598405838013, "presence": 0.9999688863754272}, "right wrist": {"x": 0.35817837715148926, "y": 0.4311707019805908, "z": -0.44990605115890503, "visibility": 0.9804683923721313, "presence": 0.9999521970748901}, "left pinky": {"x": 0.4178653359413147, "y": 0.40554186701774597, "z": -0.25355589389801025, "visibility": 0.651151180267334, "presence": 0.9999265670776367}, "right pinky": {"x": 0.3784410059452057, "y": 0.4553443193435669, "z": -0.5015085339546204, "visibility": 0.9743109941482544, "presence": 0.9999382495880127}, "left index": {"x": 0.42022770643234253, "y": 0.40357863903045654, "z": -0.28533506393432617, "visibility": 0.6645097136497498, "presence": 0.9999200105667114}, "right index": {"x": 0.38202598690986633, "y": 0.4390127956867218, "z": -0.4971243739128113, "visibility": 0.9732330441474915, "presence": 0.9999501705169678}, "left thumb": {"x": 0.4124642312526703, "y": 0.39678314328193665, "z": -0.24715915322303772, "visibility": 0.6432861685752869, "presence": 0.9999544620513916}, "right thumb": {"x": 0.37698984146118164, "y": 0.4313460886478424, "z": -0.4501326084136963, "visibility": 0.9417946338653564, "presence": 0.9999675750732422}, "left hip": {"x": 0.2823966145515442, "y": 0.45068609714508057, "z": 0.10725732147693634, "visibility": 0.9999787211418152, "presence": 0.9999994039535522}, "right hip": {"x": 0.23973257839679718, "y": 0.4486927390098572, "z": -0.10704301297664642, "visibility": 0.9999852776527405, "presence": 0.9999988079071045}, "left knee": {"x": 0.331826776266098, "y": 0.6094815135002136, "z": 0.3064652979373932, "visibility": 0.39334359765052795, "presence": 0.9999896287918091}, "right knee": {"x": 0.24803268909454346, "y": 0.646539032459259, "z": -0.2862396836280823, "visibility": 0.9987378120422363, "presence": 0.9999969005584717}, "left ankle": {"x": 0.3299582600593567, "y": 0.7579488754272461, "z": 0.5206238627433777, "visibility": 0.71949702501297, "presence": 0.9999679327011108}, "right ankle": {"x": 0.2149581015110016, "y": 0.8714457154273987, "z": -0.31134435534477234, "visibility": 0.9987918734550476, "presence": 0.9999629259109497}, "left heel": {"x": 0.31641706824302673, "y": 0.7910036444664001, "z": 0.5366583466529846, "visibility": 0.7126179337501526, "presence": 0.9999279975891113}, "right heel": {"x": 0.19664539396762848, "y": 0.9086415767669678, "z": -0.3168826997280121, "visibility": 0.9879454374313354, "presence": 0.9999005794525146}, "left foot index": {"x": 0.3714561462402344, "y": 0.7990538477897644, "z": 0.48910123109817505, "visibility": 0.869084358215332, "presence": 0.9999368190765381}, "right foot index": {"x": 0.25262251496315, "y": 0.9441817402839661, "z": -0.437762975692749, "visibility": 0.9982581734657288, "presence": 0.9995697140693665}, "timestamp": "20240413-004712"}