{"nose": {"x": 0.3875970244407654, "y": 0.21637514233589172, "z": -0.30018049478530884, "visibility": 0.9999600052833557, "presence": 0.9999879598617554}, "left eye (inner)": {"x": 0.3840985894203186, "y": 0.19637462496757507, "z": -0.29006466269493103, "visibility": 0.9999430775642395, "presence": 0.9999865293502808}, "left eye": {"x": 0.3833438754081726, "y": 0.19484847784042358, "z": -0.29038605093955994, "visibility": 0.9999520182609558, "presence": 0.9999902248382568}, "left eye (outer)": {"x": 0.382700651884079, "y": 0.19316120445728302, "z": -0.29034698009490967, "visibility": 0.9999666810035706, "presence": 0.9999898672103882}, "right eye (inner)": {"x": 0.382033109664917, "y": 0.19717583060264587, "z": -0.31936517357826233, "visibility": 0.9999684691429138, "presence": 0.9999778270721436}, "right eye": {"x": 0.3793337345123291, "y": 0.1965276300907135, "z": -0.3196081519126892, "visibility": 0.9999737739562988, "presence": 0.9999822378158569}, "right eye (outer)": {"x": 0.3760021924972534, "y": 0.19561706483364105, "z": -0.3197484612464905, "visibility": 0.9999756217002869, "presence": 0.9999793767929077}, "left ear": {"x": 0.3683515191078186, "y": 0.1901172250509262, "z": -0.20923550426959991, "visibility": 0.9999727606773376, "presence": 0.9999935626983643}, "right ear": {"x": 0.3574770390987396, "y": 0.19370083510875702, "z": -0.34201598167419434, "visibility": 0.999928891658783, "presence": 0.9999735355377197}, "mouth (left)": {"x": 0.3811021149158478, "y": 0.23020526766777039, "z": -0.26356297731399536, "visibility": 0.9999480843544006, "presence": 0.9999977350234985}, "mouth (right)": {"x": 0.3785726726055145, "y": 0.23027119040489197, "z": -0.3040458559989929, "visibility": 0.9999569654464722, "presence": 0.9999946355819702}, "left shoulder": {"x": 0.3673715889453888, "y": 0.258446604013443, "z": -0.08895166963338852, "visibility": 0.9999902248382568, "presence": 0.9999998807907104}, "right shoulder": {"x": 0.3055223822593689, "y": 0.28883469104766846, "z": -0.357050359249115, "visibility": 0.99998539686203, "presence": 0.9999966621398926}, "left elbow": {"x": 0.4084966778755188, "y": 0.3366628885269165, "z": -0.004080028273165226, "visibility": 0.7183117866516113, "presence": 0.999998927116394}, "right elbow": {"x": 0.30259189009666443, "y": 0.43312978744506836, "z": -0.3991606533527374, "visibility": 0.992074191570282, "presence": 0.9999591112136841}, "left wrist": {"x": 0.45745712518692017, "y": 0.4070352017879486, "z": -0.04034388065338135, "visibility": 0.7742462754249573, "presence": 0.9999972581863403}, "right wrist": {"x": 0.3774387240409851, "y": 0.5055147409439087, "z": -0.4368961453437805, "visibility": 0.9687109589576721, "presence": 0.9999845027923584}, "left pinky": {"x": 0.47868555784225464, "y": 0.4024006426334381, "z": -0.04677741229534149, "visibility": 0.7692763209342957, "presence": 0.9999887943267822}, "right pinky": {"x": 0.3958113491535187, "y": 0.534000813961029, "z": -0.4916612207889557, "visibility": 0.9619457721710205, "presence": 0.9999682903289795}, "left index": {"x": 0.47948941588401794, "y": 0.4058018624782562, "z": -0.0751395896077156, "visibility": 0.7803975939750671, "presence": 0.9999856948852539}, "right index": {"x": 0.4067135751247406, "y": 0.5236958861351013, "z": -0.48566263914108276, "visibility": 0.9611477255821228, "presence": 0.9999715089797974}, "left thumb": {"x": 0.468210369348526, "y": 0.4134209156036377, "z": -0.054273784160614014, "visibility": 0.7631293535232544, "presence": 0.9999934434890747}, "right thumb": {"x": 0.40015578269958496, "y": 0.5121508240699768, "z": -0.43813276290893555, "visibility": 0.9250659942626953, "presence": 0.9999842643737793}, "left hip": {"x": 0.29777833819389343, "y": 0.4707021415233612, "z": 0.09441948682069778, "visibility": 0.9999802112579346, "presence": 0.9999995231628418}, "right hip": {"x": 0.25253826379776, "y": 0.4754522144794464, "z": -0.09427642077207565, "visibility": 0.9999842643737793, "presence": 0.9999986886978149}, "left knee": {"x": 0.37204915285110474, "y": 0.5992450714111328, "z": 0.20285730063915253, "visibility": 0.3958973288536072, "presence": 0.999996542930603}, "right knee": {"x": 0.2790709435939789, "y": 0.6403939723968506, "z": -0.25770285725593567, "visibility": 0.9981565475463867, "presence": 0.999997615814209}, "left ankle": {"x": 0.3534359335899353, "y": 0.7433762550354004, "z": 0.38363775610923767, "visibility": 0.6905618906021118, "presence": 0.9999754428863525}, "right ankle": {"x": 0.2448013573884964, "y": 0.861145555973053, "z": -0.23507826030254364, "visibility": 0.9984044432640076, "presence": 0.9999676942825317}, "left heel": {"x": 0.3397185206413269, "y": 0.7766805291175842, "z": 0.3960685729980469, "visibility": 0.6751196980476379, "presence": 0.9999387264251709}, "right heel": {"x": 0.2280183583498001, "y": 0.9015514850616455, "z": -0.2343388795852661, "visibility": 0.9820139408111572, "presence": 0.9999219179153442}, "left foot index": {"x": 0.3982035219669342, "y": 0.77701735496521, "z": 0.3482343554496765, "visibility": 0.8506051301956177, "presence": 0.9999337196350098}, "right foot index": {"x": 0.2895282208919525, "y": 0.912790060043335, "z": -0.3288196623325348, "visibility": 0.9976956248283386, "presence": 0.9996999502182007}, "timestamp": "20240413-004629"}